연번,요일구분,호선,역번호,출발역,상하구분,5:30,6:00,6:30,7:00,7:30,8:00,8:30,9:00,9:30,10:00,10:30,11:00,11:30,12:00,12:30,13:00,13:30,14:00,14:30,15:00,15:30,16:00,16:30,17:00,17:30,18:00,18:30,19:00,19:30,20:00,20:30,21:00,21:30,22:00,22:30,23:00,23:30,0:00,0:30
1,평일,1,158,청량리,상선,7.2,6.9,4.5,8.3,10.4,18.6,14.6,12.4,16,15.9,17.7,17.2,14.7,17.2,17.2,22.3,18.1,18.4,21.2,20.2,28.3,30.5,29.2,32.3,47.1,65.1,62.7,42.8,29.7,24.8,26.1,28.2,24.5,23,22.2,21.7,14.9,8.5,0
2,평일,1,157,제기동,상선,7.6,8.7,6.5,8.7,12.9,21.4,18.1,16.7,24.6,15.1,21.6,22.4,16.1,19.8,20.6,25.7,22.2,21.5,24.9,25.9,26.8,35.5,31.4,40.6,54.3,72.6,72.9,45.9,32.7,30,26,34.8,27.5,25.7,25.4,24.2,16.8,11.6,0
3,평일,1,156,신설동,상선,6.7,11.2,7.2,9.6,14.8,23.3,20.5,20,28.6,19.3,26.2,26.2,19.7,23.6,26.2,31.3,27,25.9,25.2,31.5,29.8,37.5,33,41.3,55.5,73.1,72.8,44.9,34.2,30.7,26.8,36.3,28.6,26.6,26.1,25.2,16.1,12.6,0
4,평일,1,159,동묘앞,상선,6.3,11.8,7.4,12.2,17.7,27,22.3,20,24.4,21.9,26.4,29,20.4,25,26.5,32.1,26.3,26.9,26.1,33.1,27,38.4,35.6,36.8,50.9,74.1,77.7,41.4,31,32.1,30.1,41.8,29.9,29,23.5,27.7,13.5,14.3,0
5,평일,1,155,동대문,상선,7.4,11.2,8.3,14,21.7,30.3,24.6,27.2,26.5,26.3,29,32.8,22.6,30.2,33.6,35.2,28.9,30.2,29.4,37.1,33.8,37.3,37.4,43.4,52.7,87,80.5,45.8,34.7,35.6,33.5,40.5,34.7,32.6,26.1,31.3,18,13.6,3.5
6,평일,1,154,종로5가,상선,5.1,11.2,8.5,14.6,23.1,32.8,22.2,28.8,28.1,27.3,29.7,30.3,24.1,30.2,33.5,34.6,26.3,32.6,28.4,36.5,32.9,33.9,38.6,41,54.4,86.2,81.4,47,33.3,33.4,37.5,40.6,34.9,32.5,27.8,26.6,16.2,13.4,4
7,평일,1,153,종로3가,상선,5.6,12.3,10.7,19.4,29.7,42.6,30.9,34,36.7,32.7,37.9,32.5,28.9,30.5,42.6,33.8,30.4,34.2,29.9,34.4,36,33.3,37.4,42.6,50.2,90.1,69.1,46.5,32.2,31.8,36.1,40.2,28.7,30.2,30.4,26.3,17.3,9.3,1.4
8,평일,1,152,종각,상선,6.4,11.4,10.4,19.6,29,37.7,30.8,34.2,37.4,30.2,34.4,35.1,26.7,28.8,36,32.8,28.8,31.1,26.9,30.9,30.3,31,31.4,38.7,45.1,83.8,64.7,41.6,30.8,30.8,33,33.2,25.4,26.9,26.2,22.8,15.2,9.5,1.4
9,평일,1,151,시청,상선,7,13.9,17.1,30.6,49.4,62.3,56.6,53,49,31.9,43.1,36,29.3,30.7,40.2,34.8,27.5,31,23.2,28,26.7,26.9,28.6,30.5,41.2,65.1,53,32.9,27,22.8,22.3,23.2,18.6,20.3,19.9,16.3,13.6,8.9,1.7
10,평일,1,150,서울역,상선,7.3,20.6,19.8,37.9,66.9,73.1,91.4,67.7,58.2,35.8,46.5,37.1,31.2,32.3,42.6,36.3,29,30.8,23.3,26.3,26.3,24.2,26,27,36.3,49,39.8,29.1,23.7,19.1,17.8,18.5,15.2,16.1,17,12.1,12.3,9,1.4
11,평일,1,158,청량리,하선,20.3,18.3,27.4,43.8,67.4,64.6,61.1,50.1,34.2,32.3,25.5,19.1,26.5,24.9,24.7,25,26.3,18.7,21.8,30.7,26.3,21.3,27.2,30.5,22.7,31.1,17.2,13.5,13.4,10.6,10.4,11.9,10.7,9.4,8.7,7.4,7,2.3,0.1
12,평일,1,157,제기동,하선,20.6,19.3,28.4,44.1,60.1,71.7,64,51.2,35.1,32.3,26.3,24.1,24,28.1,30.9,23.5,30.5,22.2,29.5,31.4,31.3,22.2,34,34.8,26.2,37,20.2,15.6,14.3,12.8,11.2,12.6,10.9,10.2,9.3,7.5,7,2.2,0.2
13,평일,1,156,신설동,하선,21.4,20.5,32.8,43.4,63.2,77.8,66.1,51.7,37.9,33.4,26.9,27.8,25.8,27.2,34.9,24.7,32.4,22.2,31.1,29.7,36.1,24,41,34.6,33.2,39.9,22.6,17.3,15.4,13.8,12.3,14.5,11.3,11.9,8.8,7.7,7,1.9,0.3
14,평일,1,159,동묘앞,하선,14.4,17.3,23.7,43.9,69.6,85.8,74.6,55.8,45.4,36.3,29.6,29.6,27.1,31.4,35.6,30.7,37.9,24.5,35.3,34.4,42.2,28.3,35.2,38.1,38.1,45.2,26.1,20.1,18.3,14.8,14.4,16.1,12.4,14.4,9.5,8.2,7.4,2,0.4
15,평일,1,155,동대문,하선,13.5,17.6,22,43.8,70.6,80,83.9,70.6,40.8,37.1,29.9,29.4,26.8,31.1,35.3,30.7,38.3,26,30.6,36.3,43,29,39,37.2,39.7,45,29.5,20.9,18.6,15.5,15.5,17.4,13.3,16.3,10.4,8.5,8.8,3.8,0.7
16,평일,1,154,종로5가,하선,13,16.3,21.2,42.1,65,75.7,77.4,66.2,37.9,35.1,29.1,28.7,27.7,35.9,33.1,30.8,40.3,31.2,35.1,40.7,53.3,32.5,43,42.3,48.7,55.9,35.8,26.1,22.8,19.3,19.5,20.5,16.2,20.3,12.2,9.4,9.3,3.8,0.6
17,평일,1,153,종로3가,하선,11.8,11.4,20.6,34.8,60.5,67.2,75.3,56.1,35.3,29.9,22.8,23.4,25.6,27.7,28.9,27.1,35.7,27.7,32.1,39.4,44.5,31.3,42.1,40,47.8,56.1,41.2,24.6,23.9,20.4,20.6,22.6,17.4,20.9,14.8,9.7,8.6,3.1,0.4
18,평일,1,152,종각,하선,9.8,10.6,17.3,28.4,45.4,50.9,44.9,38.7,26.4,24.9,19.5,21.3,24.2,29,27,27.3,36,28.8,32.5,42.4,47.8,39.7,44.2,53.5,57.8,82,54.9,32.9,30.9,28,32.2,32.8,26.1,29.1,19.8,13.5,10.9,3.7,0.3
19,평일,1,151,시청,하선,9.2,9.5,16.8,22.5,36.8,35.9,26.8,30.4,21.7,22.6,18.2,20.4,21.8,28.6,25,30.2,33.6,29.3,34.4,42.7,53.5,44.4,48.4,62.5,66.8,109.1,77.5,43.7,36.9,35.5,38.7,42,31.8,35.2,25,15.6,13.7,4.4,0.3
20,평일,1,150,서울역,하선,11.4,10.9,15.9,24.1,38.9,41.6,24.4,29.5,21.6,21.7,17.6,21,22.9,29.8,26.8,31.2,35.9,33.6,31.5,45.4,55.6,49,57.2,64.8,74.6,124,72.8,47.8,40.3,39.5,40.9,44.2,37.6,39.9,29.2,18.1,15.7,5.8,0
21,평일,2,210,뚝섬,외선,8.5,16.6,12.7,37.8,40.6,53.6,35,29.4,27.8,21.6,28.8,28.4,22.6,27.7,32.2,30.2,28.6,32.5,28.4,34.6,37.3,35.4,38,44.4,53.6,76.7,65.5,49.2,37.2,53.6,39.3,36.2,42.9,44,29.3,20.1,15,6.3,3.5
22,평일,2,209,한양대,외선,10.7,12.8,13.3,37.9,40.4,52.5,32.6,26.1,25.3,21.6,23,29.1,24.7,25,31.6,32.2,28.6,35,31.9,36.2,43.7,40.8,43.9,51.9,56.8,79,73.8,53.1,39.9,57.6,44.5,38.4,47.8,48,37.1,20.5,15.9,8.9,3.5
23,평일,2,208,왕십리,외선,14.3,22.3,21,57.2,64.6,84.3,60.4,41.4,39,32.1,32.3,41.2,33.9,32.5,43.4,40.5,36.7,43.8,38.2,43.8,51.6,47.4,51.5,60.5,66.8,86,85.2,62.3,47.8,62.1,51.4,43,52.2,54.3,44.7,25.1,20.3,12.1,4.3
24,평일,2,207,상왕십리,외선,16.2,23.6,22.4,61.4,69,89.1,67.5,43.1,40.9,33.3,33.2,42.5,34.5,33.2,44.2,41.3,36.8,44.3,38,43.4,50.9,47.1,51.5,59.8,64.1,83.1,89.6,59.1,47,58.9,53.6,42.5,48.4,54.6,43.4,24.7,20.2,11.5,3.8
25,평일,2,206,신당,외선,18.4,26.2,21.5,62.2,76.1,93,71.8,45.4,40.7,33.4,33.7,42.4,33.4,34.8,42.2,44.4,35.9,43,37,42.5,49.7,44.4,52.2,59.4,58.8,81.7,83.1,53.6,47.7,56.3,51.8,41.9,45.7,54.6,45.1,24.9,18.9,10.5,6
26,평일,2,205,동대문역사문화공원,외선,14.8,30.6,22.3,61.2,82.6,94,77.2,45.2,43.1,31.5,29.9,37.1,33.3,32.3,39.7,38.6,31.1,36.5,34.2,37.2,40.5,40.1,44.2,51.2,49.6,69.6,65.2,42.2,35.4,43.2,41,32.7,37.4,45.3,37.1,20.9,16.5,9.6,5.4
27,평일,2,204,을지로4가,외선,14.9,27.9,22.2,48,75.4,84.8,76.7,42.3,39.9,31.6,26.9,35.2,32.6,31.3,36,35.7,32.5,34.5,34.5,34.3,40.3,41.4,43,52.4,50.6,72.6,65.7,43.4,35.6,43.3,40.9,32.8,37.1,44.8,36.2,20.6,17.6,10,5.1
28,평일,2,203,을지로3가,외선,14.6,25.2,19.9,40.4,66.3,78.7,74,42.2,38.9,33.6,26.9,37.5,34.6,33.2,37.7,38.3,34.5,37.6,37.1,37.1,43,44.7,42.7,58.6,56.5,86.7,72.2,48,36.9,46.3,43.7,35.4,41.2,51.2,38.2,22.5,19.7,11.1,5.7
29,평일,2,202,을지로입구,외선,9.5,21.3,15.8,30.9,48.7,57.3,47.1,33,29.4,29.9,22.9,33.7,33.1,31.8,35.3,38.5,33,37,37.9,38.8,43.9,49.2,43.9,64.3,68.1,102.8,84.4,55.9,44.3,59.6,52.3,43.2,48,62.9,45.5,30.3,22.2,12.3,8.3
30,평일,2,201,시청,외선,9.8,17.9,13,26.5,41.7,43.1,34.2,27.5,26.3,29.1,23.1,33.8,35.8,30.7,36.4,40.9,35.7,36.8,39.8,41,47,53.2,46.9,70.2,72.9,111.5,102.4,64.1,50.5,54.3,64.1,48.2,52.6,67.7,48.2,32.2,23.3,12.9,8.4
31,평일,2,243,충정로,외선,10.2,17.3,12.1,23.2,35.6,39,31.2,25.5,25.4,25.5,23.3,31.9,35.1,30.4,35.2,39.7,34.6,36,39.1,40.5,46.5,55.8,45.5,71.2,71.9,109.3,101.4,65.5,49.4,53.4,71.4,47.1,48.6,66.7,47.2,31.4,22.6,12.5,7.7
32,평일,2,242,아현,외선,12,16.2,12.6,22.8,36.7,39.7,33.3,25.9,25.9,26,22.4,30.6,37.1,30.3,34.6,39.6,35.3,34.9,38.8,40.6,47.4,53.9,46,68.9,69,102.2,109.5,63.2,49.3,50.2,69.3,45.7,47,65.1,49.1,30.8,24.5,12.4,10.2
33,평일,2,241,이대,외선,13,16.3,12.9,23.3,34.9,39.6,31.2,22,23.1,23.1,19.5,29,34.4,27.3,34.3,38.3,33.4,35.9,38.3,40.8,47.8,54.2,47.8,71.3,67.2,99.5,108.2,63.4,49.3,50.2,69.1,46.3,46.3,62.2,47.9,33.3,23.2,11.7,9.4
34,평일,2,240,신촌(지하),외선,14.3,16.1,13.9,21.3,35.1,37.7,28.6,19.1,19.9,19.7,17.2,27,31.7,27.3,32.9,38.1,33.3,37.2,39.4,43.9,49.5,58.7,50,72.3,69.6,99.6,107.5,64.8,49.4,51.7,74.2,52.2,51.9,74.7,52.7,38.4,24.5,12.4,9.6
35,평일,2,239,홍대입구,외선,13.2,21.4,18.3,26.1,48.3,50.5,33.5,22.1,17.5,16.9,15.9,24,24.7,24.3,27.2,33.3,28.6,31.5,33.8,38.7,41.5,52.9,48,65.7,62.8,88.7,93.2,60.6,46.5,49.5,73.1,56.1,57.2,80.8,57.8,46.9,28.4,13.8,13.5
36,평일,2,238,합정,외선,22.5,32.2,29,39.4,74.9,78.2,51.8,31.2,22.1,21.1,17.7,26.5,27.5,27.1,29.2,36.8,30.3,34,35.1,38.6,43.6,57.2,51.1,66.9,70.1,88.9,101.1,65.3,50.6,50.6,77.5,67.4,58.7,90.7,67.4,51.9,31.5,18,13.6
37,평일,2,237,당산,외선,18.7,30.5,30.9,35.9,74.9,77.1,50.1,32.5,22.5,22.1,19.7,22.8,28.4,27.7,26.3,34.6,30.6,30.7,36.4,35.7,40.1,53,50.1,64.3,66.8,82.5,97.6,67.2,43.9,47.9,72.5,62.7,55.2,82.5,61.8,58.5,25.1,17,11.7
38,평일,2,236,영등포구청,외선,22.6,34.5,37.7,42.7,78.4,82.8,55.6,36.9,26,22.3,22.3,24.6,31.2,30,27.8,35.8,31.3,32.6,37.2,38.1,41.4,55,51.6,67.4,70,92,96.5,69.8,42,47.2,68.4,62.4,51.2,76.6,58.3,55.4,22.5,15.7,9.8
39,평일,2,235,문래,외선,24.1,35.8,39.6,44.3,76.9,76.8,48.9,35,23.7,22.5,21.9,24.5,31,30.5,27.8,36.2,31.3,33.1,37.4,38.7,41.2,56.1,51.9,69.9,75.2,95.2,96.8,69.5,45.7,48.1,65.9,66.8,52.4,75.5,64.9,56.4,26.6,13.8,9.4
40,평일,2,234,신도림,외선,24.1,27.4,33.1,44.7,50.2,68.4,68.6,50.3,32.7,30.2,24.5,26.5,34.4,32.5,29.9,38.6,33.9,29.7,34.7,35.1,40.4,44.1,39.5,47.8,58.4,65.1,79.3,53.3,34.7,35.6,47.7,47.6,37.2,54.4,54.7,36.3,23.5,12.3,9.1
41,평일,2,233,대림,외선,31.2,28.1,39.4,49.4,58.2,71.1,76.9,64.1,42.3,42.9,33.2,31.4,34.1,32.1,30.5,39.2,33.1,28.8,33.2,32.6,37,41,36.2,42.9,52.2,57.7,77,54.9,47.2,37.2,41.6,51.9,48.3,46.1,46.6,42.1,33.8,15,20.6
42,평일,2,232,구로디지털단지,외선,38.9,31.3,40.4,52.3,57.8,63.5,66.3,61.1,36.9,42.4,32.9,29.7,32.4,32.2,28,36.7,30.5,26.2,30.5,31.4,31,39.3,32.9,41,48.1,59.5,70.1,50.1,42.3,30.5,38.6,45.1,40.4,38.8,40.5,35.2,26.8,18.5,16.4
43,평일,2,231,신대방,외선,48.1,36.2,41.6,55.6,65.3,69.9,72.9,71.9,39.2,43.7,38.1,30.8,32.8,33.3,28.5,37,32,26.3,29.3,30.3,29.2,35.1,34,36.9,42.3,54.6,62.6,43.8,36.3,29.6,33.8,37.5,37.7,31.3,36.5,31.1,24.3,16,13.6
44,평일,2,230,신림,외선,63.6,46,51.2,73.3,85.7,92.4,96.9,96,51.9,50,48.9,36.6,39,41.8,34.3,41.1,38,30,31.6,32.6,32.3,36.6,35.3,36.8,41.9,47.2,54.3,36.2,38.7,24.1,26.6,35.5,31.6,26.1,28.7,24.7,18.1,11.6,8.8
45,평일,2,229,봉천,외선,69.6,51.6,54.2,79.6,94.6,100.9,107.6,101.6,55.4,52.3,53.5,37.1,40.5,43.5,36.1,42.5,39.6,30.8,33.2,31.8,31.9,37.1,34.9,36.3,40.6,45.5,50.4,34.3,34.6,23,25.3,33.6,29.5,24.4,26,22.6,16.4,10,6.7
46,평일,2,228,서울대입구,외선,72,56.7,60.6,89.2,109.2,114.5,120,116.8,62.9,56.8,62.3,39.2,43.4,49.6,39.7,47.3,43,35,35.5,35,35.3,41.2,38,39.5,43.8,48.4,51.2,33.8,33.7,24,26.6,36.5,31.8,27.1,27,25.1,16.5,9.3,8
47,평일,2,227,낙성대,외선,76.4,60.1,65,98.1,114.6,124.6,129.1,125.6,66.8,60.2,66.1,41.7,44.2,52.2,41.9,48,44.5,36.5,36.5,36.9,37,41.2,38.6,41.2,44.7,49.2,51.2,33.1,32.6,24.1,26,34.6,30.3,27.6,26.9,25.2,16.5,8.3,6.8
48,평일,2,226,사당,외선,83.1,60.5,63.5,106.3,124.2,131.1,146.8,147.4,76.3,70.3,78.4,47.2,48.2,54.6,45.5,52.3,50.5,41.5,40.9,39.7,39.5,39.9,41.8,40.3,46.5,46.9,53.6,32.6,30,26.8,24.3,35.1,30.1,27.6,26.8,24.5,15.5,9.5,5.9
49,평일,2,225,방배,외선,81.7,58.9,62.7,105.9,119.2,126.7,141.2,134.6,91.2,71.2,72.2,44.8,47.8,52.2,45.4,51.9,52.2,41,41.5,40.8,39.1,42.9,43.5,42.3,46.7,49.9,56.1,33.5,31.3,27.9,24.6,33.1,30.9,31.6,24.3,23.6,15.1,8.9,7.4
50,평일,2,224,서초,외선,78.5,52.6,62.8,97.4,113.1,123,131.4,129.4,94.7,67.4,71.1,44.8,48.6,52,46.8,48,60.4,42.3,44.7,44.5,42.8,41.3,49.8,45.5,50.6,58.9,59.4,37.6,33.2,31.1,26,36.2,33.8,32.5,25,23.5,17.4,8.8,7.2
51,평일,2,223,교대,외선,74.7,45.2,57,89.6,104.2,114.3,117.8,120.9,93.1,63,70.5,46.9,47.2,50.9,47.9,48.1,60.1,43,46.7,46,45.2,43.6,51.4,48.3,54.1,67.1,62.4,39.5,36.4,34.2,28.3,36.4,36.9,38,25.4,23.9,17.2,8.4,6.9
52,평일,2,222,강남,외선,59.2,37,45.6,67.9,87,98.8,101.1,96.7,81.8,49.9,59.2,42.9,43.2,49.1,44.5,46.9,55.4,40.8,43.5,46.2,43.6,44.7,57.6,50,59.4,77.1,63.8,48.2,39.6,41.2,34.3,45.8,49.6,55.3,29.8,30.6,19.9,9.5,6.6
53,평일,2,221,역삼,외선,51.9,31.7,36.1,54.1,65.1,75.2,72.8,70.1,55.2,37.5,47.7,38,37.7,44.9,41,43.5,50.1,41.4,40.6,50,44.9,52.1,57.2,60.4,72.3,98.2,74.8,61.4,46,47.4,40.3,52.8,58.3,59.7,31.7,32.8,21.9,11,6
54,평일,2,220,선릉,외선,27.9,26.9,24.2,37.1,44.7,49.9,49.9,46.1,36.3,25.6,33.4,29.8,29.5,34.6,32.6,33.3,37,34,32.7,42,37.7,46.5,51.5,54.6,67.9,91.9,71.1,60.4,42,41.7,36.3,46.9,51.3,58,31.1,29.3,18.7,10,5
55,평일,2,219,삼성,외선,10.8,18.9,17,22.1,25.2,30.3,23.4,22.4,18.6,14.7,21.9,23.3,23.8,30.1,27.8,28.2,32.1,32.6,31.3,43,39.2,49.5,56.2,65.3,76.4,108.1,83.3,69.6,48.3,51,43.1,54.4,60.9,67.5,34.2,31.4,19.4,10.3,7.9
56,평일,2,218,종합운동장,외선,10.4,17.3,16.7,22.5,25.6,30.2,24,22.9,19.3,14.4,22.6,24.7,23,28.7,28.5,28.1,31.6,33.3,31.4,43.3,40.9,49.4,54.7,63.3,72,90.7,89.1,66.4,48.4,48,38.1,53.3,58.4,66.1,34.7,30,25.1,9.8,8.7
57,평일,2,217,잠실새내,외선,12.8,20.5,17.1,25.1,30.9,35.3,27.7,24.8,23,15.5,21.5,26.6,23.9,30,31.2,27.6,31.3,33.1,31.1,42.1,41,48.4,54,62.8,67.9,88,84.4,67,46.5,45,41.4,49.4,60.4,64.7,36.2,28.7,24.5,9.6,7.9
58,평일,2,216,잠실,외선,16.9,20,19.7,30.2,37.8,42.3,25.9,24.6,22.3,15.1,20.5,25.7,20.1,27.4,28.9,25,27.3,29.9,26.3,34.2,35,38.9,43.1,48.2,52.5,64,63.2,45.7,32.6,41.3,31.2,39.1,46.8,49.8,25,20,15.6,6.4,6
59,평일,2,215,잠실나루,외선,17.2,17.2,19.7,30.8,39,44.7,28.4,25.5,22.2,15.2,19.3,28.7,20.6,27.1,28.9,24.9,28,28.7,26.4,35.1,34.6,40.2,44.6,48.7,53.4,65.2,62.2,44.3,33.8,36.6,30.9,36.2,45,47.9,23.7,19.1,14.7,6,5.5
60,평일,2,214,강변,외선,15.3,18.7,21.2,34.9,44.7,51.4,33.7,29,24.4,17.3,21.2,31,22,26.8,30.4,25.7,28,28.3,27.5,32.7,34.8,37.5,43.1,47.9,49.3,63.4,59.4,43.3,32.7,34.7,29.7,34.3,44.3,42.8,21.1,19.1,15.1,6.5,4.8
61,평일,2,213,구의,외선,24.3,21.2,24.1,40.9,52.7,62.5,39,33.8,27.4,17.7,24.1,33.4,23.1,28.6,32.1,27.3,29.1,29.5,27.8,32.8,34.8,38.2,43.6,48.8,47.3,62.3,56.2,40.2,30.9,31.7,28.2,31.1,39.2,38.5,24.3,17.6,13.7,5.9,3.5
62,평일,2,212,건대입구,외선,27.3,29.5,26.5,43,65.6,74.7,57.1,39.9,33.6,23,27.2,34,26.3,31.3,35.2,29.9,31.5,30.7,29,31.8,34.1,36.8,41.8,45.7,44,52.4,45.8,35,24.5,26.1,26.3,25.9,34.1,35.6,22.7,18.2,13.3,4.8,3.7
63,평일,2,211,성수,외선,7.8,17.5,16.3,37.7,43.2,59,40.3,34.3,33.4,23.2,29.9,29.7,23,27.8,32.6,29.7,28.3,31,27.6,32.2,35.3,32.6,35.6,38.8,47.8,62.2,57.7,42.9,33,46.4,34.7,31.6,37.5,39.9,27.1,18.6,14.5,6.1,3.6
64,평일,2,9002,성수,외선,1.5,5,4.8,7.5,9.8,16.4,13,12.2,11,9.3,9.9,9.2,8.8,9.5,10.3,11.9,12.3,11.9,14.2,17.2,17.9,20.2,25.3,33.7,41.6,72.6,52.9,31.4,27.4,29.7,25.9,23.5,23.6,22.7,17.3,12.4,8.2,4.8,3.9
65,평일,2,244,용답,외선,1.5,3.4,6.3,6.4,10.2,16.6,14.4,11.2,11.4,8.8,9,10,8.9,9.5,11,12,11.9,11.7,13.3,15.3,16.3,19.8,24.2,32.8,38,64.7,45.9,27.4,23.2,25.6,20.4,21.1,19.4,18,13.3,10.2,6.4,3.2,2.5
66,평일,2,245,신답,외선,1.8,3.3,6.2,7.2,11.2,18,15.7,11.8,11.3,9.1,9.3,10.1,8.9,9.3,11,12.2,11.8,11.4,12.1,12.9,15.1,18.1,22.2,29.8,34.3,48.3,43.7,26.6,20.1,22.7,18.6,18,16,15,10.9,9.2,5.3,2.6,2
67,평일,2,250,용두,외선,1.7,3.1,5.6,6.7,10.4,16,13.6,10.7,9.6,7.6,6.9,8.5,7.6,7.9,9.9,10.3,9.4,10.4,9.5,12.1,12.7,15.9,19.3,25.2,30.1,44.3,37,22.8,16.9,19.5,16.4,15.1,13.9,13.2,10.2,7.7,4.2,2,1.3
68,평일,2,246,신설동,외선,0,0,0,0,0,0,0,0,0,0,0,0,0,0,0,0,0,0,0,0,0,0,0,0,0,0,0,0,0,0,0,0,0,0,0,0,0,0,0
69,평일,2,260,까치산,외선,11.1,14.3,23.9,33.5,57.1,59.7,39.6,28.4,18.8,12.8,12.4,10.4,11.1,12,10.5,11.8,10.8,10.5,11.1,11.5,14,15.5,17.4,24.4,27.5,35.4,28.8,21.5,13.8,11.2,11.4,10.5,9.6,8,8.3,5.6,3,0.7,0.6
70,평일,2,249,신정네거리,외선,22.5,25.6,41.5,54.2,81.5,94.2,62.8,43.7,28.4,20.5,19.3,16,16.6,17.3,15.5,16.1,14,13.2,12.8,13.5,15.5,16.6,18.5,25.7,27.5,35.3,25.2,19.6,13.1,11.1,11.3,10,8.5,8.7,7.8,5.6,2.9,0.7,0.4
71,평일,2,248,양천구청,외선,29,32.1,56.2,71.8,105.9,118.3,89.4,60.9,43.4,27.8,26.1,20.7,22.1,19.5,20.2,18.5,17.3,15.8,14.3,14.9,16.9,17.6,20.6,24.2,28.9,34.9,31.9,20.8,15.4,12.6,11.1,10.4,9.1,9.2,8.2,6.4,4,1.3,0.6
72,평일,2,247,도림천,외선,28.9,32.7,56.7,72.8,106.6,118.4,88.8,61.5,43.6,28.1,26.7,21.2,22.4,20,21.1,19.1,17.7,16.4,14.5,16.5,17.5,18.9,21.3,25.1,29.4,35.8,32.2,21.1,15.4,12.8,11.2,10.6,9.2,9.3,8.1,6.4,3.9,1.2,0.7
73,평일,2,9003,신도림,외선,0,0,0,0,0,0,0,0,0,0,0,0,0,0,0,0,0,0,0,0,0,0,0,0,0,0,0,0,0,0,0,0,0,0,0,0,0,0,0
74,평일,2,210,뚝섬,내선,18.2,20.9,20,25.7,34.8,51.8,53,32.4,32,23.2,24,33.1,33.4,33.7,35.4,38.1,35.6,36.1,38.3,38.2,44.2,38.6,53,63,53.9,60.7,57.9,34.4,23,22.1,19,23.1,33.4,26.7,29.7,19.5,21.9,10.8,4.6
75,평일,2,209,한양대,내선,18.7,23.2,22.3,29.3,41.3,62.9,64.9,39.1,45,24.6,29.7,36,36.7,35.8,38.1,40.1,38.2,37.4,39.8,38.7,45,38.6,54.2,59.8,52.5,53.6,54.4,32.1,21.5,21.5,16.4,24.1,28.8,25.2,28.9,16.9,22.4,9.1,5.7
76,평일,2,208,왕십리,내선,19,25.1,24,31,45.4,72.6,75.2,45.5,49.6,35.5,37.1,38.5,38.8,38.8,46.7,44.7,41.6,37.1,43.8,38.4,41.8,37.3,52,54.2,52.4,52.4,52.4,32.3,19.7,19,18.7,22.3,27.8,25.4,28.7,16.9,22.3,9.2,5.8
77,평일,2,207,상왕십리,내선,21.1,30.9,29.7,39.7,55.9,83.1,75.7,53.9,51,38,41.1,43,46.2,50,49.1,52.6,48.4,46.3,50.6,54.9,52.1,52.1,70.8,81.3,79.8,79.8,76,48.5,29.8,28.9,27.9,36,43.7,36.8,45.3,27,30.8,13.5,7
78,평일,2,206,신당,내선,18.5,30.2,28.6,37.5,55.4,80.7,70.7,53.3,50.4,36.6,42.5,42.5,46.1,49.9,48.7,52.6,48.9,46.3,51.2,55.5,52.7,52.7,72.5,79,85.8,83,76.7,49.6,31.1,30.8,28.3,37.4,45.8,38.8,47.7,28.7,32.9,14.8,7.8
79,평일,2,205,동대문역사문화공원,내선,19.7,27,28.6,37.7,50.1,76.2,61.4,50,47.9,35.2,41.5,42.1,45.9,48,46.3,54.1,47.9,48,48.6,53.6,52.4,52.4,70,79.4,84.7,88.2,81.5,51.1,32.1,32.9,29.8,43.9,46.9,41.5,47.1,29.9,33.6,11.9,8
80,평일,2,204,을지로4가,내선,13.3,20.3,20.9,27.2,38.3,57.9,47,37.7,37.8,27.3,34.5,34.5,36.7,40.9,39.1,43.3,41.5,42.7,43.7,49.7,45.8,48.8,60.9,74.2,76.8,89.1,79,52.5,34.7,34.8,30.5,49.3,48.5,44,50.4,32.1,37.3,13.2,8.7
81,평일,2,203,을지로3가,내선,13.3,22,22,28.6,42.8,63.5,46.9,38.8,37.5,27.2,34.1,34,36,39.7,37.7,41.9,39.6,40.5,41.5,46.4,43.5,45.5,56.7,69.2,69.4,85,69.9,44.5,34.7,33.2,29.5,47.2,47,42.9,46,32.4,37.2,13.9,5.3
82,평일,2,202,을지로입구,내선,13,21.9,22.9,30.8,45.9,71.4,58.2,41.2,40.5,26.3,36.1,37.6,34.5,39.9,38.5,43.5,42.2,40.6,42.3,47.2,45.4,46.2,57.5,68,64.2,87.2,70.8,44.6,33.6,34.5,30.3,47.4,44.8,45,43.1,32.6,35.4,14.3,5.5
83,평일,2,201,시청,내선,19.7,26.5,29.9,43,64.3,99.3,83.2,52.2,51.6,29.9,42.4,40,35.6,41,43.1,40.7,41.6,40,37.6,45.6,40.3,43.6,54.2,58.6,51.6,66.4,56.6,34.6,29.9,25.4,25.7,39.1,38.9,39.9,38.6,29.5,27.6,14.1,4.6
84,평일,2,243,충정로,내선,20.3,28.5,34.6,47.5,72.2,114.4,96.4,60.3,53.3,31.1,44,41.2,36.7,42.2,44.2,41.2,42.5,39.9,37.4,43.7,39.1,41,51.7,52,45.7,56.2,47.1,31.9,27.6,23.2,23.8,36.9,36.4,39.5,36.8,30.5,28.6,14.1,4.9
85,평일,2,242,아현,내선,19.2,28.1,34,47.6,76.7,115.8,98.7,62.3,46.5,30.8,43.4,41.4,35.6,41.2,43.4,40.2,41.7,39,36.2,42.3,36.4,41.2,50.1,48.4,40.5,51.6,44.3,30.3,25.5,22.8,24.2,36.5,35.8,40,36.8,30.6,28.7,14.2,5.2
86,평일,2,241,이대,내선,20.9,26.5,32.8,50.8,71.8,112,91.4,61.8,45.5,30,42.8,40.5,35,40.4,42.9,39.3,41.6,38.5,36.2,42,36.2,40.8,49.3,48.2,40.6,51.6,45,30.6,25.9,23.2,24.6,37.1,36.3,41.8,35.3,31.2,29.5,13.2,4.1
87,평일,2,240,신촌(지하),내선,20.4,26.3,33.2,50.9,71.3,116.3,88.5,64.5,45.8,33.6,48.8,41.2,37.4,44,41,41,39.9,38.3,35.3,40.2,32.5,43.1,48.3,43.9,39.1,50.8,42.4,28.9,25.8,21.9,24.5,35.2,32.2,45.2,33.9,33.1,27.7,13.2,5
88,평일,2,239,홍대입구,내선,19.6,28,34.5,51.1,74.6,120,88.6,69.5,48.4,37.9,51.5,44.6,40.1,45.6,41.7,44.1,42.1,38.2,35.3,37.6,31.9,40.1,46.2,41.9,39,50.1,43.5,30.1,24.5,20.2,23.5,31.6,28.1,37.9,30,28.6,25.7,13,6.2
89,평일,2,238,합정,내선,25.1,28.4,31.8,47.3,68.7,111.1,87.4,69.1,53.7,39.4,51.6,43,41,46.6,44.8,44.1,42.4,39.7,36.2,36.6,33.9,40.3,47.7,41.7,44.1,57.6,52,33.4,24.9,18.6,21.3,24.2,21,26.5,22.2,22.5,16.6,9.9,4.5
90,평일,2,237,당산,내선,27,30.8,32.6,53.2,76.2,115,94.1,77.8,57.5,44.3,53.7,46.8,44.7,49.2,48.2,48.2,47.8,41.9,41.5,40.2,39.4,49.3,58.2,54.2,53.2,73.5,73.9,41,33.3,23.5,28.5,29.1,25.3,32.3,24.9,28.6,18.3,11.3,5.3
91,평일,2,236,영등포구청,내선,28.1,32.2,32.2,52.1,80.2,116,90.2,75.6,53.2,42.3,49.4,42.6,41.3,45,45,44.5,41.1,44.4,39.6,38.2,38.6,47.5,51.7,55.3,51,68.6,73.8,40.1,31.4,24.7,27.8,29.3,26.6,34,26.1,29.6,19,11.3,5.8
92,평일,2,235,문래,내선,27.9,31.8,33.2,51,80.8,119.6,96.9,77.7,55.1,44.4,43.4,44.6,40.3,41.3,48.1,46.9,41.3,43.9,40.8,39.8,40.4,50.5,53.6,55.7,51.1,68,76.7,41.9,34.3,25.5,30.2,32.1,26.9,36,29,33.7,20.9,12.7,6.4
93,평일,2,234,신도림,내선,28,32,33.4,54.3,86.5,126.4,102.7,72.7,52.4,31.6,43.4,31.7,33.6,41.1,48.1,46.4,41.7,43.4,40.8,39.1,40.5,49.8,48.6,53.4,47.9,69.7,70,40.2,29.8,24.3,23.2,27,26.2,36,25.7,12.8,16.6,7.5,6.7
94,평일,2,233,대림,내선,87.4,53.4,31.1,49.5,66.2,89.7,64.9,50.6,35.5,24.3,34.3,28,30.4,37.9,42.3,44.7,37.5,41.9,40.7,44,50.2,54.6,64.6,68.3,78,90.2,80.6,50.9,39.3,31.4,32.5,36.6,37,51.2,31.9,24,18.3,8.7,7.2
95,평일,2,232,구로디지털단지,내선,57.7,38.4,26.9,44,60.3,79.4,55,44.1,31.9,23.5,29.7,26.3,28.6,34.9,40.1,42.4,36.7,41.4,40.3,44.5,52.3,54.8,67.3,70.5,82.7,91.3,80.2,56.9,42,34.8,37.5,41.4,43.6,56.8,37.3,27.7,19.4,9.7,8.2
96,평일,2,231,신대방,내선,37.3,29.7,21.9,35.9,52.7,71.1,56.9,43.1,27.5,22.4,27.9,22.1,25.4,33.4,32.9,38.2,35.3,38.6,38.6,44.1,49.5,50.5,63.6,58.8,80.8,74.4,72.4,56,40.3,34.1,38.2,43.5,44.7,60.8,39.1,27.9,21.3,10.7,9.8
97,평일,2,230,신림,내선,27.6,21.6,21.1,30.1,46.2,61.6,47,36.4,22.9,20.4,25.4,21.1,24.9,32.2,32.2,38,35.4,36,40.9,44.8,51.2,54.5,66.3,61.3,88.6,78.2,73.5,61.6,41.8,35.5,45.3,46.8,49.9,67.5,43.6,32.2,21.5,12.4,11
98,평일,2,229,봉천,내선,18.5,18.3,18.3,29.8,38.4,48.4,39.5,29.9,20.3,20.5,22.4,20,27.8,32.2,32.5,38.9,38.5,38.1,46,50.3,59.2,61.9,73.5,72.2,104.5,95.9,92,78,55.2,46.2,58,59.4,65.4,81.7,56.2,43.4,27.7,18.7,17.6
99,평일,2,228,서울대입구,내선,14.1,16.3,17,27.1,34.1,43.9,34.8,27,18.9,19.8,21.7,19.1,27.8,32,32.3,38.6,39.3,38.4,47.3,52.8,62.1,64.2,76.7,75.6,110.9,101,100.2,84.8,60,51.5,61.6,63.7,70.6,87.9,57.7,48.5,30.6,20.5,19.7
100,평일,2,227,낙성대,내선,20.1,15.7,17.8,25.6,32.5,42.5,35.1,29,20.2,24.2,24.6,21,33,33.2,34.8,40.3,41.5,42,49.7,59.3,67.7,74.4,77.9,89.5,118.7,110,115.2,97.9,66.1,57.8,67.2,72.5,82.7,98.2,65.9,55.5,28.7,22.6,17.9
101,평일,2,226,사당,내선,18.2,15.1,16.8,25.4,30.7,41.6,33.6,27.9,19.4,28.4,23.7,20.9,33.6,33,36.3,41.2,41.8,43.9,51.8,65.6,68.3,77,78.7,97.9,123.1,120.7,125.9,99.1,70.6,65.8,69.2,77.9,90.5,102.5,69.3,61.1,31.8,24.7,20.5
102,평일,2,225,방배,내선,20.3,13.5,17.2,27.1,30.9,40.2,29.4,26.4,18.7,27.2,24.7,25.5,36.6,37.7,39.5,42.2,46.8,47.3,57.9,75.2,73.7,93.9,85.5,118.6,140.1,142.3,137.4,102.9,75.5,72.1,74.3,83,96.1,103.3,66.9,53.7,29.4,23.5,12.4
103,평일,2,224,서초,내선,20.2,13.6,16.9,27.2,31,40.9,33.4,27.1,21.6,27.7,26.4,25.9,37.2,38,40.3,41.9,44.8,47.9,55.4,72.7,71.2,90.6,84.9,117.6,136.4,140,127.8,99.5,73.2,73.9,70.8,83.3,101.5,96.4,66.2,51.2,25,23.8,12.5
104,평일,2,223,교대,내선,20.8,15.6,18.1,28.4,36.6,45.6,42.7,32.2,26.7,32,29.3,27.9,38.9,39,41.6,42.8,45.3,47.3,54.3,70.5,69.3,87.4,82.8,112.5,132.3,132.1,125.5,97.6,71.8,72,68.9,81.5,101.8,94.9,65.3,50.7,25.2,23.8,12.4
105,평일,2,222,강남,내선,22.1,15.1,19.6,27.7,36.1,46.4,43.2,35.3,28.6,33.3,31.5,30.4,38.3,42.7,44.6,43.3,48.5,49.7,50.8,71.5,71.7,86.2,84,117.8,120.3,132.2,111.2,90.3,68,62.7,65.9,77.1,93.5,85.4,53,48.8,23.6,22,11.1
106,평일,2,221,역삼,내선,21.7,18.1,23.2,32.4,45.5,56.3,58.3,48,40.9,38,34,30.1,36.5,39.1,43.2,41.1,49,45.4,46.9,63,65.5,77.7,76.9,108.3,103.8,126.5,100.4,75.8,56.2,51.3,52.8,59.3,72.2,63.5,40.3,34.8,16.7,16.3,8.3
107,평일,2,220,선릉,내선,22,19.7,26.1,41.2,59.5,80.1,86.4,67.7,59.2,46.8,37.7,33.3,38,39.2,44.2,42.7,49.8,43,44.7,57.4,59.6,66.3,67.9,86.4,82.4,100.4,78.7,60.1,43.6,44.2,44,48.3,62.5,51.3,34.1,27.7,14.1,14.4,7.7
108,평일,2,219,삼성,내선,19.8,18.4,24.2,40.4,57.4,78.8,82.5,63.5,53.8,42.6,29.3,30.2,29.5,33.9,33.1,33.1,37.6,32.8,33.6,41.3,41.5,49.8,48.8,60.3,58.6,68.3,55,40.4,29.9,32.5,31.7,34.5,45.6,35.8,22.6,19.3,10.2,9.3,3.4
109,평일,2,218,종합운동장,내선,30.1,21.8,28.7,47.8,69.1,95.8,107.7,75.6,66.7,51,33.6,32.2,29.8,33,32.5,30.9,35.7,29.1,28.6,33,33.3,37.3,33.8,43.8,35.6,38,37.4,25,18.7,21.3,21,23.2,28.5,24.9,17.3,13.6,8.7,8.3,2.5
110,평일,2,217,잠실새내,내선,25.3,25.6,27.8,48.4,66.8,94,101.6,70.8,62.2,47.1,31.5,31,31.1,31.3,33,35.8,29.4,29,29.9,32.2,33.2,36.8,32.8,43.6,35.1,37.9,39.4,25.8,19.5,21.9,21.8,24,29.3,24.9,16.3,13.4,8.6,8.8,2.8
111,평일,2,216,잠실,내선,23.6,25.1,26.1,46.5,62,91.5,93.8,67.2,59.6,45.7,29.9,32,31.4,31.2,33.6,37.6,30.3,32.8,30.4,34.5,35.3,39.1,34.6,49.3,36.4,41.3,45.1,26.5,20.9,24.9,22.4,25.5,31.3,25.9,17.6,14.3,9.6,10.1,4.2
112,평일,2,215,잠실나루,내선,16.1,16.9,18.2,27.1,38.9,63.5,64.8,44.5,44.1,32,23.4,29.9,27.4,27.4,29.9,31.7,27.6,30.2,28.9,32,35.4,35.4,34.5,42.9,35.9,40.1,49,27.3,20.5,23.4,21.3,25.2,28.8,25,22.4,16.6,12.8,14.3,7.7
113,평일,2,214,강변,내선,16.5,18.8,17.3,28.1,38.6,66.2,60.4,45.1,43.4,31.2,22.9,28.8,26.7,27.2,29.9,31.8,27.6,29.9,28.4,30.9,34.5,33.6,33.3,41.1,35.7,40.7,51.5,28.5,22.3,23.5,22.2,27.4,30.3,25.1,24.8,17.6,13.8,15.6,9
114,평일,2,213,구의,내선,14.3,18.5,15.6,24.2,34.2,59.4,55.9,38.8,41.3,27.6,20.6,28.8,26.1,27.9,28.7,30,29.8,29.8,31.2,32.7,34.3,35.5,34.9,42,38.4,47,52.1,29,24.1,24.5,24.8,29.6,31.7,27.2,26.9,17.8,14.4,15.3,9.3
115,평일,2,212,건대입구,내선,10.7,17,16.3,21.8,33.9,54.7,50.3,34.8,36.5,26.6,20.6,28.1,25.8,28.8,29.4,30.4,31.4,31.1,32.8,34.4,36.4,37.1,37.5,43.3,42.9,51.5,57.1,33.3,28.1,27.6,28.5,33.4,36.5,31,31.3,20.7,17,18.3,11.6
116,평일,2,211,성수,내선,8.4,11.5,12.3,16.3,24.9,42,35.8,24.9,30.4,24.2,18.1,25.6,26,27.7,29.3,31.7,31.8,31.8,35.9,36.5,40.8,41.2,42,49.7,49,67.3,74.5,42.2,35.6,33.1,32.8,42.9,43.3,37.3,34.3,23.5,21.8,17,12.8
117,평일,2,9002,성수,내선,0,0,0,0,0,0,0,0,0,0,0,0,0,0,0,0,0,0,0,0,0,0,0,0,0,0,0,0,0,0,0,0,0,0,0,0,0,0,0
118,평일,2,244,용답,내선,18.2,16.4,18,24.9,44.1,73.9,79.4,45.5,33.1,18.2,17.3,15.5,14.1,14.7,15.5,16.8,15.8,15.5,14.4,15.2,15,15.9,19.3,22.7,20.3,22.5,13,8,7.9,6.5,4.6,6,4.4,4.8,2.5,2.2,1.7,1.1,0.3
119,평일,2,245,신답,내선,13.7,13.7,15.5,22.6,36.9,63.8,62,39.6,33.5,16.6,16.3,14.2,13.6,13.6,15.2,16.2,15.4,14.8,13.6,15.1,14.2,13.9,17.1,21,19.3,22.5,13.3,7.8,7.4,6.5,4.9,6.2,4.8,5.6,3,2.7,2.1,1.5,0.4
120,평일,2,250,용두,내선,10.8,12.9,13.2,19.8,32.2,54.9,53,35.2,25.8,15.8,13.2,14.2,12.9,13.1,14.9,15.6,15.1,14.4,13.4,14.9,14.4,14.9,17.1,21.5,19.3,23.1,13.8,8.2,7.7,6.8,5,6.1,4.9,6.3,3.4,2.8,2.1,1.7,0.6
121,평일,2,246,신설동,내선,8.4,11.4,11.4,17.1,28.8,47.8,46.2,30.2,23,14.1,11.7,12.1,11.5,12.3,13.1,13.7,13.5,12.2,11.2,12,12.2,12.8,14.3,19.4,17.4,18.1,11,7.3,7.1,6,4.9,5.7,5,6.2,3.6,2.7,2,1.8,0.6
122,평일,2,260,까치산,내선,0,0,0,0,0,0,0,0,0,0,0,0,0,0,0,0,0,0,0,0,0,0,0,0,0,0,0,0,0,0,0,0,0,0,0,0,0,0,0
123,평일,2,249,신정네거리,내선,7,10.7,12.4,16.3,27.7,36,22.6,16.2,11.9,9.5,8,9.6,9.1,9.5,9.7,11,10.7,10.1,10.3,12.1,14.7,15.7,19.8,22,33.6,43.3,50.3,35.8,24.8,18.3,17.2,13.6,15.2,13,14,11,8.9,4.9,2
124,평일,2,248,양천구청,내선,5.6,9.5,9.9,15.7,25.8,32.2,22.4,15.5,13.1,10.2,9.6,10.2,10.5,11.5,11.7,13.9,14.6,13.5,14.7,17.7,22.3,24,30.1,35.9,52.1,68.5,83.8,58.6,42.2,31.2,27.9,23.8,26.1,23.5,25,20.9,16.1,8,2.7
125,평일,2,247,도림천,내선,4.7,10.3,10.3,15.3,24,32,23.7,15.6,14.1,10.6,10,11.2,12,12.4,13.7,16.1,17.8,16,18.4,21.4,28.3,30,37.1,44.7,65.4,83.4,105.7,77.5,54.5,40.1,36.6,31.5,35.5,30.7,35.2,23.7,19.6,9.2,4.2
126,평일,2,9003,신도림,내선,4.7,10.2,10.1,15.5,26.5,32.9,24.8,15.9,12.4,11.8,10.1,11.4,12.6,12.8,14.4,16.3,18.3,16.3,19,21.7,28.4,30.4,37.8,52.5,69.9,93.9,101,71.1,48.9,40.8,37.3,32,36.2,31.4,36.1,24.3,20.2,9.6,4.4
127,평일,3,309,지축,상선,16.5,12.1,10.6,17.8,15.2,24.2,16.8,14.6,17,10.8,14.3,16.7,16.8,18.2,22.5,20.8,23.4,22.7,29,34.3,35.4,32,47.3,47.1,64.7,109.8,101,82.8,63.3,37,45.9,46.2,33.9,37.3,39.5,32.1,30.1,31.7,0
128,평일,3,310,구파발,상선,16.5,8.9,6.8,9,12.7,13.3,8.5,7.3,10.1,7.6,8.5,9.8,12.2,11.1,23.3,20.9,18.3,12.9,22.9,27.5,36,34,26.3,49.8,55.6,58.7,54.1,49.3,34.3,28.8,24.6,29.9,26.7,22.4,22,26.8,9.7,8.4,0
129,평일,3,311,연신내,상선,17.3,11.7,9,11.2,15.2,16.5,10.2,9.7,12,10.3,11.1,12.6,15.7,18,23.4,25.6,23,21.5,24.7,35.9,41.9,39.8,38.6,55.1,64.4,71.5,77.3,48.8,43.2,34.6,36,30.8,34,27.5,33.3,26.8,16.8,8.1,4.3
130,평일,3,312,불광,상선,15.2,12.2,9.9,12.3,16.5,18.5,11.9,11.1,14.2,12.5,12.7,16,18.9,21.1,28.3,29.9,27.5,25.7,30.8,44.4,53.1,48.4,48.8,71.2,82.2,92.3,98,64.3,55.5,44.4,45.8,38.9,43.8,36.4,42.1,31.8,23,11.8,7.6
131,평일,3,313,녹번,상선,14.8,10.5,8.8,11.7,15.1,15.6,11.3,11.2,14,11.8,11.8,15.3,18.4,21.1,29,28.5,26.6,25.8,31.5,47.9,53.4,47.9,49.9,71.2,84,94,96.9,66.6,55.6,45.6,47.7,39.3,45.8,36.5,43.9,32.7,24.6,12.8,8.8
132,평일,3,314,홍제,상선,13.3,10.1,8.5,10.9,14.2,14.9,11.1,11.2,13.7,11.5,11.9,15.6,18.6,22,29.7,29.5,27.1,27.7,34,51,57.3,51.7,54.2,89.4,92.8,106.5,104.2,74.8,62.6,53.2,51.5,47.4,49.1,41,49.2,37.2,28,14.9,10.7
133,평일,3,315,무악재,상선,11.6,10.2,8.4,11.2,13.2,15.1,11.4,11.6,15.1,12.4,12.5,16.8,20,22.9,31.1,30.7,28.7,29.5,36.2,56.9,60.9,55.3,58.3,95.7,99.9,114.9,112.8,78.2,67.3,56.8,55.1,53.3,50.4,50.6,51.9,38,29,14,10.6
134,평일,3,316,독립문,상선,11.2,9.9,8.3,11.1,13.1,14.6,11.7,12.7,14.7,12.4,12.7,17,20.1,23.2,31.1,31.8,28.7,30.8,37.9,63.3,59.8,57.4,59.7,97.6,101.8,117,115.4,80.4,69.2,58.3,56.5,55.1,51,52,53.6,38.9,27.5,14.6,11.1
135,평일,3,317,경복궁,상선,11.4,9.7,8.9,12,13.6,15.8,12.1,13.1,14.7,13,13.8,17.5,20.3,25.8,32.3,32.1,28.9,31.4,39.8,63,60.3,57,65.4,104.9,100,124.7,107.4,85.1,70.5,60.8,55.4,56.1,52,53,55.1,40,28.4,15.1,6.8
136,평일,3,318,안국,상선,12,11.5,10.9,15.5,19.4,27.5,27.6,26.6,28.6,22.1,22.6,27.6,29.2,34.2,42.6,41.1,34.9,36.3,44.6,67.1,63.9,58.3,67.6,100.9,104.3,120.6,110.1,87.4,68.4,57.5,52.9,53.3,49.2,53.5,55,39.9,28.8,15.5,7.1
137,평일,3,319,종로3가,상선,12.5,13.9,17.7,26.7,35.7,39.7,42.2,39,36.3,30,32.2,38.1,39.3,42.5,53.5,50.7,42.2,43.4,50.3,72.1,65.8,58.2,67.5,97.7,99.7,113.2,108.1,83.4,67.1,53.9,51.1,51.2,46.2,53,52.4,39,25.6,15.2,7.4
138,평일,3,320,을지로3가,상선,7.1,9.5,12.8,22.2,28.1,35.5,36.6,34.1,31,25.1,28.2,34.5,33.8,38,46.4,42.8,35.7,36,44.5,57.7,52.6,47.7,54.9,76.6,83.8,91.8,87.9,67.7,54,44.4,39.8,42.2,37.6,43,43.1,27.4,20.1,12.2,6.1
139,평일,3,321,충무로,상선,7.9,8.6,12.4,22.3,31.7,43.4,43.1,36.9,29.6,25.9,28.2,33.4,33.5,36.6,43.8,40.4,34.6,34.8,44.2,55.1,48.8,43.6,50.9,68.1,74,75.5,77.2,59.3,45.8,39.5,34.1,36.1,31.7,38,36.7,23.2,16.7,10.8,5.6
140,평일,3,322,동대입구,상선,8,8.3,11.7,22.2,33.8,46.1,44,38.1,28.9,27.2,28.7,36.7,35.5,41.9,44.6,44.7,37.8,36.1,46.9,59.2,52.8,46.6,56.7,74.6,80.7,78.6,85.6,68.5,53.1,46.6,39.3,38.8,35,39.5,41.8,23.3,15.9,11.3,5.2
141,평일,3,323,약수,상선,7.8,8.6,12.1,24.2,34.9,48.7,49.9,40,32.7,28.9,30.3,37.8,37.6,42.7,45.1,42.3,37.3,34.9,44.8,55.5,51,43.9,53.8,69.7,76.1,74.7,84,65.8,49.5,42.7,33.7,36,29.9,36.2,40,22.4,15.6,11.1,5.4
142,평일,3,324,금호,상선,9.9,8.3,12.1,23.9,35.4,51.9,50.4,41.6,37.1,30.9,32,43.9,39.9,46,50.9,45.6,39.9,39.2,49.3,60.9,54.6,49.9,61.5,79.9,89.1,90.1,97.5,77.6,57.2,50.8,39.4,41.5,35.5,43.4,42.5,26.5,18.6,14.1,6.4
143,평일,3,325,옥수,상선,8.5,7.7,11.1,22.9,34.4,50.6,43.8,41,35.4,29.4,32,42.9,38.6,48.2,50.9,42.3,39.5,40.3,51.2,61.8,55.5,50.7,62.3,81,88,94.5,99.7,79.3,58.4,51.9,40.5,42.5,36.5,45,43.8,27.4,17.7,13,4.1
144,평일,3,326,압구정,상선,7.5,8.3,12.3,22.6,34.3,50.6,40.5,40.9,35.7,29.9,33.2,44.3,39.8,51,54.2,45.2,41.3,45.3,58,69.8,61.4,56.1,73,90.5,98.4,107.3,106.4,85.9,64.4,56.8,43.7,49.8,39.6,51.4,49,30.2,19.1,13.9,2.2
145,평일,3,327,신사,상선,7.1,9.9,13.4,24.5,39.1,56.3,48.3,51.7,44,34.4,38.8,48.6,44.1,54.7,55.4,45.8,42.9,44.7,57.1,65.5,57.2,54.3,72.1,87.3,87,104,94.5,75.3,55.8,49.4,38.5,43.6,36.5,49.3,37.4,27.5,15.7,13.1,2.5
146,평일,3,328,잠원,상선,7.2,10.7,13.5,25,38.2,51.9,49.7,60.4,48.3,34.1,36.7,42.5,39.6,50.5,49.9,40.8,38.2,41.6,51.5,56.5,48.6,46.4,61.8,73.2,71.8,83.3,76.2,54.3,42.4,37.3,29.3,32.9,26.5,37.3,28.4,20.8,11.8,9.8,2.6
147,평일,3,329,고속터미널,상선,7.4,11.7,13.9,24.6,37.5,50.8,49.2,59.8,48,33.8,36.4,41.9,39,50.3,47.3,41.7,38.8,42.4,52.1,57,48.8,46.5,61.4,73,72.3,86.3,73.4,55.1,42.4,37.5,31.2,32.8,27.1,38.6,29.5,21.5,12.2,10.4,3
148,평일,3,330,교대,상선,7.9,12.7,18,29.7,40.5,53.7,44.4,54.4,40.3,32,40.3,45.1,42.3,53.2,51.4,44.8,40.6,45.8,59.5,64.3,53,55.3,76.2,88.4,85.7,111.2,88.7,65.3,48.3,40.5,34.8,38.9,32.5,47,35.6,23.3,12.4,11.7,3.1
149,평일,3,331,남부터미널,상선,7.7,10.1,16.9,29.5,39.3,50.9,45.3,46.5,35.1,28.7,35.6,38.8,36.5,45,42.1,34.8,32.2,35.6,44.9,50.5,41.3,44.3,61.9,72.9,72.5,91.3,70,50.8,35.9,32.4,26.6,29.7,27.5,39.2,25,17.7,8.9,8.4,2.3
150,평일,3,332,양재,상선,8.4,10.9,17.5,30.3,40.5,52.7,50.6,44.4,32.1,28.4,32.1,33.5,32.8,39.4,35.1,28.1,27.7,30.9,40.6,40.5,32.6,39.8,50.7,57,56,69.5,58,40.5,28.8,25,22,23.5,20.8,31.4,18.7,13,7.6,5.8,1.2
151,평일,3,333,매봉,상선,9.4,11.3,17.6,31,44.4,55.1,58.7,46.2,32.6,26.4,28.4,28.7,27.5,33.8,29.8,23,22.4,23.6,29.9,30.5,24.4,28.9,36.2,38.8,34.4,40.6,34.7,23,16.6,14.1,12.5,13.4,12.2,22.8,13.1,8.4,5.3,4.2,1.1
152,평일,3,334,도곡,상선,8.5,12.3,16.6,29.4,46.3,56.5,63.5,41.8,31.3,25.6,27.3,27.5,26.5,31.7,28.5,21.7,21,21.3,27.1,27.6,22.4,26.2,33.4,34.2,30,32.4,29.2,20.2,14.6,12.3,11.2,11.3,10.6,24,12.3,7.2,5.1,4.2,1.2
153,평일,3,335,대치,상선,7.2,10.2,17.1,26.6,43.3,50.8,53.4,36.9,27.5,22,23.9,23.4,22,27.6,24.5,19,17.6,18.5,22.7,22.8,18.5,22.8,25.5,31.5,25.5,27.4,23.2,15.9,11.9,10,9.1,9.3,8.9,20,8.7,5.6,4.4,3.5,1.1
154,평일,3,336,학여울,상선,5.9,9,14.7,22.6,39.2,46.7,50.4,32.5,26,20.1,21.8,21.4,20.3,24.8,21.3,17.4,16.6,18,21.2,23,18.2,22.5,25.9,29.6,24.4,24.8,22.1,14.2,9.8,8.5,8.2,7.5,7.4,9.1,6.4,4.5,3.9,3.3,1.2
155,평일,3,337,대청,상선,7.4,7.8,14.3,26.5,38.6,48.5,45.9,32.3,24.8,20.2,22,20.5,21,24.2,21,17.3,15.8,17.4,20.5,22.3,17.5,21.9,25.7,28.5,23.1,25.4,19.4,13.6,9.6,8.4,8.1,7.4,7.2,9.3,6.4,4.5,4,3.3,1.2
156,평일,3,338,일원,상선,6.7,6.3,13.5,22.9,34.8,43.1,42.9,30.1,19.9,18.1,20,18.3,19.1,21.7,19.3,15.7,14.2,15.9,18.7,18.7,16,18.3,22.2,26.7,19.2,21.8,17.3,12,8.9,7.2,7.7,6.8,6.9,8.6,6.2,4.3,4.1,3.5,1.4
157,평일,3,339,수서,상선,6.7,5.8,14.1,23.8,30.7,44.1,39.3,27.5,17.2,17,17.3,15.1,16.8,18.5,14.5,14.1,12.7,13.4,14.9,15.1,12,13.7,17.1,18.1,16,20.3,15.7,10.6,8.3,6.7,7.4,6.3,6.9,7.6,6,4.2,4.2,2.5,1.5
158,평일,3,340,가락시장,상선,12.1,22.1,23,32.2,42.7,48.5,42.4,27.5,17.5,15.8,14.5,13.4,15.9,16.9,13.1,12.7,11.5,13.2,14.2,13.1,10.6,18,17.2,19.3,22.3,22.2,14.9,10.8,8,6.5,7.4,6.1,6.6,7.7,5.7,3.6,3.6,2.1,1.4
159,평일,3,341,경찰병원,상선,9.3,13.4,15.9,20.4,30.7,32.7,24.8,17.6,10.9,10.4,9.2,8.7,10.1,10.9,8.2,8.3,7.1,8.5,9.2,7.3,6.6,12.6,10.3,11.8,12.4,13.2,8.1,5.8,4.3,3.5,3.9,3.3,3.5,4.3,2.9,2.1,1.9,0.8,0
160,평일,3,342,오금,상선,7.6,10.8,12.1,16.1,25.3,27.4,21.7,14.7,9.3,8,7.1,6.6,8,8.5,6.5,6.7,5.7,6.2,6.7,5.4,4.9,9.3,7.9,8.8,9,8.7,6.2,4.4,3.3,2.5,3.1,2.6,2.6,3.4,2,1.7,1.5,0.7,0
161,평일,3,309,지축,하선,39.4,34.9,55.4,86.6,93.5,107.4,73.7,75.9,43.8,42.3,38.1,39.2,30.9,33,30.2,27.1,29.1,22.6,24.6,22.9,24.2,22.4,28.6,27.6,27.8,29.3,26.1,18.6,14.7,9.4,11.5,11.1,7.6,9.5,12.9,10.8,6.2,2.4,3.5
162,평일,3,310,구파발,하선,17.4,26.7,39.1,60.4,65,83.2,55.6,42.7,41,39.9,34.8,33.7,22.6,31.8,27.4,33.3,26.6,20.6,18.6,22.6,31.1,23.7,25.5,17,25.6,18.1,16.8,11.6,9.4,9.2,8.4,8.5,10.4,9.2,10.8,11.3,4.5,1.8,3.6
163,평일,3,311,연신내,하선,25.7,32.2,41.4,62.6,75,91.9,62.9,55.8,43,40.4,45.8,32.1,25.8,33.6,29.8,36.6,25.9,24.3,17.3,23.5,29.8,28.7,22.3,17,20.2,16.7,15.5,12.5,8.4,7.8,7.6,8.3,9.3,8.6,9.9,10.5,4.3,1.8,3
164,평일,3,312,불광,하선,34.4,35.7,48.9,66.6,91.9,111.9,75.3,66.3,53.9,43.3,51.4,36.4,32.7,34.3,34.1,42.2,30.5,29,21.2,25.6,33.3,34.2,25.6,20.9,23.1,21.1,18,14.4,10.1,9.2,8.9,9.6,11.1,9.1,10.9,11.6,6.1,2.1,2.9
165,평일,3,313,녹번,하선,40.2,40.1,55.7,77.1,104.1,126,91.1,70.9,64.2,48.2,55.5,38,37.2,36.9,36.8,45.2,32.5,30.4,21.9,26.5,33.7,35.3,26.4,21.1,24.3,22.7,17.7,15.3,10.1,9.3,8.8,9.4,10.4,8.1,10.2,10.8,5.6,2.8,2.5
166,평일,3,314,홍제,하선,45.5,41.6,55,82.4,110.8,138.2,97.9,77.4,68.7,55.3,57.8,42,39.9,36.3,43,49.1,39.9,30.3,25.1,26,35.7,37.9,30.6,22.5,27,23.6,18.8,15.5,10.2,9.6,8.8,10,10.7,8.4,9,12,5.3,2.7,2.2
167,평일,3,315,무악재,하선,46.8,42.5,56.4,84.3,112.9,136.9,107.8,81.3,71.9,57.6,59.1,42.9,41,37.5,43.6,48.5,40.7,30.9,25.6,26.4,36,38.4,32.2,22.7,26.6,24,19.8,15,10.3,9.3,9.2,10,10.9,8.7,8.9,12,5.2,2.6,2.2
168,평일,3,316,독립문,하선,32.3,44.5,57,83.1,110.3,137.2,108.3,83.2,72.3,58,59.7,45.9,39.9,38.4,44.2,48.4,43.9,30.8,28,26.2,36.2,40.4,33.4,23.6,27.7,25.2,20.1,14.9,12.4,9.4,9.4,10.1,11.1,8.9,9,11.9,5.2,2.6,2
169,평일,3,317,경복궁,하선,32.5,42.1,54.4,78.9,106.4,129,106.2,79.4,72.3,58.7,60,50.8,43.1,43.5,47,56.6,52,38.5,36.6,36.7,46.1,56.9,46.7,36.7,38.5,44.9,28.6,21.8,17.3,16.6,15.8,22.5,21.4,14.7,14.5,15.4,6.7,2.8,2.1
170,평일,3,318,안국,하선,32.7,40.5,50.5,71.5,95.9,121,95.6,75.8,69.1,57.5,59.1,51,44.8,47.7,49,61.2,59.6,50.2,42.7,47.3,59.4,79.3,62.8,52.3,54.9,67.6,41.4,31.3,24.5,24.2,22.9,30.5,27.9,21.6,17.6,17.5,9.7,3.1,1.9
171,평일,3,319,종로3가,하선,27.3,32.3,40.1,57.4,74.9,91.6,81,62.8,54.6,47.4,46.1,41.6,36.6,38.3,39,51.2,50.7,43.8,37.1,42.4,47.6,70.7,55.5,45.9,47.5,61.7,40.5,29.3,22.1,21.4,21.7,25.6,25.3,20.5,17.1,15,10.5,3.2,2.4
172,평일,3,320,을지로3가,하선,23.5,27.9,30.7,45.2,55.8,70.6,64.2,54,47.4,43,42.1,37.8,34.1,35.1,36.2,48.9,48.7,42.3,36.2,40.9,47,68.3,53.6,47.8,50.3,68.8,45.8,32.1,24.1,22.3,23.5,27.6,27.5,26.1,18.7,17.5,12.6,4.1,2.9
173,평일,3,321,충무로,하선,22.3,34.3,34,53,61.3,75.2,69.7,62.5,50.8,53.5,46.9,39.9,35.9,37.2,39.7,52.4,54.5,47.2,37.5,45.1,49.9,73.2,58.3,51.6,53.1,71.8,52.4,34.1,26.5,23.1,23.8,27.5,27.6,29.8,19.6,19.2,13.6,4.6,2.9
174,평일,3,322,동대입구,하선,22.1,32.6,32.7,49.8,59,71.3,60.3,60.8,46,46.6,41.1,39,31.8,34.4,38.4,44.4,55.1,46.2,38.5,45.3,49.1,74.9,62.5,51.9,53.7,72.5,54.1,34.8,27.2,24.6,25.3,29.6,30.8,32.1,20.4,19.7,16,5.4,2.7
175,평일,3,323,약수,하선,29.1,38.2,38.5,60.1,68.9,86,75.1,72.7,53.5,53,45.7,45.2,35.5,38.3,42.1,48.1,61.4,50.4,40.8,49,51.7,72.6,70.3,56,51.9,77.3,58.6,36.9,28.7,26,26.2,30.6,32,35.5,24.1,21,16.7,5.9,3.8
176,평일,3,324,금호,하선,31.9,41.1,37.4,59.4,71.8,88.8,78.9,73.1,60.1,49,46.6,45.9,35.8,38.6,42.2,48.3,61.1,50,40.4,48.5,50.8,68.1,72,55,50.7,74.8,56.4,35.9,28.3,25,25.3,29.4,28.9,34.6,22.9,19.9,15.7,5.5,3.5
177,평일,3,325,옥수,하선,36.6,45,41.6,65,76.6,100.9,87.9,82.5,68.9,53.1,53.7,50.9,38.8,40.1,46.4,51.2,65.1,52.6,44,47.7,53.7,70,74.9,56.7,52.1,74.8,57.7,37.4,28.6,24.9,25.4,29.4,29,34.5,22.9,20.5,16.5,5.7,4.3
178,평일,3,326,압구정,하선,16.1,39.9,38.6,60.9,69.7,90.1,76,65,57.8,45.6,45.6,49.5,36.7,38.4,44.1,45.5,62.5,51.9,47.3,50.2,54.8,74.7,77.1,58.5,52.6,78.6,67.8,42.1,33.7,30,29.9,31.2,33,38.2,24.5,21.4,16.5,5.8,4
179,평일,3,327,신사,하선,14.4,34.3,31.2,44.6,53.7,67.9,60.3,46,39.2,34.9,34.1,40.6,30.5,34.4,34.9,39.7,54.2,44,39.7,41.7,45.1,62.9,67.3,53.7,44.2,69.8,61,42.4,31.8,29.2,28.6,30.7,32.1,41.9,25,22.1,15.9,5.8,3.6
180,평일,3,328,잠원,하선,14.6,33.1,31.1,45.6,54.9,69.2,64.3,46.3,39.8,35.6,34.8,41.2,31.1,35,35.2,40.2,54.6,44.4,39.8,41.7,45.4,61.3,69.3,54.5,46.4,63,62.5,42.4,31.4,29,27.4,30.7,31.6,41.2,24.5,22,16.1,7.3,3.4
181,평일,3,329,고속터미널,하선,17.9,39.4,36.9,57.9,75.6,88.5,94.5,57,51.7,42,37.8,43.5,34.9,37.2,38.1,42.8,59.9,48,41.4,43.6,44.5,62.3,72.4,56.9,49.8,62.9,63.8,40.9,36.3,30.5,28.5,28.2,32,38.2,24.3,20.8,15.2,7.6,4.4
182,평일,3,330,교대,하선,22.7,39.3,34.5,50,66,80.3,78.7,45.9,37.3,29.4,27.4,31.7,25.9,28.1,30,34,45.6,38.3,34.8,36.4,37.1,53.8,61,52.4,40.7,56.3,57.7,36.3,29,25.7,25,25,28.2,37.9,22.4,18.4,16.1,7.3,3.7
183,평일,3,331,남부터미널,하선,19.4,29.8,28.6,42.7,55.1,61.9,56.4,34.9,29,22.5,21.8,26.5,22,24.3,25,29.4,36.1,34.9,29.7,30.9,31.5,44.8,53.4,49.2,38.5,57.6,52.5,33.8,27.3,25.4,23.2,24.1,30.4,31.6,21.2,17.1,14.3,6.4,3
184,평일,3,332,양재,하선,7.8,21.6,18.7,27.5,31.1,35,30.5,18.3,16.1,15.3,15.1,19.2,17.4,19.2,19.2,23.3,28.8,29.1,24.8,26.7,26.9,38.5,48.2,46,40,53.9,52,31.9,25.9,23.9,22.5,24.7,26.9,30,19.4,16.3,13.3,5.7,2.2
185,평일,3,333,매봉,하선,8.2,19.2,16.9,25.7,27.5,29.4,21.6,15.6,13.2,13.7,13.5,17.1,15.8,17.9,18.7,21.5,27.1,27.9,26,26,26,38.2,46.9,46.6,40.6,55.2,52.2,33.7,25.3,23.5,23,23.9,26.8,27.2,22,15.3,12.7,5.4,2.9
186,평일,3,334,도곡,하선,7.3,17.3,14.9,23,23.3,26.8,19.9,11.5,11,10.9,11.1,14.2,13.8,14.6,16.4,18.7,23.5,23.5,22.6,22.9,22.1,31.3,41.9,41.5,34.2,45.8,45.7,28.5,23.3,19.8,19.7,19.3,23.3,24.5,19.2,14.9,11.4,6.2,3.5
187,평일,3,335,대치,하선,7.4,15.6,13.7,18.6,23.3,23.9,17.6,10.2,10.3,9.3,9.8,12.8,12.2,13.1,14.3,16.1,19.9,20.3,19.5,20,18.8,27.2,35.7,36.7,30.3,42.7,41.4,25.4,21.2,18.1,18.2,17.5,21.2,30,21.1,11.6,9.9,5.1,2.8
188,평일,3,336,학여울,하선,7.7,15.7,13.7,18.5,23,24.8,15.3,11.4,9.9,7.9,10.1,12.1,11.6,12.6,13.4,15.1,18.9,19.4,18.8,18.4,19.6,27,35.1,36.6,31,40.1,40,27.7,20.7,19.5,16.7,17.3,20.8,29.6,20.7,11.3,9.6,4.9,2.7
189,평일,3,337,대청,하선,7.7,13.9,12.7,17.2,20,23.7,12.8,10.9,9.3,7.9,9.6,10.3,12.2,12,12.3,14.2,16.4,18.4,17.8,16.6,20.5,22.2,32.1,34.5,29.2,38.1,35.4,25.2,17.6,17.3,14.3,14.7,17.5,23.8,17.3,9.3,7.6,4.3,2.1
190,평일,3,338,일원,하선,7.1,10.9,9.2,12.6,15.5,19.5,14.8,8.9,7.6,6.7,7.4,8.7,12.3,9.1,10.4,12,13.7,15.7,15.8,15.4,19.8,20.8,30.2,35.6,28.5,32.4,38.3,22.2,16.2,14.1,14.2,13.3,15.6,20.1,15.6,8.2,8,3.7,1.7
191,평일,3,339,수서,하선,7.4,7.6,7.1,9.9,15,18.8,15.3,7.9,7.6,5.6,7.4,8.1,11.7,8.5,10.5,11.5,13.3,14,14.8,14.5,18.7,20.5,28.4,35.7,28,32.2,36,19.4,17.4,12.7,14.1,11.8,14.7,16.5,15.6,7.1,8.2,4,1.1
192,평일,3,340,가락시장,하선,0,5.2,4.4,5.8,9.2,13.7,11.7,6.9,5.1,6,5.7,6.2,7.3,7.2,5.9,7.8,8,9,9,10.3,11.9,19,17.4,23.3,16.9,18,28.7,21,13.1,11,10.7,9.4,14,13.7,9.9,9.2,9.1,2.6,2.3
193,평일,3,341,경찰병원,하선,0,3.9,3.4,4.3,6.6,9.8,7.4,4.1,3.1,4.2,4.2,5.1,5.6,5.3,4.4,6,6.3,6.6,7.3,8.7,9.3,15,14.1,20.1,15.3,15.7,22.9,15.9,9.8,8.6,8.3,7.9,10.8,10.8,7.5,6.8,6.2,1.9,1.4
194,평일,3,342,오금,하선,0,0,0,0,0,0,0,0,0,0,0,0,0,0,0,0,0,0,0,0,0,0,0,0,0,0,0,0,0,0,0,0,0,0,0,0,0,0,0
195,평일,4,409,당고개,상선,0.2,5.6,1.2,2.5,4.3,4.2,3,1.8,1.7,2,0.7,2.5,2.1,3.7,3.4,4.3,3.5,2.3,3.8,5,5.4,6.7,6.8,8.7,9.9,12.8,9.4,6.4,5.2,3.8,5.2,2.5,4.2,5,4.3,4.3,5.8,3.5,1.5
196,평일,4,410,상계,상선,0,7.8,3.3,4.9,5.6,5.2,4,3.1,2.3,2.8,3.2,3.5,3.4,4.4,5.6,5.3,5.5,5.7,6.5,7.9,8.2,9.8,8.7,12.5,14.8,15.9,14.1,10.7,8.3,6.7,7.1,6.8,6.9,6.6,8.2,7.4,5.1,4.6,2.4
197,평일,4,411,노원,상선,0,11.8,4.8,8.1,8.9,7.2,5.8,4.7,3.9,3.9,5.3,5.7,5.7,7.1,8.7,8.7,9.2,9.2,10.7,13.4,14.2,15.6,16.6,18.8,27.2,27.4,25.7,20,15.5,12.6,12.9,11.9,12.8,10.6,14.3,13,8,6.9,4.4
198,평일,4,412,창동,상선,0,18.7,8.8,12.1,14.5,14.8,11.8,10,8.7,7.7,9.6,10.2,9.8,11.2,14.1,14.5,15.1,14.2,17.3,20,21.5,23.4,25.3,28.7,42.9,43,42.4,31.1,23.6,18.1,18.1,18,18.1,15.5,21,18.5,11.9,9.7,6
199,평일,4,413,쌍문,상선,0,23.5,13.5,14.6,18.1,19.3,16.1,13.1,12.3,11.3,14.2,15.1,14.1,16.8,18.8,20.8,22,21.1,24.7,29.4,30.4,32,38.3,44.1,62.1,64.1,66,48.9,34.5,28.2,27.8,27.8,27.2,25.5,32.3,29.1,19.1,10.8,7.5
200,평일,4,414,수유,상선,31.4,17,12.6,13.2,16.8,17.3,15.3,12,12.1,11.2,14.3,15.1,14.7,17.5,19.9,22.6,23.4,23.8,28,34.4,35.4,37.4,44.6,57.9,71.8,77,77.4,63.4,43.2,34.5,35.3,35.1,34.5,32.4,42.6,35.7,23.8,15.1,10.8
201,평일,4,415,미아,상선,28.9,16.2,12.2,12.1,15.5,16,16.3,12,12.9,11.7,14.9,15.5,16.3,18.4,20.4,25.1,25.9,26,31.2,38.5,42.2,41.5,50.8,73.3,76.4,86.4,91.9,75.5,51,40.9,40.1,41.1,41.3,40.9,53.3,40.4,29.3,18.2,11.9
202,평일,4,416,미아삼거리,상선,27.2,14.1,13.2,12.7,17.6,17.2,17.5,12.1,13.9,12.5,15.6,16.7,17.2,21.2,20.1,25.9,28.8,27.9,32.5,43,45.2,42.6,56.2,80.4,82.1,86.6,98.7,78.9,51.1,47,40.1,43.4,41.6,43.6,62.2,43.2,31.2,19.6,13.2
203,평일,4,417,길음,상선,26,14.2,13.3,12.1,17.3,16.7,16.2,12,13.7,14.1,16.1,16.6,18,23.4,21.7,27.3,30.5,29.4,34.4,46,47.2,45.8,65.6,86.9,89.6,96.1,110.6,86.1,51.4,53.1,46.7,45.6,44.6,48.4,69.3,46,33.4,21.5,14.4
204,평일,4,418,성신여대입구,상선,24.4,13.9,13.7,11.3,16.4,18.9,14.4,12.7,16.4,15.9,17.8,18.5,20.2,24.9,25.1,28.6,33.1,32.9,36.5,48.2,50.7,48.6,70.4,96.9,98.5,103.2,121.7,85.3,61.8,52.8,52.7,51.6,45,64.8,62.7,51.6,36.9,24,15.9
205,평일,4,419,한성대입구,상선,23.8,14.3,14.4,12.4,15.9,23.7,18,14.1,19.1,17.4,19.2,24.9,24.7,26.8,28.5,29.9,35.8,34.6,44.6,53.4,55,53.7,77.9,103.8,106.7,113.4,129.6,95,63.3,57.2,58.8,55.6,49.4,70.1,70,57.1,42.1,21.1,18.2
206,평일,4,420,혜화,상선,24.5,16.9,13.6,13.2,16.6,27.3,19.7,14.8,22,18.7,20.6,27.1,26.1,27.1,33.1,31.3,37.1,36.6,46.8,54.7,61.4,51.2,78.7,103,117.1,112.1,132.1,95.7,63.6,59.8,60.2,56.8,48.8,78.6,72.6,57.5,41.5,22.1,12
207,평일,4,421,동대문,상선,21.5,19.7,16.8,18.5,22.6,35.5,35,21.4,33.4,25.4,29.5,34.2,29.8,33.4,42.3,41.6,45.3,50,49.4,57.1,65.2,56.9,79.3,111.3,121.5,118.6,135.2,101.1,62.5,60.8,58.5,54.1,46.9,75.3,70.6,52,41.4,22.3,13
208,평일,4,422,동대문역사문화공원,상선,16.2,20.9,18,19.8,25.1,38.7,38.2,28,32.8,29.5,34.3,37.8,33.3,37.8,45.6,44.7,48.3,51.6,50.5,57.1,65.2,55.9,77.2,105.8,117.3,115.2,128.2,100.6,62.9,59.8,57.5,53.3,52.4,68.3,72.8,52.6,36.7,22.7,13.6
209,평일,4,423,충무로,상선,12.1,14.9,15.2,17.4,23.5,34.9,33.5,25.3,27.9,28.5,31.7,31.5,30.9,34.5,39.5,41.1,39.4,46.4,42.6,47.9,56.1,46.2,65.7,88.7,88.7,100.9,85.3,67.3,48.3,45.4,41.1,42.5,36.9,50.6,52.1,36,30,17.1,10.2
210,평일,4,424,명동,상선,11.6,15.6,15,21.5,26.9,41.1,42,31.3,33.5,33.1,34.7,33.1,31.3,36.5,41.5,39.9,38.9,43.9,41.8,43.4,52,42.4,61.7,80.4,75.3,83.7,68.9,53.6,38.8,36.5,31.9,34.6,29.6,41.6,42.8,30.4,25.2,14.5,10.3
211,평일,4,425,회현,상선,11.8,17.8,18,25.1,31.6,46.6,53.3,35.8,36.7,34,35.4,33.4,31.7,38.5,43,40.3,39.2,40.7,40.2,42.7,44.5,41,53.6,71.6,68.1,71.7,61.3,47.1,33.5,32.4,26.9,28.9,22.7,31.7,31.1,21.6,19.7,13.5,11
212,평일,4,426,서울역,상선,11.3,18.7,19.7,28.7,37.7,59.5,57,40.9,41.6,37.8,40,36.2,34.2,39.4,42.9,38.6,37.6,37.2,35.7,36.6,38.6,33.8,44,57.4,56.9,57.8,51.9,40.7,29,24.6,24.3,26.1,21.8,31,29.1,20.9,19.3,13.7,7.7
213,평일,4,427,숙대입구,상선,16.1,17.2,16.7,25.8,35,55.6,47.4,35.5,29.9,27.9,27.7,22.9,24.4,26.5,30.1,27.6,27,25.3,27.6,26.4,24.5,25.7,33.3,38.5,39.2,40.7,38.7,26.5,19.8,17.3,17,18.5,16.2,23.4,22,16.2,10.6,7.7,4.7
214,평일,4,428,삼각지,상선,15.2,16.8,17.4,27.2,37.8,59.3,47.5,35.7,31.7,29.3,27.7,24,24.1,25.7,29.3,27,25.8,26.5,24.9,24.1,22.8,24.1,31.3,37.6,36.4,37.1,38.7,24.9,19,16.1,15.6,16.4,14.9,21.5,20.5,14.8,10.1,7.5,5.2
215,평일,4,429,신용산,상선,15.9,18.3,18.7,29.6,41.1,63.6,48.2,38.6,35.5,31.7,29.1,25.7,25.3,26.8,32.9,28.3,26.9,27.7,26.3,25.6,22.9,25.7,33.8,40.5,39.9,43,44.2,29,21,18.2,16.9,17.6,16.2,22.6,21.5,15,11,7.8,5.9
216,평일,4,430,이촌,상선,16.2,19.1,20,36.1,45.9,68.2,52.7,45.2,38.5,32.2,28.1,26.4,27.6,24.8,32.8,27.7,26.3,27,25.2,24.2,21.9,25.7,35.4,34.8,35.1,36.3,41.2,24.5,18.8,15,14.7,14.1,14.1,20.4,16.6,12.7,8.9,7.1,5.9
217,평일,4,431,동작,상선,16.2,24.7,20.3,37.6,48.7,71.2,49.9,47,41.1,33.2,28.4,26.7,29.8,27.9,31.1,33.2,26.1,28.2,26.7,25.6,22.8,29.6,38.6,38.4,38.6,41.7,46.6,25.4,22,17.1,15.7,16.4,15.5,27.5,18.5,15.1,10,7.6,6.4
218,평일,4,432,총신대입구,상선,20,29.3,25.5,47.2,59.3,76,49.2,50,42.5,34.8,28,27.9,28.1,29.8,31.9,31.9,27.2,28.9,25.1,30,20.6,30.4,38.4,38.9,38.5,40.9,43.2,25.8,19.5,17.6,16.8,13.9,20.9,23.9,18.4,15.7,10,7.9,6.5
219,평일,4,433,사당,상선,18.8,32.7,25.1,47.5,62.4,74.5,55.1,58.2,37.4,36.1,32.1,30.8,27.1,34.5,32.6,29.2,26.2,31.9,27,34.1,22.4,33.1,40.7,36.7,39.3,43.5,49.3,25.2,20.4,16.8,18.4,13,21.1,23.6,19.6,17.2,9.2,5.6,8
220,평일,4,434,남태령,상선,27.9,41.4,46.3,85.3,112.2,127.5,93.5,109.1,83.7,71.5,63.3,47.7,53.8,46.8,46.3,57.2,44.4,41.9,35.1,45.9,33.6,43.3,53.4,60.4,65.8,76.9,77.3,41.2,30.1,24.8,22.7,18.5,24.9,22.2,20.1,12.6,10.3,7.3,0
221,평일,4,409,당고개,하선,5.1,6.6,9,13.9,19.8,25.2,14.1,16.3,11.3,6.3,7.9,10.3,6.4,6.8,7.9,7.7,6.6,4.5,5.8,5.7,5.8,6.7,5.8,6.7,7.3,6.6,6.1,4,2.7,2.2,2.3,2.6,2.2,2.4,2.3,1.5,2.6,1,0
222,평일,4,410,상계,하선,11.1,12.8,17.8,25.6,34.9,43.3,25.3,27.9,15.4,14.1,12.4,15.8,10.8,12.8,12.9,11.4,10.7,9.5,8.7,9.6,9.2,11.5,9.7,9.3,10.1,10.3,7.4,6.7,4.4,3.9,4.2,4.7,3.6,5.7,4.2,2.8,4.3,1.5,0
223,평일,4,411,노원,하선,13.4,17.4,24,32.6,45.7,61.1,33.4,37.7,19.9,19.9,17.4,22.4,15.8,19.6,19,16.9,16.1,15.6,13.9,17.1,15.7,17.4,15.7,14.7,15.2,16.9,12.4,11.4,8.1,8.2,8.3,9.7,8.7,13.2,9.6,7,9.4,3.7,0
224,평일,4,412,창동,하선,22,23.2,30.9,45.7,60.4,80,50.3,61.2,33.4,30,29.5,33.6,24.4,28.3,26.9,24.6,22.1,24,20,23.7,23.7,25.3,23,19,19.7,20.5,18,14.7,10.7,10.4,10.1,10.6,10.5,14.3,11.3,8.6,10.6,4.8,3.4
225,평일,4,413,쌍문,하선,32.4,28.4,39,55.3,77.8,93.6,72.8,76,41.1,37.3,33.9,40,31.8,31.2,31.2,29.9,25.3,24.8,21.6,25,25.3,24.5,26.7,20.3,20.6,21.2,18.2,15.1,10.6,10.2,10.1,10.6,10.3,13.1,11.4,8.2,9.6,4.1,2.8
226,평일,4,414,수유,하선,40,33.7,43.4,66.4,88.1,107.9,85.8,81.3,53.4,41.8,38.3,46.1,36.2,32.5,40.2,34.2,27.9,27.5,25.1,28,28.4,26.3,28.9,21.6,21.8,23.6,19.1,14.3,11.9,10.2,11,9.7,11,12.6,11.9,8.4,9.7,3.4,2.5
227,평일,4,415,미아,하선,44.3,34.4,46.2,68.1,94.8,109.2,93,81.4,58.9,43.2,42.2,45,38.4,34.5,42.6,37,30,28.4,27.6,29.4,29.9,29.7,32,23.4,21.5,27.3,20.1,14.8,12,10.9,10.7,10,11.5,14,12.1,8.4,9.5,5.1,2.3
228,평일,4,416,미아삼거리,하선,52.7,38.8,49.9,75.1,103.6,115.9,113.8,82.9,69.3,46.4,44.8,48,40.5,36.5,45.6,37.4,34.7,30.4,29,31.3,31.2,30.4,34,24.8,21.9,28.4,20.6,15.5,12.6,11.7,10.7,10.5,11.6,13.2,12.6,8.2,9.7,4.7,2.1
229,평일,4,417,길음,하선,57,42,55.2,85,110.3,125.5,126,91.3,76.7,48,50.1,50.1,43.1,38.9,50.8,38.9,38.4,28.7,35,32.9,33.3,31.2,37.5,26.7,24.3,29.6,22.5,16,13.1,12.5,11.1,10.6,11.7,13,13.1,8.1,10,4.5,1.9
230,평일,4,418,성신여대입구,하선,69.7,46.2,56.8,88.8,119.2,134,135.4,102.3,86.5,53.3,55.3,54.2,47.1,44.1,52.6,45.1,41.1,31.8,39.9,39,37.9,35.8,42.9,32.8,29,35.6,26.2,19.1,16.1,15.2,12.7,13.7,15,16.3,16.4,10.6,12.1,5.2,3.6
231,평일,4,419,한성대입구,하선,55.1,47.4,56.6,85.6,119.8,132.2,143.5,105,93.2,54.5,56.2,54.2,50.7,45.8,53.7,47.2,42.3,34.9,42,39.4,41.2,38.8,47.1,35.8,31.1,38.8,28.8,20.9,18.5,17.3,14.1,15.9,16.9,17.4,17.1,11.5,12.9,5.3,3.6
232,평일,4,420,혜화,하선,56.6,45.4,55.1,81.6,115.4,128.6,140.7,103.2,90,54.7,57.5,56.3,53.6,49.8,54.5,51.6,44.5,38.7,47.8,48,50.5,48.5,57,46.3,39.3,52.1,35.8,25.8,23.7,23.9,20.3,25.9,35.2,38.3,30.8,24.3,19.5,8.3,5
233,평일,4,421,동대문,하선,57.4,43.9,51.9,76,106.5,114.9,148.5,90.4,96.7,54.7,55.5,53.4,55.2,48.9,56.3,53.7,45.6,41.6,50.6,51,52.5,54.3,62.9,52.1,43.8,53.7,40.4,27.5,26.6,23.1,21.6,27.4,33.5,40,31.7,25.5,20.3,9,5.4
234,평일,4,422,동대문역사문화공원,하선,42.7,32.9,36.2,51.7,72.5,78.3,111,67.4,81.8,43.5,46.3,45.8,49.1,39.6,51.6,43.5,39,34.4,45.3,43.2,45.6,46.6,53,45.6,39.7,48.6,37.6,27.1,24.4,22.2,19.6,24.9,29.5,33.3,26.4,21.1,16.1,7.3,4.9
235,평일,4,423,충무로,하선,39.1,25.2,27.1,41.1,56.6,61.5,80.7,51.5,70.2,35.4,43,40.2,45.9,38.4,43.6,40,39.3,33.5,44.4,42.4,46.4,48.1,53.9,49.1,43.1,56,42.6,31.3,27.5,24.9,21.3,26.9,32.2,32.7,28.2,24.9,15.6,9.3,4.5
236,평일,4,424,명동,하선,37.9,23,24.2,35.6,50.5,54.3,63.5,43.4,58,30.6,38,35.4,42.9,34.6,37.3,37.5,35.1,31.6,41.4,39.2,45.1,48,53.7,49.4,42.4,59.3,43.6,31.3,26.8,22.9,24.3,28.6,35.1,36.5,31.1,28.7,16.1,9,3.6
237,평일,4,425,회현,하선,22.8,24.5,21.1,31.5,41.5,44.4,43.8,34,44.5,24.3,28.6,29,35.5,30.3,32.5,35.1,32.1,30.9,38.2,40.5,45.2,52,55.9,55.5,46.9,69.8,48.9,35.8,30.1,27.5,27.2,28.6,34.9,37.8,32.1,28.4,15.8,8.8,3.2
238,평일,4,426,서울역,하선,19,15.5,13.8,20.1,26.1,30.4,28.1,21.5,29.7,18.4,20.4,20.5,25.7,22.2,23.1,25.5,23.4,22.6,27.3,29.5,32.6,39.4,41.9,45.1,41,53.7,49.6,30.4,24.2,20.8,21.3,23.1,27.5,27.7,23.2,21.7,13.3,8,6.3
239,평일,4,427,숙대입구,하선,21.3,15,13.5,19,24.2,28,23.5,22.1,25.5,15.9,18.6,18.9,22.5,23.7,21.5,25.2,23.8,22.8,25.6,29.7,32.6,41.4,40.5,48.5,40.8,55,49.2,30.9,24.8,21.3,21.3,24.3,26.5,28.6,23.2,23.9,13.7,7.9,5.6
240,평일,4,428,삼각지,하선,25.6,17.6,15,22.1,28.3,33.9,28.7,26.4,27.5,18.3,18.1,19.5,23.1,24.4,19.6,28.6,25.1,23.6,24.6,31.3,34.5,41.5,42.7,50.5,42.4,57.2,54,32.7,26.2,22.8,22.7,27.4,26,33.9,28,24.5,14.8,8.3,6.2
241,평일,4,429,신용산,하선,26.3,16.4,13.5,20.2,24.9,28.3,20.3,20.1,20.2,15.5,16.2,18.1,20.8,23.3,18,27.2,23.8,23.4,22.8,30.5,33.8,41.4,42.4,52.2,43.8,61.5,55.8,34.9,27.4,24.3,24.8,29.3,28.1,36.1,29.5,25.7,15.3,8.3,5.8
242,평일,4,430,이촌,하선,31.9,18.9,15.7,23.4,30.6,34,24.2,25.2,22.4,18.7,17.6,20.5,21.4,25,21,27.2,25.6,24.8,24.1,32.5,34.2,43.6,43.5,55.7,47,57.2,66.4,37.1,28.8,25.3,26.4,29.3,29.5,37.5,30.9,27.8,18.4,9.8,8.8
243,평일,4,431,동작,하선,0,21.4,15.4,23.8,30.6,33.4,26.7,25.4,21.8,20,16.6,21.2,21.6,25,21.3,26.2,25.1,27.4,21.9,35.1,34.1,45,44.9,61.8,51.1,57.9,77,43,32.5,26.1,29.6,28.6,31.8,38.4,31.3,31.5,18.9,10,8.9
244,평일,4,432,총신대입구,하선,0,26,18.1,26.1,35,37.2,25.4,27,21.3,20.7,17.2,22.1,22.2,25.8,23.2,26.2,26.5,26.7,22.5,36.4,34.2,43.4,48.7,58.6,55.1,56.6,75.8,46.5,35.7,28,31.9,28.6,33.6,39.9,34.7,32,18.8,9.4,10.5
245,평일,4,433,사당,하선,13.9,24.6,17.2,20.5,32.9,37.2,17.7,19.6,11.5,17.3,11.6,15.6,12,18.6,17.4,21.5,23,22.1,19.2,23.8,28.3,33.2,51.3,41.5,47.7,51,69,38.7,34,20.6,39,24.6,32.3,35.2,29.5,25.9,9.5,9.5,0
246,평일,4,434,남태령,하선,14.1,32.2,30.5,44.5,57.5,66.1,34.4,31.6,21.8,25.8,26.9,30.3,30.5,30.8,34.5,35.6,39.9,35.8,38,59.2,56.3,54.8,73.6,97.6,95.3,101.9,133.2,78.8,59.7,57.6,61.1,45.4,51.4,58.3,48.9,40,43.4,14.2,0
247,평일,5,2511,방화,상선,0,0,0,0,0,0,0,0,0,0,0,0,0,0,0,0,0,0,0,0,0,0,0,0,0,0,0,0,0,0,0,0,0,0,0,0,0,0,0
248,평일,5,2512,개화산,상선,3.4,1.4,1.3,1.3,2.8,4.1,2.6,1,1.3,1.4,1.5,1.8,2.2,2.1,2.3,2.5,2.6,2.4,3.1,3.3,3.4,4.1,4.5,4.8,6.2,7,5.5,4.4,3.3,3.8,3.7,3.7,3.6,3.8,3.5,2.5,1.9,1.8,1.3
249,평일,5,2513,김포공항,상선,5,3.3,2.3,2.9,6,8.2,4.9,1.9,2.2,2.3,2.7,3.2,3.8,3.9,4.1,4.3,4.3,4.5,5.1,6,6,6.9,8.3,8.3,10.9,13.6,10.2,8.2,6.2,7.3,6.9,6.8,6.8,6.9,5.7,4.6,3.5,2.9,2.3
250,평일,5,2514,송정,상선,27.2,13.8,11.2,14.3,18.6,18.9,10.8,5.5,5.4,6.6,8.1,9.6,10.9,11.5,11,11.5,11.4,11.6,12.3,13.3,14.9,16.4,19,22.8,26.1,36.4,23.1,13.2,11.6,14.7,13.3,13.3,11.4,12.8,9.4,7.2,5.4,3.5,2.1
251,평일,5,2515,마곡,상선,29,14.1,12.2,15.4,19.8,20,11.2,5.6,6,7.2,8.7,10.3,11.8,12.7,12.3,12.6,12.7,12.9,13.8,15.5,16.1,19.5,21.1,26.8,29.2,40,25.5,15.5,13,17,15.5,15.5,13.3,15.1,10.2,8.6,6.7,4.7,3.1
252,평일,5,2516,발산,상선,35.9,18.7,14.9,18.7,26.1,29.5,19.2,8.9,10,9.8,11.4,13,13.6,14.7,14.9,15.3,15.8,14.3,16.1,17.4,18.8,21.7,23.7,29.4,32,43.7,28.2,18.2,15.9,18.5,16.6,16.5,14.2,17.2,12.1,10,7.5,5.7,4.1
253,평일,5,2517,우장산,상선,40.2,22.5,18.2,27.9,40.9,52.2,41.6,16.3,16.4,14.5,16.1,17.6,17.7,18,19.4,19.4,21,17.9,19.6,19.5,22.3,24.5,27.8,33.7,37,46.9,34.3,21.6,19.2,20,17.7,17,15.9,18.1,13.6,10.2,8.2,7.2,5.4
254,평일,5,2518,화곡,상선,37.3,22.2,17.8,28.9,43.8,53.8,38.9,15.8,17.2,15.4,16.6,17.9,18.3,19,20.7,21.5,23.2,20.1,22,21.5,26,28.2,31.8,40,46.3,55.1,43.9,28.5,25.6,26,22.9,22.5,21.8,24.6,19.2,14.5,11.5,10.2,7.7
255,평일,5,2519,까치산,상선,26.2,21,16.8,27.9,41.4,51.8,38.6,15.9,16.9,15.9,16.9,18.5,19.4,20.5,22.5,23.6,24.9,24,25.5,27.2,33,35.3,41.8,53.2,63.7,77,63.8,43.7,40.1,40.1,35.9,34.8,33.4,35.5,29.5,22.9,18,16,9.2
256,평일,5,2520,신정,상선,16.6,15.5,13,20.3,29.7,35.9,25,11.5,12.8,12.7,13.8,15.8,17.5,18.4,20.4,21.5,23.3,23.8,25.3,30.2,34.9,38.7,45.1,58,73.3,83.6,69.9,48.9,46.9,45.2,42.4,41.4,40,42.5,36.2,27.7,22,19.3,12.9
257,평일,5,2521,목동,상선,14,14.8,12.1,18.6,27.7,33.2,22.5,10.8,12.7,12.4,13.6,15.9,17.6,19.4,21.1,22.2,24.8,25,26.8,31.8,38,41.8,49.1,62.8,79.6,90.9,77.4,54,52.7,50.7,46.8,46.5,45.3,47.2,39,29.4,26.1,20.6,14.5
258,평일,5,2522,오목교,상선,12.2,14.8,12.4,18.5,28.3,33.2,24,11.6,14.2,13.6,14.7,17.4,19.2,21.9,23.6,24.8,28.6,28.3,30.2,38.2,43.6,46.9,57,74.2,96,102.7,90.8,64.7,61.3,59.1,54.3,53.4,53,50.3,46.2,34.7,30.8,24.1,16.9
259,평일,5,2523,양평,상선,11.1,15.2,12.9,23.4,31.7,40.4,26,15.5,19.1,16.9,17.9,21.2,23,25.5,28.1,28.9,32.8,33.6,34.2,43.7,48.3,53.8,64.4,82.3,106.3,112.8,100,70.9,67.3,61.9,58.5,57.7,56.7,51.9,50.8,37.9,34.3,26.8,18.3
260,평일,5,2524,영등포구청,상선,11.3,15.9,13.1,24,33.1,43.7,29.1,17.2,20.3,17.1,19.4,21.9,23.7,25.9,27.3,31.6,33.6,33.8,35.8,44.4,49.4,54.8,67.8,84.9,107.9,111.4,102.9,72.7,70.8,64.5,59.6,60.1,59,53.3,53.3,39.5,36.2,28.3,19.5
261,평일,5,2525,영등포시장,상선,7.5,11.2,9.2,16.9,22.9,32.9,18.6,12,15,13.3,14.6,17.3,19.1,19.9,21.1,25.1,24.9,26.5,28.6,35.5,38.5,46.3,53,69.2,86.9,85.6,82.8,56.9,54.5,49.9,47,46.6,45.4,40.4,37.1,30.3,25.2,19.9,13.7
262,평일,5,2526,신길,상선,8.8,10,10.2,17.6,24.8,35.7,21.9,13.4,16.8,13.7,15.8,18.3,20.1,21.2,22.1,26,26,26.6,28.6,36.2,38.1,46.5,52.3,71.1,89.3,84,85.7,57.3,58.6,49.5,48.3,48,46.9,42.8,35.9,30.6,26.6,21.5,14.7
263,평일,5,2527,여의도,상선,7.1,10.8,11.9,20,26.3,37,19.7,14.8,16.3,14.5,16.1,20,20.7,22.3,24.4,27.2,27.3,28.1,31.3,38.5,40.8,51.2,58.3,83.6,108.4,99.3,90.5,62.9,64.6,55.9,55.1,55.4,53.6,48.2,39.6,32.5,27.2,19.7,0
264,평일,5,2528,여의나루,상선,11.1,15.4,18.7,43.5,65.8,70.8,40.1,24.3,24.7,18.7,19.7,23.3,22.3,24.8,26.2,29.6,28.2,28.1,30.1,34.9,37.2,49,50.6,73.7,88.7,83.7,77,48.4,49.4,43.8,44,46,43.1,40.2,35.1,27.1,21.2,16.2,3.3
265,평일,5,2529,마포,상선,11,16.4,21.3,49.9,79.2,81.3,43.4,28.1,27.1,22.2,23.5,25.8,24.4,27.2,28.2,32.4,30.2,30,31.7,37.3,38.8,48.6,51.5,75.8,84.1,91.7,66.9,46.4,47.7,42.9,41.8,45.5,41.6,39.3,33.6,25.5,21.3,16.5,3.7
266,평일,5,2530,공덕,상선,10.1,18.5,23.1,51.4,77.2,83.8,43.9,30,29.3,23,24.7,26.4,25,27.2,28.3,32,30.6,29.5,32.1,37.3,39.3,48.2,51.3,73.6,83.9,86.1,66.2,46.7,48.2,42.1,41.1,42.5,41.1,38.4,31.9,25.4,22.2,16.9,5
267,평일,5,2531,애오개,상선,10.3,17.4,19.7,43.1,60,65.5,35.1,26.5,27.4,20.5,23,25,23.4,26.1,26.2,29.5,29.6,29.3,31.9,36.6,38.9,46.6,53.5,74,84.1,88.2,67.6,47.5,48.9,41.9,41.4,42.4,39.5,37.1,30.7,23.9,19.2,14.2,5
268,평일,5,2532,충정로,상선,14.1,17.2,19.2,41.1,57.5,62.8,32.3,26.4,27.4,20.3,22.6,25.2,23.1,25.5,25.6,29.8,28.5,29.1,31.8,35.9,38.1,48.3,52.9,73.7,82.4,93.3,65.3,50,47.4,42.3,42.1,43.3,40.1,37.8,31.4,24.5,20,14.8,3.5
269,평일,5,2533,서대문,상선,13.5,16.9,20.6,42.8,57.5,62.6,32.9,26.1,27.9,20.3,21.6,23.9,22.2,24.3,24.9,28.6,27.4,28.1,30.5,35.5,36.7,45.5,53.9,70.1,77.8,86.6,60,46.3,44.7,40.8,41,41.9,39,36.7,30.7,24,19.6,14.3,3.4
270,평일,5,2534,광화문,상선,12.9,18.5,25,51.6,66.7,77.6,41.9,29.4,33.3,22,22.7,24.7,22.3,24.6,26.4,29.1,27.5,28.9,29.9,32.9,34.2,40.3,48.7,59.7,62.2,70.3,52.3,42.2,41.1,36.5,37,38.9,34.6,33.9,26.6,22.1,19.2,14.3,3.9
271,평일,5,2535,종로3가,상선,15.4,23.1,31,59.8,84,100.1,68.3,43.2,45.1,28.5,28,29.5,26.4,26.8,28.8,29.6,28.6,28.6,27.9,29.7,31.8,33.9,43.4,48.2,48.2,43.5,39.3,34.6,30.1,25.7,24.2,25.3,22.5,25.4,20.9,18,16.1,11,3.8
272,평일,5,2536,을지로4가,상선,13.9,24.2,32.6,63.1,79.8,90.2,65.4,43.2,47.4,30,31,30.8,27,27.9,27,27.9,27.6,25,24.4,24.8,27.2,29.3,36.8,41.2,37.4,34,33.4,29.8,24.5,20,18.2,18.6,16.6,19.2,15.9,13.8,12,8.9,3.7
273,평일,5,2537,동대문역사문화공원,상선,14.7,24.4,32.5,61.9,79.9,90,64.4,46.2,42.8,29.6,29.8,28.6,25.4,26.1,24.6,26.1,24.1,23.3,21.7,22.8,23.9,25.7,32.5,35.7,31.3,27.3,28,25.8,21.1,17.1,15.5,15.5,14.2,16.3,13.4,12.4,10.2,6.4,2.4
274,평일,5,2538,청구,상선,16.5,25.8,35,64.1,81.3,89.2,68.2,51.7,50.4,34.3,34.8,35.2,30.3,29.7,28.6,29,27.1,25.4,22.9,23.9,24.4,27.6,32.8,36.9,30.3,26.4,29.7,27.8,22.4,18.3,15.7,15.1,14.1,16.6,13,12.2,9.4,6.6,2.8
275,평일,5,2539,신금호,상선,19.9,26.9,38.4,65.6,84.1,91.3,72,57.7,54.3,38.4,37.9,39,33.6,30.9,34.7,32.3,28.4,28.8,25.7,26.2,27.3,30,36.5,41.3,32.3,29.6,34.4,31.1,25,19.7,17.1,17.6,16.7,18.6,15.3,14.7,11.5,7.6,3
276,평일,5,2540,행당,상선,18.9,26.2,37.3,63.2,84.8,87.3,66.3,58,50.9,37.7,37.3,37.9,32.6,30.7,34.6,32.3,28.9,28.9,25.6,26.6,27.9,31.4,36.8,41.7,32.3,31.2,35.4,32.4,26.2,20.2,17.9,18.5,16.5,19.3,16.3,15.5,12.4,8.3,3.4
277,평일,5,2541,왕십리,상선,17.3,25.1,36.3,64.4,81.1,82.8,63.6,55.4,49.3,36.4,36.1,36.5,31.9,30.3,33.8,31.9,29.1,28.9,26.1,27.2,28.9,32,38.1,43.8,33.6,32.4,37.5,34,27.9,21.2,18.7,19.6,17.6,20.1,17.5,16.7,13.6,6,2
278,평일,5,2542,마장,상선,30.2,33,46.8,80.9,108.8,110.5,85.5,83.1,63.3,50.8,46.7,46.9,38.8,39.8,43.1,40.7,35.7,34.6,30.8,31.7,33.6,37.8,45.2,50.3,39.7,37.5,39.8,36.6,28.4,22.8,19.9,20.1,19,19.8,18.2,16.8,14.1,6.4,2.4
279,평일,5,2543,답십리,상선,29.5,34.1,46.8,82.1,108.7,110.2,79.4,82.3,63,48,47.1,45.6,38,41.1,40.4,39.3,34.4,33.5,29.6,31.5,32.7,36.6,44.1,49.2,36,38.5,39.3,36.1,27.3,22.4,19.7,19.8,18.8,19.7,18.3,16.7,12.8,4.9,2.7
280,평일,5,2544,장한평,상선,26.2,32.5,46.4,77.2,98.5,102.3,70.3,80.4,59.8,45.4,45.3,43.1,35.5,40,39.3,38.2,33.6,32.8,29.1,31,32.1,35.3,44.1,47.8,36.1,37.1,40.2,37.9,28.3,22.6,20.3,20.1,19.8,21,19.5,16.6,13.6,5.9,3.6
281,평일,5,2545,군자,상선,23.6,31.3,44,74.2,95.6,95.2,70.3,74.8,57.3,44.5,43,42.4,35,38.8,37.1,37.9,33.1,30.9,28.6,30,31.7,35.5,42.7,46.4,35.2,36.1,42,38.7,29,23.9,20.9,21.1,22.1,21.5,20.8,18.1,15.1,7.2,4.8
282,평일,5,2546,아차산,상선,35.3,33.7,50.4,87.7,103.3,102.7,79.9,88.5,66.2,57.2,51.2,50.7,43.1,45.8,44.6,45.2,39.4,36.6,35.7,37.4,40.7,45.9,55.2,59.6,45.4,50.9,60.4,52.3,37.7,32.2,28.2,27.7,29.5,28.9,27.1,22.9,15.1,10.3,6
283,평일,5,2547,광나루,상선,31.4,31.1,46.9,82.8,99.6,97,75.3,85.5,57.2,54.7,49,49.1,39.2,43.9,42.2,42.8,36.1,35.7,34.1,35.8,39.6,47.4,52.8,57.7,44,50.8,61.2,52.8,38.1,32.4,28.4,27.8,29.4,29.2,26.9,22.7,15.7,9.7,3.9
284,평일,5,2548,천호,상선,30.1,31.3,49.6,80.9,98.8,91.8,72.3,82.4,56.3,48.3,50.5,47.8,37.9,44,42,40.3,34.9,34.5,31.2,33.8,38.4,44.9,49.6,56.7,42.7,52.2,57.4,50.3,36,31.2,27.9,27,25.2,27.5,26.7,22.2,15.8,6.6,4.2
285,평일,5,2549,강동,상선,25.7,32.3,49.7,57.2,78.2,82.5,72.6,81.6,60.1,45.9,53.2,44.1,35.7,48.2,38.6,35.4,35.1,35.8,29,33.6,39,42,43.7,47.6,35.2,45,44.9,40.9,25.6,24.2,22,21.8,19.6,23.9,21.8,19.4,12,7.7,1.8
286,평일,5,2550,길동,상선,43.2,40.8,71.8,70.3,98.5,93.9,107.4,113.9,78.3,70.4,64.4,58.3,52.1,59.1,52.2,52.9,47,44.1,41.4,45,46.9,54.9,60.7,59.3,41.9,43.2,56.1,42.7,31.8,27.6,24.8,25.9,24.5,29.7,23.1,19.1,13.6,5.8,1.8
287,평일,5,2551,굽은다리,상선,39.4,37.6,66.8,69.8,92.6,89.9,102.4,107.5,75.6,64.3,62.3,54.4,49.5,55.1,48.6,48.7,43.5,40.9,39.3,41.9,45,50.9,58.3,48.8,32.8,43.5,54.3,38.7,30.1,25.3,22.3,23.3,23.3,27.9,22.1,18.1,8.8,7.5,2.5
288,평일,5,2552,명일,상선,29.4,37.2,59.4,58.4,93.5,77.6,93.9,88.2,66.9,57.9,57.2,49.1,45.4,50.4,43.2,42.9,37.1,36,35.9,38.5,42,46.9,54.3,45.2,30.1,39.1,52.2,35.6,27.8,23.2,20.3,21,21.4,30.7,21.3,17.1,8.4,7.3,2.8
289,평일,5,2553,고덕,상선,25.2,33.5,56,49.8,84.5,70.4,85.8,81.4,62,52.6,52.2,44.8,41,45.9,39.7,39.7,34.8,33.3,33,38.4,40.5,46.9,48.8,42.6,28.7,36.7,51.5,34.6,25.1,22.7,19.5,19.6,19.7,27.6,16.7,16.1,8.3,7.1,3
290,평일,5,2554,상일동,상선,21.3,36.3,53,43.1,79.1,63.8,79.9,74.4,54,46.2,45.3,36.6,32.6,37.9,34.1,35,30.3,28.5,27.4,29.4,32,34.4,39.4,35.1,23.9,27.2,46.6,29.2,20.9,19.2,16.4,16.2,15.9,19.4,13.7,13.6,7.6,6.8,2.9
291,평일,5,2562,강일,상선,34.6,37,50.8,57.9,66.3,69.2,60.5,54.4,38.3,32.7,31.7,25.6,24.2,28.2,26.2,26.9,23.5,22.6,20.2,22.7,23.4,28.8,30.4,28.7,31.3,39.5,30.7,23.4,15.3,15.7,13.8,15,14.4,17.6,12.6,13,6.9,4.4,0
292,평일,5,2563,미사,상선,30.1,30.7,41.9,47.1,63.5,47.1,49.8,42.7,30.8,26.2,25.7,20.9,19.8,23.2,22.6,23.3,19.7,19.7,17.9,18.8,20.5,25.5,26.4,25.6,28.1,35.7,26.2,21.2,14.1,15,13.2,14.6,14.2,17.5,12.5,12.4,6.8,4.4,0
293,평일,5,2564,하남풍산,상선,17.9,21,24.4,25.9,28.8,24.3,25.4,22.1,18.3,16.3,15,13.1,12.8,15.1,14.2,14.9,13.6,13.8,11.9,13.3,15,20.1,21.3,17.2,17.1,30.8,18.8,14.4,9.4,9,7.1,8,8,8.8,6,4.8,2,1.9,0
294,평일,5,2565,하남시청,상선,15.4,18,20,22.3,24.6,21,22,18.3,15.7,13.9,12.6,11.4,11.2,13,12.2,12.6,11.4,11.9,10.2,11.2,11.6,15.3,17.9,13.4,10.5,17.8,13.6,11.2,7,7.9,5.8,6.1,6.6,6.9,4.8,4,1.7,1.7,0
295,평일,5,2566,하남검단산,상선,7.2,7.5,8.1,9.7,11,9.8,9.8,7.8,6.5,6.2,5.2,5,5,5.4,5.2,5.9,5.2,5.5,5,5.1,5.7,8,8.4,6.1,5.2,7.1,6.1,5.6,3.5,4.1,2.7,3.6,3,4.6,2.6,2,1,0.9,0
296,평일,5,2555,둔촌동,상선,18.1,18.5,32.7,47.2,60.3,62.4,43.5,48.8,37.2,32.2,33.7,31.3,27.9,31.6,30,30.6,28.1,26.6,26.3,30.6,32.6,37.7,43.4,40.2,36.4,49.5,52.9,45.8,34.9,22.9,25.7,22.7,22.8,27.2,29.2,23,12.9,0,6.1
297,평일,5,2556,올림픽공원(한국체대),상선,14,14.8,25.8,36.9,48.2,51.7,37.1,39.6,31.8,27.7,28.3,27.2,24,27.3,26.9,26.9,26,23.7,23.7,27.5,31.1,38,41.3,37.5,35.6,49.2,55.6,44.9,35.6,22.7,25,22.7,23.5,27,30,22.8,12.7,2.8,4.1
298,평일,5,2557,방이,상선,15.7,15.9,25.5,40.9,53.2,53.8,39.2,42.5,31.3,26.5,26.2,24.7,20.7,24.2,23.9,25.5,24.6,20.4,20.2,24.3,26,31.4,34,32.4,27.8,48.8,46.8,36.5,28.3,18.9,20.6,19.3,20.1,23.9,18.4,13.6,4.8,0,3.3
299,평일,5,2558,오금,상선,13.6,14.1,22.2,35.9,48.1,47.2,36.1,37.7,27.9,23.4,22.7,21.8,18.8,22,21.5,22.8,21.2,18.3,18.4,22.2,24.7,31.8,32.7,29.7,25.5,42.8,42,32.8,26.3,16.3,18.3,15.5,16.8,16.9,15.8,11.4,4.1,0,3
300,평일,5,2559,개롱,상선,16.8,16.3,24.2,40.2,53.8,51.8,42.4,36.2,26.3,23.4,20.5,19.6,17.1,20,19,19.2,16.9,15.4,13.9,16.2,16.6,24,21.1,17.8,12.8,22.1,16.1,15.2,10.3,8.8,8.1,7.8,8.3,7.5,6.3,5.7,1.7,0,1.4
301,평일,5,2560,거여,상선,13.4,12.7,20.8,32.7,42.1,40.9,32.8,28.1,19.8,17.2,15,14.6,12.8,15.3,14.2,13.8,11.7,11.3,10.1,11.3,12.2,13.2,15.1,11.8,8.2,15.2,10.3,10.3,7.1,5.7,5.9,5.3,4.8,4.7,4.1,3.6,1.3,0,1.1
302,평일,5,2561,마천,상선,7.1,6.1,9.8,14.6,20.1,18,14.1,11.8,8.5,7.1,6.3,6.3,5.2,6.1,5.7,5.5,4.9,4.8,4.2,4.1,4.1,4.6,5,4.3,2.6,7.1,3.6,3.6,2.4,2.4,2.4,2,1.4,1.8,1.4,1.3,0.5,0.4,0
303,평일,5,2511,방화,하선,3.2,2.8,4.3,6.6,7,6,4.9,4.2,3.7,3.8,3.2,3.4,3.4,3.2,3,3.3,3.2,2.9,2.5,3.6,3.1,3.3,3.4,2.1,1.9,2.7,2.4,2.1,1.4,1.2,1.1,1,1,0.9,0.7,0.4,0.5,0.2,0.2
304,평일,5,2512,개화산,하선,6.5,4.5,7.3,11.7,13,11.6,9.5,7.1,6.5,6.4,5.5,5.7,5.9,5.7,5.2,5.6,5.4,5.2,4.4,5.5,5.1,5.9,5.4,4,4.3,6.2,4.9,4,2.6,2.8,2,2.1,1.9,2,1.5,1,0.9,0.3,0.4
305,평일,5,2513,김포공항,하선,5.3,6.8,10.5,19.2,24.6,27.6,27.1,19.2,17.5,14.2,12.6,12,12.4,12.2,11.9,12.2,13.1,12.4,11.8,13.3,14,15.1,13.9,12.1,11.6,14.7,23.1,17.1,11.5,10,8.9,8.5,8.8,10.2,9.6,6.6,5.7,2.7,4.3
306,평일,5,2514,송정,하선,7.4,8.2,12.2,20.9,28.4,30.9,31.9,21.5,20,16.5,15.2,13.4,14,13.8,13.5,14.2,13.9,14,13.7,14.1,15.4,16.5,16.7,12.7,12.4,16,24.3,19.3,12.7,10.7,9.6,8.9,9.1,10.6,9.6,7.7,4.4,4.6,4
307,평일,5,2515,마곡,하선,8.5,8.7,13.9,24,31.9,33.1,29.5,22.2,19,16.2,18,14.9,15.7,15.7,14.8,16.3,16.1,16.5,16.5,18.2,19.1,22.5,22.1,18.4,17.1,25.3,30.4,26.3,17,15.4,13.4,12.8,12.3,13.9,11.4,9,5.3,5.1,3.9
308,평일,5,2516,발산,하선,10.1,9.1,14.1,27.4,34.7,33.9,24.9,21.3,18.2,18.1,20.1,17.4,18.6,20,18,20.3,19.8,20.9,21.5,26.1,25.9,31.8,31.1,31.5,26.3,41.9,45.1,37.1,25.6,24.3,20.9,21.6,19.9,24,17.3,14.4,8.4,6.1,2.3
309,평일,5,2517,우장산,하선,14.8,13.3,21.8,36.8,45.7,43.6,31.9,26.5,22.6,22.2,24.4,20.8,21.1,22.7,20.7,22.4,21.8,21.8,22.2,27.4,28.4,33.6,34.3,34,28.2,39,46.2,38.6,27,24.5,20.9,22.1,19.3,24.9,17.2,14.1,8.2,5.8,1.9
310,평일,5,2518,화곡,하선,19.4,22.5,33.1,56.5,71.2,70.7,50.9,41.4,32.2,32.1,31,27.3,27,29.5,27.6,26.9,26,25.7,25,30,30.4,35.8,37.3,37.5,29.6,40.1,47,39.9,27.7,25,22.1,22.3,19.1,24.5,17,13.5,7.7,5.2,0
311,평일,5,2519,까치산,하선,27.5,26.4,37.3,62.4,83.2,85.4,61.8,48.8,36.7,35.5,32.9,29.2,28,30.4,28.9,27.4,25.9,24.9,22.7,25.6,26,29.5,31.4,30.6,23.5,29.2,36.9,31.5,21.6,19.5,16.8,17.8,14.2,18.2,13.4,10.7,6.5,4,4.1
312,평일,5,2520,신정,하선,34.4,29.3,43.8,71.7,95.7,99.6,73.2,56.4,43.5,39.8,36.5,32.5,30.7,32.5,31.9,30.2,27.6,26.5,24.5,25.4,25.5,30.3,32.2,31.7,24.5,27.6,35.5,30.5,23.1,19.1,16.9,16.9,13.6,17.4,13.8,10.9,6.5,3.7,3.6
313,평일,5,2521,목동,하선,38.3,33.5,46.1,81.7,108.3,112.6,82.5,63.9,48.3,44.5,41.3,36.8,34.2,36.5,35.2,33.4,30.1,29.1,27,28.1,27.6,33.2,34.4,34.1,25.9,28.8,35.9,31.8,24.1,20.7,18.4,18.3,14.3,19.3,14.6,11.7,6.9,3.6,3.5
314,평일,5,2522,오목교,하선,40.2,36,50.3,86.6,116.9,121.7,87.9,67.3,53,48.2,44.7,41.3,36.6,40.1,37.8,36.7,33.4,31.3,29.9,31.8,31.2,37,37.4,40.3,29.9,34.5,39.9,36.4,27.4,26.3,22.4,23.2,18.1,26.6,17.7,14.1,7.5,3.9,4.1
315,평일,5,2523,양평,하선,44.3,36.3,52.3,91.3,122.1,125.4,86.5,71.1,55.2,48.7,46,42.5,37.5,41.7,39.3,38.1,34.6,32.4,31,32.3,32.2,38,39.5,42.8,32.5,37.8,42.2,38.3,29.1,26.9,23.2,23.9,18.6,27.2,18.9,14.6,7.7,4.8,3.7
316,평일,5,2524,영등포구청,하선,35.3,28,37.8,66.8,97.9,106.2,67.6,54.4,41.5,36,35,33.1,28.8,32.6,31.1,29.8,27.9,25,23.2,24.4,24.1,27.1,29.3,31,23.1,27.1,29.7,29,21.5,18.6,16.6,16.7,13.6,18.5,13.9,10.7,6,3.9,2.6
317,평일,5,2525,영등포시장,하선,36.3,28.7,38.8,70,102.7,111.3,70.6,55.8,41.5,35.5,35.2,32.8,29.2,31,30,29.4,27.1,25,23.5,25.3,24.7,28.8,31.1,34.1,26.1,29.8,31.2,29.9,22.3,19.7,17.2,17.7,14,18.4,14.7,11.7,6.7,3.8,2.2
318,평일,5,2526,신길,하선,43.5,35.1,43.6,82.8,120.1,129.8,91.4,63.9,48,38.4,38.3,36.3,31.3,33,32.6,31.3,30.7,26.6,24.9,25.7,26.4,30.5,33.8,35.3,28,31.2,33.7,32.1,23,20.2,17.6,17.3,15.2,18,14.8,11.5,6.6,4,2
319,평일,5,2527,여의도,하선,34.8,29.1,33.2,58.4,85.1,106.6,70.6,53.2,39.6,33.3,33.7,36.5,30.4,30,32.3,32.9,31.8,28.5,26.3,29.1,30.9,37.4,40.2,58.1,50.5,56.1,52.3,49.7,36,30.6,27.9,26.9,23,25.4,19,14.3,8.3,4.8,2.3
320,평일,5,2528,여의나루,하선,33.5,27.4,30.2,52.8,77.3,101.2,70.9,51.8,39.6,32.7,33,36.4,30.6,30.2,32.4,34.1,31.4,29.2,27.6,30.4,32.6,38.1,43,63.9,58.6,64.1,61.2,55.1,43.4,35.8,32.2,30.9,26.2,27.1,22.2,15.7,9.8,5.1,2.3
321,평일,5,2529,마포,하선,32.8,25.8,30.2,53.3,74.4,99.3,68,49.3,40.4,32.4,33.6,37.2,31.9,31,33.1,34.3,32.8,29.9,28.1,30.1,33.9,39.7,44.8,61,60.8,65,60.9,54,44.1,37,32.9,31.3,28.2,28.3,22.3,15.9,9.6,4.8,1.6
322,평일,5,2530,공덕,하선,28.2,24.6,30.2,51.9,73.8,102.1,71.8,49.5,38.6,32.4,34.8,38.8,32.5,32,32.7,34.6,32.7,30,28.2,28.9,32.1,36.5,39.8,54.9,52,51.6,54.2,47.1,38.4,32.4,28.9,26.9,24.6,24.6,20.4,15.3,11,3.9,4.2
323,평일,5,2531,애오개,하선,20.1,20.7,30.1,53.1,76,104.8,78.9,48.9,40,32.6,33.7,39,33.6,31.4,33,34.4,33.6,30,28.1,28.9,31.7,35.6,39.5,54.8,51,51.2,52.8,47.1,37.7,31.5,28.2,26.5,24.3,23.2,19.4,14.5,10.3,3.6,3.2
324,평일,5,2532,충정로,하선,20,20.5,29.5,46.3,71.9,97.4,76.4,45.2,38.1,31.2,32.7,37.4,32.1,30.9,31.5,33.2,32.4,28.9,27.7,28.3,30.9,34.7,37.8,49.3,52.6,50,51.5,46.1,37.1,29.8,28.7,26,23.8,22.6,19.3,15.1,10.9,4.5,5.9
325,평일,5,2533,서대문,하선,21.2,19,25.4,37.6,55.9,72.9,61.2,40.4,36.9,29.4,32.2,38.5,32.2,31.4,31.5,32.9,30.9,31,28.7,31.1,33.8,39.4,43,58.3,61,61.4,59.3,49.5,40.4,33.8,32.5,30.2,27.1,24.3,22.7,16.1,11.3,4.4,5.6
326,평일,5,2534,광화문,하선,18.9,14.9,18.3,26.4,36.5,46.4,29.1,25.6,25.5,23.8,27.5,32.6,28,30.3,29,31.2,29.6,32.3,31.3,35.4,37.9,46.9,50,71.7,73.3,81.3,69,60.2,51.1,43.5,45.1,44.7,38,32.8,30.2,19.5,13,5,5.8
327,평일,5,2535,종로3가,하선,7.6,17.2,15.5,22.4,31.8,39.4,21.5,19,17.8,16.9,20.5,22.3,20.6,24.1,23.7,25.6,25,28.7,27,32.7,35.2,43.1,47.7,64,69.3,76.6,63.4,58.2,50.7,42.9,45.1,46.2,41.2,34.9,32.2,22.4,16,5.7,6.4
328,평일,5,2536,을지로4가,하선,7.5,15.8,13.7,19.7,27.3,32.8,16.9,15.5,15,14.3,17.3,20.2,18.1,21.5,21.1,22.3,23,25.4,25.2,31,32.8,41.9,46.2,63.8,71.9,77,65.9,59.6,51,43.5,45.3,44.6,42.1,35.5,34.3,24.1,16.9,7.2,5.9
329,평일,5,2537,동대문역사문화공원,하선,13.3,17.8,14,20.2,27.5,33.8,17.3,14.5,14.8,14.2,16.8,18.2,18.5,22.1,22,23.4,24.7,27.8,27.9,34,36.9,47.6,51.9,70.4,77.1,80.2,69.9,57.4,54.6,47.5,46.6,46,44.6,41.6,36.4,28.1,18.9,8.7,6.3
330,평일,5,2538,청구,하선,18.2,19.7,16,24.1,33.1,39.2,18.2,15.7,15.7,15.7,17.8,20.1,19.5,23.6,24.1,25.6,27.4,28.9,31.1,37.3,38.2,50.4,58.6,72.3,83.9,83.5,72,61.7,58.1,51.5,49.9,49.1,47.9,46,40.5,30.8,21.3,9.9,6.9
331,평일,5,2539,신금호,하선,20.5,22.4,16.2,25.5,34.3,42.9,21.6,15.5,16.4,16.1,18.1,20.5,19.6,23.7,23.6,25.6,26.9,29.1,31,36.5,37.7,49.9,59.8,67.7,81.7,79.2,73.7,59.7,56.4,49.2,49.8,48.1,46.5,44.6,38.9,29.1,23.1,8.8,9.2
332,평일,5,2540,행당,하선,24.3,23.6,17.8,25.5,36.3,47.7,25,17,17.3,17.6,18.9,21.5,20.2,23.3,24.7,26.2,27.4,28.1,30.7,36,36.9,46,59.3,66.1,82.5,75.1,70.6,57.2,55.7,47.3,48,46.2,44.5,43.1,38.8,30.1,21.9,8.4,8.6
333,평일,5,2541,왕십리,하선,14.8,26.4,20.3,25.9,38.6,48.8,27.9,16.9,18.4,18.4,21.6,23.2,24.3,27.7,28.7,30.4,33.4,34.5,37.9,42.2,48.6,58.1,74.4,86.9,106.3,93.7,93.1,70.2,79.4,62.8,63.2,63,61.6,59.5,55.6,43.8,35,15.1,12.3
334,평일,5,2542,마장,하선,8.2,25.5,20.3,26.1,39.1,48.4,28.4,16.7,17.8,18,20.9,22.6,23.3,27,28.3,30.4,32.9,33.9,37.3,41.9,49.4,55.3,74.5,85,103,88,94.7,69.2,78.1,61.7,62.3,62.2,62.5,57.5,54.2,42.9,34.1,14.8,12
335,평일,5,2543,답십리,하선,13.6,25.9,21.6,29.3,41.7,50.5,28.9,17.3,18.8,17.6,20.8,21.3,23.6,27.1,27.8,29.8,32.2,33.3,36.1,38.4,48.7,54,70.3,83.8,98.4,87.7,92.1,63.1,73.4,59.4,57.7,58.3,58.9,53.6,50.9,39.7,32.1,13.6,10.7
336,평일,5,2544,장한평,하선,20.2,26.2,21,30.8,44.4,53,31.5,18.5,18.5,18,19.1,21.9,23.3,25.9,28.3,29.9,32.1,32.5,35.6,36.7,47.2,53.2,65.6,84.4,96,90.4,90.6,60.4,64.5,59.8,56.7,52.8,55.2,52.1,48.6,39.2,28.3,14.6,6.7
337,평일,5,2545,군자,하선,19.2,38.8,33.4,48.1,65.9,82.9,45,25.5,23.4,21.8,24.4,28.7,29.3,30.9,36.1,36.2,38.9,38.8,43.5,45.4,53.9,63.9,76,91,116.1,95,99.2,73.1,71.9,68.5,67.2,59.4,63.9,60.6,55.6,45.1,33.7,15.9,5.7
338,평일,5,2546,아차산,하선,22.3,39.9,34.3,48.9,64.8,90.9,45.9,25.8,24.2,20.1,24.1,24.9,29.9,30.2,34.9,35.8,38.2,38.2,42.5,43.1,50.3,61.8,75.5,82.5,111.7,91.2,93.8,65.8,70.9,64.7,63.8,58.8,58.1,57.5,51.9,42.1,30.6,18.6,16.2
339,평일,5,2547,광나루,하선,22.6,40,32.6,46.2,62.9,84.4,44.7,25.9,23.2,19.6,22.9,23.9,28.7,28.8,33,35.1,38.8,36.6,40.1,44,49.5,55.6,75.4,80.3,107.7,91.6,91.6,61.5,71.6,59.9,61.3,56.8,56.7,54.1,52.2,40.4,28.9,17.7,14.8
340,평일,5,2548,천호,하선,16.8,33.1,23.2,35.2,50.6,59.1,41.1,19.1,17.5,16.3,19,20.2,26.3,28.3,28.4,32.1,36.8,34.8,36.6,43.8,50,50.5,64.5,80.6,87.6,90.3,87.2,62.1,64.4,62.3,51.7,60.5,51.8,51.6,46.2,40.8,28.8,17.8,12.5
341,평일,5,2549,강동,하선,6.7,16.2,18.9,29.9,42.3,63.6,40.2,22.7,19,18.4,21.1,23.4,29.9,31.9,33.3,33.8,38.1,37.9,39.7,42.6,55.6,54.6,69.1,54.2,75.2,82.2,93.1,58.8,64.4,61.7,50.4,53.3,57.1,50.6,44.7,38.2,26.7,16.8,10.3
342,평일,5,2550,길동,하선,12.3,13,26.9,40.1,30.9,58.1,28,19.8,17.7,19,22.6,26.5,33.4,33.4,38.1,41.3,43.6,43.3,51.2,52.4,62.6,72.7,83.8,99.4,128,125.9,115.1,77.1,86.8,80,71.8,70.5,68.4,74.9,58.1,50.3,34.8,17.6,9.3
343,평일,5,2551,굽은다리,하선,13.2,13.3,26.2,40.2,30.2,55.9,25.2,16.4,18,16.9,19.1,23.5,29.8,30.3,35.1,37.8,39.3,39,45.7,47.7,56.1,62.5,75.2,83.8,109.9,113.7,106.1,73.8,72.7,71.2,64.6,63.3,62.8,65.4,50.8,44.5,30.6,14.1,13
344,평일,5,2552,명일,하선,14.2,13.4,25.9,33.6,34.7,53.9,24,16.6,17.6,16.2,18,22.1,28.2,28.7,33.1,34.2,35.9,33.8,40.4,43.2,50.9,57.3,68.3,76.7,99.1,102.5,94.7,66.1,65.1,66.3,59.2,58.2,56.8,59.4,45.7,40.3,27.1,12.7,11.3
345,평일,5,2553,고덕,하선,11.1,9.9,19.8,24.6,25.3,43.9,18.9,13.3,14.1,12.3,15,20.9,22.4,24.9,27.1,27.8,29.4,28.5,34,38.6,45,48.3,59.6,68.3,90.1,100.9,82.7,58.8,58.2,59.4,52.9,52.2,51.3,55,41.2,35.9,24.2,11,9.8
346,평일,5,2554,상일동,하선,9,7.8,15,18.1,20.4,38.1,15.5,14.3,9.8,10.3,13,17.1,18,19.2,20.3,19.2,22.3,21.5,24.6,28.1,33.4,35.9,44.3,48.8,65.2,71.9,60.8,44.1,40,42.1,39.6,36.7,35.8,38.8,32.6,25.8,18.4,10.9,5.8
347,평일,5,2562,강일,하선,8.1,6.9,12.8,15.1,16.1,29.2,24.2,18.3,15.5,13.1,11.9,15.7,16.4,15.8,17.4,16.9,19.4,18.6,21.5,24.4,28.4,30.8,38.9,40.2,55.4,61.6,52.2,46.8,33.9,35.9,33,31.1,29.9,30.9,27.8,22.9,18,9.1,10
348,평일,5,2563,미사,하선,6.9,4,6.4,10.4,11.7,22.8,17.3,13.4,10.5,8.4,7.5,9.7,11.3,11.1,12,11.7,12.7,13.2,14.7,17.3,18.1,19.6,22.5,23,28.5,29.9,21.4,21.6,16.1,18.9,16.9,17.1,15.6,18,14.3,12.8,9.8,5,6
349,평일,5,2564,하남풍산,하선,0,4.5,4.6,6.7,9.3,13.5,9.5,8.8,7,6.5,6.2,8.1,9.7,9.6,10.4,10.5,10.7,11.2,12.4,15.6,16.3,17.3,19.8,19.6,22.7,26.1,19.3,17.6,9.9,15.6,14.4,14.1,13.3,13.5,11.7,10.6,8,4.1,5
350,평일,5,2565,하남시청,하선,0,2.1,2.1,3.1,4.6,4.8,5.4,4.4,3.9,2.9,3.3,4.2,5,5.1,5.2,4.4,4.7,4.9,5.9,7,7.1,8.2,9.6,9.1,9.6,11,8.1,6.7,5.2,6.6,6.6,6.2,6,6.3,5.2,4.5,3.4,1.6,2.5
351,평일,5,2566,하남검단산,하선,0,0,0,0,0,0,0,0,0,0,0,0,0,0,0,0,0,0,0,0,0,0,0,0,0,0,0,0,0,0,0,0,0,0,0,0,0,0,0
352,평일,5,9005,강동,하선,5.1,12.9,14.8,21.4,49.8,66,54,23.9,18.3,16,17.6,20.2,23.5,24.3,27.1,27.4,27,27.9,29.5,29.3,37.4,38.9,47.4,23.3,44.1,43.9,54.2,34.1,37.8,36.9,32.5,31.5,33.2,31.7,26.8,22.7,16,5.2,9.9
353,평일,5,2555,둔촌동,하선,7.2,14.1,15.1,23.4,53,69.3,60.9,25.9,17.8,15.8,16.4,20.5,19.2,22.2,24.3,25,23.7,25.2,26.2,25.2,31.6,31.3,40.4,23.1,26.4,40.5,41.8,27,30,29.9,27.1,26,27.4,25.7,22.9,18.7,13.4,7,7.7
354,평일,5,2556,올림픽공원(한국체대),하선,6.1,12.9,12,17.3,42.2,55.2,47.9,19.5,13.9,12.6,13.2,17.7,18.2,17.8,21.3,21.3,21.3,22.8,22.8,24.6,32.1,30.9,41,22.6,27.4,41.7,43.5,27.5,32.1,31.9,26.8,27.4,27.1,27.4,23.3,21.9,15.5,6.9,6.8
355,평일,5,2557,방이,하선,6.2,11.7,11.7,17.2,34.4,49.2,44,17.2,13.5,11.4,11.8,16.4,16,16.1,18.2,18.7,18.1,20,19.4,22.4,25,26.8,34.1,22.6,23.2,36.8,38.7,26.1,25.6,28.7,24.2,25.8,24.7,28.8,22.3,18.9,13.4,5.9,5.7
356,평일,5,2558,오금,하선,1.6,5.6,5.3,5.7,9.8,20.1,20.4,7.6,7.6,6.6,7.6,10.4,12.1,10.7,14.8,16.2,14.3,16.6,18.9,23.8,24.6,27.9,33.1,22.3,23.2,36.9,42.1,27.8,27.9,27.8,25.6,27.1,25,28.2,23.3,19.6,13.4,6.2,6.2
357,평일,5,2559,개롱,하선,1.2,4.2,3,3.9,6.2,13.8,15.7,5.3,5.2,4.8,5.3,7.4,8.8,8,10.5,11.9,10.1,12.1,13.4,18,18.1,19.8,23.9,15.6,17.3,27.6,30.9,20.6,20.1,19.6,18.8,19.8,18.4,20.7,17,14.2,9.8,4.5,4.3
358,평일,5,2560,거여,하선,0.4,1.8,1.3,1.1,1.8,5,6.1,2.2,1.8,2.1,2.2,3.2,3.6,3.4,4.1,4.9,4.3,5,5.7,7.6,8,8.3,9.6,6.1,6.7,10.2,12.3,8.7,8.1,7.5,7.8,7.9,7.3,8.1,6.9,5.7,4.3,2,2.1
359,평일,5,2561,마천,하선,0,0,0,0,0,0,0,0,0,0,0,0,0,0,0,0,0,0,0,0,0,0,0,0,0,0,0,0,0,0,0,0,0,0,0,0,0,0,0
360,평일,6,2611,응암,상선,12,9.7,10.3,15.8,17.2,20.8,17.6,14.9,14.6,14.9,14.3,15.1,14.8,16.8,16.1,16.1,17.2,15.8,16.2,20.2,21.4,24.6,27.5,27,29.8,40.6,48.6,28.2,23.6,20.9,18,20.9,20.9,21.6,18.5,10.9,13.5,5.5,5.6
361,평일,6,2617,새절,상선,7.9,9.2,8.6,13,13.8,16.5,14.2,10.7,15.5,14.3,13.9,14.3,14.3,16.3,15.6,16.3,17.5,18.1,18.2,22,25.6,30.4,33.3,34.6,40,54.7,67.8,41.5,35.1,30,26.8,30.3,30,31.5,26.1,21.1,13.5,8.6,4.7
362,평일,6,2618,증산,상선,6.4,9.4,8.6,12.1,12.4,17,13.1,12.7,16.6,14.9,13.7,15.3,14.9,16.9,17,18.4,19.5,20.4,21,24.8,29.2,33.7,38.2,40.1,49.6,72.3,80.4,51.2,43.9,36.9,32.8,36.3,36.9,37.9,32.6,26.2,16.8,11,8
363,평일,6,2619,디지털미디어시티,상선,5.1,9.7,8.3,11.2,11.3,16.4,12.6,13.2,17.8,15.9,14.3,16.2,15.9,17.3,18.2,19.4,21.1,22,23.2,28,33.7,37.2,42.7,44.8,55.9,80.9,92.8,58.7,50.8,42.9,38.8,41.9,43.3,43.8,38,30.8,19.8,13,9.6
364,평일,6,2620,월드컵경기장,상선,7.9,11.3,9.1,12.2,16,21.9,17.6,15.2,18.7,15,13.7,15.5,15.4,16.7,17.8,20.2,20.2,21.8,23,27.6,33.4,38.3,42.9,42.6,55.5,80.4,90,59.3,52.5,43.3,39,43.8,42.4,44.8,38.3,30.6,20.5,12.4,9.7
365,평일,6,2621,마포구청,상선,8.1,11.7,9.4,12.8,16.1,22.4,17,15.5,19,14.8,14,15.8,15.9,17.2,18.1,20.6,20.5,22.6,23.2,27.4,33.4,39.2,41.9,42.2,56.1,80.6,92.1,60.6,51.3,44.2,39.7,44.2,42.3,45,38.9,31.3,19.4,10.7,9.9
366,평일,6,2622,망원,상선,7.6,12,9.9,12.5,16.9,23.5,21.1,17.2,21.8,16,15.9,17,17.8,20.4,20.4,23.5,23.4,25.3,25.8,32.6,37.7,43.3,46.9,47,63.5,95.2,99,67.4,54.9,49.7,44.5,49.6,47.4,50.9,42.7,35.3,22.8,14.2,7.1
367,평일,6,2623,합정,상선,6.8,11.8,10.3,13.5,17,24.3,24,21,27.9,20.1,21.3,21.9,22.2,25.3,25.6,30.2,29.4,30.4,31.2,38.9,44.6,49.7,53.6,51.7,70,101.4,104,72.8,60.1,51.3,48.3,52,50.4,53.1,46,34.8,22.8,15.6,8.3
368,평일,6,2624,상수,상선,4.9,6.5,6.7,9.6,12.4,19.2,18.1,16.4,20.3,14.6,15.6,16.1,16.3,17.8,19.1,23.4,20.5,22.3,21.1,28.4,30.9,34.5,40.2,36.6,45.9,67.3,61.5,44.3,35.8,31.1,29.5,31,31.8,32.4,28.2,22.3,13.7,10.2,7
369,평일,6,2625,광흥창,상선,4.4,6.3,6.7,9.8,12.6,20.2,20.5,19.8,30.3,16.9,19.5,17.8,19.1,19.3,21.2,24.2,23.5,22.9,22.2,28.5,33,33.5,40.4,37.2,48.7,74.2,60.8,45.8,36.4,30.1,29.1,29.5,30.8,30.6,27.5,21,13.2,10.3,7.9
370,평일,6,2626,대흥,상선,3.6,6.2,6.5,9.2,12.1,20.9,21,21.3,28.1,17.2,19.1,17,17.7,18.6,21.8,23.7,23.5,22.2,21.2,27.5,32,34.1,38.5,36.8,48,71,58.5,46,36.9,30.6,29.5,29.7,31.8,31.6,29.1,22.3,13,11.8,8.4
371,평일,6,2627,공덕,상선,4.1,6.4,7.1,10.1,14.1,23.6,27.5,23,33.7,26.9,19.8,18.4,21,19.4,23.1,25.8,24.2,22.3,22.7,28.6,31.9,33.3,38.9,37,49,70.9,62,48.2,38.4,30.9,29.8,29.7,33,29.1,30.2,21.4,13.2,12.5,4.6
372,평일,6,2628,효창공원앞,상선,6.8,10.4,12.5,21.8,30,44.4,40.3,34.8,41.5,30.2,22.3,22.1,23.1,21.6,25.9,27.4,27.8,24.6,24.3,31.7,34,35.7,43.3,41.9,51.6,75.9,59.2,50.8,39.7,33,31.7,31.2,36.1,31.5,33.3,22.9,14.4,14.4,6.5
373,평일,6,2629,삼각지,상선,6.6,10.5,12.4,21.6,30.4,46.1,42.8,37.6,41.1,31.3,22.9,22.4,24.2,21.3,25.8,27.3,26.5,25.2,24.3,31.1,32.5,38.1,43,41.8,51.9,73.5,60.7,47.9,40.2,33.8,32.4,33.7,35.8,35,31.8,23.9,15.4,15.2,7.3
374,평일,6,2630,녹사평,상선,7.2,10.9,13.3,22.5,29.3,42.4,36.2,33.9,34.6,24.6,19.3,19,19.9,20.5,21,22.7,22.8,20.8,21.6,27.1,28.6,33.5,40.5,34.9,42.8,56.9,47.9,39.2,34.1,28.6,27.1,28.3,29.9,31.5,28.6,19.4,12.5,14.4,6.6
375,평일,6,2631,이태원,상선,8.4,10.5,13.5,22.6,30.3,43.4,36.4,33.4,34.3,23.8,18.5,18.9,19.6,20.4,20.5,22.9,22.4,20.6,21.3,28.3,27.6,32.1,39.4,35.2,41.8,55.2,44.8,38,33,26.1,27,26.2,27.9,31,27.5,17.5,11.4,11.6,3.7
376,평일,6,2632,한강진,상선,8.4,12.2,15,23.6,31.8,46.8,36.8,36.9,38.7,25.8,19.6,20.1,20.2,20.6,21.5,23.5,22.6,20.5,21.6,27.9,26.5,29.9,36,35,41.2,52.8,42.7,36.4,30.6,24.5,25.2,24.6,26.4,28.6,26.2,16.4,11.2,11.3,2.4
377,평일,6,2633,버티고개,상선,11.9,13.6,16.5,25.3,35.3,51,42,41.9,41.2,28.4,23,22.9,22,22.5,23.6,25.5,24.9,22.5,23.1,29,27.9,29.6,34.7,31.5,38.4,48.4,40.5,33.2,25.3,20.8,22.6,21.5,23.6,22.6,21.3,14.4,10.8,11.2,2.8
378,평일,6,2634,약수,상선,11.8,13.8,17.8,26.7,34.9,50.7,40.8,41.5,40,26.2,23,22.8,21,24.4,23.8,25.7,24.6,22.7,23.9,29.3,28.1,31.2,34.9,31.5,38.7,48,40.2,33.6,25.7,21.1,23.2,21.9,24.2,23.3,20.8,14.6,11.1,11.5,3
379,평일,6,2635,청구,상선,16.6,19,23.3,35,48.7,70,59.7,59.1,51.7,33.3,28,26.4,24,28.8,27.4,29.1,27.8,25.9,26.7,34.2,30.2,34.1,37.8,35.1,39.2,47.8,35,29.3,23.1,20.6,21.2,21.1,23.2,23.6,19.9,14.4,11.1,11.6,2.9
380,평일,6,2636,신당,상선,17,18.1,23.4,35.9,52.3,72.8,61.2,60.2,48.8,31.4,26.8,25.5,22.8,28.2,26.9,28.8,28.5,25.4,26.7,34.9,30.1,34.5,38.5,34.4,39.2,47.3,33.2,26.9,21.9,19.6,20.8,20.7,22.8,23.7,19,13.8,11,11.5,2.8
381,평일,6,2637,동묘앞,상선,20.1,21.6,30.3,44.9,67.7,95.1,78.4,77.4,61.2,40.3,32.4,31.1,27.8,34.1,32.1,33.9,34.2,28.9,31.4,40.2,33.1,39.6,46.3,39.8,46.2,54.2,35.2,28.8,25.9,21.8,22.5,23.4,25,26,20.8,14.7,11.2,12.1,2.7
382,평일,6,2638,창신,상선,20.6,24.4,35.6,49.8,78.8,106.2,88.7,85,59.9,43.6,35.9,34,30,37.3,33.9,36.2,34.2,28.7,32,42.4,32.8,43.6,46.9,40.5,50.4,53.6,35.8,29,25.7,23.1,22.9,24.5,27.3,27.8,21.3,14.9,11.2,12.1,2.9
383,평일,6,2639,보문,상선,19.1,23.3,34.3,53.3,75.7,103,78.6,86,54.6,41.8,35,33.1,29.4,36.3,33.3,35.6,33.8,28.2,32.7,41.5,32.4,47.7,41.9,39.9,49.7,52.7,34.4,28.6,25.4,22.7,22.4,24.3,27.2,26.2,21,14.9,12.3,9.7,2.9
384,평일,6,2640,안암,상선,17.6,21.1,29.9,46.6,66.9,92.8,70.1,73.6,49.1,38.7,31.1,31.9,28,34.1,30.7,34,32.6,27.2,36.2,38.2,31.5,46.9,40.2,38.1,48.6,47.6,32.3,28.4,23.7,23,21.3,23.7,26.8,25.9,19.6,14.1,12.2,9.7,3.4
385,평일,6,2641,고려대,상선,21.8,22,30.9,46.7,68,93.6,75.2,75.2,51.1,42.4,30.2,30.4,25.8,30,29,29.9,29,23.3,27.2,28.8,24.7,30.9,28.6,29,31.4,34.7,24.2,19.4,16,15,13.6,16.1,18.1,14.9,11.5,7.5,6.6,5.2,1.8
386,평일,6,2642,월곡,상선,20.5,21.1,30.7,46.7,69.9,88.1,72.7,66.6,47.5,41.5,28.3,27.4,24.7,27.7,27,28.6,25,20.7,23.9,25.7,22,28.6,22.2,25.3,25.8,28.3,20.8,17.3,14.1,12.5,11.7,12.8,12.5,11.7,10,5.9,5.9,3.9,0.8
387,평일,6,2643,상월곡,상선,17.1,19.6,26.6,41.7,62.3,78.4,67.6,59.6,42.9,38.7,25.8,25.1,22.7,25.3,24.8,24.6,21.4,19.6,20.1,21.8,19.9,23.4,19.1,22.5,21.6,23.7,19,15.8,12.8,10.4,10.1,11.4,10.2,10.6,9.5,5.7,5.7,3.7,1
388,평일,6,2644,돌곶이,상선,18.1,18.2,25.6,38.9,57,72.4,63.7,55,41.2,37.6,24.3,23.8,21.7,23.7,23.5,23.1,20.3,18.3,18.7,20.2,18.9,21.4,17.7,21.3,20.3,22.4,19,15.6,12.1,10.3,9.9,11,9,10.4,8.7,5.6,5.8,3.8,1.1
389,평일,6,2645,석계,상선,14.7,15.5,22.8,32.8,48.2,65.6,57.8,48.4,37.9,31.6,21.8,21.6,20.1,21.9,21.2,21.5,19.3,17.2,18.1,19.4,18.2,19.4,17.6,20,20.6,20.6,19.9,15.5,11.5,10.5,9.5,10.3,8.7,10.3,8.1,5.6,5.9,4.1,1.3
390,평일,6,2646,태릉입구,상선,12.8,14.3,21.2,32.1,46.1,61.3,51.7,44.2,35.6,29.5,20.3,22.7,20.4,21.8,20.9,21,20.3,17.7,18.6,18.8,19.4,20.6,18.7,21,22.4,24.1,20.9,18.6,13.1,12.4,10.8,11.8,10.1,12.1,9.2,6.2,6.9,4.2,1.4
391,평일,6,2647,화랑대,상선,8.3,9.5,15.5,22.9,32,37.7,30.3,26.8,20.1,17.6,12.9,12.9,12.2,12.2,11.8,11.7,11.2,10.5,9.9,12.4,12.7,10.7,11.2,11.8,14.1,14,9.9,8.1,5.3,5.1,4.2,4.9,3.6,4.1,3.1,1.9,2.1,1.1,0.3
392,평일,6,2648,봉화산,상선,4.1,4.7,8.1,12.1,18.9,19,17,13.3,12.2,8.2,7.1,6.9,7.4,6.1,6.5,5.5,6.6,5.3,4.9,4.1,6.9,4.5,4.1,4.6,6.4,7.5,5,4.9,2.5,3.5,2,3,1.6,2.2,2,1.1,1,1,0.2
393,평일,6,2649,신내,상선,4,3.8,10.2,8.9,22.6,15.8,16.8,14,11,7.2,8,8.1,6.7,4.8,8.5,6.4,3.6,6.1,5.1,5.1,6.5,5.4,6.1,7.1,7,9.9,5.4,6.4,4.4,2.8,2.2,2.9,1.6,1.8,1.4,0.8,0.4,0.6,0.1
394,평일,6,2612,역촌,하선,9.6,10.1,12.4,19.3,21.6,23.7,18.9,16.1,16.7,16,14.9,15.6,15.6,17.2,16.5,16.5,17,15.9,15.6,19.7,20,22.7,25.8,25.4,27.1,37.3,42.5,25.6,20.9,18.5,16.3,18.9,18.3,19,15.9,12.3,8.5,3.3,4.3
395,평일,6,2613,불광,하선,4.3,4.2,6.2,9.4,10.8,11.5,7.6,6.8,7.1,8,7.7,8.7,8.4,9.6,9.6,9.8,10.3,10,10.4,12.6,13.8,15.3,17.6,16.4,16.8,22,27.6,18,13.8,12,10.9,11.9,12,12.1,10.2,7.8,6,2.7,3
396,평일,6,2614,독바위,하선,4.5,5.4,7.8,12.7,14.7,14.8,9.7,8.2,8.3,8.9,8.6,9,9.1,9.7,9.8,10.1,10.3,10.1,10.7,11.4,13.2,14.4,16.9,15.2,15,19.6,23.8,15.3,11.8,10.3,9.2,10,9.9,10.1,8.3,6.3,4.7,1.7,2.9
397,평일,6,2615,연신내,하선,11.7,11.3,16.2,28.1,34.2,35.8,23,19.3,18.2,16.6,15.3,15.8,15,16.2,17.5,17.3,16.4,16.3,15.7,19.4,21.1,25.5,26.9,25.6,21.5,25.9,27.9,18.5,16,14.1,12.6,13.1,12.5,13.1,10.3,8.3,5.3,2.4,2.7
398,평일,6,2616,구산,하선,17.7,13.8,20.6,34.8,40.6,46.4,29.5,24.3,22.1,20.4,18.1,18,16.8,18.4,18.7,18.1,17.6,16.4,15.5,19.3,20.7,24.5,25.4,24.5,19.2,22.9,21.4,14.4,12.6,11.7,10.7,10.6,10.1,11.7,7.8,6.8,4.3,2,1.6
399,평일,6,2611,응암,하선,27,20.3,28.4,47.9,59.5,66.2,41.8,32.4,27.4,25.2,21.4,21,19.6,20.9,20.9,21.4,19.5,17.5,16.2,18.2,20.9,25.5,26,25.8,18.8,23.8,18.8,12.6,11.8,10.5,10.1,10.2,9.5,11.4,7.6,5.9,3.6,1.6,0.9
400,평일,6,2617,새절,하선,26.4,26.1,35.5,60.3,61.7,81.4,51.2,38.7,35.6,27.9,26.3,23.9,22.2,23.8,23.3,23.9,21.4,19,18.2,19.9,21.9,28.1,29.1,29.6,21.2,25,20.9,13.2,11.7,10.6,9.9,10.5,9.3,11.3,7.6,6.1,3.6,1.5,1.6
401,평일,6,2618,증산,하선,31.2,29.7,40.9,67.4,71.3,91.8,61.6,43.5,39.7,31.6,29.8,26.4,24.2,26.2,25.3,26.3,23.7,21.4,19.9,21.5,22.8,27.3,32.3,31.4,22.2,26.8,21.4,13.5,12.1,11.1,10.4,10.8,9.9,10.7,7.8,6.4,3.8,1.5,1.6
402,평일,6,2619,디지털미디어시티,하선,27.4,27.9,37.8,68.4,71.5,91.5,62.1,45,41.1,32.7,30.6,27.9,25,26.5,25.2,27.7,24.2,21.8,19.8,20.9,21.5,25.5,31.7,34.2,26.5,34.8,27.8,17.1,13.4,11.3,10.6,10.5,10.4,10,8.7,6.8,4.7,2.1,2.3
403,평일,6,2620,월드컵경기장,하선,27.4,28.1,35,65.5,70.7,93.6,64.8,45.5,43.8,32.3,32.2,27.6,24.9,26.5,25,27,23.6,21.3,19.5,21,21.6,25.9,32.4,36.3,27.6,35.4,27.9,17.3,13.8,12,10.7,10.6,11,10.7,8.9,7,5.5,2.4,2.3
404,평일,6,2621,마포구청,하선,30.8,30.9,39.6,73.2,79.8,105.1,72.2,51.8,49.3,36.7,37.7,32.6,29.2,29.6,30.2,30.1,27.5,25.1,22.3,24.1,24.2,29.2,33.4,41.1,30,39.1,34.8,19.8,14.8,13.1,11.9,11.8,11.9,11.5,9.4,7.4,5.6,2.4,2.1
405,평일,6,2622,망원,하선,37.9,32.3,42.7,79.1,83.9,109.9,76.7,54,50.6,38.8,40,35.2,32.9,32.1,33.6,34,30.9,28.7,26.6,27.4,27.9,32.4,36.8,46.3,33.7,45.1,37.8,24.3,18,17.5,15.3,15.7,15.1,15.6,12,9,6.7,2.6,2.4
406,평일,6,2623,합정,하선,23.1,19.3,21.2,42.2,46.4,60.4,46.1,30.4,36.2,24.7,26.2,23.1,22.3,21.4,23.4,23.5,23.7,20,19,19.3,20.3,21.4,24.6,31.1,24.3,34.7,28.6,19.7,13.7,13.7,13,13.1,13.1,14.3,11.8,9.5,7.4,2.8,2.8
407,평일,6,2624,상수,하선,24.5,19.6,21.5,43.2,47,60.4,43.1,28.3,29.7,23.2,23,22.3,20.6,20.9,22,23,21.5,20.2,19,20.3,20.6,22.8,26.8,34.5,27.2,34,30.8,21,14.3,15.2,14.9,15.9,16.1,18.5,15.1,13,10,3.7,2.8
408,평일,6,2625,광흥창,하선,25.2,19.6,22.5,40.8,49.9,57.9,44.4,28.9,27.9,23.2,23.3,23,21.1,21.2,22.2,22.9,20.8,20.6,18.7,20,20.5,22.8,26.9,35.5,28,36.7,31.1,21.7,14.5,15.1,14.7,15.7,16.1,18.8,15.1,12.6,10.2,3.4,2.5
409,평일,6,2626,대흥,하선,26,20.2,23,40.8,49.4,59.6,44.7,29.2,27.4,22.5,23.8,23.2,20.7,22,22.3,24.1,21.5,20.6,20.3,22.1,20.9,26.7,29.3,37.7,31.2,41.8,32.7,23.2,15.6,16.2,16.7,18,18.5,22.2,16.5,13.5,11,4.5,2.5
410,평일,6,2627,공덕,하선,17.1,22.1,22.9,39.2,49.4,59.1,42.6,30.3,32,26.1,28.4,29.4,24.4,24.1,26.9,27.5,25.6,25.4,23.2,25.6,25.7,33.1,36.2,50.4,48.1,62.6,57.8,34.2,22.7,22.4,23.7,24.8,26.3,27.1,22.7,17.7,13.4,7.1,2.5
411,평일,6,2628,효창공원앞,하선,15.1,22.5,24.1,39.6,52.3,61.2,43.6,31,31.9,25.7,28.9,30.4,25.1,24.9,27.1,27.4,26.9,25.9,23,25.8,26.5,31.4,37,51.4,49,65.4,58.1,35.6,23.5,22.3,23.4,24.3,25.4,26.5,22.2,17.1,13,6.9,4.4
412,평일,6,2629,삼각지,하선,12.1,18.9,18.3,29.6,40.2,45.5,34.5,24.9,29.8,22.5,25.5,27.5,21.6,21.6,26.3,23.4,23.2,23.4,20.9,22.9,23.7,28.2,32.1,43.5,45.5,58.6,51.6,32.8,21.2,20.4,21.3,22.5,23.4,24.3,20.4,16.1,12.9,6.7,3.2
413,평일,6,2630,녹사평,하선,12.2,17.9,17.7,28.2,37.8,43.3,33,24.1,28.5,23.5,24.5,27.1,20.6,20.3,24.6,22.6,22.2,23.3,20.3,22.4,23.2,27.8,32.8,39.8,46.1,55.3,54.1,34.7,21.6,20.7,22,21.9,23.9,24.2,21.9,16.3,13.6,6.7,2.9
414,평일,6,2631,이태원,하선,12.3,13.7,15.5,25.2,37.3,39.6,30.9,21.6,25.1,21.5,22.4,26.2,19.8,20,23.5,22.3,22.5,22.3,20.2,22.8,24,28.7,35.1,41.8,47.3,57.1,53.8,34.9,22.2,21.4,22.1,22.3,25.3,26.5,22.7,17,14.7,8.1,4
415,평일,6,2632,한강진,하선,7.7,11.2,13.3,19.7,30.7,34.4,25.4,18.4,21.9,18.9,19,24,19.2,18.5,21.8,20.2,20.8,21.2,19.7,23.7,23.8,28.6,37.3,45.8,49.2,60.9,55.2,36.8,24.2,24.2,24,24.5,27.9,32.2,26.2,18.1,14.8,8,3.3
416,평일,6,2633,버티고개,하선,8.1,11.4,13.4,20,31.5,35.1,25.4,18.8,21.7,20.5,17.9,23.6,19.4,18.8,21.5,21,20.7,21.4,19.8,23.7,23.9,28.7,37.4,44.5,51.9,58.2,54.9,36.6,25,22.9,24,24.3,27.5,31.9,25.8,17.9,14.6,7.9,6.4
417,평일,6,2634,약수,하선,5.5,12.1,12.9,17.5,27.8,35.6,27.2,17.8,22.4,26.9,18.9,27.7,23.7,21,24.2,25.9,23.6,25.1,23.2,27.7,29.6,34.6,42.7,52.6,64.3,69.4,78,50,35.3,29.9,31.4,32,35.2,36.8,34.3,22.2,17.6,9.1,6.9
418,평일,6,2635,청구,하선,5.5,11,12.3,15.8,26.8,36.3,28.5,17.4,24.1,29.2,19.6,29.9,28,20.7,25.4,27,23.2,24.8,24.6,27,29,32.3,40.6,52.3,64,71.7,79.9,51,34.9,28.6,30.8,31.6,32.6,35.3,32,22.5,16.5,8.6,6.5
419,평일,6,2636,신당,하선,8.3,12.2,13.5,15.5,26.6,36.7,34.1,18.6,25.6,33.5,20.6,33.8,32.9,23.1,29.1,30.7,27.2,26.9,28.6,31.3,33.2,38.1,47.9,62.6,77,89.6,98.8,63.7,43.9,36.1,39.4,40.4,41.8,45.7,40.7,29.9,21,10.6,10.8
420,평일,6,2637,동묘앞,하선,9.8,12.6,13.9,15.9,26.8,37.1,34.2,19.2,27.7,40.9,20.2,36.8,35.2,23.4,29.6,32.4,26.7,28.6,29.6,30.9,36.3,41.1,50.4,70,87.7,91.1,113.2,75.3,48.7,37.6,43.2,44.3,44.4,48.3,44,32.8,23.2,13.1,12.2
421,평일,6,2638,창신,하선,10.3,12.6,13.4,15.1,24.9,35.9,34,18.8,26.5,40.6,18.4,33.5,34.6,22.9,27.5,32.3,26.2,28,30.1,29.1,35.3,40.8,49.7,58.3,88.9,89.6,110.3,72.9,47.5,36.5,43.8,41.5,43,46.8,42.6,31.7,22.4,12.7,11.9
422,평일,6,2639,보문,하선,10.4,12.2,12.9,15.3,24.7,33.2,37.8,19.1,23.7,41.3,18.1,31.1,34.1,22.7,26.5,32.8,25.8,26.5,29.7,29.1,33.3,38.8,47.8,52.2,81.8,83.5,97,63.2,43.3,32.4,38.8,37.3,38.5,40.2,39.3,29.2,20.8,11.3,10.3
423,평일,6,2640,안암,하선,6.4,10.6,10.7,11.4,18.2,25.2,21.7,13.6,15.8,22.8,13.5,23.9,21.1,19.4,20.5,23,21.8,23.3,24.5,28.9,32.3,37.5,46.9,51.7,81.4,79.9,91.6,60.3,41.3,31.2,36.9,36.4,36.3,39.6,37.5,28,19,10.2,9.2
424,평일,6,2641,고려대,하선,6.7,10.1,9.7,10.2,14.9,22.4,17.5,11.9,13.7,15.8,12.3,20.6,20,17.8,18.6,20.2,19.3,21.8,22.5,28,29.7,35.8,45.8,50,76.8,76,85.5,60.1,40.6,29.4,34.5,34.1,34.5,37.2,34.5,25.7,17,9,8.1
425,평일,6,2642,월곡,하선,7.3,9.7,10.1,10.9,15.8,21.2,14.2,10.7,10.6,11.6,10.4,17.2,16.3,16.3,16.3,17.9,17.4,19.9,20.6,24.5,27.1,32.3,41.7,42.3,65,69.9,74.1,52,36.5,26.4,28.7,31.5,30.2,32.5,31.1,22.8,14.9,8.7,6.7
426,평일,6,2643,상월곡,하선,8,10.1,10.3,12.2,16.5,21.2,13.3,10.1,9.5,8.5,10.8,16.6,14.5,15.8,15.3,16.7,16.8,19.2,19.5,23.2,25.6,30.8,40.1,39.8,61.4,66.9,68.9,48.7,33.7,25.4,25.4,28.5,29.2,29.7,28.9,20.8,13.4,7.6,6.9
427,평일,6,2644,돌곶이,하선,9.5,10.3,10.4,12.2,18.4,23.3,13,10.3,8.6,8.3,10.1,16.3,13.9,14.9,14,16,15.2,17.2,18.5,21.6,23.4,28.4,36.6,37.2,55.5,57.8,63,45.6,30.7,22.6,22.8,25.2,25.9,26.4,25,18.8,12.6,6.5,5.8
428,평일,6,2645,석계,하선,11.4,11.2,11.7,15,21.2,27.6,15.2,11.3,9.8,8.8,10.5,16.2,13.8,15.5,14.9,16.9,15.9,17,18.6,21.4,23.5,24.7,35.4,37,53.1,54.4,60.2,42.9,29.7,21.2,20.9,23.7,24.7,24.6,23.4,17.7,11.8,6.1,5.4
429,평일,6,2646,태릉입구,하선,5.8,6.7,5.6,7.2,11.9,17.4,8.2,5.5,5.1,4.9,5,7.7,7.9,7.5,7.8,8.8,8.8,9.3,10.2,11.5,13,13.8,18.5,20.1,28.1,31.1,33.7,25.1,17.2,12,12.2,12.7,14.4,14.4,14.2,9.7,6.4,3.2,2.7
430,평일,6,2647,화랑대,하선,3.8,3.8,3.8,4.4,7.1,8.2,3.9,2.2,2.1,2.1,2.5,3.5,3.8,4.3,4.5,5.2,5.7,5.6,6.1,7.2,8.2,8.6,11.4,12.9,14.6,18.5,19.7,14.7,9.6,6.2,7.2,7.3,7.8,7.7,8,5.6,3.6,1.8,1.3
431,평일,6,2648,봉화산,하선,2.5,2.6,2.1,2.7,2.8,3.6,1.8,1.4,0.6,0.7,0.9,1.8,0.9,1.5,1.1,2.7,1.7,1.7,2.1,3.7,2.3,1.9,4,7.4,3.4,8.1,8.9,2.9,1.8,2.6,2.3,1.6,1.6,1.5,2.9,1.8,1.3,0.3,0.2
432,평일,6,2649,신내,하선,0,0,0.6,0.6,2.4,2.8,2.8,5,3.6,3.6,3.2,1.7,2.2,2.2,2.3,2.5,3.8,4.1,3.7,3.9,4.8,4.5,6.7,7.6,6.8,6.5,6.4,8.5,5.1,5.2,4.7,2.8,3.3,3,2.8,1.3,0.6,0.2,0.3
433,평일,7,2711,장암,상선,0,0,0,0,0,0,0,0,0,0,0,0,0,0,0,0,0,0,0,0,0,0,0,0,0,0,0,0,0,0,0,0,0,0,0,0,0,0,0
434,평일,7,2712,도봉산,상선,0.4,0.3,0.6,0.6,0.3,0.4,0.3,0.3,0.6,0.2,0.7,0.7,1,0.5,0.7,0.4,0.5,0.4,0.4,0.2,0.6,0.5,0.8,0.6,1.2,1.4,1.1,0.7,0.4,0.5,0.2,0.2,0.5,0.2,0.4,0.2,0.1,0.3,0
435,평일,7,2713,수락산,상선,8.4,6.2,8,9.9,12.6,14.8,8.5,6.9,4.3,5,5.9,7.6,8.1,8.8,8,8.2,7.5,8.3,8.2,9.6,11.1,12.8,15,16.2,19.5,26.1,22.7,15.1,10.8,13.6,10.6,12.1,12.8,13.4,11.9,8.5,5.9,4,2.6
436,평일,7,2714,마들,상선,9.2,7.8,9.3,10.9,13.5,16.7,11.1,7.5,6.1,6.8,7.6,10.7,11,12,11.1,10.4,10,10.8,11.2,13.3,15.8,17.4,21.2,22.9,27.2,34.7,32.8,22.2,16,19.2,15.9,17.5,19.9,19.5,17.4,12.5,8.8,6.9,5
437,평일,7,2715,노원,상선,9.1,8.2,10.5,13.2,15.5,17.4,11.5,8.1,7.1,7.7,8.9,12.6,13,14.6,13.7,12.8,12.8,13.7,14.8,17.1,21.1,22.8,28.6,30.7,36.8,47,45.5,29.8,23.1,26.5,21.7,24.3,27.7,26.9,24.9,17.9,12.4,10.8,7.4
438,평일,7,2716,중계,상선,12.6,12,16.4,21,25.6,30,23.3,14.4,13.3,12.5,14.7,18.7,18.5,19.8,19.3,19.1,20,20.4,21.3,26.5,29,33.5,38.9,44.1,53,62,60,36.7,29.6,29.8,27.4,29.9,34.3,31.1,28.9,19.5,14.4,14.2,8.9
439,평일,7,2717,하계,상선,12.1,12.8,17.3,23.1,27.8,34.2,24.9,14.6,13.6,12.8,15.2,19.4,18.9,20.2,20.3,20,21.1,21.1,22.8,27.7,31.5,36,42.7,49,61.1,68.7,68.6,43.7,37.2,33.3,33.4,35.2,38.7,38.3,35,23.9,17.3,17.4,11.7
440,평일,7,2718,공릉,상선,11.8,13.4,18.9,25.4,28.9,37.2,24.9,15.3,14.9,14.2,16,20.3,19.6,21.8,22.4,23,23.5,22.9,25,29.8,33.6,38.6,46.9,54.2,70.7,79,81.1,51.5,44.9,39.6,38.9,42.8,45.9,45.9,43,29.5,21.8,20.5,13
441,평일,7,2719,태릉입구,상선,11,13.4,20.8,26.8,33,39.7,27.5,16.8,17.2,16.5,17,21.4,20.2,22.5,24.5,24.9,25.2,23.5,25.7,31.9,36.7,40.7,50.8,58,75.4,87.7,86.2,54.3,48.7,41.8,42.3,45.7,49.1,49.1,46.7,32,24.4,22.2,7.6
442,평일,7,2720,먹골,상선,23.6,15.3,21.4,26.5,35.6,44.2,25.7,17.2,19,16.8,17.2,24.3,20.5,22,24.6,24.7,24.8,23.6,24.9,29.6,35.7,39.9,48.4,54.8,72.3,83.3,84.2,51.9,48.2,43.3,41.3,44.9,48.9,48.2,47.2,33,24.8,21.7,10
443,평일,7,2721,중화,상선,16.6,16.7,20.5,25.5,33.4,42.4,25.7,16.8,18.7,17.1,17.4,24.3,20.7,22.3,25.2,24.9,25.5,24.3,25.5,31.3,37.5,41.7,51.3,58.3,76.8,87.4,88,54.3,51,46.5,44.8,48.4,52.1,51.8,48.4,31.8,27,23.6,11.2
444,평일,7,2722,상봉,상선,16.2,17.1,20.9,26.1,35.8,42.7,24,17.2,18.2,17.8,17.7,25.4,21.2,23.4,24.5,26.7,25.4,26.2,26.9,34.1,40.7,45.3,55.8,62.5,89.8,94.2,88.6,55.8,55.7,46.4,49.1,52.5,58.1,53.7,52.5,34.5,29.5,25.9,13.1
445,평일,7,2723,면목,상선,15.4,20,23.8,27.6,34.5,40.7,23.9,17.1,18.4,18.9,19.2,26.9,22.4,25.4,26.5,29.4,27.9,28.8,30.6,38.8,45.7,50.9,63.2,71.2,104.9,109.7,107.2,65.9,66.4,54.2,57.3,60.2,66.5,61.8,60.3,39.7,33.4,29.9,16.1
446,평일,7,2724,사가정,상선,12.9,21,23.5,25.5,32.8,40.5,23.1,17.6,18.9,19,19.4,26.6,22.9,25.2,27.3,29.1,28.8,29.4,31.9,40.7,48.2,52.1,67.6,74.7,111.9,115.8,114.1,69.2,72.4,59.1,61.5,67.1,72.1,67.2,66.4,43.7,37,33.1,18.4
447,평일,7,2725,용마산,상선,10.9,20.4,22.4,23.5,30.5,39.8,23.2,17.5,18.8,20,19.7,26.7,23.3,25.8,28.3,29.9,29.8,30.7,33.9,43.7,51.6,55.2,73,79.3,114.5,135.5,120.1,75.6,75.3,67.3,66.4,72.5,75.8,75.9,66.7,41.9,41,36.2,20.7
448,평일,7,2726,중곡,상선,10.1,20,22,23.8,30.5,39.6,22.3,18,18.6,20.1,21.4,24.6,24.6,28.1,27.5,31.1,29.8,31.3,36.6,46.6,53.3,59,76.4,89.4,118.2,138.8,119.7,77.1,77.7,69.3,68.6,77.3,76.4,78.6,69.2,43.5,41.8,31.6,16.4
449,평일,7,2727,군자,상선,12.1,21.4,22.9,25.4,34.5,43.3,23.1,19.1,19.4,21.4,22.5,25.5,25.7,29.2,28.9,32.5,31.2,32.5,38.8,48.9,55.9,61.1,79.3,92.5,122,137.8,126.7,79.8,83,72.6,71.3,83.5,80.1,82.1,73,45.8,44.6,33.7,17.9
450,평일,7,2728,어린이대공원,상선,9.1,20.8,21.3,23.3,31.7,36.9,22.5,17.7,17.7,19.6,21.3,22.9,25.2,27.8,27.3,32.7,31.3,33.8,40.5,50.7,57.7,63.3,78.1,95.1,130.9,133.2,128.1,84.1,89.9,70,76,87.2,84.3,86.5,76.3,49.5,48.7,37.4,19
451,평일,7,2729,건대입구,상선,8.1,20.8,21.5,24.2,33.6,40.2,34.6,20.1,25.4,31.3,25,27.1,32,29.5,31.3,38.1,31.6,37.6,42,53.1,54,68.8,74.3,100.9,127.9,134,121.6,83.8,90.2,69.8,75.5,86,82.2,88.5,66.3,48.4,48.3,37.5,10.2
452,평일,7,2730,자양(뚝섬한강공원),상선,6.5,22.6,21.5,24.1,35.8,44.9,38.2,24.2,29.2,30.8,26.3,26.2,31.1,28,30.7,34.6,29.5,33.5,36.3,45.1,45.3,55.7,62.3,85,107.1,116.6,102.7,72.4,73.4,56.3,59.1,66.8,61.8,67.4,49.8,36.6,35.7,28.2,10.9
453,평일,7,2731,청담,상선,5.4,22.1,20.2,25,36.5,44.7,32.5,24.2,28.8,30.3,26.1,25.9,30.9,27.9,30.6,34.4,29.9,33.8,36.6,45.7,45.8,55.9,63.1,86.3,106.7,123,98.6,75.2,72.8,56.8,60.7,68.6,62.8,68.4,50.6,37.4,36.5,19.2,11.5
454,평일,7,2732,강남구청,상선,9.7,28.6,23.7,29.1,43.3,52.7,41,32.8,34,32.1,28.5,28.2,30.5,27.9,33.5,33,31.4,34.5,35.8,42.5,47.2,51.7,61.6,85.8,91.4,112.3,85.6,72.1,61.6,53.8,56.9,63.7,58.8,61.3,44.4,34.4,35.6,19,11.6
455,평일,7,2733,학동,상선,20.8,34.8,28.4,36.3,55.9,67.8,53.1,47.7,48.4,38.8,33.5,31.4,33,29.2,35.4,34.3,33.2,34.4,34.7,40.4,43.4,47,56.8,75.5,80.9,96.6,71.9,61.9,53.6,46.5,48.4,53.8,51,52,38.7,30.4,32.6,17.4,11.5
456,평일,7,2734,논현,상선,23,39.7,33.1,46,69.2,84.3,73.8,60.8,65.7,42.8,39.8,33.9,34.7,29.8,36.7,34.9,35.2,33.5,33.8,37.6,41,42.9,52.9,66.3,71.1,75.5,60.3,53.1,47.9,41.3,44,48.7,46.5,46.7,35.5,27.9,29.1,12.1,11.4
457,평일,7,2735,반포,상선,24.3,44.6,36.7,53.8,81.2,97,79.9,73,73.6,45.1,38.8,33.2,30.5,32.4,32.8,35,31.9,30.7,30.4,36.3,34.9,39.1,47.9,55.7,57.2,58.1,47.8,39.1,34.9,31.6,34.3,37.7,34.9,33.4,26.8,21.5,22.7,10.7,5.5
458,평일,7,2736,고속터미널,상선,25.5,52.8,38.6,54.7,83.2,97.7,80.2,75.5,71.5,45,39,33.4,30.6,32.3,32.7,34.8,31.8,30.2,29.9,35.4,34.1,37.4,45.7,53.7,56,56.2,45.4,39.1,34.2,30.7,33.4,36.1,34.3,32.1,26.5,21.2,22.6,10.9,6
459,평일,7,2737,내방,상선,36.3,72,53.9,90.6,107.7,134.5,95.1,92.2,82.4,55.1,45.4,43,36.2,36.9,40.3,39.6,36.2,33.7,33.7,34.3,33.9,39,45.9,51.3,54.1,51,42,35.5,29.6,26,29,32.2,27.7,27.3,21.2,20.8,21.6,11.1,3.2
460,평일,7,2738,총신대입구,상선,73.8,69.4,54.9,91,108.8,134.5,100.3,93.8,84.2,55.3,45.5,42.5,35.8,36,39.7,38.7,35.8,32.5,33.1,32.9,32.7,36.4,43.8,46.6,50.4,43.5,38.8,33.8,28.4,24.4,27.3,29.5,26.2,25.1,20.5,20.4,21.9,11.4,4.2
461,평일,7,2739,남성,상선,81.7,62,54.7,86.5,105.1,126.8,91,85.4,66.1,50,40.6,37.5,32.4,33.3,35.3,35.1,32.9,28.7,30.3,30.6,29.5,34,41.6,42.4,47.2,38.1,34.5,30.3,25.3,21.6,22.8,24.7,22.7,20.3,16.8,16.7,17.8,9.5,4.4
462,평일,7,2740,숭실대입구,상선,76.1,58.2,53.2,82.5,100.5,118.1,82.3,78.4,62.2,46.9,35.7,36.1,28.5,33.7,30.8,36.1,27.2,29.1,27.9,30.5,27.7,37.2,37.6,44.3,46.7,38.4,33.8,30.1,25.3,21.7,23,23.4,22.7,19.9,15.1,19.3,15.8,7.5,4.9
463,평일,7,2741,상도,상선,71.3,54.9,49.3,75.9,92.3,111.2,76.1,72.9,56.9,48.2,34.4,34.6,28.6,31.5,29.6,34.5,24.9,27.4,24.5,27.4,24.8,30.7,33,40.4,38.6,36.5,32.7,28.5,24,19.6,20.7,19.7,19.8,17.2,13,16,14.1,7,5.4
464,평일,7,2742,장승배기,상선,68.6,51.3,46.4,72,85.8,105.1,73,70.4,56,47.9,34.1,33.6,28.8,30.4,29.6,33.2,24,26.8,23.7,25.2,24.2,29.4,31,38.6,36.2,35.3,32.8,30.3,20.1,19.8,20.9,18.4,18.3,16.5,12.7,15.5,14.2,7.5,4.7
465,평일,7,2743,신대방삼거리,상선,62.8,49.7,45.7,71.7,81.9,99.1,69.6,66.9,51.8,43.6,33.1,31.3,29.2,28.3,32,28,25.2,24.8,24.6,23.5,25.5,29,31.9,38.6,36.9,35.4,32.7,31.1,20.5,20.1,21.3,18.9,17.6,15.7,14.2,15.6,15.2,8.1,5.5
466,평일,7,2744,보라매,상선,55.4,45.5,41,62.4,74.2,83.7,62.7,59.9,47.6,39,30.8,29,27.4,26.2,30.1,26.3,24.5,23.8,23.9,22.2,25.4,27.9,31.9,38.8,38.3,37,35.2,32.1,20.5,21.1,21.9,19.3,18.7,16.5,15.5,16.5,16.8,8.8,6.7
467,평일,7,2745,신풍,상선,52.6,41.3,43.1,62.4,76.9,86.7,64.2,58.7,46.8,37.8,29.8,27.3,26.3,24.8,28.8,25.3,24,22.1,22.5,20.6,23.9,25.3,30.3,36.5,37.1,36.5,35.7,32.9,20.9,21.5,21.1,18.8,18.4,15.9,15.4,16.6,13.1,12.6,7.7
468,평일,7,2746,대림,상선,66.7,39.2,42.5,59.1,74,79.1,59.7,55.2,42.2,36.2,25.2,29.9,21.6,27.5,25.4,26.7,20.9,24,20.4,23.2,22.4,28.1,29.8,40.1,37.3,40.4,36.9,35.2,22.4,22.8,22.1,20.2,20,16.8,16.9,18,14.1,13.6,8.6
469,평일,7,2747,남구로,상선,68,45.5,51.4,77.1,92.2,95.9,73.3,69.6,53.1,45.2,32.9,36.5,27.7,34.2,31.4,33.1,26.2,29.1,24.7,27.8,26.5,34.2,35.9,49.6,43.2,47.9,44.9,37.8,25.1,26.4,24.5,23.3,20.4,18.4,15.4,18.1,13.5,12.6,8
470,평일,7,2748,가산디지털단지,상선,53,44.3,52.8,80.3,100.1,101.5,86.1,72.7,57.3,46.5,33.3,37,28,34,31.3,33.2,26.4,29.4,24.9,27.9,26.8,34.2,36.4,48.8,42.9,45.2,44,37,24.9,26,24.4,23.7,21.2,18.9,15.8,19.6,11,13.2,8.3
471,평일,7,2749,철산,상선,63.8,49.6,63.5,106.3,135.7,141,130.9,100.9,79.1,50.9,40,33.4,35.4,30.2,35.5,28.2,29.7,24,25,22.8,26.8,27.2,35.3,30.2,25.1,22.4,25.9,20.7,16.2,18.2,17.8,16.3,16,14.7,13.8,17,11,8.9,7.7
472,평일,7,2750,광명사거리,상선,57.8,44,52.6,90.4,118.6,128.4,116,90.7,67.5,45.5,35.5,29.1,31.8,26.2,33.4,25.2,28,21.6,23.7,20.7,24.9,23.8,33.5,27.3,24.5,20,27.2,20.4,16,17.6,16.5,13.2,14.5,14.8,13.1,15.7,10.9,8.7,7.8
473,평일,7,2751,천왕,상선,44.4,34.8,56.3,69.7,104.4,116.3,96.3,84.4,57.3,34.8,31.8,30.5,22.8,28.5,24.4,26.4,19.7,22.9,16.6,21.9,18.9,25.1,24.3,27.4,20.5,19.9,26.1,18.3,14.4,16,15.6,11.4,13.9,14.3,12.8,15.3,11,8.4,0
474,평일,7,2752,온수,상선,34.6,32.3,54.1,63.9,91.5,107.1,84.5,67.3,53.3,30.8,29,29.5,18.4,27.8,20.4,24.5,17.4,21.4,14.1,21.2,16,24.1,20.4,26.8,17.8,19.9,27.2,18.1,14,15.3,15.7,10.6,13.9,14.7,12.6,15.4,11.2,8.5,0
475,평일,7,2711,장암,하선,2.9,5.4,6.5,10.9,14.8,10.9,7.6,4.8,3,1.6,1.5,1.2,1.3,1.4,1.5,1.4,1.5,1.7,1.5,1.5,1.8,2,1.8,2.1,2,2,1.6,1.3,1,0.5,0.5,0.5,0.7,0.7,0.3,0.4,0.1,0,0
476,평일,7,2712,도봉산,하선,11.7,10.5,16.7,23.3,22.2,23.9,26,22.9,15.7,11.3,10,9.5,8.7,9.3,10.6,8.3,10.1,8.8,8.9,9.5,9.1,11.4,10.3,9.7,8.6,10.8,10.9,6.6,6.2,4.4,4.4,4.2,4.5,4.6,3.5,2.3,2.1,1.3,0
477,평일,7,2713,수락산,하선,18.4,15.9,23.1,30,31.5,32.6,33.8,31.9,22.1,16,14.3,13.2,12.3,13.4,14.3,12.1,13.9,12.2,12.1,13.3,12.3,14.6,14.4,11.6,10.6,14,12.8,8.2,7.6,5.8,5.5,5.8,6.2,5.4,4.6,3.1,2.5,1.3,0
478,평일,7,2714,마들,하선,28.9,23.2,30.5,39.9,45.3,45.9,44.7,43,31.6,21.8,18.1,18.2,15.9,18.7,17.5,18.4,16.5,15.7,14.7,14.5,16.7,16.9,17.8,12.9,11.6,16,15.8,9.6,8.8,6.4,7.3,6.7,6.8,6.8,5.4,3.7,2.8,1,2
479,평일,7,2715,노원,하선,33.7,27.1,35.1,46.7,53.8,55.6,53,50.2,38,26.9,22.7,23.4,21.5,24.8,23.2,24.8,21.7,21.3,20.5,20.9,23.7,25.4,26.1,19.5,18,25.5,23.7,16.5,15.6,13.9,14.2,14,15.3,20.4,12.6,9,7.9,4,4.7
480,평일,7,2716,중계,하선,40.1,31.8,41.9,55.3,63.1,65.7,60,59.8,45.8,32.1,27.3,26.2,25.1,28.4,27.4,26.2,25.4,23.5,22.5,23.9,24.7,26.9,30,22.3,19.4,27.8,23.7,16.9,15.8,14.4,14.7,14.9,17.4,21.7,12.8,9.4,8.1,4,4.6
481,평일,7,2717,하계,하선,46.9,37.6,48.4,66.9,75,78.4,69.1,69.2,51.6,37.1,31.2,30,28.4,32,30,28.9,27.2,25.9,24,26.8,27.3,31.5,35,26.7,22.7,29.6,25.6,18,17.9,16.4,15.2,16.7,17,24.8,15,9.8,8.3,4.2,4.4
482,평일,7,2718,공릉,하선,57.6,40.2,52.6,71.7,80.7,84.9,71,74.3,53.1,39.3,32.3,31.7,29.7,33.8,31.5,31,28.4,28,24.9,28.7,29.6,35.4,37.7,29.2,24.4,32.7,26.6,19.4,18.6,17.6,16.7,18.5,18.6,26.9,18,12.5,9.1,4.6,4.6
483,평일,7,2719,태릉입구,하선,42.8,39.6,50.3,69.8,79.5,80.7,69.2,75,50.5,38.9,32,29.6,28.3,33.1,30.6,30.8,27.8,27.4,24.9,30.7,29.6,35.8,39.6,31,27.2,33.6,29.9,20.9,20,18.9,16.9,19.6,19,26.8,18.4,13.2,9.9,5.2,5.4
484,평일,7,2720,먹골,하선,48.3,42.1,51.2,72.3,83.3,87.3,74.5,81.4,57.4,43.6,34.7,32.3,29,33.1,33.3,31.8,28.9,28.8,25.5,31.4,28.3,35.1,38.8,32.7,27.3,33.1,31.6,21.7,19.3,19.1,16.6,19,19.4,26.4,17.8,12.9,9.4,5,4.9
485,평일,7,2721,중화,하선,54.6,45.3,55.3,78.9,87.7,92.9,79.1,84.6,60.5,46.2,36.3,33.9,30.5,34.4,34.6,33.3,30,29.7,26,32.3,28.9,36,39.5,34,28.9,32.9,31.8,22.2,19.2,19.2,16.8,19.4,19.2,25.9,17.5,12.7,9.4,4.7,4.4
486,평일,7,2722,상봉,하선,72.3,53.9,65.5,95,110,110.8,96.9,103.7,72.2,55.9,41.5,39.1,35.9,38.8,39.6,37.1,33.1,33,28.2,33.9,31.9,38.6,41.5,36.7,31.4,33.2,35.9,25.1,20.1,19.6,17.9,20.5,20.2,24.8,17.5,12.8,9.7,4.9,3.7
487,평일,7,2723,면목,하선,85.4,59.6,67.1,99.2,119.3,121.7,102.1,113.3,81,63.7,45.8,40.7,38.1,40.3,41,39.8,35,33.2,30.3,33.3,33.2,38.8,43.2,39.7,31.6,33.8,35.7,25.3,19.9,19.7,17.9,19.6,19,23.6,20.2,12.7,9.2,4.2,4.5
488,평일,7,2724,사가정,하선,96.6,64.3,73.1,108.9,134.3,126.4,111.7,122,86.1,68.4,48.3,42.6,39.8,42.4,42.4,41.8,35.7,34.4,30.6,34.2,33.8,39.6,43.2,39.8,33.2,32.5,34.7,25,20.2,19.6,18.1,19.9,18.3,23.1,19.4,12.7,10.1,5.9,4.1
489,평일,7,2725,용마산,하선,101.5,67.1,76.2,113.5,136,130.4,114.5,124.3,88.3,70.3,49.2,43.5,40.6,43.1,42.8,42.6,36.4,34.8,31,34.4,33.9,39.9,43.6,40,33.3,30.7,37,26.1,21.1,19.5,18,19.8,18.2,22.8,18.9,12.5,9.9,5.8,3.9
490,평일,7,2726,중곡,하선,108.3,70.6,80.1,119.5,141.6,140.1,116.2,129.7,99,74,51.2,45.9,42.9,45.5,44.8,44.8,37.8,37.1,32.3,36.4,35.5,44.1,46.6,44.4,35.2,34.5,38.5,27.6,21.9,20.6,18.4,20.8,18.8,23.7,19.1,12.3,9.7,5.7,3.7
491,평일,7,2727,군자,하선,107.1,68.9,72.8,117.3,139.7,140.7,124.9,134.5,114.3,81,58.9,49.4,45.8,43.1,46.6,48,40.2,35.7,34.9,34.2,35.6,40.5,44.6,42.8,36.5,33.8,38.9,26.9,21.2,21.1,18.8,20.8,18.8,23.8,19.3,12.5,8.6,5.5,3.4
492,평일,7,2728,어린이대공원,하선,120,74.8,73.2,112.8,137.2,141,119.6,134,109.2,72.4,56.9,48.8,42.1,44.4,45.6,47.8,41.3,37.5,38.4,39.2,38.6,47.8,50.8,48.6,43.9,39.8,44.2,31,23.9,23.9,21.5,24.1,23.9,27.4,25,16.5,9.8,6.3,2.7
493,평일,7,2729,건대입구,하선,54.5,60.4,60.2,95.6,112.1,111.4,93.2,106.4,90.7,57,44.8,39.1,33.4,36.2,36.5,40,33.4,33,34.5,36,34.9,44.1,47,47.2,42.9,40.3,43.7,33,24.9,27.3,24.8,28.6,29.2,35.9,31.5,22.1,16.2,7.2,1.2
494,평일,7,2730,자양(뚝섬한강공원),하선,58.3,61.8,61.7,89.8,114,114,97.6,109,96.7,62.6,47.8,39.7,34.3,35.9,36.4,38.3,36.6,31.5,33,35,33.9,40,47.3,46,41.6,38.9,43,32.1,25.5,26.8,23.6,27.9,28.7,35.2,30.5,21.8,15.8,7,1.8
495,평일,7,2731,청담,하선,36.3,57.6,53.5,81.9,98.3,101.6,84.8,91.7,89.6,57.6,45,38.7,34.1,36.3,35.9,37.8,35.6,32.3,33.6,37.4,35.4,43.4,50.8,54.4,46.6,49,48.1,37.2,27.7,30,25.2,30.2,31.2,36.2,32.3,22.2,15.8,6.3,4.1
496,평일,7,2732,강남구청,하선,31.9,49.2,43.8,62.2,83,83.4,69.5,70,74.3,50.2,41.8,36.3,32.7,33.6,35.3,35,35.6,33,33.4,39.5,37.9,44.8,52.5,61,53.8,62.6,60,51.4,36.4,36.2,30.6,37.4,36.6,43.6,37.2,25.8,17.3,7,8.5
497,평일,7,2733,학동,하선,29.6,45.1,39.9,57.3,72.8,70.8,52,53.2,57.6,42.9,36.3,34.6,31.5,33.6,34.9,34.7,34.8,34.2,34.7,42.3,41,50.4,57.4,71.6,64.9,83.1,73,64.7,42.8,41.9,38.6,41,42.1,48.1,47.5,32.5,19.6,7.4,8.2
498,평일,7,2734,논현,하선,11.3,43.8,32,45.9,53.9,53.7,33,32.5,37,33.5,28.7,31,28,30.1,31.5,31.3,30.6,32.2,32.1,40.5,38.7,49.5,54.8,74,68,93.8,76.2,71.4,47,46,42.3,45.6,46.6,55.1,52,36.1,23.1,10.1,8.8
499,평일,7,2735,반포,하선,11.6,39.7,30.7,45.5,53.6,53.3,34.6,31.6,35.9,32.7,27.9,30.1,27.3,29.4,30.7,30.9,30.1,32,32.1,40.6,39.1,51.2,56.7,76.3,70.3,89.6,77.1,73.9,50.2,46.2,42.9,45.1,46.5,54.7,51.8,36,22.7,9.9,8.3
500,평일,7,2736,고속터미널,하선,12.8,31.9,25.8,38.5,47.8,47.8,31.6,26.8,30.7,33.4,25.3,28.3,29.6,28.8,31.2,33.6,31.4,33.9,38.1,45.2,50.7,57.6,69,91.8,87.9,108.5,96.9,91,63.5,60.7,58.4,58.7,60,71,65.4,44.6,27.4,11.4,9.9
501,평일,7,2737,내방,하선,8.8,28.7,24.8,37.1,45.1,47,27.4,23.1,26.7,31.7,23.8,27.5,28.8,28.5,30.1,33,30.5,33.8,37.8,45.2,50.5,58.4,69.7,94.6,90.7,112.4,96.5,93.6,69.5,59.7,59.1,60.4,61.1,71.7,64.9,44.1,26.6,10.9,9.4
502,평일,7,2738,총신대입구,하선,8.7,23.1,20.4,30.6,39.2,46.1,25.7,20,23.6,32.2,23.8,23.4,27,24.9,27.4,29.9,27.6,29.6,33.4,40.2,43.2,49,61.1,78.2,83,93.3,89.4,81.9,61.4,54,54.8,54.2,57.9,63.1,68.9,49.9,27.9,14.7,10.8
503,평일,7,2739,남성,하선,9.9,23.8,21.1,32.2,41.2,48.2,25.7,20,23.2,31.5,23,22.4,25.9,24.5,26.4,29,26.4,28.5,31.6,38.6,40.8,46.6,57.6,73.7,77.7,88.2,83.5,75.5,61.6,50,50.9,51,55.2,56.2,63.5,45.3,27.8,11.4,16.7
504,평일,7,2740,숭실대입구,하선,10,20.5,21.5,31.7,41.9,48,23.6,18.6,19.6,20.4,19.5,19.3,20.2,22.9,23.1,25.1,24.7,26.2,29.4,36.9,38.4,46,55.6,70.1,77,77,79.8,69.4,57,46.4,48,48.5,52.8,52.8,58.5,41.6,25.5,10.8,14.5
505,평일,7,2741,상도,하선,10.8,20.8,21.3,31.8,44.3,48.3,22.5,18.8,18.3,17.8,17.6,17.9,18.6,21.1,20.9,23.9,25.3,23.5,26.9,35.5,36.7,42.9,53.1,64.3,74.1,73.7,73.4,67.6,53.7,41.1,48.2,45.5,50.6,50,54.9,38.6,23.7,10.1,12.6
506,평일,7,2742,장승배기,하선,12.2,19.4,21.2,33.4,44.9,50.2,25.4,19.6,18.4,18.1,17.7,18,18.6,21.1,20.5,23.8,24.4,23,26.5,34.7,35.5,42.1,52.5,63.9,71.5,68.4,72.2,64.6,54.5,39.2,46,43.6,49.2,48.4,49.2,37.7,24.9,9.5,11.3
507,평일,7,2743,신대방삼거리,하선,15.7,21.7,22.5,33.9,48,56.2,30.4,20.3,20.1,18.1,17.8,18.1,18.4,21.2,20.6,23.7,23.3,22.2,25,32.7,32.7,39.6,49.6,59.8,64.3,64.6,64.9,57.3,48.2,35.2,40.9,39.5,44,43.1,44.5,35.2,22.1,10.8,8.3
508,평일,7,2744,보라매,하선,17,22.4,22.4,33.6,47.1,53.6,29.9,20.4,20.5,17.1,18.4,17.8,17.5,20.2,20.4,22.1,22.6,22.1,24,30.5,32.7,37,48.6,54.8,67,66.5,64.3,55.1,46.6,35,39.6,37.1,41.6,42.1,41.7,33.2,20,9.7,6.7
509,평일,7,2745,신풍,하선,15.7,24.4,24.9,35.1,53.1,58.5,33,22.1,21.3,18,19,18.1,17.7,20.5,20.7,22.6,22.7,22.2,23.8,30.1,32,36.8,46.8,52.8,67.5,62.8,62.7,50.1,43.5,33.2,37.4,35.1,38.9,39.2,38.7,30.9,18.6,8.8,5.1
510,평일,7,2746,대림,하선,24.3,27.9,30,37.8,59.1,64.2,43.8,25,25,20.5,21.9,21.6,21.3,24,24.5,26.2,27.8,27,28.4,35.8,38.7,43.7,55.8,64.2,83.8,79.5,81.4,63.6,57.9,43.1,44.8,42.3,47.7,48,50.5,39.3,23.6,11.3,12.4
511,평일,7,2747,남구로,하선,32.9,30.4,31.6,39.6,56.3,60.4,46.1,23.7,23.9,20.1,21.6,21.3,21.7,23.8,24.7,26,26.5,27.6,28.4,33.8,39.7,41.6,53.9,64.9,84.2,90.7,88.4,66.4,59.4,44.1,43.3,43.8,44.8,46.7,49.5,40.4,26.2,10.9,11.5
512,평일,7,2748,가산디지털단지,하선,30.3,23.6,31.1,30,34.9,34.2,16.5,11.2,12.1,14.8,18.3,19.4,21,23.7,25.5,27.6,25.8,31,31.9,38.1,47,51.7,66.5,96.9,124.8,140.7,123.3,83.4,74.7,55.7,53.5,56.1,54,56.3,57.1,48.2,34.4,13.7,13.2
513,평일,7,2749,철산,하선,29.6,22.6,30.5,30.5,35,36.7,15.6,11.1,11.3,13.6,16.4,17.5,20.4,23.2,22.3,24.9,24.8,26.1,28.1,34.1,40.4,46.9,56,83.9,112.2,125.1,111.8,70.9,64.6,49.2,48.1,49.2,47.5,48.3,48.5,40.4,28.9,11.6,10.7
514,평일,7,2750,광명사거리,하선,27,20.8,28.8,30.7,36.5,36.9,15,10.3,9.4,12.4,14,15.1,16.5,19.3,19.1,21.8,20.8,22.4,23.8,29.3,34.6,40.9,49.6,73.8,95.7,115.3,99.2,60.6,55.7,42.6,42.2,41,42.1,42.1,41.1,34.6,23.9,9.4,8.7
515,평일,7,2751,천왕,하선,27.1,22.3,28.5,31.8,37.8,37.6,16.5,10,8.8,11.9,13.3,14.5,15.3,17.7,17.3,19.9,18.8,20.3,21.6,26.6,30.9,37,45.7,67.5,87.3,106.5,88.8,53.7,50.4,40.2,36.3,35.9,37.1,36.9,35.8,29.9,20.9,8.1,7.4
516,평일,7,2752,온수,하선,14.1,15.2,8.3,15.4,25.6,39.8,15.1,11.4,6.8,9.8,15.2,10.6,15.2,13.8,18.8,14.8,22.5,15,23.9,17.3,34.3,25.8,48.5,55.1,75.8,92.9,90.8,47.9,56.1,37.1,26.7,43,27.1,36.5,33.1,45.4,16.7,17.7,8.3
517,평일,8,2810,암사역사공원,상선,2.2,3.2,2.7,3.2,5.5,10.2,6.6,6.7,6.7,7.2,7,8.1,7.6,8.3,9.6,10.6,11.7,13,13.5,14.9,18.6,21.3,24.8,28.4,35.1,43.4,53.9,39.3,32.7,26,27.1,29.2,30.6,34.1,33.3,28.1,18.7,13.9,9.1
518,평일,8,2811,암사,상선,3.1,4,3.3,4.5,7.1,11.7,7.2,7.4,7.6,7.9,8.4,9.4,9.1,10.3,11.3,12.7,13.8,15.5,16.4,17.7,22.5,27,29.6,33.8,41.5,50.1,62.5,47.1,35.8,30.9,32.4,35.4,37.7,41.2,40,33.6,22.1,16.1,5.1
519,평일,8,2812,천호,상선,4.3,5.4,5.2,6.6,9.7,18.7,13.9,11.5,13.1,12,13.5,14.7,14.9,16.7,18.5,19.9,21.5,24,25.5,30,36,41.8,45,48.4,59.1,74.2,86.9,69,51.9,43.9,46,50.2,53.8,59.7,55.4,47.3,32.1,21.9,8.3
520,평일,8,2813,강동구청,상선,10.2,11.5,9.7,14.3,24,38.1,27.3,24.7,27.5,23.4,25.5,27.4,26.7,27.5,32.3,34.6,35.1,35.9,41.4,49,57.2,67.9,62.3,72.4,93.3,113,134,99.1,67.1,68.6,66.8,74.8,75.6,83.2,76.8,59.7,38.8,29.3,8.7
521,평일,8,2814,몽촌토성,상선,9.4,11.1,10.1,15.7,27.6,41.2,31.7,26.8,25.6,22.9,25.7,27.4,26,29.7,33.4,35.8,37,36.5,42.8,50.7,59.8,73.1,64.1,79.4,97.8,126.6,133.8,103.5,72.3,72.9,71.5,79.5,80.4,89,83.3,64.8,42.7,31.7,9.6
522,평일,8,2815,잠실,상선,10,13.5,11.2,16.2,29.6,43.7,37.9,29.4,27.9,25.3,26.7,28.7,27.5,32.7,34.1,36.7,38.2,38.3,44.1,51.3,60.4,68.5,67.4,79,99.4,125.9,136.4,106.2,74.5,74.3,72.9,80.6,81.4,90.3,84.4,66.4,44,32,6.5
523,평일,8,2816,석촌,상선,21.8,20.3,25.7,44.7,86.9,112.1,91.3,73.9,64.6,49.2,50.5,47.7,42.1,46.8,45.2,51.9,46,43.4,45.4,56.8,57.1,65.9,63.1,86.4,83.6,125.1,103.5,78,52.8,50.4,52.2,56.2,52.6,58.5,51.9,34.9,24.7,16.9,4.4
524,평일,8,2817,송파,상선,26.1,22.6,31.4,53.3,99.9,127.7,101.6,87.3,75.8,55.7,55.7,50.8,44.8,49.9,48.4,56.2,47.7,45.7,46.7,60.3,57.4,67.8,65.4,89.1,84.8,127.9,103.3,76.5,51.2,47.9,51,56.3,48.1,50.3,49.1,31.6,22.1,15.6,4.2
525,평일,8,2818,가락시장,상선,24.2,20.9,30,49.1,90.1,117.7,89,78.8,64.5,52.5,51.8,47.3,43.9,46.7,46.2,53.9,45.1,45.8,46.1,57.9,55.2,67.8,65,84.6,88.6,133.5,96.4,76.4,51.2,47.3,51,56.5,47.9,49.7,50.3,31.2,22.4,11.9,2.4
526,평일,8,2819,문정,상선,37.9,21.8,30.8,55.3,99,126.6,95.6,80,65,49.5,47.7,43.8,40.8,43.4,43.2,49.6,41.2,43.1,39.8,51,47.5,59.1,60.2,78.4,79.3,117.1,83.2,61.9,42.6,42,44.8,47.6,41.2,39.7,41.1,25.4,19.2,9.6,2.6
527,평일,8,2820,장지,상선,31.9,21,30.8,55,97.3,128.9,106.4,79.6,66.1,46.1,42.7,37.1,34.4,36.4,38.3,40.5,33.9,33.9,32.2,40.3,37.9,46.1,50.3,53.7,51.4,66.4,56.8,43.7,30.4,30.8,32.3,33.2,29.4,25.4,32.4,18.2,15.4,7.8,2.3
528,평일,8,2821,복정,상선,28.5,16.9,24.9,44,82.3,112.5,93.3,67.8,58.5,39.5,36.9,31.9,29.5,31.5,32.8,32.5,29.7,28,26.9,32.2,31.1,36.6,44,42,44.3,51.3,49.3,35.1,26.5,25.2,26.1,26.9,22.2,23.1,30.8,16.6,15.6,7.4,2.2
529,평일,8,2828,남위례,상선,26.7,15.3,21.8,39.5,69.1,88.1,65,53.5,37.2,26.6,23.7,20.9,18.7,22.4,22.4,22.3,18,17.6,16.4,19.1,20.8,22.3,26.1,25,22.6,26.9,21.2,14.1,11.1,11.5,11.3,13.2,11.1,11.2,12.6,8,5,3.5,1.3
530,평일,8,2822,산성,상선,23.7,14.4,20.2,35.6,60.2,79.1,55.8,46.3,33.3,23.1,19.4,17.9,16.1,19.3,19.7,19.9,16,15.1,14.7,16.1,17.8,19.8,21.9,20.9,18.3,22.2,17.8,11.7,9.3,9.5,9.6,10.7,8.7,9,9.5,5,4.3,3,1.1
531,평일,8,2823,남한산성입구,상선,20.2,12,17.5,31.1,52.5,66.3,46.6,37.9,27.9,18.9,15.6,15.7,13.9,17.1,17.7,17.8,14.4,13.9,13.3,15.9,16.8,18.6,21.1,19.5,17.4,21.4,17.6,10.9,9.4,9.5,10,10.7,9.1,10.6,8.6,5,4,1.9,1.1
532,평일,8,2824,단대오거리,상선,12.4,7.8,11,19.8,32.9,43.9,32.9,26.3,18,14,11.5,11,10,11.9,12.1,12.6,11.1,11.1,10.4,12.1,14.5,15.4,16,13.8,13.7,17.1,16.9,10.6,9.5,9,9.8,10,9.6,10.1,8.8,5.5,4.3,1.9,1
533,평일,8,2825,신흥,상선,5.2,3.7,5,8.7,15.7,23,17.1,15.4,10.5,8.7,8.2,7.8,7.6,9.1,8.4,9.4,8.8,9.2,9.9,11.7,13.9,13.1,14.3,10.3,11,15.2,14.2,9.7,8.6,8.4,8.8,8.9,9,10.2,8.7,5.6,4,1.9,0.9
534,평일,8,2826,수진,상선,3.1,2.2,2.9,4.4,9.4,14.5,12.4,10.4,7.5,6.9,6.3,6.5,6.5,8,7.7,8.7,8.5,8,9.4,10.9,13.4,12.1,13.2,9.2,10.5,14.4,14.9,10,8.6,8.2,8.7,8.6,8.7,11,8.4,5.9,3.9,1.6,0.7
535,평일,8,2827,모란,상선,1.6,1.3,1.5,1.9,4.8,9.1,8.8,7.6,5.9,5.8,5.6,5.7,6.1,7.2,7.6,8.3,8.2,7.8,9,10.6,13.1,11.7,11.6,8.7,10.6,14.4,15.5,11,8.2,8.9,9.1,8.2,9.1,10.4,8.4,6.5,4.7,1.4,0.4
536,평일,8,2810,암사역사공원,하선,22.9,27.3,36.7,49,65.2,79.1,57.4,49.6,29.1,21.7,19.8,18.5,16.7,18.7,17.1,17.5,14.8,13.2,12.3,12.9,13,14.5,16.9,18.1,15.3,15.4,11.8,7.7,5.3,6.1,4.7,5.9,5.6,6,5.1,4.2,4.5,2.2,1.4
537,평일,8,2811,암사,하선,32.3,39.7,55.7,69.8,88.7,91.4,82.9,71.1,42,32.4,29.5,28.7,25.4,28.5,26.6,27.1,22.8,21.1,19.4,20.2,20.2,22.1,23.6,26.3,22.6,23.7,17.1,12.1,8.3,9.8,7.7,8.9,8.9,9.5,7.5,6.1,5.6,2.6,2.4
538,평일,8,2812,천호,하선,39.1,57.9,75.8,93.7,124.7,135.9,137.9,111.1,74.7,50.7,41.2,40.8,40.5,42.3,42.6,40.1,37.6,33.8,33.6,33.8,36,41.9,44.4,53.5,44.6,50.4,37.5,26,19.9,18.8,17.5,18.8,22.5,22.5,18,15.5,13.3,6.1,3.8
539,평일,8,2813,강동구청,하선,44.6,62.1,81.7,99.8,131,142.2,138.5,115.9,77.9,53.3,43.7,43,42,44.1,43.5,42.2,38.3,34.9,34.8,34.4,36.2,43.3,45,53,48.7,55.9,37.7,25.9,19.6,19.3,17.9,19.3,22,22.7,17.5,15.1,12.2,5,5.2
540,평일,8,2814,몽촌토성,하선,44.1,59,77.3,97.9,134.2,136.1,151.9,116,78.3,54.4,44.4,44.1,42.4,45.4,44.4,43.2,39.3,37.1,35.8,36.2,37.9,44.9,48.7,58,53,58.1,45.1,28.1,20.3,19.8,18.8,20.4,21.9,24.5,19.1,16.2,12.5,5,4.9
541,평일,8,2815,잠실,하선,32.3,47.7,56.6,74,91.6,103.7,101.9,84.1,61.2,39.4,36.2,37.5,38,41.3,42.2,43.4,41.9,43.4,42.9,48.2,50.7,58,67.8,79.8,88.1,97.1,90.9,60.7,42.3,43,39.2,45.9,49.4,59.6,48.8,38.5,31.2,12.8,9.2
542,평일,8,2816,석촌,하선,30.8,41.4,56.6,74.5,92.4,102.7,113.3,81.8,58.7,39.3,34.8,37.3,38.7,42.9,43.8,45.4,41.5,43.9,44.7,51,52.7,61.3,69.7,85.7,93.7,106,101,72.1,52.4,46.4,43.5,51.2,55.6,65.7,56.1,43.5,35.1,14,9
543,평일,8,2817,송파,하선,31.5,41.3,55.7,66.3,91.4,104.8,109.7,82.6,58.2,39.4,34.9,37.1,38.3,42.1,41.2,44,40.1,42.1,42.1,47.8,49.7,57.8,66.5,80.2,88.1,95.8,94.7,65.5,47.7,42.6,41.6,45,51.8,61.1,50.8,40.6,38.6,17.1,7.7
544,평일,8,2818,가락시장,하선,26.1,31.3,43.7,56.6,76.9,89.7,93.1,76.1,59,35.8,32.1,32.4,33.5,36.1,37.7,39.6,36.1,36.1,39.6,44.3,44.9,53.6,58.8,77.9,82.4,94.1,92.8,63.9,46.4,40.9,39.7,43.7,46.3,58.5,50.6,40.8,36.3,16.2,6.2
545,평일,8,2819,문정,하선,21.5,27.5,35,43.4,49,55,41.5,45.9,35.9,25.5,23.9,26.2,27.2,30.1,31,32.9,30.6,29.4,33.8,39.7,40.6,46.1,53.5,76.7,82.9,99.4,90.6,62.6,44.3,37.9,37.3,40,45.4,54.2,46,37.9,33.3,14.2,11
546,평일,8,2820,장지,하선,19.6,23,28.2,37.9,42.5,47.2,33.9,40.2,26.8,22,20.3,18.5,22.7,25.1,26,26.2,26.4,25.3,28.7,34.2,35.3,41.1,45.9,67.6,72.3,87.7,80.2,53.8,38.2,32.9,35,36.6,40.1,47.2,41.8,34.4,28.2,11.5,9.2
547,평일,8,2821,복정,하선,7.2,11.3,13.1,15.1,18,24.7,17.5,21.4,16.6,11.4,9.5,9.7,12.4,14.4,15.5,16.9,17.4,15.3,17.8,21.6,23.7,28.6,30.8,41.8,51,59.7,64.1,43.7,30.7,25.2,26.4,26.5,29.8,35.5,33.9,28.5,24.4,11.4,8.8
548,평일,8,2828,남위례,하선,6.7,8.3,11.3,13.6,14.5,20.4,12.9,18.6,14.1,10.3,8.4,8.4,10.7,12.8,13.6,15.1,14.7,13.8,14.2,19.3,21.7,23.9,31,37,43.6,52.7,54.7,41.6,27.5,22,23.6,23.7,25.9,29.4,29.8,25.3,21.6,10,7.8
549,평일,8,2822,산성,하선,8.3,8.6,11.2,16,15.1,20,13.1,17.5,15.5,10,8,7.9,9.8,11.9,12.6,14.2,13.7,12.1,12.3,16.5,20.2,19.5,26.9,31.5,36.2,43.5,43.8,33,21.7,17.6,19.4,18.7,20.6,23.9,24.1,21.9,17.8,6.1,9.3
550,평일,8,2823,남한산성입구,하선,11.1,8.9,10.8,17.1,17.5,19.4,10.8,10.4,9,6.8,7.4,8.1,8.5,9.9,10.1,11,10.6,10.6,10.6,13.6,15.7,16.7,21.2,23.6,27.6,31.2,32.3,22.3,16.7,11.8,12.7,12.1,13.6,16.3,14.8,13.6,11,6.2,6.5
551,평일,8,2824,단대오거리,하선,13.8,7.2,10.9,16.4,18.6,19.6,10.6,9.5,8.2,6.9,7.2,7.3,8.2,9.1,8.8,9.6,9,9.2,9.3,9.5,11.1,12.5,14.8,15.8,16.6,18.2,15.8,10.8,8,5.9,6.4,6.5,6.9,7.9,7.6,6.6,5.6,3,3.5
552,평일,8,2825,신흥,하선,14,7,11.1,17.1,19,22.6,10.4,9.8,8.3,6.7,6.8,6.9,7.6,8.4,7.8,8.6,7.4,7.4,7.8,7.5,8.8,9.7,11.3,12.4,12,13.4,9.8,6.6,4.9,3.7,3.9,3.9,4.1,4.7,4.3,3.8,3.4,1.7,2.1
553,평일,8,2826,수진,하선,18.8,9.8,12.7,19.4,18.5,22.9,11.7,11.1,9.9,7.2,6.8,7.4,7.2,8.8,7.8,8.5,7.3,7,7.1,7.7,8,9.9,10.9,11.6,9.9,11.4,5.7,3.5,2.6,2.1,2.6,2.7,2.2,2.7,2.3,1.8,0.9,0.4,0.6
554,평일,8,2827,모란,하선,0,0,0,0,0,0,0,0,0,0,0,0,0,0,0,0,0,0,0,0,0,0,0,0,0,0,0,0,0,0,0,0,0,0,0,0,0,0,0
555,토요일,1,158,청량리,상선,8.9,7.8,4.6,6.9,5.3,9.8,11.3,11.5,13.6,12.5,13.7,12.5,15.3,18.6,18.2,17,20.3,24.3,24.9,26.2,37.1,29.8,32.6,41,36.6,32.4,26.6,33,27,31.8,28.1,31.8,23.7,32,27.1,22.8,21.9,13.6,0
556,토요일,1,157,제기동,상선,10,9.9,8.7,9,7,11.4,15.6,14.5,17.7,15.7,18.6,20.1,20,23.4,22.3,23.6,25.4,31.2,32.3,31.4,41.6,35.6,34.3,56.3,42.3,38.3,30,38,31.3,40.8,31,31.6,27.8,35.2,30.9,24.8,24.9,17.7,0
557,토요일,1,156,신설동,상선,9.8,11.1,10.4,9.7,7.8,12.7,16,18.8,21.5,21.1,22.1,26.2,26.4,32.1,28.6,28.8,33.3,37.6,38.6,40.1,43.6,38.1,36.9,60.7,45,37.6,34.5,38.8,32.2,41,30.9,32.9,28.8,38.7,30,27.5,24.3,18.9,0
558,토요일,1,159,동묘앞,상선,9,11.6,10.8,9.6,9.4,13.8,15.4,18.5,21.4,23.2,23.3,27.6,27.3,32.8,28.9,32,33.2,39.6,38.2,35.3,42.5,45.2,44.5,48.1,45.8,39.8,30.6,36,35.5,39.4,35.8,34,32.7,27.7,26,30.9,19.2,21.2,0
559,토요일,1,155,동대문,상선,8.3,11.8,11.6,10.2,10.1,14.9,17.8,20.7,25.3,27.1,28.1,33.5,33.8,39.8,36.1,37.1,39.7,45.3,44.9,45.4,43.1,50,47.7,55.7,45.6,47,37.1,35.3,39.3,43.1,38.9,38.1,35,29.9,29.6,34.9,21.3,18.1,0
560,토요일,1,154,종로5가,상선,4.7,13.5,10.5,10.5,9.7,14.1,19.2,19,28.9,29.4,28.5,36.5,35.5,38.7,39,41.4,33.4,51.1,41.6,50.1,46.5,44.7,51.8,51.7,48.8,47,37,37.1,41.6,42.9,44.6,38.4,32,33.1,29.2,36.6,21,17.6,0
561,토요일,1,153,종로3가,상선,4.7,14.3,11.4,11.6,10.7,16.3,21.6,21.6,34,34.9,33.9,39.3,45.3,45.7,45.6,48,38.5,53.7,43.1,52.2,47.7,46.6,53.9,55.1,48.5,44.8,37,35.4,43.7,40.6,44.2,31.3,33.9,32.5,28.6,36,21.5,18,0
562,토요일,1,152,종각,상선,8.2,12.9,10.6,11,10.5,15.5,21.9,25,33.8,36,39.8,36.3,45.3,46.1,44.2,49.2,49.7,50.8,45.9,52.1,51.3,48.3,58.3,46.2,43.1,43,32.5,30.8,36.2,35.2,34.1,25.5,28.6,24.4,24,29.6,14.3,17.2,0
563,토요일,1,151,시청,상선,9.3,15,13.7,12,12.9,18.8,23.9,28.7,39.2,40.2,43.4,40.4,51,54.4,50.1,54.3,55.5,57.1,48.4,57.5,54.2,47.8,61.5,40.9,43.6,39.2,29.2,25.9,24.9,22.7,23,22.1,20.4,19.5,20.1,24.6,13.1,16.5,0
564,토요일,1,150,서울역,상선,9.9,16.7,15,13.7,13.6,21.8,23.4,35.3,42.4,52.3,47.5,51.8,61.3,66.7,61.3,69.3,72.5,69,56.3,59.7,54.2,45.3,58.4,37.3,40.1,35.1,26.8,23.7,22.1,19.4,20.4,19.5,17.8,17.9,16.2,17.8,11.7,6.5,0
565,토요일,1,158,청량리,하선,14.9,17.7,9.7,14.6,18.9,25.6,27.7,29,33.4,39.6,30.2,37.5,37.1,43.7,43,35.3,42.9,41.9,35.4,41.6,33.5,30.6,32.3,29.9,28.5,21.2,20.3,13.6,14.9,11.7,11.7,10.8,8.3,7.9,7.9,8,7.6,0,0
566,토요일,1,157,제기동,하선,15.3,18,10.1,14.9,18.7,32.5,24.5,28.4,33.4,44.1,36.7,39.5,36.2,47.7,51.5,36.6,50.8,44.5,47.7,42.9,40.9,36.1,41.8,29.4,33.8,26.3,21.1,17.6,17.5,13.3,13.5,11.3,9.2,8.3,8.1,8.3,7.1,0,0
567,토요일,1,156,신설동,하선,16.5,19.4,11.7,14,20,31.1,24.7,30.8,35.6,43,42.6,41.6,36.4,50,54.3,39.5,51.6,47.1,51.7,45.2,44.3,36.5,46.7,32.2,38.8,28.5,22.7,18.9,18.2,13.6,15.1,12.1,9.8,9.9,8.4,8.8,7.3,0,0
568,토요일,1,159,동묘앞,하선,13.7,14,11.3,11.7,22.5,24.1,27.5,30.2,45.5,41.4,44.4,44.6,41.5,51.7,58.8,48.3,65.2,55.2,51.7,50.1,57.8,44,54.8,32,48.2,35.8,25.5,24.4,20.8,13.9,16.4,13.7,10.7,10.8,8.7,9.3,7,0,0
569,토요일,1,155,동대문,하선,13,14.3,11.3,11.7,20.5,21.4,30.4,29.8,44.4,41.6,42.5,44.4,38.5,52,58.5,55.5,58.8,56.4,54.4,51.7,65.3,43.1,53.3,40.5,52.4,37.3,27.4,26.3,23.5,15.7,17.6,15.8,12.8,11.9,9.7,10.3,7.4,0,0
570,토요일,1,154,종로5가,하선,11.1,14.6,9.7,12.8,17.4,20.9,28.9,28.9,42.3,40.1,41.1,43.3,38.3,53.1,58.8,58.3,56.8,61,59,58.1,71.7,47.5,59.6,45.2,59.4,41.4,34.1,32.7,30.6,21.7,21.7,20,17.2,14.1,11.2,11.5,7.5,0,0
571,토요일,1,153,종로3가,하선,8.6,12.6,10.3,11.9,15.1,16.6,25.7,27.1,31.2,33,34,34.4,36.4,42.6,47.8,49.4,49.1,54.6,53.8,56.5,56.2,48.9,51.5,44.5,55.7,47.1,38.5,38.8,36.6,30.6,27.1,25.9,25.1,19.6,16,14.7,9.6,5.3,0
572,토요일,1,152,종각,하선,8.3,12.4,8.9,10.4,12.7,16,21.5,24.6,26.9,30.1,30.9,30.9,31.8,39,43.5,42,45.7,51.8,49.8,54.7,56.4,50.9,53.7,49.8,60.6,59,43.2,52.6,54.5,49.9,43.6,37.8,37.7,27.5,22,20.1,11.6,5.1,0
573,토요일,1,151,시청,하선,8,11.6,8.9,9.9,12.4,16.6,18.4,22.4,25.5,27.5,27,29.3,26.8,33.7,37.9,35.9,39.4,50.2,50.8,59.8,64.6,66,68.6,59.9,71.6,66.5,48.1,57.2,59.4,56.1,50.6,44.9,40.9,32.1,25.5,22.2,13.5,5.2,0
574,토요일,1,150,서울역,하선,8.2,10.9,7.4,8.8,11.1,17.5,19.5,22,23.9,30.6,27.3,29.7,29.6,34,39.9,37.9,39.5,49.5,52.7,60.6,65.3,71.6,67.5,58.1,72.5,68.5,49.5,57,47.9,59.5,49.9,46.1,45.9,35.4,30.3,24.7,14.4,6.3,0
575,토요일,2,210,뚝섬,외선,5.7,7.6,7.4,9.4,13.1,19,18.8,25.3,26.4,27.3,31.5,33.1,33.7,46,37.2,43.8,59.4,46.6,45.7,59.3,51.6,58,54.6,65.2,63.9,64.1,58.6,54.3,51.1,50.2,56.5,49.2,44.9,51.1,42.5,36.2,28,0,0
576,토요일,2,209,한양대,외선,6,7.6,7.6,9.4,13.2,18.7,17.4,24.9,26,27.6,31.6,33.5,34.5,47.1,37.6,44.5,59.4,47.2,46.7,60.6,53.3,59.6,56.2,56.8,72.5,66.2,57.2,58.6,51.9,50.7,57,50,45.1,52.8,43.4,37.1,28,0,0
577,토요일,2,208,왕십리,외선,9.5,11,10.2,13.3,16,25.5,21.2,37,35.4,39.4,44.4,48.2,46.1,68.7,55.9,63.2,72.8,60.6,66.4,73.5,71.3,65.6,74.4,71.2,85.3,78.7,68.1,64.9,60.6,57,63.2,59.7,49.7,58.6,49.7,44.7,30.7,0,0
578,토요일,2,207,상왕십리,외선,11.6,10.8,10.5,13.7,17,25.6,23.9,38.9,38,38.8,45.9,49.9,47.5,59.7,69.3,64.8,70.4,67,67.4,64.3,80.9,66.5,74.7,71.8,85,78.9,67.6,64.2,59.9,55.9,61.9,59.4,49.4,57.1,48.7,48,29.6,0,0
579,토요일,2,206,신당,외선,12.4,11,10.4,13.9,17.5,26.6,24.5,40.8,40,40,47,50.9,48.2,60.4,70.4,65.1,71.3,67.1,67.4,63.5,81.1,66,73.7,76.5,77.8,76.5,64.4,63.4,58.3,53,60.3,57.9,47.9,54.9,45.9,45.6,25.2,0,0
580,토요일,2,205,동대문역사문화공원,외선,12.7,9.8,10.9,11.8,17.9,23.6,25.9,35.2,40.4,37.1,47.5,45,53.2,51.5,70.5,58.2,65.9,66.7,58.2,57.7,72.3,65.5,62,73.7,64.2,72.3,55.1,53.7,50.3,47.9,46.8,44.9,47,41.4,40.9,39.2,21.2,0,0
581,토요일,2,204,을지로4가,외선,9.4,11,9.7,11.1,16.7,21.1,24.8,30.1,40.5,36.1,42.4,45.8,51.7,48.5,67.5,55.8,62.7,63.6,56.3,56.3,69.6,64.9,59.5,73.4,61.4,71.4,53.7,53.3,49.5,47.1,46.5,44.3,46.1,40.5,38.4,42.4,23.5,0,0
582,토요일,2,203,을지로3가,외선,9.4,10.1,8.8,10.1,15.7,20,24.1,29.7,40.7,38.1,43.4,48.8,54.7,51.8,67.2,59.7,58.2,74.9,59.8,53.4,72.8,68.5,61.2,76.4,68,76.4,58,57.3,55.9,51.3,51.2,46.6,48.7,42.8,42.4,46.3,25.2,0,0
583,토요일,2,202,을지로입구,외선,6.4,9.2,7.5,8.8,13.1,16.7,19.1,24.3,33.8,31.6,39.6,45.1,47.5,49.2,63.5,56.8,52.2,73.2,59.1,57.4,74.5,66.8,70.5,72.3,69.9,79.4,61.3,64,58.9,61.4,66.8,55.2,50.7,54,49.4,53.2,35.1,0,0
584,토요일,2,201,시청,외선,7.1,8.2,6.5,7.9,11.1,15.9,17.9,22.5,33.8,33.2,39.8,46.1,49,50.2,64.1,56.9,50.8,72.1,60.3,60.7,82.8,74.3,80,79.6,77.3,85.4,71.1,70.7,65.1,68.8,72.2,63.9,49.7,56.9,50.6,55,36.1,0,0
585,토요일,2,243,충정로,외선,7.1,7.9,6.3,7.9,10.8,15.7,17.5,22.6,33,32.1,39,44.1,45.9,46.8,70,52.7,53.2,70.6,44.9,74.6,84.3,65.3,78.7,79.4,78.7,81.3,68.1,72.2,64.8,68,71.5,63.8,48.9,55.5,54.8,47,34.6,0,0
586,토요일,2,242,아현,외선,8.5,8.3,6.4,7.8,10.4,16.1,17.5,22.6,33.4,32.7,39.2,45,46.5,47.5,71.4,53.3,53.4,71.1,44.8,73.9,83.8,61,78.3,79.1,77.5,81.5,68.5,69.8,65.4,70.8,66.3,65.9,53.1,50.4,50.3,47.7,35.3,0,0
587,토요일,2,241,이대,외선,9,8.2,6.8,7.3,9.1,14.7,16.9,20.9,31,32.4,39.7,42.8,46,47.2,70.8,53,52.7,70.8,44.5,72.8,81.3,60.1,77.4,78.4,85.8,71.5,67.9,69,63.4,69.8,65.5,64.6,51.6,49.9,48.6,45.5,33.6,0,0
588,토요일,2,240,신촌(지하),외선,12.8,8.8,7.1,7.6,9.1,14.4,15,19.1,30.2,29.1,38.5,42.4,39.5,52.9,62.4,51,54.1,67.9,52.5,66,76.1,63,81.3,76.2,80.8,69.9,65.8,69,63.9,70.3,67.9,67.1,56.6,57.9,53.9,50.8,34.6,0,0
589,토요일,2,239,홍대입구,외선,17.2,12.4,7.7,9.1,11,17.5,17.6,19.8,24.8,28.1,29.1,34.3,31.2,38.5,46.1,39.1,41.8,52.8,40.7,53.7,63.8,58.9,72.6,72.3,74.9,58.4,66.4,65.5,63.6,67.9,69.8,79.6,65.6,69.8,63.8,71.9,44,0,0
590,토요일,2,238,합정,외선,26.2,22.8,10.9,12.6,15.2,24.1,24.7,24.3,30.7,32.9,32.4,38.9,35.4,37.2,48.3,40.7,43.4,50.7,44.3,56.2,66,65.3,81.2,72.4,79.9,60.9,76.2,65.1,69.7,79,79.8,93.2,71.9,86.9,76.9,85.9,45.4,0,0
591,토요일,2,237,당산,외선,25,21.7,10.5,12.3,15.8,24.8,25,24.1,30.6,31.7,33.7,39.6,35.5,36.2,45.6,38.7,41.2,48.8,44.5,48.4,62.5,59.7,75.7,66.6,66.9,63.6,70.2,53.5,67.9,72.3,72.7,86.3,66.5,78.5,70.5,79.5,39.3,0,0
592,토요일,2,236,영등포구청,외선,27,22.4,11,13.6,16.9,23.9,29.6,27.9,31.6,34.4,34.8,42,38.1,37.1,48.8,38.7,44.3,49.8,42.5,47.1,63.7,64.1,61.9,73.8,66.6,59.8,74.3,54.6,67.6,68,66.5,85.7,68.3,71.8,70.5,85.2,31,0,0
593,토요일,2,235,문래,외선,28.6,25.8,11.6,13.8,16.1,24.3,27.9,29.4,27.4,37.9,33.1,41.5,37.1,36.4,46.8,38.2,42.4,49.4,41.9,46.9,48.1,74.7,60.3,73.3,65,59.2,72.8,54.3,68.4,68.1,67.3,86.7,69.5,73.9,71.5,87.8,29.7,0,0
594,토요일,2,234,신도림,외선,17.6,18.9,13.1,16.4,19.6,32.9,32.4,33,31.4,40.4,35.9,54.4,43.3,42.9,48.1,45.9,45.4,51.6,41.9,36.7,45.3,45.4,63.4,67.3,59,42.7,70.3,38.3,51.9,54.5,49.8,65.9,54.5,49.7,52.1,71.4,17.9,0,0
595,토요일,2,233,대림,외선,25.6,17.9,17.6,16.8,21.6,35.1,33.1,40.2,45,38.8,41.2,51.1,42.3,45.7,49.2,53.3,44.1,46.4,40.8,35.9,46.4,50.5,75.2,49.2,61.5,46.6,65,44.1,45.4,49,47.7,52.1,41,57.7,49.1,77.6,74,0,0
596,토요일,2,232,구로디지털단지,외선,32,19.1,19.5,17.7,23,35.9,35.9,43.5,45.8,40.1,40.9,48.9,47.4,45.3,50.4,50.2,41.3,32.6,49.2,34.4,44.9,51.1,57.7,44.4,55.3,41.7,54.2,37.7,38.1,40.3,39,43.5,33.4,37.7,51.1,62.3,58.3,0,0
597,토요일,2,231,신대방,외선,36.7,23.1,21.4,19.7,24.3,39.6,40.3,48.8,49.1,49.2,39.2,49.8,51.9,44.9,51.1,53.7,41.4,33.5,49.2,33.2,44.3,50.1,54.6,42.8,49.8,37.8,51,34,36.4,33.3,33.8,37.7,32.4,32.9,56.4,41.8,49.5,0,0
598,토요일,2,230,신림,외선,46.4,31.4,26.2,25,31,49.7,54.7,61.8,61.1,61.8,47.8,52.5,67.1,54.3,58.7,64.4,47.6,38.1,55.4,38.2,46.2,54.1,55.7,43,48.4,39.2,45.5,30.5,31.5,29.5,28,31.7,28.4,28.7,45.6,34.8,29.3,0,0
599,토요일,2,229,봉천,외선,49.7,33.6,28.1,27.4,33.4,50.3,59.1,67.7,64.9,64.1,53,57.4,75.5,52.5,60.8,71.9,48.7,48.3,56.9,37.2,42.7,56.1,50.9,46.4,51,39.7,41.2,28.6,30.5,29.2,26.7,29.5,26.5,31.5,34.6,32.6,24.2,0,0
600,토요일,2,228,서울대입구,외선,48.5,36.6,31,30.5,37.9,56,65.5,75.2,71,70.3,59.3,64.3,83.8,60.2,68.6,82.7,54.5,55.3,63.8,43.7,46.7,61.7,55.2,53.5,48.3,43,43,30.3,29.1,29.7,30.4,27.4,28.9,27.9,34.6,33.1,25.6,0,0
601,토요일,2,227,낙성대,외선,50.7,37.3,33.9,30.5,42,57.3,68.6,79.5,77.6,73.1,63.9,73.3,82.6,66.1,74.5,89.2,58.7,59.3,68.5,47.7,49.7,65.1,58.2,56.2,49.9,44.9,44,34.6,25.8,29.2,29.5,27.1,27.2,26.5,33.2,31.2,20.8,0,0
602,토요일,2,226,사당,외선,46.8,35.7,32.6,29.1,40.4,58.4,69,79.8,82.4,74.6,73.2,70.8,84.3,75.8,78.7,88.6,56.7,68.1,75,49.9,57.2,62.3,60.4,53,50.4,47.7,39.4,34.9,24.1,30,29.9,27.2,28,25.9,29.4,32.6,14.4,0,0
603,토요일,2,225,방배,외선,46.6,35.5,33.7,30,37.2,55.7,67.1,78,76.3,74.7,70.9,71.9,85.4,69,79.9,90.5,68.1,64.9,67.9,56.9,56.3,60.5,60.3,56.4,45,53,42.1,33.8,25.6,31.3,28.4,26.9,28.3,24.2,30,28.1,29.2,0,0
604,토요일,2,224,서초,외선,45.3,32.5,31.6,28.9,36.4,55.8,70.7,79.7,68.6,79,68.5,72.3,87.3,70.3,80.8,93.3,69.6,65.9,68.9,58.7,57.2,63.1,60.5,60.8,46.2,50.4,49.5,34.8,26.5,32.2,28.7,27.4,30.6,23.7,30.2,27.4,27.1,0,0
605,토요일,2,223,교대,외선,43.8,25.5,25.4,22.4,29.5,40.9,61.6,70.4,64.6,71.5,64.7,58.3,92.1,72.5,77.9,90.5,63.7,62.4,76.3,55.7,57.7,64.7,61.2,52.8,55.8,52.6,49.8,39.9,30.5,31.9,31.6,27.6,31.4,24.6,28,27.1,24.9,0,0
606,토요일,2,222,강남,외선,37.2,23.6,20.6,18.1,23.2,31.4,46,47.5,51.4,56.9,58.2,53.2,84.3,72.2,75.5,79.1,69.1,58.2,71.7,61.2,57.3,61,63.5,54.3,52.8,45.6,42.3,35.9,28,30.6,30.1,28.1,33.4,29.6,29.8,31.6,24.3,0,0
607,토요일,2,221,역삼,외선,35.4,21.7,18.1,16.2,20.7,28.2,40.5,41.9,45.5,52.9,52.9,49.5,77.5,68.5,72.6,76.2,66.1,57,68.4,61.3,56.9,62,63,56.1,53.1,45.2,43.9,36.8,28.3,32.1,30.1,28.6,33.1,30.4,29.3,31.7,22.6,0,0
608,토요일,2,220,선릉,외선,20.1,21.2,13.7,13.6,14.2,19.5,28.2,31.8,33.3,40.8,42.4,47.9,59.4,58.5,64.5,68.2,64.4,49,51.2,54.3,49.2,54.9,49.4,62.1,41.8,43.6,40.6,33.3,24.6,27.2,28,27,23.2,29.4,23.6,26.2,17.3,0,0
609,토요일,2,219,삼성,외선,9.7,16.2,9.9,11.1,10,14.9,18.5,19.1,23.4,26.8,32.9,37.3,48.2,51,56.5,63.3,58.8,45.1,46.6,55.5,48.5,56.9,51.5,64.4,44.9,49.7,46.2,38.5,28.8,32.9,35.7,32.9,28.7,31,30.3,26.5,24.9,0,0
610,토요일,2,218,종합운동장,외선,9.3,14.1,9.3,10.9,9.9,14.3,17.9,19.7,22.9,27.4,32.1,34.7,41.3,42.1,42.5,45.9,54.7,43.3,40.1,59.5,50.7,51.7,64.4,82,64.5,53.8,47.9,40.1,29.6,32.9,36.6,33.3,28.3,29.9,32.4,24.7,24.1,0,0
611,토요일,2,217,잠실새내,외선,10.7,15.3,9.7,12.5,10.5,16.9,16.2,20.6,23,28.9,36.6,32.7,41.3,42.5,42.1,47,56.1,44.8,41.6,61,51,52.6,63.6,81.3,62.1,57.5,48.6,40.8,31.8,35,37.3,30.9,33.5,32.9,35.5,26.1,23.3,0,0
612,토요일,2,216,잠실,외선,11.6,14.1,8.1,9,11.9,15.9,15.4,18.8,18.1,25.2,29.5,31.3,36.7,41.8,40.3,45.3,52.5,43.4,40,57.5,46,46,58.6,73.4,55.6,53.9,49.1,41.5,34.5,36.5,41.5,36.4,39,37.4,27.2,27.2,12.4,0,0
613,토요일,2,215,잠실나루,외선,11.7,12.1,7.9,9.4,12.2,16.6,16,19.6,18.9,24.8,28.9,31.8,35.1,47.6,39.2,45.3,55.1,38.9,48,58.5,42.8,46.1,60.3,67.2,56.3,51.6,51.4,41.6,36.5,33.7,40.9,35.5,37.9,36.4,26,26.7,11.7,0,0
614,토요일,2,214,강변,외선,10.6,11.8,7.1,7.8,11.2,18.1,17.1,21.7,20.9,31,32.4,36,38.4,51.1,44.1,48,58.5,40.3,50.2,60.5,43.2,48,61.5,67.9,59.2,47.9,50.7,42.7,39.4,30.4,40.9,36.9,35.7,38.7,22.1,25.6,10.2,0,0
615,토요일,2,213,구의,외선,15.6,12.9,7.8,9.5,13.3,20.3,20.1,26.3,23.9,34.6,36,35.9,44.2,52.8,45.6,50.5,62.7,44,52.3,62.8,46.4,50.3,62.2,64.9,68.3,43,48.8,41.8,38.9,30.1,40,36,35.2,37.3,21.2,25,8.5,0,0
616,토요일,2,212,건대입구,외선,19.7,15.4,9,10.6,14.8,22.3,22.9,31.4,22.9,36.6,39,39.5,48.5,58.8,50.9,57.4,71.5,48.5,59.2,68,49.3,53.4,63.1,59.4,65.4,38.9,49.9,38.8,37.1,29.1,37,33.9,33.1,37.1,25.3,27,11.4,0,0
617,토요일,2,211,성수,외선,5.2,8,7.6,9.1,13.1,18.4,19.1,25.4,26.7,29.3,32.8,36.6,36,48.9,39.1,46.6,63.5,47.8,46.3,57.6,50.3,54.2,51.4,60.7,61.2,59.3,53.9,48.9,45.6,43.2,50,43,39.7,46.7,39.4,33.2,26.7,0,0
618,토요일,2,9002,성수,외선,1.6,4.2,4.6,4.3,4.7,7.3,6.3,7.6,10.9,11.1,12,12.1,12.3,16.1,14.9,12.1,18.1,15.7,17.2,14.5,19.5,18.6,19.2,22.1,27.2,22.2,22.3,19.2,17.2,19.6,23,20.6,17.8,19.5,19.2,13.5,7.2,0,0
619,토요일,2,244,용답,외선,1.4,3.7,4.4,4.5,4.2,7.4,7.4,8.5,10.3,11.3,13.4,13.3,13,16.5,14.7,12.5,15,15.6,15.6,16,17.7,17.3,17.8,20.8,22.7,19.9,19,16.2,13.1,16.4,16.2,19.5,14.7,15.5,14,11.9,5,0,0
620,토요일,2,245,신답,외선,1.7,3.4,4.5,5.2,4.9,7.4,7.6,9,11.1,11.8,14,13.7,12.7,17,14.9,12.4,14.1,15.2,15.5,15.4,15.9,16.8,16.2,18.9,20.7,17.4,17,16.5,12.2,13.8,14.9,17.5,13.2,14.1,12.4,10.3,4.3,0,0
621,토요일,2,250,용두,외선,1.8,2.9,3.8,4.4,4.4,6.1,7,7,9.6,10.7,12.1,11.5,11.9,12.6,14.1,11,12.7,12.1,14.1,13.9,13.8,15.4,14.7,16.8,20.2,14.3,14.1,15.4,11.3,11.5,13.3,15.2,11.7,12.6,11.5,9.2,3.8,0,0
622,토요일,2,246,신설동,외선,0,0,0,0,0,0,0,0,0,0,0,0,0,0,0,0,0,0,0,0,0,0,0,0,0,0,0,0,0,0,0,0,0,0,0,0,0,0,0
623,토요일,2,260,까치산,외선,8.8,7.6,7.1,6.9,8.9,12.5,13.3,15.5,14.5,16.3,16.8,15.7,16.1,17.7,14.2,16.5,14.1,16.6,15.3,14.1,16.9,15.9,18.9,16.4,12,14.4,11,11.3,9.1,8.4,9.2,8.2,9.6,8.9,9,7.7,4.6,0,0
624,토요일,2,249,신정네거리,외선,17.8,13.6,11.3,11.3,12.7,20.5,22.3,24.7,23.9,24.3,27,25,25.4,26.7,22.6,24.4,21.2,24,18.8,20.2,20.2,21.1,22.9,19.3,15.5,15.5,12.6,11.9,9.6,9.9,8.9,8.3,8.9,9.4,9.1,7.8,4.8,0,0
625,토요일,2,248,양천구청,외선,22.1,15.3,14.7,14.6,15.9,23.1,27.9,30.4,31.3,28.7,34.1,32.9,31.8,33.7,31.7,29,30.3,27,24.6,25.3,22.4,25.8,25.9,22.4,20,17.4,16.3,11.6,10.3,10.7,9.7,8.5,8.3,9.1,9,7.6,4.4,0,0
626,토요일,2,247,도림천,외선,22.1,15.6,14.8,14.6,16.1,23.4,28.1,30.6,31.9,29.6,35.4,33.5,32.4,34.5,32.3,29.4,30.8,27.2,25.4,25.5,22.8,26.2,26.4,22.9,20.2,18.2,16.7,11.5,10.4,10.7,9.3,8.5,8.6,8.8,8.8,7.6,4.3,0,0
627,토요일,2,9003,신도림,외선,0,0,0,0,0,0,0,0,0,0,0,0,0,0,0,0,0,0,0,0,0,0,0,0,0,0,0,0,0,0,0,0,0,0,0,0,0,0,0
628,토요일,2,210,뚝섬,내선,12.5,15.1,11.1,9.1,9.7,17.4,21.2,23.9,30.5,27.6,33.2,43.1,40.9,39.7,56.4,52,45.8,48.6,54.8,44.8,59.8,51.9,41.1,72.1,61.3,54.5,40.4,41.2,38.4,34.7,35.4,35.4,37.1,31.3,34.1,45.2,23.4,0,0
629,토요일,2,209,한양대,내선,12.2,15.9,11,9.8,10.1,18,22.6,27.9,31.3,32.9,34.9,43.5,50.1,44.2,60.1,61.3,50.7,53.2,58.4,48,56.3,56.4,40.4,71.9,61.2,51,37.7,37.3,34.9,31.4,32.3,33.3,32.8,29.9,33.9,30.9,30.4,0,0
630,토요일,2,208,왕십리,내선,12.3,16.8,11.6,10.4,10.9,21,25.7,32.1,33.4,33.1,36.1,44.2,46.1,50.7,61.7,57.7,54.9,54,59.8,48.3,56.2,56.6,40.4,72.3,58.1,52.6,37.8,37.2,34.8,31.7,33.1,34,29.3,34.5,34.3,31.7,31.5,0,0
631,토요일,2,207,상왕십리,내선,15.5,21.4,13.9,12.7,15.7,26.2,31.2,40.2,41.4,39.3,44.5,52.4,52.7,57.4,71,67.2,61.2,67.6,69.3,65.2,65.7,70,77.3,73.4,77.3,58.6,55.3,51.4,49.3,46.5,46.5,52.6,44.9,51.7,51.8,54.4,45.2,0,0
632,토요일,2,206,신당,내선,13.9,21.4,13.6,12.7,15.1,26,30.9,38.4,42.4,40.6,42,51.6,52.2,58.2,71.1,64.5,60.8,70.6,64.6,65,61.8,76.2,78.9,75.6,78,59.9,56.9,53.7,50.6,48.6,49.4,53.9,46.1,53.3,54.5,57.6,47.7,0,0
633,토요일,2,205,동대문역사문화공원,내선,16.7,17.5,13.1,12.7,15.4,25.9,30.4,35.7,39.7,38.4,40.1,47,54,56.7,67.9,60.2,59.5,68.6,62.5,63.4,61.1,74.9,78,74.5,78.4,60.1,58,55,52.7,50.1,51.3,55.3,48.6,57.3,51.9,67.8,50.5,0,0
634,토요일,2,204,을지로4가,내선,13.2,15,11.1,11,12.5,20.7,23.4,26.5,31.9,30.3,35.4,35.9,43.8,51.9,51.9,51.8,47.3,70,50.4,68.5,55.5,54.9,86.3,63,74.4,52,57.8,53.5,49.6,52.4,53.9,55.8,51.9,61.5,58.5,83.7,32.9,0,0
635,토요일,2,203,을지로3가,내선,13.2,16,11.8,11.3,13,20.7,23.7,27.7,31.6,30.1,35,35.6,41.9,55,51.3,52.7,44.3,67.5,51.8,65.9,53.5,53.4,83.8,63,69.9,50.4,54.4,52,47.9,50.2,48.3,60.5,50.5,59.6,57.5,82.4,34.4,0,0
636,토요일,2,202,을지로입구,내선,12.9,18,11.4,11.9,14.3,21.2,24.6,29.5,33.4,31.2,36.5,38.1,41.8,55.3,57.8,52,48.2,71.3,53.7,71.9,59.4,60.3,92.8,66.8,77.8,54.6,57.7,50.9,51.6,50.6,48.9,59.5,49,58.7,57.7,81.2,35.3,0,0
637,토요일,2,201,시청,내선,17.3,19.1,12.6,13.1,16.7,24.7,29.2,34.5,39.5,36.2,41.1,41.8,46.8,56.8,64.5,54.9,61.2,63.5,55.4,64.9,63.5,56.6,86.4,63.8,69.6,48.8,51.8,44.5,45.1,43,38.8,54.8,45.3,56.8,48,80.4,27,0,0
638,토요일,2,243,충정로,내선,18.5,21.3,14.3,14.7,19.3,27.1,31.1,37.7,38.5,40.9,44.1,45.2,50.6,65.5,69.6,57.7,71,69.6,55.9,71.3,61.9,54.7,82.4,65.8,63.4,49.1,51.4,44.9,44.6,42,42.4,56.5,48,59.2,52.1,86,32.2,0,0
639,토요일,2,242,아현,내선,20.5,19.2,14.3,14.2,19.1,27.5,32.6,36,36.7,42.4,43.9,47.4,47.3,64.2,69.1,54.4,69.7,68.3,51.6,70.4,58.8,53.7,81.5,64,62.5,48,50.1,45.3,42.1,41.4,41.7,54.1,50,59.5,61.7,85.4,32.9,0,0
640,토요일,2,241,이대,내선,20.1,18.1,13.5,13.7,18.7,28.6,31.1,35,35.6,42.8,41.2,45.9,47.3,65,67.8,55.2,67.5,66.6,54.7,68,57.6,50.9,84,65.2,60.9,46.7,49.7,45.1,42,42.4,42.4,54.6,50.9,60,62.4,67.6,36.6,0,0
641,토요일,2,240,신촌(지하),내선,19.8,18.2,13.5,14.5,18.8,28.4,31.2,36.8,34.8,42.6,41.2,44.4,46.6,63.4,66.1,54.3,66.2,65.1,53.9,67.1,56.8,49.5,82.8,64.2,58.2,45.7,50.2,45.3,42.1,41.8,42.3,54.8,51.2,59.2,63.5,69.1,41,0,0
642,토요일,2,239,홍대입구,내선,18.6,18.5,13.9,14.6,19.1,34.3,32,43.4,37.8,46.7,43.8,47.7,47.8,65.2,66.5,56.7,68.4,65.6,52.7,66.5,57.2,43.7,83.3,63.8,60.3,45.3,52.1,41.8,46.1,40.4,44.2,50.4,46.5,51.3,68.4,62.5,43.8,0,0
643,토요일,2,238,합정,내선,20.4,17,12.8,14.2,19,32.8,31.2,43.2,41.7,49.3,51.6,51.3,61.5,75.5,80.9,69.4,79.8,76.9,66.1,69.6,61.7,43.5,81,65.6,60.4,43,51.5,37.5,36.9,32.6,33.5,37.4,32.9,30.5,46.2,35.9,27.3,0,0
644,토요일,2,237,당산,내선,22,20,14,16.9,22.7,36.9,41.1,46.7,48.1,55.9,53.9,66,70.2,82,99,78.7,89.1,89.5,78.3,73.1,71.4,65,85.9,78.7,72.5,52.8,58.9,46.5,37.5,33.9,35.3,40.9,32.5,37.7,42.2,40.7,23.2,0,0
645,토요일,2,236,영등포구청,내선,22.2,21.5,14.1,17.5,22.3,36,41.5,46.1,45.1,51.7,49.2,59.9,63.9,75,90.7,71.5,80.6,79.9,72.5,66.3,65.8,60.7,77.4,70.5,65.4,48.8,54.7,41.6,35.8,32.8,30.8,33.7,29.3,35.9,40,39.6,23.8,0,0
646,토요일,2,235,문래,내선,22.3,23.4,14.3,18.3,22.6,36,41.5,49.4,43.1,51.6,48.6,57.1,71.7,73.8,81.5,75.8,79,72.5,78.2,64.8,66,59,77.4,64.3,71.5,49.2,55.1,40.6,35.8,33.4,31.4,30.7,33.6,36.3,40.8,41.7,26.3,0,0
647,토요일,2,234,신도림,내선,22.2,22,14.5,19,23.8,37.7,40.8,54.3,45.2,47.5,53.5,57.7,78.7,73.6,82.8,67.4,96.1,64.8,78,57.1,73,56.9,64.5,60.7,58.4,41.7,56.5,38.8,36.1,32.9,31,22.1,25.7,27.8,23.4,29.5,12.8,0,0
648,토요일,2,233,대림,내선,69.8,28.8,16.4,17.2,22.1,32.7,34.4,44.8,41.9,42.9,51.4,44.3,62.1,58.6,64.4,54.3,77.5,51.8,72.3,57.8,55.8,59.4,62.6,59.7,57.2,44.4,60.4,41,38.7,37.8,32.9,37.1,32.3,37,33.7,27,19.9,0,0
649,토요일,2,232,구로디지털단지,내선,51.2,24.2,14.9,15.5,20,29,30.5,40.1,37,37,46,41.6,57.9,54.3,58.2,57.5,67.6,53.2,65,52.6,50,74.9,59.8,55.8,61.1,40.8,60.8,44.1,38.7,37.5,37.7,41.2,35.3,47.5,38.9,31.9,22,0,0
650,토요일,2,231,신대방,내선,32.6,19,11.1,12.4,16.9,24.8,25.1,31,33.2,31.7,38,37.5,50.9,49.3,47.9,52.2,56.7,49.3,59.6,48,46.7,68.9,57.5,52.4,60.3,39.3,55.2,47,38.4,37.9,39.5,40.6,40.6,45.7,44.8,34.2,25.6,0,0
651,토요일,2,230,신림,내선,24.9,15.7,10.3,11.4,14.6,22.2,22,26.9,28,29.1,34.8,35,45.6,47.1,43.5,54,52.2,44.9,61.6,46.4,45.3,70.2,62.5,42.6,64.5,45.7,51.1,47.9,39.1,39.8,42.6,44.5,45.5,50.1,47.5,37.9,25,0,0
652,토요일,2,229,봉천,내선,16.1,15.1,10,10.7,12.8,19,19.9,24.3,25.6,26,33.3,30.7,44.3,46.5,39.6,52.7,50.9,44.5,61.4,46.2,48.2,72,67.7,40.8,83.9,54.1,60.7,54.8,46,49.3,52.1,58.2,53.7,62.2,56.4,50.7,36.2,0,0
653,토요일,2,228,서울대입구,내선,13,14.3,9.9,11,11.5,18.9,17.6,22.8,23.4,26.3,32.3,29,42.7,46.8,38.7,51.5,50.5,42.8,59.5,46.7,47.5,73.3,69.4,41.7,87.7,56.9,63.5,58.1,51.7,48.6,55.6,62.2,58,69.4,56.8,54.7,39.4,0,0
654,토요일,2,227,낙성대,내선,18.9,14.5,10.5,11.1,11.5,20.9,20.2,24.4,24.1,28.4,32.2,30.1,45.4,48.3,40.3,52.6,53.9,46.8,60,48.3,55.1,72.7,74.5,50.4,87,67,70.9,64.7,57.1,54,63.1,68.5,65.8,78.3,59,70.8,43.8,0,0
655,토요일,2,226,사당,내선,17.4,14.1,10.6,11,11,19.1,21.3,24,24.1,28.9,30.7,29.9,44.9,46.2,40.9,52.6,55.8,46.2,60.1,49,56.9,74.7,76.5,51.8,92.5,71.1,76,68,61,59.4,68.2,73.6,70,91.2,64.5,60,64.6,0,0
656,토요일,2,225,방배,내선,20,13.8,11.2,10.4,13.6,17.6,22.2,24.6,26.1,29.3,34.2,33.1,50.5,48.6,44.9,54.4,59.6,51.6,56.9,55,55,79.7,81.5,63.4,91.9,76.6,70.4,64,61.8,58.3,67.8,72.1,66.3,76.6,68.5,54.5,56.4,0,0
657,토요일,2,224,서초,내선,19.7,13,11,10.5,13.6,18.6,21.9,24.9,28.2,28.1,35.7,32.1,47.5,52.3,43.8,52.4,57.3,52.7,52.8,58.5,52.4,78.5,79.3,68.9,82,78.8,70.6,61.4,60.4,63.5,64.5,69.6,70.4,75.3,69.2,58.9,41.5,0,0
658,토요일,2,223,교대,내선,22.6,17.3,12.9,11.5,15.2,18.8,23.1,26.3,28.8,28.5,36.4,33,48.3,52.2,44.1,52.1,57.5,53.4,53.1,57.9,51.6,77,78.6,68.5,81.5,76.5,69.8,60.4,59.3,62.7,64.1,68.5,70.1,82.8,57.1,58.8,42.2,0,0
659,토요일,2,222,강남,내선,22.4,16.3,12,10.9,14.1,19.9,22.9,26.6,25.8,34.7,31.2,41.7,43.3,48.1,46.1,55.9,53.9,57.7,51.2,55.9,60,71.8,77.3,69,82.2,72.9,67.3,58.6,55.5,57.6,60.7,64.8,65.7,78,53.2,56,39.8,0,0
660,토요일,2,221,역삼,내선,18.3,14.5,12.4,10.2,15.2,21.2,27.9,33.6,32.7,36.3,31.3,41.2,41.3,43.8,43.7,57.2,48.4,52.7,42.5,53.6,52,53,77.2,69.8,78.3,66,64.3,54.9,54,53.8,57.6,57.8,55.6,62.7,41.5,40.7,31.9,0,0
661,토요일,2,220,선릉,내선,14.8,15.4,13.1,10.6,16,22.8,30.9,38.1,33.2,37,32.7,42.6,41.5,44.5,43.3,56,45.1,55,41.9,51,49.1,50.2,73.7,67.5,76.3,65.2,60.3,51.6,51.8,51.2,54.7,54.9,52.1,61.1,41.4,32.5,39.7,0,0
662,토요일,2,219,삼성,내선,12.7,13.4,10.4,10.3,15,21.7,27.5,36.1,30.9,31.9,28.9,37.4,31.3,37,41.7,40.8,38,43.2,40.5,32.3,48.2,46.7,48.8,66.2,65.9,54.1,50.3,42.5,44.5,41.4,50.9,44.3,46.1,46,35.1,26.8,32.7,0,0
663,토요일,2,218,종합운동장,내선,17.7,16.2,10.5,13.8,15.4,25.3,33.5,43.2,37.4,38.2,34.4,43.2,38.3,37.6,44.4,40.9,38.3,39.6,37.9,31.4,42.3,41.1,41,63.3,46.2,46.1,38.1,34.7,31.9,35.6,39.3,31,42.3,37.7,31.4,24,20.5,0,0
664,토요일,2,217,잠실새내,내선,17.2,17.1,11.2,14.5,15.1,25,33.1,41.6,36.5,37.9,35.4,45.1,43.9,45.1,60,58.1,42,41.1,39.1,32.4,42.4,41.3,39.1,41.1,37.2,40.1,40.6,34.1,33.8,35.5,35.9,31.1,42.8,37.7,31.5,24.3,21.3,0,0
665,토요일,2,216,잠실,내선,15.5,17.8,11.4,14.7,15.3,25.6,33.1,40.3,38.7,38.7,35.3,44.3,49,45.9,64.3,57.9,38.3,51.3,34.9,32,48.5,44.8,34.4,48.3,43.2,39.5,41.8,35.8,34.4,37.4,37.1,30.8,43.4,36.2,30.2,21,24.9,0,0
666,토요일,2,215,잠실나루,내선,9.8,12.6,10.2,13,12.5,19.8,25.5,31.5,35.5,33.2,32.5,39.5,46.6,36.9,54.2,50,31.9,47.1,34.8,30,48.9,42.5,32.4,45.1,43.6,40.7,37.7,34.9,31.9,31.4,31.4,29.6,32.7,32.7,32.6,25.5,41.5,0,0
667,토요일,2,214,강변,내선,9.8,14.1,11.9,11.9,13,19.5,25.8,30.1,34.9,35.3,30.4,38.2,45.8,36.8,53.7,49.6,33.5,44.3,33.9,36.1,41.7,44,34.6,40.4,47.3,41.2,38.8,37.1,30.4,30.3,33.4,32.2,35.7,31.6,33.7,32.8,38.8,0,0
668,토요일,2,213,구의,내선,9,15.5,13.8,12.3,14.6,19.1,25.9,28.1,32.5,33,29,34.9,44.2,35.4,51.4,48.7,32.9,44.6,34.3,37.2,43.2,44.5,35.9,41.7,52,39,43.4,38.2,33.7,33.2,36.4,34.4,37.9,33.8,36,36.1,44.2,0,0
669,토요일,2,212,건대입구,내선,10.5,15,13,10.8,14.8,17.9,25.5,25,31.7,29.7,29.1,34.1,41.7,35.5,51.1,46.5,32.9,44.2,35.2,38.3,44.4,46.2,36.8,46.1,56.5,45,44.4,42.4,32.5,41.6,39.6,37.6,44.5,33.9,36.9,51.8,54.5,0,0
670,토요일,2,211,성수,내선,7.3,10.9,8.3,8.2,10.3,15.3,20.3,19,25.9,25.4,23.7,36.3,37.3,30.2,45.7,44.1,31.9,45.1,37,40.6,49.6,52.6,34.2,64.2,70.4,55.8,52.1,50.5,39.1,51.9,44.3,44.6,48.3,41.2,40.4,54.2,67.6,0,0
671,토요일,2,9002,성수,내선,0,0,0,0,0,0,0,0,0,0,0,0,0,0,0,0,0,0,0,0,0,0,0,0,0,0,0,0,0,0,0,0,0,0,0,0,0,0,0
672,토요일,2,244,용답,내선,9.2,10.3,7.7,9.7,6.9,14,14.9,17.9,17.1,20.1,20.9,22.4,24.8,24.7,31.3,25.6,24.6,28.1,26.2,22.7,25.4,25.4,26.3,23.2,20.2,19,12.8,8.5,7.8,7.7,4.9,4,5.5,4.7,4,1.2,1,0,0
673,토요일,2,245,신답,내선,6.6,8.8,6.2,7.8,5.6,10.9,12.2,15.3,13.7,17.3,18.2,19.9,22.5,22.1,26.8,22.5,20.6,29.3,23.8,21,24,23.8,23.3,23.3,18.8,18,13.6,8.3,8.2,6.8,5.4,4.4,5.5,5.2,3.6,1.3,1.4,0,0
674,토요일,2,250,용두,내선,5,8.5,5.8,6.5,6.5,11,10.5,13.2,13.4,16.8,16.6,18.7,20.9,21,24.9,21.3,19.5,24.6,24.3,21,22.9,22.5,22.7,22.8,17.9,18.2,13.5,9.1,8.5,6.9,4.9,4.9,5.2,5.4,3.8,1.6,1.7,0,0
675,토요일,2,246,신설동,내선,4.2,8,5.2,6,6,9.4,10.1,12.2,12.2,14.6,15.6,16.1,19.3,18,22.1,18.7,17.6,22.1,20.8,16.6,19.9,16.8,21.5,19.5,16.1,17.4,11.3,8.5,8,5.8,5,4.5,4.6,4.8,3.5,2.3,1.2,0,0
676,토요일,2,260,까치산,내선,0,0,0,0,0,0,0,0,0,0,0,0,0,0,0,0,0,0,0,0,0,0,0,0,0,0,0,0,0,0,0,0,0,0,0,0,0,0,0
677,토요일,2,249,신정네거리,내선,5.2,6,5.2,4.3,6.5,9,8.8,9.8,11.2,11,10.3,13.1,11.8,12.3,14.1,14.5,15,14.2,14.2,14.2,17.1,16,20.6,15.9,20.1,16.1,19.4,12.4,14.8,12.2,13.6,12.8,14.1,10.9,16.9,10.7,7.7,0,0
678,토요일,2,248,양천구청,내선,5.1,6.6,5.3,4.1,7,11,10.2,9.7,11.6,11.8,11.3,12.6,14,15.5,15.3,17.6,17.8,16.2,19.9,19.8,25.3,23.8,27.7,28.5,29.1,26.3,30.7,20.6,23,19.7,22.5,22.6,23.5,17.9,28.2,18.8,13.5,0,0
679,토요일,2,247,도림천,내선,4.5,7.2,6.1,4.7,7.3,10.8,10.2,10.3,12.9,12.4,12.4,13.2,15.4,16.8,16.6,19.6,20.1,19,25.3,23.2,31.3,29.5,33.4,34.9,34.7,32.8,37.7,26.4,29.4,25.1,28.1,29.5,30.4,22,36.9,26.3,19,0,0
680,토요일,2,9003,신도림,내선,4.8,8.7,6.6,4.9,7.6,11.4,10.7,10.9,12.6,14.2,12.4,13.2,16.5,16.9,17.4,19.9,20.7,19.5,25.6,23.4,32.3,30.2,33.3,34.9,35.6,33.8,35.9,27.4,30.3,25.5,28.7,30,30.9,22.1,37.6,26.7,19.1,0,0
681,토요일,3,309,지축,상선,11.7,8.5,7.3,9.9,11.5,18.1,14.1,23.3,26.2,22.4,20.8,25.6,24.1,31,32.5,34.3,34.4,39.3,41.9,31.8,45.8,56.7,59.7,63,47,49.6,65.5,47.8,49.8,36.9,45,33.1,31.9,46.6,33.4,42.9,42.1,0,0
682,토요일,3,310,구파발,상선,11.6,9.3,5,4.3,7,10.8,7.7,15.4,10,16.5,16.3,15.9,13.3,19,13.3,21.2,14.6,24.7,18.1,23.5,20.2,35.7,26.1,39,27,31.8,43.2,23.9,32.2,20.7,36,35.4,20.4,25.3,28.9,22.9,0,0,0
683,토요일,3,311,연신내,상선,12.9,11.5,6.3,6.6,9.7,11.4,13.6,17,18.7,19.6,21.6,20.8,21.6,18.9,22.2,23.2,24.1,26.1,27.2,25.7,30.8,35.4,35.7,42.2,39,38.9,42.9,35.1,32.8,29.7,35.9,41.5,30.6,29.4,28.5,27.3,10.4,7,0
684,토요일,3,312,불광,상선,11.4,11.3,6.4,7.5,10.4,12.9,17.6,19.4,22,22.5,24.8,24.5,25.8,22.4,26.8,27.5,29.1,31.8,30.5,33.1,37.5,42.4,44.8,54.4,49.7,51,55,45.3,42.1,39.7,49.2,50.1,39.1,37.3,35,32.9,18.8,14.4,0
685,토요일,3,313,녹번,상선,10.7,10.3,6.1,7.8,10.2,12.7,17.7,19.4,24,22.4,23.9,21.5,29.1,21.8,27,27.6,26.7,33.8,30.3,29.7,42.6,44.5,50.2,53.5,51.5,53.5,58.3,47.7,44.3,42.4,52.8,52.4,40.6,38.9,34.3,34.6,19.5,0,0
686,토요일,3,314,홍제,상선,10.3,8.8,6.4,7.9,10.3,13,17,20.6,23.8,21.7,23.7,21.1,29.1,22.4,27.4,28,26.9,35.7,31.3,31.2,45.8,47.9,54.2,58.1,55.5,57.5,64.8,52,49.6,46.3,58.5,56.7,44.2,43.9,37.8,35.1,21.7,0,0
687,토요일,3,315,무악재,상선,9.1,9,6.8,8.3,11.1,13.2,17.3,21.7,25.1,22.4,23.9,26.2,26.4,25.9,28.1,28.2,31.2,35,36.3,38.2,47.1,54.6,60.1,64.3,61.8,63.9,69,58.6,54.4,51.8,72,60.1,48.7,48.6,41.7,39.1,24.4,0,0
688,토요일,3,316,독립문,상선,9,9.1,6.8,8.4,11.1,13.3,17.5,21.8,25.8,22.7,24.1,25.9,26.5,26.2,28.4,28.7,31.9,35.9,37,39,48.6,55.8,61.5,65.9,63.5,68.4,68.8,60,55.7,53.5,74.2,61.7,49.9,49,44,37.5,25.9,0,0
689,토요일,3,317,경복궁,상선,9.4,8.9,7.1,8.7,11.4,14.7,18.3,25.4,30.7,26.5,27.3,27.3,28.6,27.8,30.3,29.8,33.6,37.2,39.3,40.5,50.6,57.1,63.2,67.3,64.8,69.8,70.5,61.6,57,55.4,76.4,59.7,52.4,50,45.3,38.3,27,9.1,0
690,토요일,3,318,안국,상선,9.6,10,7.7,10.2,14,17.9,26.1,36.7,41.9,41,41.3,43.4,42.5,45.8,48.7,51.2,58.9,62.4,58.3,66.8,79.3,88.6,83.9,83.3,66.8,86.3,66.9,59.1,50.2,52.5,66.4,56.3,51.4,47.9,45.1,36.6,21,0,0
691,토요일,3,319,종로3가,상선,9.5,12.3,9.5,12.9,17.9,22,33,44.5,52.7,53.3,55,57.7,58.2,62.1,67.5,70.1,78.7,83.2,81.3,91,103.2,108.7,98.2,93.8,76.7,93.1,72.4,60.7,47.2,52.2,62.4,49.7,48.3,43.2,47.9,35.8,21.4,0,0
692,토요일,3,320,을지로3가,상선,5.6,8.6,6.6,9.6,12.7,17.2,25.3,31,40.4,40.2,43.9,45.9,50.1,51.3,56.3,61.2,64.4,69.4,65.3,73.9,80.8,86.2,76.8,74.4,61.1,73.5,55.3,47.4,36.6,39.7,47.4,39.7,36.5,34.3,36.2,29.4,18.5,0,0
693,토요일,3,321,충무로,상선,5.4,6.7,6.3,8.5,11.4,15.3,22.7,27.4,35.8,36.6,40.5,44,49.8,50.7,56,60.2,63.9,65.7,62.8,67.5,72.4,76.9,71.9,69.3,57.1,65.6,51.3,40.5,34.7,35.8,40.9,33.1,29.8,28.7,29.8,23.2,15.3,0,0
694,토요일,3,322,동대입구,상선,7,6.6,6,8.1,10.5,15.7,21.5,26.3,30.8,32.4,38.8,45.5,49.4,54.9,56.4,61.6,64,64.6,60.6,58.8,69.6,68.5,69.5,64,64,59.8,49,40.4,35.8,37.4,43.9,34.1,30.8,31.9,31.4,23,14.8,0,0
695,토요일,3,323,약수,상선,6.6,6.6,6.1,8.7,11.1,16.6,23.5,28.2,33.2,33.9,41.6,48.2,51.3,55.7,57.3,62.5,65.3,63.7,57.5,58.5,67.7,66.5,68.5,61.7,61.8,53.9,45.8,37.2,33.7,34.3,43.1,31.5,29.4,29.9,30,22.4,15,0,0
696,토요일,3,324,금호,상선,8.6,6.5,6.6,8.8,11.3,18.3,24.5,29.1,33.6,35.5,43.6,50.8,56.2,59.9,62.4,67.6,68.6,68.7,62.4,63.2,73.3,72.8,74.1,66.9,69.6,61.6,49.5,42.2,37.5,38.9,46.6,35.5,34.6,35,34.1,24,18,0,0
697,토요일,3,325,옥수,상선,7.7,6,6.6,8.5,11.6,18.4,23.8,30.5,32.2,36.1,43.3,51.4,55.7,59.5,63.5,65.8,68.6,67.1,60.9,65.7,71.7,68.8,79,66.7,66,64.6,47.5,44,36.4,40.4,47.4,36.7,34.1,35.5,34.7,24.5,18.7,0,0
698,토요일,3,326,압구정,상선,8.4,6.3,6.8,9,11.9,19.3,24.7,30.7,32.9,37.6,44.4,53.7,58,62.5,66.1,68.6,71.8,71,64,72.5,76.1,74.8,83.2,71.6,70.7,70.1,52.5,48.4,40,44.5,53.4,40.3,38.2,39.6,37.1,24.3,20.3,0,0
699,토요일,3,327,신사,상선,7.4,7.2,7.4,9.9,14.7,25.3,31.2,39.1,41.9,42.4,49.2,58.3,62.9,63.1,68.9,68,71.8,66.8,65.3,69.2,72.5,69.5,78.6,66.6,68.4,63.3,46.1,43.4,36,39.3,42,35.4,34.4,35.1,33.5,22.3,13.9,0,0
700,토요일,3,328,잠원,상선,5.9,7.2,7.3,10.1,13.2,23.8,31.5,42.9,42,42.2,44.9,50.9,54.8,56.7,57.7,54.3,65.3,54.2,51.3,59.2,61.9,60.4,63.6,53.3,56.8,55.8,39.5,35.7,30.3,34.2,34.1,26.9,26.7,26.7,25,15.9,8.3,0,0
701,토요일,3,329,고속터미널,상선,6.1,8.1,7.7,10.3,13.1,23.6,31.7,43.2,42.2,42,44.8,50.6,54.3,56.7,57.8,54.6,64.9,53.9,50.9,58.9,62.5,60.3,63.1,53.5,57,55.4,39.6,35.9,30.6,34.1,34.4,27.1,26.9,27.1,25.9,16.2,9.1,0,0
702,토요일,3,330,교대,상선,7.9,8.4,9.9,11.3,14.9,23.9,29.7,38.2,39,38.7,44.8,50.4,53.5,54.4,57.1,55.9,62.6,57.7,48.1,57.5,61.3,59.9,63.6,54.7,60.4,58.7,41.3,37.3,29.8,35,29.7,29,26.9,30.2,25.7,17.6,10.5,0,0
703,토요일,3,331,남부터미널,상선,6.5,6.9,8.4,10.5,12.1,19.9,24.7,30.7,30.8,33.1,37.5,45.6,43.7,45.8,47.3,49.8,46.7,48,39.2,47.5,48,50.8,51.6,49.8,46.5,48.4,32.5,30.1,23.4,28,23,23.6,22.2,26.3,20,13,6.5,0,0
704,토요일,3,332,양재,상선,6.6,7.1,8.3,10.2,12.5,18.6,23.8,27.1,27,30,33.1,38.2,36.1,38.7,39.8,42,39.8,39.6,32.7,39.4,40.6,40.8,41.6,38.9,36.8,37.1,23.9,20.1,16.7,20.3,17.6,19.1,17.1,20.6,17.2,10.7,6.3,0,0
705,토요일,3,333,매봉,상선,6.9,7,8.8,10.5,11.4,17.8,22.7,24.7,25.9,26.9,28.7,33.1,30.9,29.7,37.4,33.7,33,30,26.1,30.9,30.3,32.6,29.6,31.2,30.9,27.6,18.5,12.9,11,13.2,11.5,13.4,12.6,18.2,14.4,8.1,4.1,0,0
706,토요일,3,334,도곡,상선,6.8,6.7,8.7,10.1,11.3,17.5,22.3,24,25.3,25.7,28.1,31.6,30,27.5,36.7,31.6,31.6,27.8,24.6,28.9,28.6,30.3,27.7,30,29.4,26.9,17.6,11.6,9.8,13.5,9.7,11.8,10.3,20.1,13.6,8.1,4.3,0,0
707,토요일,3,335,대치,상선,6.1,5.5,7.5,8.6,10.2,15,19.2,20.2,22.1,22.3,23.9,26.8,25,23.9,31.6,27.5,27.3,23,21.3,24.6,23.7,26.2,23,25.8,25.3,22.5,15,9.5,8,11.3,8.2,9.3,8.8,17.2,10.9,7,3.9,0,0
708,토요일,3,336,학여울,상선,5,6,6.9,7.9,9.7,14.1,19.5,19.9,21.7,21.1,22.2,25.1,22.8,21.4,29.2,24.6,25.7,19.8,18.9,21,21.4,22.9,20.4,20.3,20.3,18.7,12.7,7.7,6.7,9.2,7,7.4,6.8,7.6,8,6.3,3.6,0,0
709,토요일,3,337,대청,상선,5,6.8,6.2,8.4,9.6,15.8,18.5,22.3,21,23.2,23,23.8,21.5,22.4,22.7,24.3,22.2,16.9,16.2,18.7,17.6,20.5,16.6,16.9,16.4,13.4,10.1,7.8,6,8.7,6.9,7.2,6.6,7.4,8.1,6.3,3.6,0,0
710,토요일,3,338,일원,상선,4.4,6.3,5.5,7.2,8.5,13.7,16.8,19.8,18.5,20.7,20.5,20.9,18.9,19.6,20.3,21.6,19.7,14.5,14.8,16.8,15.9,18.6,14.8,15.7,15,12,9.3,7.1,6.4,8.1,6.3,7.1,6,7.2,7.2,7.1,4.1,0,0
711,토요일,3,339,수서,상선,5.3,5.6,5.4,7.1,9.1,13.7,17,17.7,17,18.9,18.3,17.4,16.8,18.9,17.4,19.2,16.7,13.8,13.5,14.4,14.9,15.3,14.3,13,13.7,11.8,8.1,6.4,6.6,8.1,6.2,6.6,6.6,6.8,7.2,6.7,4.1,0,0
712,토요일,3,340,가락시장,상선,9.4,15.7,6.1,7.7,8.9,12.9,15.6,20.4,16.8,16.4,14.5,13.9,15.9,20.4,14.3,15.2,14.7,12.3,13.1,13,13.6,13.4,13.4,11.9,13.6,12,9.1,7,7.1,11.2,8.2,8,8.3,8,5.5,5.9,3.7,0,0
713,토요일,3,341,경찰병원,상선,6.6,9.7,3.6,4.6,6.9,7.9,10.4,12.4,11.1,10.3,8.6,8.7,10,11.5,9.2,10.4,8.6,7.4,8.6,7,8,8.3,7.6,6.7,7.8,6.5,4.5,2.9,3.4,6.5,4.8,3.7,4.3,4.4,2.3,2.3,0,0,0
714,토요일,3,342,오금,상선,5.6,8.7,3,3.8,5.7,6.1,8.6,9.6,8.9,8.1,6.4,6.7,8,9.1,7.2,8.5,6.8,5.6,6.6,5.4,6.5,6.7,6.1,5.2,6.9,5,3.7,2.5,2.8,4.9,4.3,3.4,3.4,3.6,1.8,2.2,0,0,0
715,토요일,3,309,지축,하선,34.8,15.5,15.9,18.4,31.4,43,33.8,49.2,48.9,48.4,50.3,46.7,60.2,64.3,51.2,50.1,57.2,54.2,55.3,53.8,57.8,52.5,52,50.1,42.2,27.2,26.3,22.9,24.1,13.3,18,9.4,11.9,14.7,7.9,6.1,5.9,0,0
716,토요일,3,310,구파발,하선,3.9,14.7,8.1,13.9,18,30.2,32.8,34.9,33.6,35,43.7,44.6,30.9,45.1,29.6,37.1,30.2,38.4,28.1,38.1,30.6,38.9,29.2,36.4,22.6,25.8,18.4,12.6,17,10.5,12.4,11.9,11.2,9.8,7.2,7,5.1,0,0
717,토요일,3,311,연신내,하선,9.7,15.6,12.3,12.3,23.5,32.7,37.5,33.8,38.3,39.3,47.7,50.3,38.3,39.8,38.3,36.7,40.9,32,38.3,32.5,36.7,35.6,39.4,30.5,29.1,23.3,16.2,16.1,13.2,13.5,10.5,11.4,10.7,9.5,8.3,7.4,8.9,0,0
718,토요일,3,312,불광,하선,14.4,19,14.8,16,27.6,37.3,43.5,41.5,44,45.5,54.3,58.8,45.7,46.9,48.2,40.2,46.5,39,44.7,40,44.3,43.9,47,36.4,33.3,27,18.8,18.6,15.8,15.5,11.8,13.6,12.3,10.8,9.5,8.5,9.3,0,0
719,토요일,3,313,녹번,하선,18,20.9,16.5,18.4,31,41.7,47.7,46.7,47.9,50.4,55.5,66,50,51,51.6,43.6,49.4,43.5,47.8,42.6,47.5,46.6,49.8,39.1,34.2,28.5,19.3,18.5,15.5,15.2,11.9,13.5,12.1,10.3,9,8.1,7.2,0,0
720,토요일,3,314,홍제,하선,21.9,23.5,16.9,21.1,31.8,48.4,45.7,54.6,54.1,54.2,58,73.4,54.7,59.7,55.2,47.7,51.3,53.8,46.6,47.8,52.4,55.1,50.1,47.7,35.4,32.2,24.7,17.8,17.1,16,13.7,13,12.4,11.8,8.5,8.2,5.7,0,0
721,토요일,3,315,무악재,하선,22.7,24,17.3,21.4,32.6,49.1,46.5,56.1,55.3,55.5,59.5,75.3,56.3,60.9,56.2,50.5,52.4,55.3,47.7,49,53.6,56.1,51.3,48.6,36.2,32.7,25,18.2,17.1,16.2,13.6,13,10.8,13.1,8.2,8.5,5.6,0,0
722,토요일,3,316,독립문,하선,18.3,24.4,18,20.5,31.9,47.5,47.1,56.2,55.2,56,63.9,70.8,57.6,63.1,58.9,53,55.2,57.6,51.5,52.1,57.3,59.3,55.4,52.6,41.4,36.8,27.6,19.9,18.5,16.8,14,12.8,12.1,13.4,8.3,8.4,5.1,0,0
723,토요일,3,317,경복궁,하선,20.6,21.4,19.2,18.9,31.5,44.9,47.7,54.9,58.3,53.1,64.9,70.7,67.4,59.7,67.7,56.2,59.5,58.2,63.2,57.9,63.8,68.2,71.7,68.5,74.1,66.7,53.6,48.3,33.4,32.9,38.7,27.8,24,23.9,13.9,13.3,8.3,0,0
724,토요일,3,318,안국,하선,21,20.8,18.4,18.3,30.8,44.2,46.3,54.3,55.5,53.3,63.4,71.2,68,62.8,68.7,58.7,63.7,65.5,68.1,67.4,71.5,83.7,88,91.4,96.5,92.6,74.4,70.5,54.9,53.1,58.7,42.7,37.8,34.1,21.8,16.6,8.9,0,0
725,토요일,3,319,종로3가,하선,17.7,16.7,12.9,15.4,20.4,35.1,37.6,43.1,43.5,41.6,49.5,54.3,50.8,48.3,53,47.7,46.4,54.2,54.5,55.8,57.6,70.7,74.5,78.1,79.1,75.6,63.6,58.7,51.5,49.4,51.6,37.8,35.5,31.4,20.7,16.5,10,0,0
726,토요일,3,320,을지로3가,하선,15.8,14.5,11.2,13.6,17.1,31.2,34.8,37.7,39.9,39.3,42.3,48.1,45.2,43.8,42.8,43.1,39.9,49.8,47.6,50.1,52,57.9,69.9,74.1,72.8,67.3,59.7,51.3,49.3,46.9,51.8,38.9,37.1,32.8,24.3,19,13.4,0,0
727,토요일,3,321,충무로,하선,17.4,20.2,13.4,15.4,20.6,36.9,41.9,49.6,45.3,45.9,45.6,51.4,50.1,44.5,45.4,42.9,43.1,49.9,46.5,50.5,47.7,59.3,64.1,70.1,64.1,59.7,49.9,43.9,43,40.3,42.6,35.5,34.2,30.7,22.7,17.4,14.1,0,0
728,토요일,3,322,동대입구,하선,17,19.1,12.5,13.9,19.3,33.5,37,45.9,41.2,42.8,41,46.3,46.1,41.7,42.5,39.4,42.3,48.4,46.6,50.3,47.6,58.7,63,69.6,63.5,61.2,49.8,44.8,44,41,43.3,36.3,34.5,34.6,23.9,19,14,0,0
729,토요일,3,323,약수,하선,22.6,23.6,15.5,15,22.3,35.9,43.4,55.3,47.5,48.6,46.6,51.7,54,45.4,50.8,43.4,47.3,50.4,53,51.7,51.6,59,64.8,74.1,70.1,60.6,54.7,48.4,43.3,44.4,40.4,41,34.1,37.4,24.4,20.2,17,0,0
730,토요일,3,324,금호,하선,24.4,24.1,15.8,15.3,22.9,35.2,42.6,55.7,51.3,48.1,47.7,51.9,54.7,45.4,50.7,43.7,47.5,48,54.5,48.8,53.8,58.6,62.8,69.5,74,59.8,53.4,47.1,42,43.4,39.5,39.8,33.2,36,23.5,19.4,16.1,0,0
731,토요일,3,325,옥수,하선,27.1,24.8,19.6,16.5,25.1,39,47.3,62.7,56.6,53.2,53.1,53.2,64,49.6,55.2,47.8,50.8,50.2,58.4,52.1,57.2,60.7,66.1,71,76.9,61.4,54.1,48.1,42.3,43.5,39.4,39.5,33.3,35.9,23.8,19.3,15.7,0,0
732,토요일,3,326,압구정,하선,9.2,25.1,18.4,14.6,20.9,31.6,38,49.9,46.4,47.7,47.1,48.7,58.1,47.9,52.6,44.2,51,50.6,58.2,55,59.2,63.8,67.2,72.2,77.1,62.3,61.5,48.8,45.4,45.8,44.9,42.7,37.5,38.7,29.9,19.2,15.1,0,0
733,토요일,3,327,신사,하선,9.4,21.8,16.3,13.7,16.1,21.4,33,33.3,34.6,35.5,37.7,40.4,47.1,41.1,43.2,42.5,38.9,43.9,43.2,51.4,50,46.8,55.6,65.4,59.1,52.9,49.7,40.7,36.5,39.3,37.5,36.5,34.3,35.6,28.3,20,13.9,0,0
734,토요일,3,328,잠원,하선,9.7,20.9,16.2,13.8,16.4,21.4,33.2,33.5,34.9,35.9,38.1,41.7,48.4,41.5,44,43,39.2,44.3,43.6,51.5,50.3,47.4,55.6,65.7,58.7,53.7,49.6,40.9,36.2,39,37,36.2,34,35.4,27.9,19.6,13.5,0,0
735,토요일,3,329,고속터미널,하선,10.6,24.4,18.6,14.5,16.1,21.6,42.9,37.3,40.6,37.7,40.2,41.4,49.1,45.8,47,44.9,35.5,51.4,51.1,44.4,41.6,50.6,63.7,53.4,55.2,50.9,47.1,39.1,34.6,37,37.4,33.2,32.6,34.5,27.1,18.1,13.2,0,0
736,토요일,3,330,교대,하선,14.6,25.5,17.6,13.8,16,20.2,39.1,29.4,39.2,32.3,32,31.4,40.3,31.5,43.1,36.2,30.5,47.1,42.6,35.6,36.1,45.9,44.6,44.5,43.3,39.7,38.1,31.8,29.5,30.6,31.2,27.2,26.1,29.2,23.1,17.8,12.6,0,0
737,토요일,3,331,남부터미널,하선,11.6,18.3,13.3,10.6,12.8,20.1,25,24.4,30.7,24.3,25.1,25.9,33,25.9,34.4,29,23.8,34.5,31.8,28.9,29.4,37,37.6,38.6,36.5,34.4,33,28.3,25.2,27.6,27.8,25.3,21.7,29,20.8,15.4,13,0,0
738,토요일,3,332,양재,하선,5.8,13.6,8.4,7.9,8.2,14.5,17.8,18.6,21.7,19,18.6,20.1,23.8,23.7,22.4,27.7,22.1,22.3,26.5,26.2,27.8,23.5,34.6,30.2,31,29.7,27,23.6,22.5,21.8,21.5,20.8,18.6,24.3,16.5,12.7,11.9,2.7,0
739,토요일,3,333,매봉,하선,6.3,11.9,7.6,7.6,7.5,13.4,16.3,17.3,19.8,18.7,16.8,19.3,23,22.4,21.4,27.4,21,22,25.7,24.7,26.8,23.4,32.4,29,29.5,28.3,26.1,23,21.5,21,20.7,20.2,18.3,23.9,17.8,13.1,9.9,2.1,0
740,토요일,3,334,도곡,하선,5.6,10.1,6.5,7.1,6.6,10,14.2,15.5,18.4,16.9,14.6,15.5,20.4,19.7,18.8,25,18.8,18.1,22.7,21.3,22.5,18.5,27.9,24,25.2,23.7,23.5,18.3,17,17.8,13.5,18.8,17,18.2,16.1,10.7,8.5,0,0
741,토요일,3,335,대치,하선,6.3,8.7,5.6,6.5,5.1,7.3,9.8,10.9,16.2,14.8,13.8,13.1,18.2,15.8,17.2,19.7,16.8,17,20.5,19.7,22.2,19.2,21.1,25.5,22.3,21.3,22.3,17.7,15.2,16.9,13,19.7,14.4,22.4,15.3,9.7,7.5,0,0
742,토요일,3,336,학여울,하선,6.5,9.4,5.9,6.1,4.9,6.8,8.4,8.5,10.5,9.8,10,10.6,15.6,13.1,14.5,16.3,14,14.4,17.3,18,20.8,18.7,20.9,25.6,22.6,22,22.1,17.4,15,16.7,12.7,19.5,14.3,22.3,15,9.4,7.2,0,0
743,토요일,3,337,대청,하선,7,8.7,5.7,5.9,4.7,6.8,7.7,8.5,9.7,9.5,9.5,10.3,14.9,12.6,13.3,15.1,12.4,13.1,15.6,16.4,19.2,17.3,18.7,23.7,20.4,19.6,19.8,15.1,12.8,14.1,11.5,17,12.1,19.1,11.5,9.3,7.5,1.6,0
744,토요일,3,338,일원,하선,6.9,7.4,4.3,4.6,4.6,6.1,6.9,8.5,8.8,8.8,9.2,9,14.3,11.6,12.5,14.2,11.7,11.1,14.5,16.4,15.7,18.2,18.7,17.7,20.2,20.3,16.7,14.2,13.1,12.5,11.4,13.5,12.3,15.9,11.6,8.4,6.5,1.6,0
745,토요일,3,339,수서,하선,6.6,5.9,3.2,3.2,4.3,5.6,6.2,8.2,7.6,9.8,10.5,9.7,14.1,13.7,13.5,15.6,11.5,10.4,13.4,15.1,14.2,17.1,16.6,14.8,18.2,17.5,13.7,12.3,10.4,10.2,8.8,12.9,10.5,12.7,10.1,7.7,6.2,0,0
746,토요일,3,340,가락시장,하선,0,4.4,2,2.4,2.6,3.4,4.8,4.7,5,5.3,5.3,5.6,8.5,7.6,7.9,9.4,6.8,5.8,8.4,7.8,8.1,11,8.7,9.1,14.4,10.6,8.2,8.4,7.6,7.2,9.6,8.2,8.1,11.6,9.7,8.4,6.1,0,0
747,토요일,3,341,경찰병원,하선,0,3.4,1.6,1.9,2.1,2.6,3.9,4.3,3.5,4.7,4.9,4.6,6.4,6.7,6.3,6.1,7.2,5.1,6,6.6,7.6,6.5,8.1,8,11.2,6.8,7.5,6.5,6.4,5.5,6.8,7,5.9,9.5,8.3,5.5,4.6,0,0
748,토요일,3,342,오금,하선,0,0,0,0,0,0,0,0,0,0,0,0,0,0,0,0,0,0,0,0,0,0,0,0,0,0,0,0,0,0,0,0,0,0,0,0,0,0,0
749,토요일,4,409,당고개,상선,0.3,3,1.8,1.2,2.2,1,2,2.4,0.9,2,4.2,2.9,3.1,3.7,3.1,1.9,4.1,4.7,1.6,4.8,6,3.9,6.3,4.6,9.4,6.7,5.9,8,4.5,3.9,11.1,5.2,7.6,5.2,5.6,8.4,4.3,0,0
750,토요일,4,410,상계,상선,0,4.9,2.9,2.5,3.3,4.3,5,4.5,5.7,4.4,6.2,5.6,5.4,4.8,5.1,5.5,5.2,5.8,5.4,7.2,6.2,8.8,8,10.9,8.1,10.4,10,8.9,9.4,10.1,9.5,10.6,9.7,9.3,8.8,7.6,6.3,0,0
751,토요일,4,411,노원,상선,0,8.9,4.2,3.8,4.9,6.8,8.9,8.5,9.5,7,9.8,8.4,8.9,7.6,9.1,7.6,10.9,8.7,9.7,10.9,9.6,15.2,11.9,17.9,13.8,16.6,16.7,14.9,14.9,15.8,15.4,16.8,15.4,14.5,14.2,12.8,11.8,0,0
752,토요일,4,412,창동,상선,0,14.1,6.9,5.7,7.4,11.6,14.6,14.4,14.5,13.6,15.8,14.8,14.3,11.8,18,12.9,16.4,14.3,16.5,17.7,17.3,23.3,19.1,26.4,21.8,26.5,25.7,24,23.8,23.7,23.4,24,23,21,20.3,18.7,17.2,8.9,0
753,토요일,4,413,쌍문,상선,0,17.9,10.9,9,11,16.6,18.8,20.7,20.1,19.8,21.5,21,19.9,17.8,24.2,21.7,21,21.6,23.3,26,24.7,33.5,28.7,38.9,31.2,36.2,37.7,33.6,37.6,35.2,37.6,38.6,36,32,31.3,30.5,24.8,0,0
754,토요일,4,414,수유,상선,21.4,14.6,10.8,9,10.9,15.9,18.8,19.6,21,17.7,21.2,21.2,21.2,19.6,22.6,22.4,22.6,23,25.8,26.4,32.2,34.8,39.3,42.2,38.2,44.9,43.6,40,45.4,42.5,45.4,47.1,45.2,39.5,39,38.1,32.3,0,0
755,토요일,4,415,미아,상선,19.1,15,11.6,7.9,12.7,15.4,18.8,20.8,19.9,19,21.2,21.1,23.1,20.5,24.2,23.1,25.2,24.9,29.1,28.5,39,39.2,45.7,49.2,45,53.3,50.2,48.2,55.2,50.4,55.2,56.7,54.7,46.6,48.1,45.6,40.9,0,0
756,토요일,4,416,미아삼거리,상선,18.1,15.9,11.7,7.9,12.1,15.3,19.3,20.6,19.1,20.7,21.6,21.4,23.6,22.4,24.6,23.5,24,28.9,30.6,29.7,38,44.6,48,51,47,58.6,52.4,52.2,56.8,48.8,66.3,61.4,50.9,51.5,49.3,46.3,45.6,0,0
757,토요일,4,417,길음,상선,16.5,16.2,12.1,8,12.4,14.8,19.7,20.5,19.5,21.5,22.3,23,21.8,25,25.7,23.8,25.6,29.8,34.4,34.5,40.3,46,56.8,55.6,52.1,64.4,57.5,58.5,62.9,53.2,70,67.6,56,57,54.5,49.6,50.6,0,0
758,토요일,4,418,성신여대입구,상선,14.4,17.7,9.1,9.8,10.3,17.7,19.8,21.6,18.3,23.5,23.8,24,23.5,26.7,28.1,26.3,30.4,29,38.9,37,46.8,45.7,61.4,61.2,57.3,66.7,62.5,66.4,64.2,65.6,70.2,71.1,64.6,61.7,55.7,58.5,56.2,0,0
759,토요일,4,419,한성대입구,상선,13.5,18.5,9.5,10.3,11.2,18.8,21.9,24.3,20,25.2,25.2,26,26,28.3,30.7,28,33.9,31.7,42,41.4,53.5,52,68,64.1,70,73.9,70.8,74.7,72.8,73.6,78.6,80.3,72.4,67.2,62.4,70.6,53.5,0,0
760,토요일,4,420,혜화,상선,13,20.2,10,10.6,11.5,20.5,23.4,26.1,22.2,27.1,26.1,25.4,32,31,33.5,29.1,36.7,34.6,45.1,43.5,55.7,53.5,71.1,66.6,76.7,72.7,73.4,76.9,75.7,76.4,81.8,83.1,75.1,69.2,64.4,73,45.4,0,0
761,토요일,4,421,동대문,상선,15.7,22.7,11.4,10.9,15.2,24.4,27.6,35.6,27.9,30.4,37,33.9,46.5,44.8,57.9,40.1,59,60.4,65.1,51,71.3,62.1,90.2,75.7,93.1,84.6,76.9,79.2,78.9,77,76.6,83.9,67,67.5,62,71.6,47.5,0,0
762,토요일,4,422,동대문역사문화공원,상선,14.4,19.6,12.5,11.8,16.2,25.9,30,38.8,32.1,36.2,42.4,41.4,53.8,50.3,62.6,43.8,61.5,63,68,51.6,70.6,62.6,89.1,74.2,89.7,83.5,77.6,77.8,74.4,73.4,74.1,82.4,65.8,66.8,64.1,70.9,49.5,0,0
763,토요일,4,423,충무로,상선,11.7,13.4,8.6,10.9,13.3,24.7,26.2,32.8,29.8,37.8,40,46.7,46.6,49.9,49,50.8,48.9,54,54.2,44.3,67.5,49.6,82.7,59.3,67.6,75.7,62.5,64.7,57.3,56.2,55.7,60.1,49.5,47.8,43.9,48.6,34.9,0,0
764,토요일,4,424,명동,상선,10,12.8,9.5,10.6,13.7,25.5,28,35.8,35.1,41.4,44.6,48.8,49,50,52.4,50.5,51.5,54.9,57.4,46.4,67.2,52.9,82,58.3,65.7,67,58.5,57.7,48.3,49.6,47.4,50.5,44,42.7,38.3,44.1,33.5,0,0
765,토요일,4,425,회현,상선,10.2,14.4,11,11.4,14.3,26.6,29.9,36.8,36.5,41.5,47.1,51.8,53.1,54.1,51.2,61.2,55.7,54.9,58.3,46.7,65.4,51.5,77.5,54.5,60.6,61.7,53.7,50.8,42.1,42.5,38.2,40.5,34.6,32.1,29.6,33.5,28,0,0
766,토요일,4,426,서울역,상선,9.6,16.3,9.8,12.4,14.9,27.5,32.5,35.2,47.7,46.7,55.5,60.2,51,65.2,53.6,63.1,56.7,57.1,52.2,49.2,56,44.9,66.2,46.8,51.5,54.3,48.1,45.2,37.8,38.3,31.6,37.9,34.1,31.3,32.1,29.8,28.2,0,0
767,토요일,4,427,숙대입구,상선,11,16,9.3,9.6,14.6,19.6,24.2,26.3,33.1,37.6,39.7,43.1,40.4,48,43.5,44.5,44.9,43.5,45.3,36.9,43.5,33.2,50,33.7,38.9,39.2,33.5,32.9,26.4,27.4,24.4,27,23.5,25.3,23.6,23,18.7,0,0
768,토요일,4,428,삼각지,상선,9.7,15.3,8.9,9.4,14.6,20.1,24.6,29.1,29.5,36.7,38.9,46,37.5,48.6,38.9,43.1,44.8,41.8,39.7,40.4,39.6,39.7,42.8,34.3,39.4,37,33.2,32.4,25.4,26.8,23.1,25.4,21.2,23.4,22.2,21.7,20.1,0,0
769,토요일,4,429,신용산,상선,8.9,16.4,8.8,9.8,15.1,21.1,25.2,30.3,30.6,39.8,41.7,49.4,40.4,52.2,43.3,46,48,45.5,42.4,43.6,42.8,42.3,45.8,37.4,42.2,41,36.7,33.8,26.4,26.9,24.1,26.3,23.1,23.2,22.6,23.8,22.6,0,0
770,토요일,4,430,이촌,상선,8.8,15,8.9,12.9,14.8,25.3,26.4,30.8,34.2,37.9,44.5,52.5,41.6,53.3,44.9,47.4,47.1,49,41.9,45.9,42.7,41.3,44.7,37.1,42.3,37.7,38.9,28.2,20.5,24.6,20.4,21,18.5,16.9,18.9,20,19.5,0,0
771,토요일,4,431,동작,상선,9.9,17.1,9.9,14.3,16.5,27,29.5,31.7,40.4,41.6,48.2,53.3,49,55.6,44.7,52.3,47.8,53.3,46.2,45.5,43.9,45.2,45.4,38.3,43.7,39,41.5,29.7,22.1,27.3,23.4,21.8,21,19.4,21.6,22.8,25.1,0,0
772,토요일,4,432,총신대입구,상선,18.3,14.8,12.9,13.8,21.7,29.8,29.4,36.5,41.4,48.2,53.1,51.6,52.2,51,46.8,57.1,44.2,59.6,43.1,47.8,42.2,45.2,44.3,35,43.8,41,39.8,28.3,26.4,23.6,22.4,23.6,19.1,21.3,20.5,23.4,25.3,0,0
773,토요일,4,433,사당,상선,19.7,14.8,15.7,12.9,22,32.9,33.1,44.2,36.8,49.4,59.7,50.1,57,48.2,47.2,61.1,42,62.4,45.5,44.6,47.7,44.2,44.4,39.7,49.3,56.2,36.2,31.9,30.1,23.1,23.8,25.6,19.9,22.9,23.5,22.3,27,0,0
774,토요일,4,434,남태령,상선,20.3,28,25.4,25.5,31.4,40.7,72.3,62.1,85.1,73,108.1,90.1,81.9,79.6,82.8,80.4,78.6,78.2,63.9,70.2,74.3,74.9,69.6,73.6,66.8,89.5,87.8,42.3,36.1,32.1,25.8,27.4,24.5,21,25.6,19.7,7.9,0,0
775,토요일,4,409,당고개,하선,4.1,3.1,3.2,5.9,6.3,11.8,13,10,12.5,13.1,10.3,15.7,9.4,8.4,9.4,12.2,7.1,10.8,8.6,8.9,6.5,9.8,6,7.3,10.3,4.8,6.5,4.2,2,3.9,4.1,2.3,2.4,2.7,2.6,2.7,0,0,0
776,토요일,4,410,상계,하선,8.4,5.9,6.5,10.1,10.8,18.9,20.6,18.1,19.7,19.4,19.9,22.8,14.4,16.8,15,19.2,13.1,16.4,12.9,13.5,12.2,12.5,12.1,12.6,14.1,11.5,8.8,7.4,4.4,5.7,5.9,5.2,4.2,6,5.6,4.9,0,0,0
777,토요일,4,411,노원,하선,9.5,8.5,9.5,12.8,15.2,24.3,25.2,24.9,25.4,27.1,29.3,30.1,19.6,26,21.7,26.1,21.5,20.8,21.3,18.3,18.5,17.9,20.9,19.8,19.4,18.3,13.3,12.1,8.6,10.1,11,9.9,9.1,12.2,13.6,12.1,0,0,0
778,토요일,4,412,창동,하선,16.8,13.7,13.7,18,26,32.9,39.5,43.6,39.2,37.1,47.6,43,36.2,38.8,33.1,38.2,32.2,31.6,31,28,28.9,26.7,30.2,28.3,25.7,31.3,17.8,18.6,14.3,11.8,13.5,13.1,11.2,14.4,16.3,13.3,15.7,0,0
779,토요일,4,413,쌍문,하선,23.1,17.6,17.8,23,32.7,41.9,48.2,53.8,47.3,47.1,56.6,52.4,43.8,44.4,40,43.8,37.3,36.6,36.6,31.8,32.5,30.6,32.7,30.7,26.8,32.4,18,19.2,14.1,12.3,13.3,13.1,11.6,13.9,15.7,13.1,13.9,0,0
780,토요일,4,414,수유,하선,31.5,21.8,21.8,26.9,37.2,45,55.9,57.7,61.5,56.4,56.6,66.2,51.6,50.9,46.7,48.9,45,39.5,46.1,36.4,35.3,34.2,36.4,33.1,29.2,31.6,22.7,18.8,15.8,12.2,15,13.3,11.8,14.5,16.7,13.5,14.5,0,0
781,토요일,4,415,미아,하선,34.8,23.4,23.4,29,39.8,48.1,58.4,61.5,64.7,59.8,59.5,70.3,56.6,51.8,49.1,51.3,46.9,42,47.7,38.5,37.6,36.6,37.5,34.7,30.8,32.7,23.1,19.6,16.5,12.6,15.1,14,12.4,13.5,16.9,13.5,14.3,0,0
782,토요일,4,416,미아삼거리,하선,39.2,25.7,25.7,31.8,43.2,53.1,63.2,68.1,68.6,64.9,63.9,76.3,60.3,53.2,56.5,51.5,55.6,48.2,50.6,40.4,43.1,36.5,40.1,37.8,35.3,33.1,25,19.7,16.7,13.7,16.4,14.5,12.5,14.5,16.6,13.8,12.7,0,0
783,토요일,4,417,길음,하선,47.6,26.4,28.2,31.9,42.2,58.4,62.2,77.3,76.1,69.4,64,86.6,69.9,56.7,63.6,53.7,59.3,51.8,54.3,43.6,46.3,39.5,43.5,41.8,40.5,33,28,21.8,17.4,15.8,17.2,15.6,12.9,14.3,16.5,13.4,11.7,0,0
784,토요일,4,418,성신여대입구,하선,50.9,29.6,30.7,35.3,45,63.7,67.4,84.5,82.4,78.3,70.5,95.5,79.1,65.6,72.6,61.3,66.4,54.4,63,49.1,54,45.9,50.9,46.3,44.7,37.2,33.2,23.4,20.5,17.9,19.4,18.2,15.4,15.8,19.7,15.7,11.7,0,0
785,토요일,4,419,한성대입구,하선,40.1,30.5,31.2,36.2,45.8,65,69,87.3,84.3,81.4,73.3,98,81.4,67.9,75.1,64.1,69.5,57.6,65.9,52.1,57.3,49.4,54.5,52.9,48.6,42.2,35.5,25.1,22.8,20.5,19.6,19.8,16.3,17.5,21.2,16.6,14.5,0,0
786,토요일,4,420,혜화,하선,42.5,31.7,30,35.8,43,62.2,69.5,84.2,79.8,82.2,81.6,93.9,82.6,69.8,74.4,65.2,74,57.5,69.3,59.5,63.4,59.4,69.7,63.3,68.1,55.9,49.7,36.4,42.3,36.9,37.7,45.8,37.1,35.6,37.9,42.3,22.9,0,0
787,토요일,4,421,동대문,하선,43.7,31.2,29,34.9,42.3,61,67.3,83,77.2,78.9,79.4,91.7,79.5,68.2,71.9,64.4,73.1,58.4,69.1,61.4,67.8,62.5,72.5,66.1,72.1,60.5,55.7,39.9,44.9,41.2,39.2,48.3,38.3,36.8,39.3,43.5,23.4,0,0
788,토요일,4,422,동대문역사문화공원,하선,33,25.5,22.9,28.6,34.2,48.3,55,68.6,65,64.4,65,77.1,66.5,53.1,59.1,52.4,58.7,49.4,58.1,50.4,59.8,53.8,60.2,58,62.6,55.1,52.6,38.2,43.2,38.6,38.3,44.2,35.9,32.6,35,36.4,21.5,0,0
789,토요일,4,423,충무로,하선,30.6,22.3,18.9,23.4,25.4,35.3,44,52.6,57.3,56.6,63.4,66.1,70.4,50.6,53,49,57.8,48.1,59.5,48.3,58.7,52.3,58.8,64.1,59.6,61.4,60,45.3,47.1,40.9,40.1,49.8,37.7,35,34.6,37.3,20.3,0,0
790,토요일,4,424,명동,하선,30.6,20.6,17.2,21.7,23.4,32.2,39.3,47.8,50.6,51.6,55.3,58.2,59.3,45.1,45.9,41.4,49.2,41.9,52.6,43.9,52.9,50.8,53.6,59.9,56.5,58.6,56.3,44.5,44.9,40.8,42.3,51.6,40.8,40.6,40.3,43.2,20.1,0,0
791,토요일,4,425,회현,하선,17.1,22.9,15.6,19.7,21,28.6,33.9,40.8,41.6,43.4,43.8,46.8,49.3,38.4,42.7,35.4,44.8,38.7,43.9,49.4,50.1,56.3,57.1,64.3,58.9,64.4,59.2,48.4,47.4,43.3,47.6,52.3,41.2,40.8,40.1,48,23.1,0,0
792,토요일,4,426,서울역,하선,13.2,13,8.7,9.8,11,17.2,21.1,28.3,29.1,26.2,30,33.3,33,29.7,33.1,27.2,33.7,29.6,32.3,38.9,40.4,43.7,46.2,52.1,48.7,53.2,47.7,34.7,40,35.2,33.6,40.6,33.6,27.8,30.5,35.9,25.2,0,0
793,토요일,4,427,숙대입구,하선,14.7,12.8,8.6,9.6,10.7,16.4,19.5,27.4,28.1,26,29.7,33,32.9,29.7,31.5,28.1,31,29.5,31.3,37.2,39.2,42.6,44.6,50.8,47.6,52,45.7,34,39.5,34.7,33.9,40,34.2,28,29.2,34.8,23.6,0,0
794,토요일,4,428,삼각지,하선,24,15,9.9,10.1,12.3,18.3,21.7,30.6,30.3,28.3,30.3,33.7,33.5,30.2,31.1,28.9,31.5,31.5,32.2,35.5,39.7,44.3,44.2,46.6,55.2,52.9,48.5,35.8,40.2,37,36.1,42.5,38.2,33.4,32.9,41.7,29,0,0
795,토요일,4,429,신용산,하선,24,14.7,9.3,7.8,10.6,15.1,18.4,26.1,28.8,26,28.7,26.9,30.6,28.6,27.5,25.9,27.5,28.4,30.9,32.7,36.8,43,41.5,43.7,52.9,53.2,45.2,38.4,40.6,39.1,35.7,47.5,39.5,37,35.4,44,29.3,0,0
796,토요일,4,430,이촌,하선,28.1,15.2,10.3,8.5,11.9,16.1,21.2,29.8,32.6,30.5,32.9,30.6,35.3,32,28.8,29,28.5,30.9,32,34.6,37.8,44.8,42.8,51.6,52.1,60.2,49,40.7,43,40.7,37.4,50,41.4,39.7,37.6,42.8,33.8,0,0
797,토요일,4,431,동작,하선,0,18.3,11.4,8.6,11.5,15.8,20.6,28.8,36.2,31.8,32.4,31.8,37.9,31.9,28.9,29.6,27.7,31.5,32.2,36.3,36.1,46.2,45.1,52.3,52.7,62.2,55.2,40.4,45,41.8,38.1,49.9,45.4,38.5,41.5,43.6,35.6,0,0
798,토요일,4,432,총신대입구,하선,0,20.1,12.5,9.9,13.7,18.4,22.9,34.5,40.9,36.3,36.2,37,42.3,37.3,32.6,31.5,30.6,34,32.3,35.3,36.2,47.2,45.3,53.9,54.9,53.2,55.8,43.5,42.4,42.7,39.7,50.2,46.6,40.8,40.2,47.6,34.3,0,0
799,토요일,4,433,사당,하선,11.9,12.2,9.7,6.5,11.6,20.3,17.8,40.4,32.7,34.3,40,25.4,35.1,29.5,20,31.4,21.5,34.7,28.3,27.2,33.6,33,36.4,47,36.2,46.3,37.7,32.1,40.8,37.7,28.8,45.4,29.9,43.8,26.2,32,45.7,10.5,0
800,토요일,4,434,남태령,하선,11.8,24,17.5,14.8,19,25.2,38.3,62.2,80.2,57.2,66.3,64.9,57.9,57.9,42.8,45,50.7,51.9,46.5,56.4,58.1,64.2,63.4,77.3,66.3,64.5,78,63.8,55.4,65.9,57.4,61.6,78.6,71.2,59.8,63.6,38.5,17.6,0
801,토요일,5,2511,방화,상선,0,0,0,0,0,0,0,0,0,0,0,0,0,0,0,0,0,0,0,0,0,0,0,0,0,0,0,0,0,0,0,0,0,0,0,0,0,0,0
802,토요일,5,2512,개화산,상선,2.4,1,1.2,0.5,1.2,1.5,1.5,1.7,1.9,1.9,2.6,3.3,2.7,2.5,2.4,2.6,3.1,3.3,2.9,3.3,3.2,3.4,4.1,4.2,3.8,3.7,3.8,3.3,3.7,2.6,2.9,2.7,2.8,3.3,2.4,2.3,2.3,2.2,0
803,토요일,5,2513,김포공항,상선,3.6,2.3,2,1.2,1.7,2.9,2.9,2.9,3.5,3.1,4.6,5.2,4.7,4.4,4.8,5.8,5.2,5.1,5.7,6.6,5.8,5.2,8.8,7.3,6.7,6.9,6.6,5.5,6.1,5.4,5.4,5.4,5.1,5.8,4.2,4.4,4.8,4.9,0
804,토요일,5,2514,송정,상선,20.8,10.9,8.2,5.8,7.2,8.5,8.5,10.1,10.6,10.9,13.3,15,14.5,12.6,14.2,14.9,14,14.9,14.8,16.2,14.9,14.8,19.2,18.8,17.4,16.6,14.9,13.5,13.6,11.4,11.2,10.8,9.9,9.8,8.6,7.2,5.7,5.5,0
805,토요일,5,2515,마곡,상선,21.4,11,8.2,6.7,8,8.9,9.5,10.7,12,11.5,13.7,15.6,14.7,14,15.3,16.2,14.7,15.8,16,18,16.4,15.8,22.6,20.8,19.5,18.6,16.8,15.6,15.6,13.1,13.2,12.7,11.9,12.1,9.7,8.6,8.1,6.9,0
806,토요일,5,2516,발산,상선,25.8,14.6,10.1,7.6,9.3,10.4,12.1,12.7,14.2,14.2,16.6,18.3,17.5,16.3,19.3,19.7,16.8,19,18.7,20.7,19.8,21.6,24.2,23.1,24.8,21.1,18.7,18.1,17.7,14.6,15.4,14.6,13.4,14.1,10.9,9.5,10.1,8.8,0
807,토요일,5,2517,우장산,상선,26.8,16.6,11.5,8.8,11.8,14.6,18.6,16.7,22.3,19.6,24.7,25.1,24.2,22.8,26.8,27,24.9,25,24.6,25.6,24.1,26.8,31.4,28.2,30.2,28.4,24.7,23.1,20.7,18.1,17.8,17.9,14.1,16.2,12.1,10.9,12.1,0,0
808,토요일,5,2518,화곡,상선,25.4,16.4,11.6,9.3,12.6,15.7,20.5,19.1,23.5,21.2,25.5,24.6,24.8,24,28.3,29.9,26.7,26.3,28.1,27.7,26.7,31.6,34.1,33.3,35.3,32.8,29.1,27.5,25.2,21.9,22.2,23,18.4,20.4,17.2,14.4,16.5,0,0
809,토요일,5,2519,까치산,상선,19.7,15.1,10.3,10.4,12.6,17.5,20.5,19.1,24.3,21.4,25.7,24.3,25.8,26.2,30.5,29.6,32.5,31,32.5,34.5,33.5,40,42.6,43.3,48,44,40.4,35.5,34.7,32.7,33.1,35.3,29.3,30.6,27.5,23.4,26.2,14.7,0
810,토요일,5,2520,신정,상선,13.8,12.2,8.3,8,9,12.8,14.4,15.3,19.1,16,20.4,21,22.1,23.7,26,27.1,29.7,29.6,32.3,33.7,35.2,42,46.6,49,51.6,47.5,46.6,39.6,39.7,36.8,38.3,43.1,37.5,35.4,32.1,30.7,32.4,21.6,0
811,토요일,5,2521,목동,상선,12.4,11.9,8.2,7.4,9,12.8,14,14.5,18.2,16.1,20.3,21,22.8,25,26.2,27.1,30.3,31.9,33.9,35.7,37.5,44.9,51.1,52.7,55.9,48,54.5,43,43.9,40.2,43.2,47,41.8,38.6,36,34.4,38.1,26.4,0
812,토요일,5,2522,오목교,상선,11.1,12.2,9.5,8,10.4,13.7,15.4,16.8,20.4,17,21,23.1,24.7,27.2,29.3,30.1,32.5,34.2,37.9,39.5,42.5,52.3,57.3,61,60.6,54.5,61.8,48.6,48.6,48,50,54.1,48.1,42.3,40.8,39.6,43.5,33.7,0
813,토요일,5,2523,양평,상선,10.2,12.9,9.6,9.2,12.2,16.5,19.6,22,26.4,20.3,26.3,27.9,30.1,30.8,35.5,34.7,37.4,39.6,39.7,48.6,47,55.4,66.6,67,67.5,59.9,65.5,49.8,52.2,50.6,53.2,57.1,48.9,43.3,43.5,43.6,44.2,0,0
814,토요일,5,2524,영등포구청,상선,10.3,13.4,9.8,9.3,12.4,16.7,20.4,22.7,26.8,21.2,26.7,30.1,28.7,31.5,36.4,35.6,38.2,41.4,41.2,40.6,59.4,56.4,67.8,68.3,70.7,57.8,67.3,52.9,52.6,52.4,55.6,59.3,50.3,44.2,46.4,43.9,46.5,0,0
815,토요일,5,2525,영등포시장,상선,6.3,9.4,7.2,6.5,8.6,12.2,14.3,15.6,19.2,18.1,19.8,22.6,22.7,26.5,29.2,28.7,29.9,32.3,34.9,33.1,51.2,47,56.2,58,59.7,53.7,53.8,43.9,41.7,42.9,44.1,52.2,40.8,35.7,35.4,32.1,31.4,0,0
816,토요일,5,2526,신길,상선,7.1,8.7,7.5,7.1,8.9,13.7,14.1,16.9,20.1,19,21.4,24.8,26.6,29.5,31.5,31,30.2,34.8,36.8,32,49.3,49,57,57.2,62.6,52.4,53.6,43.9,42.5,43.2,44.5,51.7,42,36.2,36.4,33.2,33.5,0,0
817,토요일,5,2527,여의도,상선,6.2,9.3,7.5,7.5,9.4,13.9,14.7,17.3,18.5,20.5,22,26.8,27.2,30.2,33,33.6,34.4,35.9,41.7,39,54.6,60.4,65.9,65,67.8,61.7,59,52.3,51.6,51.6,54.2,63.3,48.5,43.7,41.1,34.7,24.2,0,0
818,토요일,5,2528,여의나루,상선,8.1,12.5,8.5,9.3,11.8,17,19.1,24.1,22.4,23.8,24.4,30.8,30.9,32.5,37.2,37,36.7,39.8,41.8,48.6,47.9,60,64.5,64.9,65.1,60.1,57.9,54,47.4,48.9,51.9,60.1,43.9,43.1,34.7,35.8,22.2,0,0
819,토요일,5,2529,마포,상선,7.7,13,9,10,12.6,18,20.4,26.6,24.3,29.5,30.7,37.3,36.5,40.7,44.8,44.4,48.6,49.2,49.2,57.9,48.3,77.8,70.4,70.4,67.9,59.8,54.2,50.6,42.6,41.5,43.6,48.4,36.7,34.7,27.8,31.3,21.7,0,0
820,토요일,5,2530,공덕,상선,7.2,13.8,9.8,10.1,12.4,17.8,21.1,26.4,24.4,29.9,30.9,38.1,37.4,41.6,44.2,43.2,47.6,48,52,55.8,48.3,74.6,72.8,72,69.1,61.3,55.6,51.4,43.1,41.7,44.9,47.1,34.9,34.2,28.3,31.3,23,0,0
821,토요일,5,2531,애오개,상선,7.4,12.3,8.5,9.8,11.2,15.2,18.8,23.3,22.1,26.6,27,32,37.3,36.1,37.7,37.9,42.1,42.6,48.5,55.1,48.4,70.1,74.5,73.6,72.5,61.9,57.6,52.1,46.5,45.5,49.8,49.8,35.9,33.2,28.9,29.9,22.3,0,0
822,토요일,5,2532,충정로,상선,10.4,11.9,7.6,9.4,11.3,15.8,18.5,22.5,21.2,25.4,26.1,30.9,36,34.6,37,36.5,41.5,41.2,50.2,54.8,57.4,64.2,74.2,73.9,72.5,63.2,55.7,52.8,47.6,46.4,53.5,47.3,36.5,33.8,27.8,30.2,23.2,4.1,0
823,토요일,5,2533,서대문,상선,9.9,11.7,7.4,9.1,10.9,16.5,17.5,22,21,24.8,26.2,31.1,35,33.3,36.2,36.8,40.1,40.5,50.9,52.3,56.2,62.9,72.5,73.6,71.8,62.5,54.9,52.6,47.9,46.2,53.7,45.6,36.1,33.1,28.2,29.3,18.9,4.6,0
824,토요일,5,2534,광화문,상선,8.8,12.1,8,9.3,12.5,17.9,18.7,23.1,22.9,26.3,27.5,33.8,34.9,34.7,36.5,37.3,39.7,41,48.3,50.1,54.8,62.6,70.2,72,67,61.5,52.9,51.9,46.8,45,56.2,45.7,36.4,33,28.6,29.8,15.6,0,0
825,토요일,5,2535,종로3가,상선,10.6,15.8,10.8,11.2,14.6,22.4,23.7,29.8,32.4,34.4,39.4,44.9,49.8,50,57.1,60.1,63.3,65.7,62.4,59.3,60.3,62.1,62.9,59.1,57.7,48.9,40,35.5,33.5,30.9,31.2,32.5,27.2,24.8,24.5,27,15,0,0
826,토요일,5,2536,을지로4가,상선,9.4,15.4,10.6,11.3,15.5,23.4,26.9,33.5,38.4,38,42.9,47.8,52,53.3,59.2,58.2,62.6,60.7,60.5,53.6,55.8,56.9,57.7,51.7,47.4,38.3,32,27.1,24.3,21,22.7,22.7,19.5,16.7,18.3,18.8,11.4,0,0
827,토요일,5,2537,동대문역사문화공원,상선,10.1,15.4,10.8,12.2,16.2,23.1,26.8,32.8,35.5,38.8,41.2,48.2,48.7,51.5,55.7,54.7,58.8,55.9,57,49.3,50.8,51.5,54.6,45.6,41.3,33.2,27.5,22.5,20.5,17,21.4,20.1,17,14.6,15.1,17.9,9.9,0,0
828,토요일,5,2538,청구,상선,12.2,15.9,12.3,14.6,18.5,28.6,32.2,36.5,40.1,44,47.2,54.9,52.7,56.5,56.1,59.6,60.8,57.8,59.1,50.5,49.8,48.8,52.9,43.6,40.4,32,27.7,21.3,20.5,16.5,28.7,21.3,18,18,15.8,15.3,7.9,0,0
829,토요일,5,2539,신금호,상선,14.1,16.1,12.9,15.9,20.1,31.1,35.5,40.9,42.2,48.4,52.8,59.8,57.6,63,61.4,60.5,72.8,62.4,65.3,54,56.2,51.8,56.8,50.2,44.1,37.1,30.5,24.6,21.9,18.7,33.3,25.2,20.3,20,19.1,17.5,11.5,0,0
830,토요일,5,2540,행당,상선,13.3,16,12.5,15.4,19.7,32.4,34.2,39.5,42.7,48.7,51.6,58.7,56.4,62,61.4,59,72,61.5,57.5,60.3,56,54.3,54.4,49.7,44.4,37.3,29.5,25.6,22.7,19.3,33.9,24.6,21.6,20.7,19.7,18.7,12.6,0,0
831,토요일,5,2541,왕십리,상선,12.4,15.6,12.1,15.4,19.6,31.3,32.9,39.4,41.5,46.9,50.4,57.3,53.9,60.3,59.8,57.7,70.6,58.5,57.5,59.1,55.1,53.3,54.3,49.5,43.3,37.9,29.9,26.8,23.1,23.1,34.2,25.6,21.9,21.4,21.1,19.8,9.2,0,0
832,토요일,5,2542,마장,상선,21.8,20,15.8,21.4,28.1,41.7,44.2,53.3,54.8,58.4,65.8,71,69.5,74.3,74.1,70.6,82.5,70,68.6,69.1,63.6,66.4,65,58.9,52.5,44.9,35.1,30,25.6,25.7,41.8,30.9,25,25.4,23.5,20,10,0,0
833,토요일,5,2543,답십리,상선,21.1,18.9,15.3,21.1,27.7,40.7,43.8,54.4,50.8,56.9,64.9,69.8,69,72.3,73.1,76.9,75.6,68.9,67.8,68,63,65.7,64.4,58.2,50.3,41.7,35.7,29.2,23.7,27.4,41.3,30.6,24.7,24.8,22.4,20.9,10.2,0,0
834,토요일,5,2544,장한평,상선,18.4,18.9,14.5,21.2,26,38.8,41.7,51.2,48.8,54.5,61.8,66.2,65.7,70.4,68.6,74.1,71.5,65.9,68.6,61.6,61.1,61.6,63.2,56.1,49.7,41.1,34.8,29.7,23.8,30,44.1,32.3,23,25.2,23.1,19.6,10,0,0
835,토요일,5,2545,군자,상선,16.2,18.8,15.2,21.1,27.1,39.3,40.9,49.5,47.2,53.9,60.4,63.4,63.6,67.4,66.1,72.9,69.5,63,67.3,57.5,62.1,59.5,61.3,53.5,47.1,40.8,35,28.9,24.1,30.2,44.7,30.8,24.8,26.8,24.2,21.2,13.3,0,0
836,토요일,5,2546,아차산,상선,24.9,19.6,17.1,24.3,30.3,48,51.1,57.1,56.6,63.4,68.3,71.1,74,73.6,74.8,85.2,76.7,72,76.1,68.5,69.8,73.3,74.4,63.8,60.2,54.9,42.8,35.2,32.3,38.4,54.8,38.7,33,34,33.1,24.8,15.1,3.6,0
837,토요일,5,2547,광나루,상선,22.9,15.7,15.8,21.9,29.7,45.6,48.9,54.3,56.4,61.9,66.2,68.9,72.5,67.3,79.1,81.8,70.2,70.9,71.5,63.9,65.9,75.4,64.1,60.3,57.5,52.2,39.2,34.2,30.5,42.1,52.8,36.8,32.4,33.4,33.2,24.5,11.5,0,0
838,토요일,5,2548,천호,상선,22.3,15.4,15.4,21.5,31.4,44.9,47.1,56,58.2,60.6,68.9,70.5,68.5,65.3,78.8,77,68.5,71.9,64,61,63.7,71.1,60.2,59,56.5,49,38.4,34.4,28.2,41.3,46.3,34.4,31.7,33.1,30.6,22.4,11.6,0,0
839,토요일,5,2549,강동,상선,20.3,14.3,14.1,20.8,30.9,41.3,41.4,56.8,53.8,53.1,67.9,65.7,57.8,64.7,76.1,66.7,65.5,69.2,55.5,54.2,62.1,60.7,52.7,56.7,47,38.7,32,30.5,21.2,41.6,41.5,30.1,27.6,26,28,15.5,7.3,0,0
840,토요일,5,2550,길동,상선,31.3,20,21.5,32.4,43.9,59.5,65.9,74.1,73,81.1,87.4,88.9,87.1,88,88.7,91.1,83.6,79.9,70.1,73.8,71.8,74.1,72.3,62.1,51.5,51.3,40.3,33.1,28.4,30.8,28,24.1,25.8,24.9,30.8,19.1,12.4,2.3,0
841,토요일,5,2551,굽은다리,상선,28.7,18.1,19.6,29.7,40.8,55.1,64.4,70.4,70.8,75.2,80.7,81.4,81.4,81.8,81,83,76.6,71.3,64.8,67.2,64.7,68.2,68,57.2,47.5,46.9,37.6,29.9,27,28.4,26.2,22.1,23.2,26.9,28.6,18.2,7.9,0,0
842,토요일,5,2552,명일,상선,23.4,13.5,18.7,27.9,36.2,48,57.2,61.4,63.1,68.8,72.1,72.6,72.6,73.1,73.4,74,69.2,61.4,59.4,60.5,58.3,61.5,58.7,51.9,44.1,39.7,33.3,26.7,23.6,25.5,22.5,19.9,22,25.6,25.4,16.7,7.8,0,0
843,토요일,5,2553,고덕,상선,22.2,10.4,20.7,24.6,33.5,45.4,53.4,56.9,58.2,62.3,64.7,66.1,66.7,65.8,66.7,67.8,60.6,54.5,54.1,57.6,53.9,58.3,56.1,48.1,41.4,38.2,31.4,26.9,23,25.1,21.6,20.8,20.8,28.1,20.4,15.6,8.2,0,0
844,토요일,5,2554,상일동,상선,14.8,11.7,19.4,22.6,30.9,41.1,49.7,52.3,53.7,57.4,58.3,59,60.3,58.4,59.4,59.6,54.6,48.9,48,49.2,47.3,50.7,46.2,41.6,36.2,42,18.4,31.7,15.2,20.7,19.9,18.8,17.3,22.6,18.2,13.9,8,0,0
845,토요일,5,2562,강일,상선,28.6,16.6,14.7,16.8,24.9,31.8,36.1,39.1,41.2,42.6,43.4,44.1,45.1,43.9,43.9,47.5,40.8,39.5,36,39.6,38.3,43.4,36.5,33.8,29.8,37.6,27.3,28.9,19.2,17,18.2,18.4,16.6,21.5,18.2,13.3,4.3,0,0
846,토요일,5,2563,미사,상선,25,13.4,13,13.9,20.2,26.7,29.8,33,34,34.3,34.9,38.6,37.7,38,36.8,41.1,35.2,34.4,31.8,35,33.8,37.9,32.5,29.2,26.8,34.7,21.1,36.8,18.4,16.4,18.2,18.2,16.6,20.9,18.3,13.2,5.1,0,0
847,토요일,5,2564,하남풍산,상선,17.6,8.1,8.5,8.7,12,14.4,17.9,20.4,21.5,20.7,21.3,22.5,21.5,23.6,22,23.4,21.1,22.6,21.5,19.9,22.7,23.8,19.5,19.8,19.2,24,16.1,25.6,12.3,11.4,9.9,10.7,9.7,12.3,8,6.2,2.5,0,0
848,토요일,5,2565,하남시청,상선,15.3,7.9,7.3,8,10.5,12.2,15.4,16.8,18.8,17.6,18.7,18.9,18.4,20.5,19.2,20.1,17.2,19.5,18.2,16.7,18.2,18.8,16.7,16.5,16.5,21,13.4,22.9,10.4,9.8,8.7,8.8,8.2,12.7,6.6,5.5,2.5,0,0
849,토요일,5,2566,하남검단산,상선,6.7,3.7,2.4,3.4,4.6,5.7,6.3,7.8,7.4,8,9.4,7.9,8.4,9.6,8.6,8.8,8.3,9.2,9.3,7.4,9.5,10,9.2,8.2,8.6,16,7.5,12.9,5.9,5.5,4.9,5.7,4.3,8.7,4.1,3.1,1.6,0,0
850,토요일,5,2555,둔촌동,상선,10.5,10,10.9,13.3,17.2,25.4,28.1,33.3,35.5,37.6,39.5,41,44.7,43.2,48.6,54.9,49,48.2,43.3,43.8,41.6,47.3,41,45,40,36.7,27.3,22.7,21,66,58,38.3,33.6,31.5,25.9,17.6,4.7,0,0
851,토요일,5,2556,올림픽공원(한국체대),상선,8.6,9.2,9.3,11.3,17.1,21.7,24.2,28.3,30.4,31.3,35,35.4,38.1,37.5,42.9,51,46.7,39.6,37.7,36.6,37.4,41,38.1,39.1,37.4,36.1,26.4,21.6,19.1,64.5,51.4,37.1,31.2,30.9,23.5,15.3,5.1,0,0
852,토요일,5,2557,방이,상선,9.4,10,8.8,12.7,17.5,22.9,24.4,28.7,32.7,30.8,35.6,33.5,36.3,36.4,39.7,44.9,44,34.2,32.8,32.3,33.6,36.4,31.8,31.4,28.6,27,19.9,17.1,15.6,14.3,13.5,16.5,13.8,21.5,18.7,11.9,4.6,0,0
853,토요일,5,2558,오금,상선,8.1,9.1,8.2,10.9,16.1,21.1,23,26.5,29.3,28,31.7,29.8,32.6,33.9,35.2,37.1,40.8,29.4,29.3,27.8,29.6,31.3,28.9,27.3,25.6,22.7,16.8,14.8,13.3,11.9,10.2,12.5,9.5,13.6,15.6,10.3,4.2,0,0
854,토요일,5,2559,개롱,상선,12.1,9.5,8.9,13.1,17,21.9,24.3,25.9,29.7,26.7,28.3,25,27.4,29.1,29.5,30.1,28.3,25.4,22.9,23.2,21.6,23.2,21.9,19.6,15.9,15,10.9,8.1,7.8,7,6.3,5.7,5.7,6.3,6.1,3.8,2,0,0
855,토요일,5,2560,거여,상선,9.6,7.2,6.6,10.2,13,17.3,18.5,20.1,21.5,21.2,19.8,18.4,19.4,21.5,21.5,21.2,20.9,19,17.2,17.5,15.3,17.3,15.7,13.1,12.1,10.6,7.4,6.5,5.8,4.8,4.3,4,3.5,5.8,4.6,2.3,1.4,0,0
856,토요일,5,2561,마천,상선,4.8,2.8,3.7,5.2,5.5,7.6,9.1,8.7,8.4,9,8.3,7.6,8.2,8.7,9.6,8.3,8.4,7.4,6.7,8.1,6.4,7.5,6.9,5.5,6.4,5.3,3.5,2.7,2,2.1,1.8,1.4,1.4,3,1.6,0.9,0.6,0,0
857,토요일,5,2511,방화,하선,2.2,1.6,1.5,2.1,2.4,3.1,4.2,4,4,3.8,4.3,4.3,4.4,4.2,4.4,4.2,4.2,3.7,3.2,3.4,3.4,3.5,3.7,3.3,2.4,2.1,1.8,1.6,1.7,1,1.2,0.9,1,0.7,0.6,0.8,0.7,0,0
858,토요일,5,2512,개화산,하선,4.8,2.6,2.8,3.5,4.6,5.6,7.4,7,7.3,7.1,7.9,7.3,7.5,7.7,7.4,7.2,6.9,6.8,5.9,5.3,6,5.9,6.8,5.9,4.4,3.9,3.8,3.4,3.1,2.1,2.5,2.1,1.7,1.7,1.2,1.4,1.1,0,0
859,토요일,5,2513,김포공항,하선,3.3,4.6,4.4,6.5,7.4,9.5,13.2,15.3,14.1,14.9,15.8,16.1,15.5,16.8,16.1,15,17.2,16.9,16.3,17,16.6,17.8,18,16.7,16.7,14.3,15.1,12.8,9.9,9.8,9.8,8.1,7.9,10.3,10.2,9.8,5.8,0,0
860,토요일,5,2514,송정,하선,4.8,5.5,4.5,7.2,7.8,11.8,15.3,18,17.3,17.8,17.8,19.5,18.1,18.9,19,17.4,18.8,18.6,19.1,18.7,19,19.2,20.1,18.2,18.6,14.2,16.4,13.7,10.8,10.2,10.4,8.9,7.8,10.3,10.3,9.9,6.2,0,0
861,토요일,5,2515,마곡,하선,6.1,5.5,4.8,7.3,9.6,13.8,16.4,19.3,18.9,19.3,19.2,21.6,20.2,22,21.6,21.5,22.1,22.2,22.5,22.5,22.6,24.8,23.4,21.3,21.2,18.9,18.5,14.4,14,13.1,11.6,10.9,9.8,11.9,12.4,10.8,6.6,0,0
862,토요일,5,2516,발산,하선,7.5,5,5.6,8.5,10.5,15.8,16.5,20.5,19.3,20.7,21.7,23.4,22.7,27.8,26,27.3,28.5,28,28.4,31.2,29.6,31.6,32.1,29.9,25.4,24.1,23.6,19.4,18.9,17.3,16.6,16.4,15.4,19.6,20.7,15.4,12.1,0,0
863,토요일,5,2517,우장산,하선,10.4,6.1,7.4,9.6,13.6,18.8,21.4,24.9,24.6,25.7,26.9,28.8,28.9,32.6,31.9,33.6,31.7,31.5,31.5,34.1,33.4,33.6,33.5,32.1,27.3,27.5,22.6,20.1,18.6,17.7,16.2,17.1,14.8,19.7,19.7,15,11.1,0,0
864,토요일,5,2518,화곡,하선,14.4,10.1,11.8,15.7,21.9,29.1,32.1,38.7,36.8,36.7,37.7,41.8,40.4,43.9,43.4,44.9,41.3,40.6,40,42.2,40.2,40.7,38.2,37.6,31.1,29.7,24.6,21.6,19.6,18.8,16.4,17.2,15.5,19.3,19.7,14.8,7.1,0,0
865,토요일,5,2519,까치산,하선,20.7,13.1,14.5,18.1,25.2,33.6,39,46.5,42.6,41.2,41.3,46.9,45.4,48.3,49,49.1,45.2,42.3,41.5,41.5,37.8,40.8,36.7,36.8,29.7,26.8,21.8,19.9,17.1,15.1,14.6,14.5,12,15.2,16.2,12.3,12,0,0
866,토요일,5,2520,신정,하선,25,15.8,15.9,20.4,28.8,36.7,44.5,53.5,48.4,46.8,45.2,51.9,51.6,52,53.6,53.4,50.4,46.1,44.4,44.3,41.3,41.8,38.9,38.5,32.4,27.4,23.8,19.5,18,14.7,14.3,14,11.7,14.6,16,11.7,10.7,0,0
867,토요일,5,2521,목동,하선,27.9,17.9,17.5,22.3,31.8,41.1,49.7,55.9,52.2,52.5,51.1,57.6,57.5,58,61.8,58.9,56.2,51.3,49.2,48.9,46.7,46.5,44,42.8,36.5,30.8,26.1,22,19,15.8,14.6,14.6,12.6,16,16.5,11.9,10.5,0,0
868,토요일,5,2522,오목교,하선,30.7,19.1,18.1,22.2,30.7,43.3,49.2,57,52,54.3,54.2,60.5,60.3,61.9,67.7,64.2,63.6,56.7,55.3,55.2,51.4,50,53.8,50.7,44.6,35.4,30.4,26.8,22.8,19.2,21.1,19.4,16.2,20.6,19.9,15,11.6,0,0
869,토요일,5,2523,양평,하선,31.3,19.7,18.4,23.4,31.7,44,50.2,58.5,53.5,56.1,56.9,61,62.5,64.8,69.7,65.7,67,58.5,59.7,54.5,53.2,52.2,55.7,52.8,47.2,36.8,31.4,27.5,23.5,19.9,21.5,20.6,16.5,21,20.6,14.8,11.5,0,0
870,토요일,5,2524,영등포구청,하선,26,15.3,15.1,18.8,23.9,32.8,39.1,44.9,43.1,43.3,45.5,48.4,50.1,52.9,55.6,54.4,52.5,49.5,48.8,45,44.6,40,44.5,41.8,35.3,28.8,23.5,20.5,17.6,15,15.8,14.8,10.7,14.9,14,11.5,9.8,0,0
871,토요일,5,2525,영등포시장,하선,25.9,15.9,14.9,18.5,24,32.8,36.8,45.5,42,42.2,45.6,48.5,49,52.3,52.6,57.4,53.8,50.8,49.8,46.1,47.1,42.4,48.9,43.7,36.6,30.5,24.9,22.3,18.7,16.2,16.8,16.2,12.2,15,16.1,11.7,8.8,0,0
872,토요일,5,2526,신길,하선,31.2,19.6,15.6,18.6,23.9,35.5,38.5,49.1,45.7,47,51.4,55,57,60.4,61.5,67.3,64.8,61.8,60.2,53.3,56.1,46.7,57.5,50.7,43.7,34.8,29.7,23.6,20,17.9,17.6,16.6,12.8,15.7,17.4,12.9,8.2,0,0
873,토요일,5,2527,여의도,하선,26.9,18.1,13.5,15.1,19,27.2,29.6,38.6,38,40,44,50.7,52.7,56,58.4,69.1,65.3,64.2,59.4,64.5,65.2,56.3,68,60.8,51.1,42.4,37.4,30.1,27.5,24.9,25.6,23.9,18.5,20.4,20.3,15.4,10.6,0,0
874,토요일,5,2528,여의나루,하선,26.3,17.8,13.1,14,18.3,25.7,28.7,37.7,36.5,37,40.9,47.9,49.7,51.1,57,58.3,57.6,54.7,55.6,59.1,59.4,55.5,73.9,58.3,52.5,47.3,44.4,37.2,33.5,32.6,37.1,33.1,24.6,27.7,26.5,19.4,12.8,0,0
875,토요일,5,2529,마포,하선,25.6,16.4,12.3,12.6,17.6,25.3,27.9,36.3,36.9,37,41.3,45.4,50,50.8,58,61,60.1,56.1,56.2,61.2,59.9,62.3,66.6,58.2,50.9,47,43.4,37.7,33.7,33.9,35.5,33.1,25,26.8,27.5,20.6,12.1,0,0
876,토요일,5,2530,공덕,하선,22.4,15.4,11.1,11.5,17.1,25,26.5,36.9,38.6,38.5,43.4,48.5,52.6,54.3,61.4,65.2,64.9,59.9,62.5,60.6,62.4,63.6,62.9,55.6,48.8,40.8,37.6,31.9,27.7,27.7,27.3,27.2,21.4,21.6,22.2,19.2,8.8,0,0
877,토요일,5,2531,애오개,하선,14.8,14.4,11.8,11.5,15.6,24.3,26.6,34.2,40.6,38.4,43.1,49.4,53.3,54.4,62.1,65.6,65.3,63.9,60.4,60.8,66.8,60.4,64.6,56,48.7,41.5,36.7,31.4,27.2,27.1,26,26.9,20.7,21,21.5,19.5,9.1,0,0
878,토요일,5,2532,충정로,하선,14.4,14.4,12.1,11.1,15.4,24.3,26.5,32.2,39.5,37.4,42.8,48.9,51.7,54.1,62,63.6,65.4,64.1,60.3,60.4,65.8,60,64,56.2,50.9,40,35.8,30.2,27.6,25.7,24.9,25.6,20.3,19.8,20.9,18.8,11.4,0,0
879,토요일,5,2533,서대문,하선,15.2,13.9,11.4,11.2,13.2,23.4,25.1,31.7,37.4,36.4,41.1,49,50.5,53.4,62.5,62.4,66.1,65.4,62.9,63.8,67.8,63.4,65.8,59.2,53.2,42.6,38.1,32.9,29.4,26.9,26,25.8,20.4,20.1,22.3,19.2,10.9,0,0
880,토요일,5,2534,광화문,하선,13.8,10.4,8.3,10.2,11.5,19,21.7,27.2,28.7,29.6,33.9,37.6,40.2,42.6,47.5,45,47.8,50.8,51.3,59.4,64,70,77.3,69.4,70.4,56,50.7,45.3,43.2,43.9,45.1,36.7,29.6,28.5,25.7,21.8,11,0,0
881,토요일,5,2535,종로3가,하선,6.9,11,7.9,8.8,9.4,15.8,16.2,21.5,21.6,23.7,23.4,28,27.3,30.7,35.5,34.6,36.8,40.1,39.1,47.6,54.1,61.5,68.7,61.2,65.7,52.2,52.6,49.9,46.1,49.9,51.9,45,35.6,36.7,31.6,30,16.1,0,0
882,토요일,5,2536,을지로4가,하선,7.1,10.6,7.6,7.5,8.5,14.7,14.5,20.1,20.5,20.7,20.7,23,25.6,27,30.9,32.4,32.6,37,36.5,44.9,51.3,56,66.1,57.1,62.3,51.2,49.2,48.9,44.6,51.3,49.1,43.9,34.4,34.6,30.5,29.9,16.7,0,0
883,토요일,5,2537,동대문역사문화공원,하선,10.7,12.2,8,8.4,9.1,15.8,14.9,22,21.1,23,20.5,23.3,25.4,27.2,32,32.2,32.8,36.6,38,46.6,50.5,61.6,65.1,53.3,68.5,54.1,50.8,51.4,45.7,50.5,49.4,44.4,38.6,35.4,35,33.2,20.7,0,0
884,토요일,5,2538,청구,하선,17,16.3,9.5,10.3,12.3,16.2,17.4,24.5,23.6,23.7,25.7,26.1,28.4,30.8,37,35.6,36.1,40.5,41.7,49.8,53.8,65.7,68.6,61.3,73.1,57.5,51.7,53.3,50,53.4,50.2,48.6,42,39.8,39.6,38.1,27.7,2.9,0
885,토요일,5,2539,신금호,하선,18.7,16.5,10.2,9.9,12.5,16.5,17.6,23.5,23.7,23.9,26.1,26.9,28,31.2,37.5,35.7,35.6,40.1,41,51.2,51.6,61.1,70.2,60.1,75.7,56.6,50.9,52.2,48.6,51,50.5,47.6,43.2,37.4,38.8,36.8,25.9,2.4,0
886,토요일,5,2540,행당,하선,21.1,16.9,10.6,10.2,13,16.7,19.3,24.7,25,25.6,27.8,28.2,29.3,31.7,37.4,36.6,35.1,40.1,42.1,48.6,51.3,60.8,69.6,64.9,66.2,55.5,52.6,48.1,47.2,50,48.7,48,41.8,36.6,37.1,38,25.9,2.1,0
887,토요일,5,2541,왕십리,하선,13.7,20.9,12.3,11.3,14.8,17.9,22.1,26.2,28.8,29.1,30.9,32.9,36.5,35.2,43.6,40.6,44.6,48.3,51.8,57.9,65.2,67,79.3,77.3,79.1,68.1,65.5,58.1,56.2,63.4,60.1,61.5,56.9,52.7,51.1,50.9,37.4,0,0
888,토요일,5,2542,마장,하선,6.8,20.9,12.1,11.4,13.9,18.4,21.9,26.6,28.9,29.3,31.1,32.5,36.2,35.4,43.2,40.7,44.6,45.5,52.5,57.1,64.5,65.9,68.9,83.7,76.7,66.9,63.9,59.3,53.2,62.9,57.8,61.1,56.3,51.8,50.3,49.9,36.1,0,0
889,토요일,5,2543,답십리,하선,11.5,21.6,12.8,12.2,14.4,19.9,23.1,27.1,30.8,29.9,32,32.1,36.6,35.5,42.8,40.6,45.6,43.7,52.6,48.3,68.9,65.8,67.4,80.7,80.9,60.8,61.8,56.2,51.1,60.4,56.9,58.4,53.1,49.8,47.6,47.3,40.1,6.5,0
890,토요일,5,2544,장한평,하선,16.7,22,12.9,11.6,15.9,20.5,24.4,29.5,31.8,31.3,32.9,32.4,36.8,36.2,41.7,41.3,44.4,43,53.5,48.5,66.5,66.6,67.9,77.1,79.5,59.5,57.6,59.3,50.5,54.3,53.7,56.7,50.2,45.1,46.1,36.5,44,5,0
891,토요일,5,2545,군자,하선,16.2,29.4,20.2,17.7,19.9,32.1,35.5,42.3,45.7,42,44.9,44.8,46.5,51,54.2,55.2,55.3,53.9,62.2,56.5,78.9,79.4,83.1,77.8,87.2,67.5,64.8,63.5,62.2,58,59,60.4,55.2,50.9,48.8,45.6,48,0,0
892,토요일,5,2546,아차산,하선,17.6,30.2,19.5,18,20.3,32.8,34.9,39.6,41.9,38.9,41.4,40,44.2,48.6,51.3,52.5,53.7,52.4,61.8,56.1,73.3,76.4,82,76.2,84.6,70.2,63.4,61.9,59.2,57.8,54,57.9,55.3,46.9,46.3,43,44.5,0,0
893,토요일,5,2547,광나루,하선,17.4,31.1,19.2,18,19.7,30.8,34.2,37,36.5,36.2,40,37.2,43.1,47,50.7,51.6,54,52.3,60.8,57.5,71.4,74.2,79.4,77.4,79.9,69.1,65.6,57.6,56.1,57.6,52.2,55.3,55,45.2,44.6,41.8,48.8,11.5,0
894,토요일,5,2548,천호,하선,14.5,25.6,15.1,14.1,19.7,22.7,28.2,30.1,30.6,27.4,34.8,31.2,35.4,40.5,41.7,45.4,50.1,45,49.9,48.5,62.6,61.8,69.2,70,69.2,59.7,59.7,55.2,44.6,55.2,47.3,45.2,43.8,47.5,41,35.7,40.3,8.9,0
895,토요일,5,2549,강동,하선,6.3,14.6,14,16.3,18,27.3,34,33.9,24.2,29.8,36.8,34.2,37.7,42.3,45.6,48.2,49.7,50.7,52.7,49.9,63.2,64.8,68.6,71.2,61.5,56,60.1,53.9,44.2,47.9,52.6,43.1,41.9,46.1,39,32.7,35.6,6.4,0
896,토요일,5,2550,길동,하선,9.2,12.7,15.5,18.6,14.3,28.5,33,34.2,23.1,30.2,37.1,31.8,35.8,38.9,44.7,47.3,49.7,53.2,52.5,50.5,64.7,71.5,82.5,83.8,81.1,70.7,65.2,70.5,56.3,62.6,60.6,63.1,52.7,57.1,50.5,36.9,56.6,13.2,0
897,토요일,5,2551,굽은다리,하선,9.6,12.3,13.9,20.1,13.4,26.7,30.3,30.6,25,27.9,34.4,28.2,31.8,34.4,40.5,43.3,45.6,45.1,49.7,46.2,59.2,60.6,71.9,74.1,71.3,65.2,57.9,63,49,55.3,55.4,54.5,47.1,50.4,47.2,31.5,52.5,10.6,0
898,토요일,5,2552,명일,하선,10.7,11.8,12.8,20.9,15.8,19.3,27.9,30.4,23.3,26.8,32.6,25,29.6,32.8,37.1,39.4,41.8,42.3,46.1,42.8,54.3,55.7,65.6,67.7,55.6,68.3,51.7,57.6,48.6,51.1,51,49.4,43.3,46.5,43,38.2,33.3,8.8,0
899,토요일,5,2553,고덕,하선,8.4,9.2,10.5,17.6,14.3,16.3,21,25.8,18.2,23.2,29.6,21.6,26.2,29.4,34.2,35.7,38,36.1,42.1,39.8,48.8,48.2,57.3,61.1,49.4,62.3,47.7,51.8,43.2,46.9,46.1,39.8,44.7,43,39.1,34.7,29.6,6.6,0
900,토요일,5,2554,상일동,하선,6.8,7.6,8.4,14.2,12.8,13,19.3,23.4,15.9,20.6,26.4,19.6,24.8,22.2,27.9,33.2,29.7,30.8,32.8,31.8,37.9,38,45.8,47.8,39.3,49.9,39.2,41.2,34.9,32.2,33.8,29.4,32.1,32.2,28.1,27,20.7,0,0
901,토요일,5,2562,강일,하선,6.1,6.4,7.5,12.1,11.2,18.1,16.8,22.3,22.4,18.8,23.1,18.7,23.1,20.9,25.6,30.4,27.1,27.8,30.1,29.9,30.1,33.4,41.4,40.4,35,43.8,35,36.3,30.6,28.3,28.8,25.5,28.1,26.2,23.8,23.1,37.1,0,0
902,토요일,5,2563,미사,하선,5.2,3.8,4.2,8.4,9,12.7,11.4,15,14.7,13.7,15.7,13.3,15.3,13.5,16.5,20.1,17.4,17,19.1,17.8,18.5,20,24.3,20.9,20.5,24.9,18,19.6,17.7,13.8,16.2,14.1,15.8,15.8,14.9,13.1,19.7,0,0
903,토요일,5,2564,하남풍산,하선,0,4.3,3.3,4.8,6.9,10,9.6,11.5,13.2,11.7,13.7,11.6,12.4,11.9,14.9,15.6,14.6,14.1,15.8,15.1,14.3,18.8,21.1,17.8,17.1,20.6,15.4,18.1,14.4,12.4,14.1,12.2,13.1,13.8,12.2,10.3,16.3,0,0
904,토요일,5,2565,하남시청,하선,0,2.1,1.5,3,3.4,5.5,6.4,7.5,8.7,7.5,8.3,6.5,7.1,6.9,8.6,9.3,8,8.2,9.1,8.4,7.1,8.3,10,7.6,7.8,9.1,6,8.5,5.5,4.9,6.9,4.8,5.4,5.5,4.5,5.2,0,3.3,0
905,토요일,5,2566,하남검단산,하선,0,0,0,0,0,0,0,0,0,0,0,0,0,0,0,0,0,0,0,0,0,0,0,0,0,0,0,0,0,0,0,0,0,0,0,0,0,0,0
906,토요일,5,9005,강동,하선,4.7,13,11.1,14.5,22.5,24.9,30,30.3,23.6,28.2,37.3,31.4,36.3,40.3,42.7,46,46,41.7,49.6,44,52.3,51.6,53.2,53.9,35.1,42.2,36.9,35.8,32.4,28.3,31.7,26.7,27.9,24.1,22.3,24.5,24,0,0
907,토요일,5,2555,둔촌동,하선,6.6,12.8,9.8,13.2,20.8,20.7,29.9,31.3,21.9,27.8,33.2,29.5,33.5,37.2,38.7,42.9,40.8,37.8,46.6,43.4,48.5,48,45.5,45.6,30,35.7,31.2,29.1,29.8,24.3,26.3,23.9,22.2,20.7,18.9,20.6,19.3,0,0
908,토요일,5,2556,올림픽공원(한국체대),하선,5.7,9.7,7.9,10.8,17.6,16.4,22.7,24.9,16.7,19.5,20.2,19.7,23.8,25.5,25,30.3,24.3,23.5,26.8,25.7,30.6,31.5,34.4,36,28,30.8,33,25.6,28.9,28.4,28.3,26,23.8,21.2,19,20.2,18,0,0
909,토요일,5,2557,방이,하선,5.5,8.9,7.1,10,15.3,15.8,22.4,18.2,14.2,17.6,17,17.6,18.9,21,20,28.4,22.4,19.9,22.9,23.1,24.5,29.9,29.6,31.3,24.5,27.2,28.5,22.5,24.4,24.9,26,24.1,21.9,23.5,17,18,15.2,0,0
910,토요일,5,2558,오금,하선,2,5.1,4.1,5.2,9.8,8.1,15.1,10,9.7,11.5,12,13,13.7,14.6,15,21.3,18.4,14.9,17.6,19.4,19.9,23.2,27.3,31.6,23.3,24.7,27.8,21.8,25.6,18.6,22.2,22.7,18.9,22.7,17.5,16.9,16.6,0,0
911,토요일,5,2559,개롱,하선,1.7,4,3,4.4,5.6,5.9,9.3,7.1,7.3,8.8,9.4,9.7,9.4,10.7,10.4,15.2,13.2,10.7,11.7,14,15.8,14.5,18.6,22.1,16.9,17.6,19.7,15.5,19,13.3,17.8,16.3,14.1,17.7,13.3,11.8,11.8,0,0
912,토요일,5,2560,거여,하선,0.6,2.2,1.4,1.6,2,2.9,4.5,4.3,4.1,5,5.1,5.4,4.4,4.7,4.2,5.9,7,4.9,5.5,6,5.6,6.4,8.4,9.4,6.5,7.3,8.6,6.4,7.2,5,7.4,7,5.8,6.7,5.4,5.3,4.9,2.5,0
913,토요일,5,2561,마천,하선,0,0,0,0,0,0,0,0,0,0,0,0,0,0,0,0,0,0,0,0,0,0,0,0,0,0,0,0,0,0,0,0,0,0,0,0,0,0,0
914,토요일,6,2611,응암,상선,9.7,8.1,7.1,6.5,14.2,20,16.9,31.3,30.8,16.4,31.4,23.8,19.3,32.8,24.5,18.4,34,24.9,20.2,33.6,27.8,22.9,42.5,27.7,23.5,36.3,23.7,17.8,28.2,20.6,15.1,29.5,21.3,20.1,20.8,16.8,13.8,0,0
915,토요일,6,2617,새절,상선,7.2,8.3,7,8.9,10.2,17.8,20.4,21.7,29,20.4,20.6,21.3,24,23.2,24.2,24.5,24.7,25.4,27.1,29.1,32.2,35,39.6,34.6,38.3,36.7,33.6,32.1,29.1,27.9,27.1,31.7,31,29.3,29.5,25,21.5,11.8,0
916,토요일,6,2618,증산,상선,6.1,8.9,7.4,9.2,10.2,18,20.6,20.8,26.5,20.9,20.5,22.2,24.9,23.9,25.4,27.7,26.2,29.6,28.6,32.3,35.3,40.7,45.7,41.7,43.5,43.1,39.3,38,35.1,34,32.5,37.2,38.4,34.9,37,30,27.5,16.2,0
917,토요일,6,2619,디지털미디어시티,상선,5.5,9.6,8,9.1,10.3,17,20.4,19.5,26.6,20.5,21.1,22.1,25.8,23.5,27,30.9,27.9,32.4,30.9,35.5,38.6,43.8,51.7,46.8,48.4,48.7,45,43.1,39.1,38.8,38.2,44.1,45.6,40.3,42,34.6,28.5,0,0
918,토요일,6,2620,월드컵경기장,상선,8.2,11.4,7.5,9,10.5,15.4,16.7,18.4,22.4,17.8,21.2,20.8,24.2,23.9,24.2,30.1,29.1,29.6,31.4,37.2,36.2,42.8,49.2,49.1,48.6,48,44.8,43.6,40.6,39.5,39.3,45.3,42.4,47,43.6,35.1,30.1,0,0
919,토요일,6,2621,마포구청,상선,8.6,11.9,7.7,9.3,11.2,15.9,17.6,19.5,25.6,20.9,24.4,22.1,26.1,25,26.1,32.6,30.1,30.9,31.6,37.7,36.1,41.8,48.3,47.3,46.9,46.5,43.5,42.1,40.3,39.1,39,45.2,42.1,46.3,39.1,38.1,30,0,0
920,토요일,6,2622,망원,상선,7.8,12,8.1,10.6,11.1,16,17,21.5,26.1,21.7,24.6,23.4,25.9,29.6,28.5,33.4,35,33.5,36.5,41.3,39,47.8,50.6,51.7,51.1,51.3,47.4,45.8,43.5,43,45.7,49.2,46.9,51.8,43.4,43.6,35,0,0
921,토요일,6,2623,합정,상선,7.2,12.1,9.3,10.9,11.8,17.7,18.5,23.8,30.1,28.3,34.8,36.6,36.5,42.5,47.1,49.4,53.6,49.1,54.7,57.4,53.5,62.2,63.2,66.4,59.5,60.2,54.7,50.7,48.1,44.7,48.9,49.6,47.5,53.8,45,44.6,33.3,0,0
922,토요일,6,2624,상수,상선,6.6,6.3,6.1,7.1,7.9,11.3,11.8,15.1,18.7,18.4,24.7,25.2,27.7,29.4,35.1,35.9,36.4,33.8,37.5,38.5,37.6,45.4,46.4,50.7,43.9,42.2,41.4,35.8,35.9,32.2,32.7,34.8,31.3,39.2,32.1,30,22.3,0,0
923,토요일,6,2625,광흥창,상선,4.9,6.4,4.8,6.4,8.9,11.8,12.6,16.1,21,19.4,25.9,29.1,31.4,33.6,40.9,39.5,39.3,39.4,41.3,39.7,43.2,49,50.4,54.9,49.7,44.7,48.3,39.7,37.2,34.2,34,35,32,38.2,31.2,28.4,24.4,0,0
924,토요일,6,2626,대흥,상선,4.3,6.5,4.9,6,8.4,10.9,12.2,15.3,20.8,18.5,25.2,27.3,30.5,32.1,39.8,39.1,38.8,39.8,40.7,39.9,43.1,49.1,50.1,55.5,51.4,46.3,49.9,40,38.9,34.8,33.8,34.3,35.3,39.8,31.1,30.2,17.8,0,0
925,토요일,6,2627,공덕,상선,5.2,6.8,4.9,6.4,9.6,10.9,14,18.5,22.6,20.3,28,27.9,31.8,31.9,41.3,39.5,42.1,39.7,41.8,40.6,44.4,47,56.6,56.9,49.4,51.4,51.9,41.5,39.1,36.3,34.1,37,37.3,39.4,32.7,31.2,21.4,0,0
926,토요일,6,2628,효창공원앞,상선,9.7,11.8,7.5,9.6,12.8,17,16.5,24.4,27.8,26,35,33.7,39.7,37.9,47,44.7,47.9,45.5,48.3,45.7,54.2,51.7,65.1,63.9,54.5,57.7,57.7,44.2,40.2,39.5,36.4,39.8,41.4,48.2,38.6,38.8,24.6,5.3,0
927,토요일,6,2629,삼각지,상선,9.8,12.4,7.6,9.6,13.3,16.7,16.4,24.5,27.8,25.3,34.3,32.3,39.6,36.9,45.4,44.2,48,44.3,48.6,46.2,54.1,50.7,64.4,64.6,55.3,59,57.6,45,40.7,39.9,37.6,41.3,43,49.6,40.2,38.7,19.9,6.8,0
928,토요일,6,2630,녹사평,상선,13.5,12.4,8.7,9.4,12.8,17.7,16.2,23.7,24.1,22.8,29,29.8,34.2,34.7,40,39.5,41.6,38.8,44.2,44.2,46.6,46.2,61.1,62.5,50.9,51.1,49.4,42.6,36.6,38.3,33.7,36.4,37.9,56.2,36.2,34.9,21.3,8.5,0
929,토요일,6,2631,이태원,상선,13.1,12,8.8,10.1,12,17.6,16.4,25.5,23.9,25,29.9,30.6,34.4,38.4,41.4,42,42.9,41.2,45.3,47.4,46.6,50.9,59.6,61.9,50.4,49.3,47.7,38.4,33.4,34.6,30.7,33,43.9,40.8,30.9,31.6,16.3,0,0
930,토요일,6,2632,한강진,상선,6.7,11.2,8.1,8.6,11.3,17.3,16.7,25.7,25.3,26.2,32.4,31.9,36.9,40.6,44.4,44.2,44,42.2,46.9,48.2,47.7,50.2,59.9,65.3,53.2,51.7,49,37.6,34.7,35.8,33.5,34.6,45,40.2,32.4,28.3,20.5,0,0
931,토요일,6,2633,버티고개,상선,9.2,12.2,8.6,10.3,12.8,18.2,19.6,27,29.5,31.8,40.1,41.5,44.3,47.6,54.7,55.4,54.4,49.4,55.5,53.9,51.8,53.7,57,54.1,55.3,49.8,43.7,32.1,30.2,28.3,30.2,30,27.9,25.3,27.1,27.5,20,4.4,0
932,토요일,6,2634,약수,상선,9.1,12.3,8.6,10.3,12.8,18.1,19.6,26.9,29.7,31.9,39.6,41.2,44.2,47.2,54.8,55.5,55.3,49.2,55.6,54.3,51.9,53.8,56.9,54.4,55.6,49.8,44.2,32.4,30.3,28.6,30.3,30.4,28.3,25.2,27.2,28,19.9,4.6,0
933,토요일,6,2635,청구,상선,12.5,14.6,11.2,15.6,19.9,27.3,31.4,43.8,36,38.6,45.4,46.9,46.6,51.1,58.4,54,56.5,49,54.6,49.7,51.8,53.8,54.5,54.9,52.2,47.2,39.3,28.8,27.1,24.2,26,26.5,24.9,21.3,23.4,21.9,15,3.5,0
934,토요일,6,2636,신당,상선,13.2,13.3,11.5,17.1,21.2,28.3,34.7,43.2,35,39.2,40.7,43.4,42.7,51,55.8,51.9,50.1,47.6,51.8,44.9,48.7,50.3,51.5,50.9,46.2,41.9,34.8,26,22.9,21.4,21.7,21.2,21.9,17.9,19.8,18.2,11.9,3.3,0
935,토요일,6,2637,동묘앞,상선,15.8,15.5,13.7,21.5,26.3,36.8,45.7,52.5,44.5,48.3,49.7,53.3,53.6,60.6,65.5,62,58.7,55,59.2,51.8,52.7,55.1,57.6,54.4,51.3,43.6,38.2,26.8,23.1,21.3,20.6,19.6,18.5,17.8,19.3,16.6,7,0,0
936,토요일,6,2638,창신,상선,16.4,18.2,17.6,26,29.6,42.8,52.5,59.2,49.3,57.1,54.8,60.5,59.9,66,65.8,64.7,61.4,57.6,55,51.2,47.9,52.9,51.5,49.9,43.7,36.7,30.6,22.7,20,17.6,19.4,17.1,16.9,16.5,18.1,14.7,5.9,0,0
937,토요일,6,2639,보문,상선,15.4,17.2,17,25,28.3,41.1,51,56.9,48.1,55.5,53.3,58.6,58.6,63.9,63.9,63.1,59.9,56.1,53.6,50.2,47,52,50.8,48.9,43.3,36.2,29.9,22,19.8,17.4,19.1,16.8,16.6,16.2,17.4,14.5,6,0,0
938,토요일,6,2640,안암,상선,13,15.3,15.7,22.6,26.7,38.6,44.9,48.7,42.4,47.8,48.4,52,51.7,59,56.2,55.7,52.1,50.6,46.8,44.7,41.6,46.5,45.7,45.5,38.7,31.9,27.5,21,17.8,16.1,15.9,15.7,14.9,15.3,16.3,12.9,5.8,0,0
939,토요일,6,2641,고려대,상선,16.1,14.7,14,23.4,25.7,36.8,44.1,45.7,40.6,45.1,45.5,47.5,46.7,52.9,51.3,48.6,46.3,44.9,40.4,38.5,35,39.8,40.5,38.9,32.8,25.9,22,17.7,14.4,12.6,12.4,13.5,11,11.4,11.3,7.6,4.7,1,0
940,토요일,6,2642,월곡,상선,15,13,12.8,22.1,24.2,33.9,40.6,44.5,37.8,40.3,44.1,43.7,44,48.4,46.8,45.2,41,39.4,34.6,35.1,31.4,34.8,34.8,31.2,26.1,22.9,19.6,15,12.3,10.8,11.2,11.9,10.1,10.2,9.6,6.2,3.7,1.2,0
941,토요일,6,2643,상월곡,상선,13,11.4,12.6,21.2,21.9,32.6,35.8,40.1,32.9,38.3,40.6,39.3,37.6,43,40,41.6,36.6,34.4,31,31.2,27.8,33.3,32.4,28.1,25.1,20.8,17.1,14.4,11.8,10.1,11,10.5,9.5,9.7,9.4,6.1,4.3,1.7,0
942,토요일,6,2644,돌곶이,상선,14.4,10.6,11.3,19.5,20,29.6,32.6,36.4,30.1,35.1,37.3,36,35.3,40.3,37.1,38.8,35.2,32.7,29,29.5,26.8,31.7,31.2,26.6,23.9,20,16.7,14.3,11.9,10.3,11.4,10.5,9.4,10.5,8.6,6.1,3.8,0,0
943,토요일,6,2645,석계,상선,11.2,8.7,10.7,17.6,18.6,27,29.7,30.3,26.4,30.7,32.8,33.3,32.4,35,33.5,35.6,31.1,29.9,27.4,27.6,24.3,29.9,27.4,25.6,23,19.1,15.8,13.9,12,9.3,11.7,11,9.9,10.9,9.8,6.4,3.9,0,0
944,토요일,6,2646,태릉입구,상선,9.7,8.5,10.6,17.2,17.6,24.7,28,29.9,26.6,29.3,33,33.8,32.3,35.3,34.4,36.3,31,30.1,28,29.6,25.3,31.7,28.3,26.2,24.8,20.8,15.8,16.1,14,11.1,13.3,11.6,10.9,12.5,10,7.6,4.1,0,0
945,토요일,6,2647,화랑대,상선,5.7,4.7,7.1,11.5,12.6,15,17.7,20.9,16.1,20.1,19.9,20.1,19.4,21.8,20.3,18.9,16,16.1,15.4,15,13.1,16.4,14.7,13.5,11.7,10.7,8,6.4,5.3,4.8,5.3,4.9,3.3,3.9,2.8,1.9,0.7,0,0
946,토요일,6,2648,봉화산,상선,2.7,2.4,5.6,7,6.8,7.7,8.6,12.1,8.9,13.8,11.2,11,10.7,11.2,11.2,10.1,8.1,8.7,9.9,7.9,7.4,8,8.3,8.2,7.2,6.7,4.8,4.6,3.3,3.3,3.3,2.9,2.5,1.7,2,1,0.5,0,0
947,토요일,6,2649,신내,상선,1.5,0.9,8.9,8.1,7.4,4.3,9.7,12.2,12.6,15.6,13.2,8.6,16.4,12.7,12.6,13.8,9.5,11.1,8,8.4,8.4,13.6,11.8,10.3,11.3,7.8,5.8,4.8,4.8,5.1,5.5,3.3,2.5,1.3,1.5,1.3,0.6,0,0
948,토요일,6,2612,역촌,하선,7.4,7.4,7.7,9,12.2,20.5,23.2,25.5,32.1,23.4,25,25.2,26.2,25.3,25.5,26,25.9,25.7,26.8,25.2,28.1,29.9,30.6,27.1,29.5,24.9,21.9,21.7,18.9,19.5,18,19.7,18.7,18.8,17.8,14.6,12.3,0,0
949,토요일,6,2613,불광,하선,3.1,2.7,3.7,4.2,6,8.8,10.4,10.2,14.2,12.8,13,13.9,13.3,15,14.5,16.1,15,16,17.2,12.8,17.4,21.3,19.2,21.2,21.8,17.1,16.4,16.2,13.9,13.8,13.6,14.4,12.7,12.8,10.9,10.3,8,0,0
950,토요일,6,2614,독바위,하선,3,3.2,3.7,4.5,6.7,10.4,10.9,10.7,13.4,12.9,13.9,14.5,14.7,16.3,15,16.9,15.8,16.1,16.8,13.2,17.7,20.5,19.2,20.9,20.5,15.9,15.2,14.7,12.4,12.9,12.4,12.8,11.3,11.1,9.1,9,5.9,0,0
951,토요일,6,2615,연신내,하선,6.3,6.4,6,8.1,10.6,15.6,18.1,20.1,21.7,21.1,22.9,26.9,26.2,28.1,27,28.4,27.2,27.9,29.3,25.8,31,35.3,34.7,34.1,33.5,27.7,26.8,23.5,18.1,19.8,16.8,17.6,15.6,15.5,12.8,9.3,8.1,0,0
952,토요일,6,2616,구산,하선,10.5,7.7,7.6,10.7,12.7,20.1,20.4,24.8,24.9,23.8,27.6,31,31.3,30.8,32,31.6,31.8,30.9,31.2,28.4,31.8,35.2,36.4,33.7,30.3,29.4,24.1,21.4,17.4,17.9,14.8,15,13.4,13.4,10.6,7.2,5,0,0
953,토요일,6,2611,응암,하선,17.6,11.4,10.2,15,17.2,25.8,26.5,32,31.5,32,35,35.4,36.8,32.6,38.5,37,38,34.9,34.5,33.3,34.1,37.6,38.9,34.5,30.1,32.3,24.1,21.2,17.4,17.3,14.9,14.1,13.2,13.5,10.4,7.3,5.1,0,0
954,토요일,6,2617,새절,하선,17.2,14,11.1,17.8,22.2,31.2,32.3,38.6,37.7,38.3,41.5,41.7,41.4,38.4,43.8,43.3,42.3,39.6,38.2,36.1,37.4,41.8,43,37.5,31.7,35,25.6,22,18.3,17.8,15.2,14,14.2,13.5,12,7.9,4.2,0,0
955,토요일,6,2618,증산,하선,20.7,16.3,12.4,20.3,26,34,37.8,44.2,43.9,42.7,47.1,45.3,46.6,43.2,51,45.6,45.3,42.5,43.1,39.8,44.2,41.5,46.1,41.6,34.7,36,27.2,23.9,20,17.6,16.7,14.5,14.1,14,12.7,8.5,6.3,0,0
956,토요일,6,2619,디지털미디어시티,하선,17.9,13.4,11.7,16.6,24.7,33,35.4,44,43.6,42.4,47.9,45.6,50.7,44.9,54,45.4,49.4,45.4,43.2,42.3,45.4,41.9,49.1,44,36.2,33.2,25.9,23.4,19.4,17.5,15.6,13.1,12.6,12.6,12.9,8.6,6.2,0,0
957,토요일,6,2620,월드컵경기장,하선,17.8,13.3,11.3,16.4,24.3,33.1,34.7,43.6,41.9,42.1,46.3,44,49.4,44.9,53.4,44.9,47.6,44.5,42.9,43.4,46.5,44.8,51.1,45.9,38,35.8,26.9,26.4,21,18.5,16.6,13.5,12.7,13.9,13.1,8.7,6.3,0,0
958,토요일,6,2621,마포구청,하선,20.6,14.5,12.3,18.8,24.2,36.2,39.1,50.6,47.5,48.1,53.2,51.1,56.2,52.4,56.6,50.1,57.5,47.8,47.2,48.5,50,49.6,56.7,50.7,41.6,39.9,32.3,28.4,23.5,19.9,17.5,14.5,13.4,15,14.6,9.2,5.9,0,0
959,토요일,6,2622,망원,하선,27.6,15.8,12.3,19.4,25.2,38.7,41.2,53.5,49.5,52.3,55.9,54.7,58.5,57.2,59.4,56.5,60,53.3,52.7,54.7,58.6,58.3,64,60.7,49.4,51.4,41.6,39.3,34.5,32.3,29.1,23.1,22.8,25.2,20.1,17.1,7.9,0,0
960,토요일,6,2623,합정,하선,17.5,10.8,8.1,11.5,15.3,21,26.5,31.2,33.7,29.9,33.6,32.8,37.8,37,39.1,40.1,41.5,35.5,37.8,36.4,38.2,39.5,43.7,43.7,37.2,36.8,34.1,28.6,26.3,24.2,23.5,21.4,19.2,24.3,19.4,18.7,11.3,0,0
961,토요일,6,2624,상수,하선,24.4,13.3,9.1,12.6,16.2,21.6,26.3,30.9,31.2,29.9,31.3,31.6,35.5,36,37.2,38,37.4,35.2,36.5,36.8,37.6,40.5,43.8,44.2,36.1,36.7,32.4,28.8,26.2,27,26.4,25.8,23.9,30.8,25.5,27,15.7,0,0
962,토요일,6,2625,광흥창,하선,24.6,13.3,9.2,12.6,15.6,22.5,26.9,30.8,30.6,29.2,32.4,34.2,37.1,37.8,38.8,40.2,38.2,36.4,37.6,36.6,38.3,39.6,45.2,45.3,38.2,34.9,31.5,27.6,26.9,26.6,26.1,26,23.6,30.4,24.9,26.5,15.3,0,0
963,토요일,6,2626,대흥,하선,25.3,13,9.3,13,15.4,21.8,26.5,30.6,30.5,29.9,33.9,35.1,38.6,39.1,40.3,42.1,40.4,39.3,39.1,38.8,39.2,41.6,48.8,46.6,40.5,38.7,32.2,28.5,28.5,26.6,27.3,26.6,25,32,26.1,27.2,19.3,2.7,0
964,토요일,6,2627,공덕,하선,16.2,14.8,10.1,12.7,16.5,23.8,27.5,32.7,34,35.6,39.7,42.2,45.2,48.5,48.9,54.1,48.6,49.6,49.3,46.1,49.2,50.9,58.8,55.7,52,48.5,39.4,36.2,35.1,33.9,33.9,35.7,32.1,37.7,34.1,33.6,24,0,0
965,토요일,6,2628,효창공원앞,하선,14.9,17.5,10.6,12.5,17.1,24.9,27.1,33.7,35.2,36.6,41.3,43.6,47.6,51.2,55.1,51.5,49.7,51.6,49.5,47.7,51,51.9,60,54.3,55.7,47.9,39.4,36.7,34.1,33.7,33,34.6,30.7,34.6,35.8,32.2,27.8,0,0
966,토요일,6,2629,삼각지,하선,11.9,14.6,8.7,10.2,13.2,21.7,21.9,25.4,28.7,28.4,35.6,36.7,40.6,43.1,52.2,48,49.2,49.6,45.6,45.4,48.4,49,53,49.5,55.3,47.7,37.8,37.9,32.6,34,34.3,34.7,34,34.8,38.4,33.1,27.7,0,0
967,토요일,6,2630,녹사평,하선,12,14.1,8.5,9.8,13,21.1,21.6,25,27.8,27.4,33.1,34.8,37.4,40.3,47.6,44.8,44.5,45.4,40.4,41.9,44.6,45.9,50.3,48.6,51.9,46,36.9,37.2,32.8,35,35.7,36.2,35.5,37.7,40.3,34.5,27.3,0,0
968,토요일,6,2631,이태원,하선,22.5,14.3,9.1,9.3,12.9,19.5,21.5,26.3,24.1,26,32.2,32.6,33.2,36.9,41.7,42.3,43.1,40.8,36.8,41.1,41.2,44.5,48,46.3,46.8,43.4,36.2,34,31.1,32.6,33.2,33.2,33.3,36.1,36.6,33.3,17.2,0,0
969,토요일,6,2632,한강진,하선,14.8,14.1,9.4,8.5,11.9,17.8,19.5,23.8,19.6,22,24.2,25.3,24.6,29.6,30.2,30,31.7,34.4,30.1,35.7,36.2,43.7,49.7,52.2,46.6,43.4,38.6,39.6,37,39.6,38.5,38.1,45.2,45.9,39.1,34.2,22.7,0,0
970,토요일,6,2633,버티고개,하선,14.9,14.5,9.5,8.6,11.8,17,19.9,24.2,20.3,21,24.2,25.2,25.5,29.6,29,31.4,31.8,31.6,33.4,35.6,36.1,42.4,50.2,55.3,45.6,43.4,39.8,38.3,37.4,39.2,38.3,37.9,39,54.4,37.8,35.7,26.2,0,0
971,토요일,6,2634,약수,하선,9.8,15.8,9.8,8.8,11.7,18.2,21.2,23.2,20.8,21.2,24.8,27.3,30.1,31.1,31.3,35.8,34.3,35.6,37.9,36.7,40,41.4,52.6,54.2,47.1,45.4,42.5,37.1,41.7,42.3,40,41.7,41.7,53.4,40.4,35.5,27.5,0,0
972,토요일,6,2635,청구,하선,8,13.6,9,8.3,11.5,18.2,20.7,22.9,19.8,22.1,25.7,28.2,29.2,33.2,30.3,35.1,34.2,34.4,38,35.9,38.9,40.2,47.9,50.2,44.3,42.6,42.4,34.8,38,38.2,37.3,39.5,37.8,44.6,35.8,30.9,25,0,0
973,토요일,6,2636,신당,하선,7.8,13.9,10,9,11.4,18.1,20.9,22.3,22.2,22.9,27.9,27.6,30,33.5,35.1,39.1,39.1,37.5,41.9,38.2,43.9,44.7,50.4,51.5,50.5,45.6,50.9,42.9,47.3,43.4,45,48.9,47.8,50.9,46.9,39.4,33.6,0,0
974,토요일,6,2637,동묘앞,하선,6.4,12.4,9,8.3,10.2,17.3,19.3,20.4,19.3,17.6,22.2,20.9,22.9,25.5,29.6,32.4,32.3,32.8,39.8,36.9,45.6,46.9,52.8,56.9,58.1,51.1,57.6,50.6,52,46.3,50.2,52.7,48.6,53.6,48.2,40.8,32.6,0,0
975,토요일,6,2638,창신,하선,6.6,12.3,8.8,8.3,10.1,14.9,19.8,20.1,20.4,16.7,22.1,18.9,23.4,25.2,28.9,30.7,31.4,32.8,36.1,36.2,41.8,47.3,51.4,54.1,57.5,49.9,55.3,52,51.2,42.3,50.2,51.8,49.1,49.6,47.1,39.9,40.4,7.1,0
976,토요일,6,2639,보문,하선,6.9,11.2,8,6.4,10.2,13.6,17.5,18.3,20,15.2,19.5,18.4,22.9,23.7,26.5,29.4,30.1,30.2,33.4,33.3,37.8,43.5,47.4,49.5,52.4,46,50.1,46.5,45.6,37.6,44.4,46.2,44.4,41.9,46.1,36.3,34.2,4.7,0
977,토요일,6,2640,안암,하선,4.7,9.8,7.5,5.7,9.4,11.5,13.7,15.4,17.5,13.3,16.2,16.2,18.3,21.4,23.3,25.1,27.6,27.6,28.5,31.1,33.6,40.3,41.3,45.4,49.1,40.6,44.3,42.5,40.2,34.7,39.7,40.5,39,38.1,41.4,32.1,29.6,0,0
978,토요일,6,2641,고려대,하선,4.8,8.7,6.9,5,8.3,10.2,11.9,13.1,15.1,12.2,15.6,14.2,16.7,18.3,21,22.3,23.8,23.7,26,28,29.9,37.5,35.9,42.5,45.2,39.5,38.2,39.1,35.5,32.9,36.2,35.8,35.9,34.7,37,28.9,25.6,0,0
979,토요일,6,2642,월곡,하선,4.6,8.4,6.4,5.1,8.3,10.5,12.3,12.8,14.7,12.7,16,13.7,16.8,17.1,20.3,20.1,22.7,22.5,24.2,24.9,26.7,33.7,32.8,37.2,39.5,34.8,33.1,34,30.8,28.9,31.5,31.5,30.6,30.6,31.7,25,22,0,0
980,토요일,6,2643,상월곡,하선,5.4,8.7,6,5.7,8.9,10.8,12.2,13.5,16.1,13.5,16,13.1,16.6,16.9,19.5,20.5,21.4,20.6,23.6,24.3,26.3,29.1,31.3,35.5,35.4,33,32.4,29.9,28.6,27.4,27.3,28.6,27.9,27.9,28.8,22.9,19.3,0,0
981,토요일,6,2644,돌곶이,하선,6.8,8.5,5.7,5.7,8.6,11.5,12.3,14.7,17,14.1,16.5,13.6,16.7,17,18.7,20.8,20.5,21.1,22.3,22.6,24.5,27.2,27.9,32.4,31.3,29.9,28.7,26.7,24.7,24.9,24.2,24.9,24.3,24.4,25.2,19.6,16.6,0,0
982,토요일,6,2645,석계,하선,8,8.9,7.3,5.8,9.4,12.2,14.4,15.6,18.9,16.2,18.4,14.8,18.2,18.2,19.1,24.4,22.3,21.3,24.7,23,25.8,26.2,31.2,32.3,28.8,32.8,29.4,25.6,24.7,26,26.5,23.8,23.8,24.5,23.2,20,17,7.2,0
983,토요일,6,2646,태릉입구,하선,3.7,5.2,4,3.1,5.4,5.4,7.6,7.6,8.9,7.9,7.4,8.1,7.9,8.2,8.7,13.2,12.3,11.8,13.1,12.7,15,14.7,15.9,15.9,16.2,15.9,15.5,14.9,14,12.9,14.2,14.3,13.7,14.1,13.1,10.4,8.3,3.7,0
984,토요일,6,2647,화랑대,하선,2.5,2.9,2.7,2,3.8,3.6,4.7,4.2,5.2,4.5,4.4,5.7,5.3,5.3,5.4,8.7,8.6,7.9,8.2,8.3,9.5,9.4,10.5,10.3,9.8,9.8,9.5,8.7,8.3,7.3,7.9,8.6,7.6,8.1,6.8,5.4,4.6,1.6,0
985,토요일,6,2648,봉화산,하선,1.5,2,1.1,1.7,1.4,1.8,1.7,2.5,2.8,3.8,2,3.4,1.6,2.7,2.4,2.2,5.4,4.9,5.4,3.4,4.2,2.8,3.7,3.8,2.8,2.9,3.7,5.1,3.3,2.1,1.6,2.3,2.2,3.7,2.2,1.6,1,0,0
986,토요일,6,2649,신내,하선,0,0,0.8,1,1.8,3,3.7,4,4,4.7,3.3,6.4,4.7,5.2,5.3,4.4,9.7,7.2,6.4,6.6,7,5.2,5.7,7,6.9,5.2,6.1,5.7,6.4,3.7,2.9,4.4,3.6,3.9,1.7,3,1.8,0,0
987,토요일,7,2711,장암,상선,0,0,0,0,0,0,0,0,0,0,0,0,0,0,0,0,0,0,0,0,0,0,0,0,0,0,0,0,0,0,0,0,0,0,0,0,0,0,0
988,토요일,7,2712,도봉산,상선,0.2,0.4,0.2,0.6,0.7,0.8,1.3,1,2,2.1,1.4,2.7,1.8,1.2,1.8,1.6,1,0.7,0.7,0.7,0.8,0.8,1.3,0.7,0.9,1,0.7,0.6,0.6,0.4,0.4,0.3,0.4,0.5,0.2,0.3,0.2,0,0
989,토요일,7,2713,수락산,상선,8.2,4.7,5.5,6.7,6.4,6.9,8.8,12.2,14.1,13.5,14.6,14.3,11.4,12.7,12.1,11.6,12.7,12.4,10.7,12.4,14,13.3,14.6,16.1,13.9,14.1,13.2,11.5,9.8,11,11.5,12.5,11.3,11.2,11,9,8,5.9,0
990,토요일,7,2714,마들,상선,9.5,6.1,7.3,8.1,8,9.3,11.9,17.1,20.4,17.2,18.7,18.2,16.5,16.8,15.6,14.6,15.8,15.2,14.5,14.6,17.5,17.6,19.3,19.9,22.5,19.2,20.1,16.6,15,14.2,17.5,16.2,16.5,15.3,15.7,12.4,11.9,9.4,0
991,토요일,7,2715,노원,상선,9.7,6.9,8.9,8.7,9,11.2,14.6,19,22.1,18.8,21,19.8,18.8,19,17.9,19.3,19.2,19.2,18.8,20.3,20.3,24.2,24.4,25,28.7,24.6,25.7,21.7,20.4,19.2,23.9,22.6,20.2,20.7,19.6,16.5,16.3,14.1,0
992,토요일,7,2716,중계,상선,11.6,9.4,12,11.2,12.3,17.3,22.4,26.8,32.1,25,28.9,26.5,27,25.9,26.9,27,28.2,26.4,28,27.1,29.1,32.9,38.1,30.1,39.4,34.4,34.6,29.4,27.7,23.9,29,28.1,25.9,26.2,23.8,20.2,20.1,15.2,0
993,토요일,7,2717,하계,상선,11.3,10.9,11.9,11.9,13.2,18.3,22.4,27.6,32.7,24.7,28.6,26.6,27.4,26.5,27.9,28.6,30.6,28.5,31.1,29.6,32.7,36.4,42.7,32.5,44.7,34.2,45.1,32.8,31.9,28.1,34,33.2,28.9,32,28,24.2,24.4,18.6,0
994,토요일,7,2718,공릉,상선,11.3,11.5,12.9,12.5,13.9,19.1,23.3,29.9,31.7,26.2,29.8,28.7,28.6,28.9,28.6,31.6,33.1,30.5,33.3,33.4,36.8,41.4,48,41.9,46.8,38.5,44.6,43.7,36.3,32.9,39.3,37.7,33.8,37.2,33.6,27.3,29.3,0,0
995,토요일,7,2719,태릉입구,상선,11,11.5,13.6,12.8,14.5,20,24.1,30,31.8,26.8,30.7,28.7,29.2,30.2,31,33,33.9,31.9,34.7,35,39.8,43.9,50.9,45,46.2,45.3,49.1,48.5,39.9,36.8,44.1,38.8,38.3,40.5,36.7,30.3,34,0,0
996,토요일,7,2720,먹골,상선,22.5,13.1,14.1,13,15.1,19.2,24,29.4,29.5,24.8,28.8,27.3,28.7,29.1,30.1,31.8,34.1,31.9,34.5,34.9,38.8,42.5,47.2,46,46.8,46.3,46.6,46.7,41.3,36.7,44.6,38.7,38.5,40.8,38.8,30.6,34.1,10.4,0
997,토요일,7,2721,중화,상선,15.8,14.5,14.3,13,14.5,20.1,24.3,29.1,27.9,24.9,28.1,26.3,29.3,29.6,30.4,29.2,38.3,32.5,35.3,37.1,40.9,44.5,49.8,48.5,50.4,53.3,43.7,49.5,44,38.9,46.7,41.6,43.2,41.5,42,32.8,36.6,13.1,0
998,토요일,7,2722,상봉,상선,15.4,14.9,15.3,13.1,14.5,20,24.5,29.8,27.9,25.7,27.5,27.4,29.4,29.7,32.2,28.2,38.4,32.7,36.9,39.1,43.8,47.4,52.7,50.7,57.9,50.7,52.7,46.4,46.7,41.5,50.2,44.6,46.2,44.6,41.1,38.4,40.1,15.4,0
999,토요일,7,2723,면목,상선,15.4,17.6,16.4,16.7,17.5,22.1,28.3,32.5,30.5,29.9,31.3,32.4,32.2,35.9,39.6,35,47.3,41.8,42.5,44.4,51.1,54.7,60.6,58.7,66.1,57.1,58.6,54.2,52.3,47.2,56,50.9,52.2,49.7,48.8,43.4,45.5,20.5,0
1000,토요일,7,2724,사가정,상선,13.6,18.5,15.2,16.8,18.1,23.5,26.8,32.2,30.2,29.1,31.1,31.9,33.3,36.2,40.6,39.3,48,43.2,44.1,45.9,55.5,57.3,65.3,62.8,71.2,63.3,61.2,57.9,56.1,50.4,60.9,55.2,57.5,54.2,53.4,50.3,38.8,0,0
1001,토요일,7,2725,용마산,상선,11.7,18.7,15.3,16.3,17.7,23,27.2,31.6,30.6,29.1,31.3,32.1,33.9,35.5,42.9,40,49.2,44.3,46.7,47.3,59.7,60.7,70.4,66.9,80.8,68,67.4,60.1,56.5,56.6,61.5,64,59.3,60.8,56.9,54.7,42.8,0,0
1002,토요일,7,2726,중곡,상선,10.8,18.4,15.2,16.1,17.8,23,28,32.7,31.9,30.3,32.6,33,34.8,35.8,42.1,41,48.2,46.4,47.9,53.8,57.8,62.8,74.1,68.4,77.5,73.4,69.2,61.9,58,58.2,64,64.2,61.7,62.7,59,56.1,44.5,0,0
1003,토요일,7,2727,군자,상선,10,18.8,15.5,16.8,17.4,25.2,28.9,32.8,32.5,31.1,32.6,33.5,36.2,36.7,43.6,42.1,49.6,47.2,51.9,55.7,60,66,75.8,71.4,80.1,77.1,73,56.7,69.3,62.7,65.9,67,64.6,69.8,56,58.7,47.2,0,0
1004,토요일,7,2728,어린이대공원,상선,10.2,19.7,17.2,15.5,15.1,22.2,25.7,29.1,29.4,28.3,31,34.7,36.4,38.2,46.6,44,49.6,48.9,48.2,59.6,60.7,72.3,75.6,76.7,79.1,74.9,73.5,60.7,71.6,61.5,66.1,66.6,67.1,72.3,57.9,62.3,50,0,0
1005,토요일,7,2729,건대입구,상선,8.8,19.8,18,15.6,15.7,22.8,27.3,29.5,31.4,30.1,33,35.1,39.7,41.6,50.2,47.1,51.2,51.7,50.4,61.6,60.9,66.3,82.6,75.7,77.4,74.6,72.7,60.1,72.1,61,66.8,67.7,67.7,72.6,59.7,64.6,52.1,0,0
1006,토요일,7,2730,자양(뚝섬한강공원),상선,7.2,18.4,16.6,13.7,15,21.6,26.3,31,28.7,31.2,35.2,37.6,44.3,42.2,51.9,51.2,54.7,54.2,51.6,56.7,60,64.7,74.2,72,67.2,63.4,67.6,55.6,60.6,48.2,48.5,51.5,44.5,50.6,40.6,44.2,25.6,0,0
1007,토요일,7,2731,청담,상선,5.9,18.1,16.5,13.1,14.7,21.2,25.9,30,28.5,30.9,34.6,38.4,45.3,44.3,54.3,54,56.9,56,54,59,60.6,65.3,71.8,66.2,64.3,59.9,57.5,52.9,45.6,42.3,45.6,46.4,39.6,43,38.3,40.6,24.2,0,0
1008,토요일,7,2732,강남구청,상선,10.4,22.9,17.5,13.5,15.6,22.8,28.8,34.9,32.9,33.1,38.8,41.4,48,44.7,53.8,53.5,55.6,55.9,53.4,56.8,58.2,69.5,60.1,63,61.8,57,54,49.8,42.5,40,43.2,43.8,37.4,41,36.7,40.1,24.2,4,0
1009,토요일,7,2733,학동,상선,17.1,28.7,18.8,15.6,16.9,27.6,33.7,41.1,41.3,42.1,43.1,45.4,51.7,50.8,57.8,56,56.6,55.4,54.1,57,58.5,68.3,61.9,57,54.3,56,49.5,45.2,38.1,37.3,37.7,35.3,34.9,36.5,32.1,36.9,23.7,6.1,0
1010,토요일,7,2734,논현,상선,17.8,31.3,21.3,16.7,18.3,31.2,37,44,46,46.7,46.7,47.6,54.5,51.5,58.7,58.9,55.7,56,53.6,55.5,59.3,66.4,62.3,55.4,55.6,51,49.1,41.8,35.7,35.5,36.6,32.7,33.2,35.5,29.2,35.4,19.3,6.7,0
1011,토요일,7,2735,반포,상선,18.2,34.1,18.4,17.2,19.6,32.7,39.8,47,49.8,47.3,47.2,47.5,52.5,50.5,54.2,55.4,53.1,51.3,49.3,50.2,52.9,56.4,55.1,48,50.4,44.5,44.7,37.8,32.5,30.8,31.4,28.2,28.8,27.5,23.4,27,14.1,0,0
1012,토요일,7,2736,고속터미널,상선,18.8,41.7,18.9,18,19.8,32.8,39.5,51.6,51.6,47.6,47.6,48.5,52.2,50.2,53.4,55.7,51.3,51.6,48.2,48.7,51.7,52.2,55.2,47,49.8,41.1,41.2,38,31.8,29.5,30.8,27.1,28.2,26.2,23,26.9,13.9,0,0
1013,토요일,7,2737,내방,상선,26.1,56.3,28,27.2,31.3,48,53.8,74.4,64.7,59.8,62,63.1,64.5,60.7,62.8,63,61.8,59.4,56.5,51.8,55.2,53.5,52.5,48.5,49.2,40.7,34.8,32.8,25,23.1,21.8,23.8,20.9,18,21.8,23.7,13,0,0
1014,토요일,7,2738,총신대입구,상선,52.8,50.8,29,28.3,31.5,47.7,60.5,71.9,62.4,61.8,61.4,61.6,64.5,61.8,60,61.3,59.8,57.8,53,50.3,53.1,51.5,49.5,49.3,44.9,38.9,35.8,29.8,23.9,22.5,22.5,22.1,19.5,17.8,21.2,23.5,13.8,1.8,0
1015,토요일,7,2739,남성,상선,67.3,41.4,27,27.2,31.1,47.6,57.6,68.1,61,60.7,54.1,55.7,59.3,55.5,54.6,55.2,52.9,50.6,45.6,44.6,44.1,43.9,42.6,41.9,36.7,32,27.5,23.7,19.4,17.1,16.9,15.1,15.1,12.2,14.4,16.1,8.2,2.6,0
1016,토요일,7,2740,숭실대입구,상선,62.9,39,25.4,25.2,28.5,46.8,53.7,61.9,56.5,56.8,49.1,53.5,56.6,49.5,51.9,52.7,48,46.8,43.7,40.3,40.4,42.9,41.5,37.8,36.7,31.6,25.9,21.9,20.7,16.9,15.3,15.4,15.1,12.8,14.7,16.6,6.9,0,0
1017,토요일,7,2741,상도,상선,59.2,37.1,23.8,22.5,28.7,44.2,50.7,62.9,53.1,52.3,44.6,52.3,48.7,45,48,49,42.5,44.8,40.6,37.3,37.1,39.6,37.5,34.6,32.5,29.2,23.1,21.8,19.3,16,15,14.7,14.4,13.1,13.6,16.3,7.4,0,0
1018,토요일,7,2742,장승배기,상선,56.8,35.5,19.8,22.5,29.6,43.5,49.4,59.2,51,46.2,42.9,48.8,45.1,41.1,44.2,46.3,40.1,41.7,37.9,33.6,37.4,37,36.3,33.1,31.9,26.3,22.3,21.1,18.9,15.7,15,15.1,15.7,12,13.8,16.6,8.3,0,0
1019,토요일,7,2743,신대방삼거리,상선,51.1,35.3,19.4,21.7,28.6,41.7,48.1,58.3,45.4,44.1,43.4,45.2,40.2,42,42.5,41.9,40.6,39.9,37.5,31.9,37.1,33.5,33.1,32.2,31.4,23.6,24.3,22.2,16.6,15.1,15.7,15.8,15.3,12.2,15.3,15.5,8.9,0,0
1020,토요일,7,2744,보라매,상선,46.5,32.9,17.2,20.2,25.8,37.3,43.7,52.7,40.7,42.2,40.6,41.8,37.1,40.4,38.2,39.1,38.3,37.5,33,33,37.3,31.8,32.5,33.9,29.8,24.2,25.2,22.7,16.9,16.5,17.6,16,16.6,13.4,16.5,15.5,10.4,0,0
1021,토요일,7,2745,신풍,상선,44.1,33,16.8,19.4,24.6,38.8,45.7,50.5,40.7,42.3,37.5,39,37.1,38.7,37,37.1,38.2,33,30.6,31.3,35.4,29.8,31.5,33.1,27.6,24.1,26.2,21.2,16.6,16.3,17.4,15.1,14.9,14.5,16.3,16.1,11.3,0,0
1022,토요일,7,2746,대림,상선,55.1,28.8,16.7,17.2,23.5,39.5,42,44.6,40.2,39.8,34.5,39.4,36.6,36.8,36,37,34.9,30.6,31.1,31.3,34.1,30.8,32.5,33,28.4,26.5,26.5,21.1,17.5,18.4,17.1,14.9,16.5,15,17.5,17.3,12.1,0,0
1023,토요일,7,2747,남구로,상선,54.3,32.2,19,19.4,30.3,46,48.2,55,52.8,47.6,45.2,52.4,48.9,47.5,48.4,47.5,41.6,39.8,39.8,38.4,41.5,42.5,42.2,40.2,40.1,33.7,31.4,24.2,19.8,21,16.4,16.7,17.8,15.6,17.5,16.1,11.4,0,0
1024,토요일,7,2748,가산디지털단지,상선,39.6,29.4,17.6,18.3,29.1,44.1,45.4,54.7,51.6,47,44.7,53.9,46.2,46.9,48.3,47.1,40,40.4,39.5,37.3,44.3,44.4,42.5,41.9,42.1,32.7,29.8,26.5,21.7,20.2,16.6,17.8,19,16.8,18.2,16.8,12.8,0,0
1025,토요일,7,2749,철산,상선,46,26.5,20,20.5,36.4,45.7,49.2,61.7,54.2,48.9,51.2,58.5,49.3,54.4,56.5,48.9,43.3,48.3,40.1,38.6,45.6,46.4,38.5,42.1,40.8,30.2,28,25.1,19.1,16.6,16.6,19.4,16.6,16.5,18.7,15.4,9.9,0,0
1026,토요일,7,2750,광명사거리,상선,42.3,20.7,20.1,21.6,32.2,36.2,51.8,57,44.8,47.6,49.3,48.6,43.4,49.1,46.9,37.9,42.1,43.1,32.6,35.9,41.5,39.6,34.3,39.7,35.6,24.7,29.3,24.7,17.4,14.9,17.2,16.8,15.2,14,16,14.5,9.6,0,0
1027,토요일,7,2751,천왕,상선,33.5,17.3,17.7,18.2,24.3,34.6,49.8,46.1,37.9,44.9,40.7,39.3,41.8,43.5,37,36.2,39.7,33.6,26.9,35,33,29.3,32,34.7,27.3,22.9,27.7,18,12.9,13.7,15.3,15.3,11.7,16.1,14.9,13.9,9.8,0,0
1028,토요일,7,2752,온수,상선,24.5,19.4,16.1,17.1,20.7,40.8,39.7,32.9,38.7,42.5,30.4,39.2,44.3,35.5,30.3,38.9,32,25.4,28.6,34.7,26,30,36.2,29.3,23.7,28.2,21.6,15,12.8,15.6,14,12.4,13.3,16.5,14.3,14,5.3,0,0
1029,토요일,7,2711,장암,하선,1.7,1.2,0.5,2,3.6,2.7,3.4,2.9,2.2,2.7,2.8,2.3,2.4,2.4,3.4,3.9,3.7,3.1,4.1,5.2,5.1,4.1,4.6,4,3.5,2.6,2.2,2.7,1.5,0.9,1,0.7,1,0.9,0.4,0.4,0.1,0,0
1030,토요일,7,2712,도봉산,하선,9.5,6.9,6.4,7.9,11.1,16.8,17.9,16.4,16.4,14.5,17.9,14.2,16.3,13.6,18,14.8,14.6,14,14.8,15,17.2,16.8,16.6,15.2,13.8,10.9,10.3,8.5,6.9,6,5.6,4.1,3.8,3.9,2.9,2.9,4.6,0,0
1031,토요일,7,2713,수락산,하선,13.9,9.2,7.7,11.6,15.6,22.9,24.4,21.9,24.8,18.3,23.3,21.4,19.7,19.6,22.6,20.7,18.1,21.1,22.6,20.3,22.4,21.5,22.7,20,18,14.1,13.6,12.5,10.7,7.9,7,6.4,4.9,5.3,3.5,4.3,5.2,0,0
1032,토요일,7,2714,마들,하선,18.5,12.9,10.8,14.5,20.8,28.5,32.4,30.6,30.7,25.3,29.1,30.7,25.4,27.6,29.1,26.9,24.4,26.6,26.9,24.3,26.2,25.9,26.4,23.9,20.4,16.2,15.1,14.1,11.9,9.2,8.5,7,5.9,6.2,4.5,5.1,5.9,0,0
1033,토요일,7,2715,노원,하선,23.3,18.6,12.8,17.7,25.1,32.8,36.3,37.1,34.6,30.7,34,33.6,33.2,35.9,36.6,36.3,31.3,34.6,33.7,31.6,33.5,36.2,35.5,33.3,28.4,24.3,21.9,19.2,17.4,14.8,15.3,13.8,12.3,14.1,10.5,13,12.7,0,0
1034,토요일,7,2716,중계,하선,27.8,21.1,15.8,19.6,29.5,38.6,41.8,42.7,39.7,37.2,39,38.9,38.3,40.4,42.3,40.1,37.4,35.3,35.7,34.8,35.3,36.6,40,34.2,32.6,25.8,23.3,20.4,18.5,15.7,15.6,14,13,14.6,11.3,12.7,12.4,0,0
1035,토요일,7,2717,하계,하선,37.2,23.9,18.2,22.9,32,43.7,48.4,49.4,45.1,43.9,44.9,44.4,45.4,47.2,47.9,44.8,43.6,40.2,39.6,37.9,38.3,41.4,44.1,38.6,35.7,28.6,26.2,22.2,19.5,16.8,16.8,15.5,13.6,16,11.8,12.4,12.6,0,0
1036,토요일,7,2718,공릉,하선,40.6,25.5,19.8,24.9,33.4,44.7,51,52.2,49.5,48.7,47.2,48.3,48.9,52.1,50.5,50.5,48.1,44.3,41.3,41.4,39.6,43.9,47.3,40.9,38.6,29.1,26.7,23.3,20.1,16.6,18.1,16.3,15,18.2,12.6,14.1,12.3,0,0
1037,토요일,7,2719,태릉입구,하선,30.5,27.1,20.9,25,33.3,43.9,51.5,53.2,48.9,50.2,47.2,47.3,47.8,51.2,49.4,48.8,45.1,43.7,40.9,40.5,39.5,43.1,46.9,40.2,38.7,30.5,28.3,23.2,20.9,17.8,18.5,16.9,14.7,17.7,12.5,14.2,13,0,0
1038,토요일,7,2720,먹골,하선,33.7,28.4,22.5,25.5,36.2,47.1,53.5,57.1,52.9,52.2,50.2,51,50.5,52.4,53.3,51.5,46.5,46.3,42.5,41.9,41.1,44.2,47.2,37.4,42.5,30.3,28.3,23.2,21.1,18.1,18.2,17.1,14.5,16.7,12,13.7,12,0,0
1039,토요일,7,2721,중화,하선,38.8,30.6,24.3,26.4,38.2,49.8,57.4,61,56.8,55.9,52.8,54.1,54.1,54.9,55.9,55.4,49.1,48.7,44.3,43.3,42.2,45.7,48.2,38.9,43.4,30.6,29.9,23.6,21.5,18.5,18.1,17.5,14.6,16.9,11.8,13.4,11.1,0,0
1040,토요일,7,2722,상봉,하선,48,36.7,31.9,29.9,42,56,67.7,67.9,64.6,66.4,60.9,64.3,61.9,65.5,66.7,61.8,54.1,55.1,50.2,51.8,48.9,53.1,55.8,46.7,50.6,38.5,35.2,25.7,24.4,20.1,20.7,19.2,17.4,19,12.9,16.4,10.2,5.1,0
1041,토요일,7,2723,면목,하선,57.8,42.8,35.2,33.1,45.6,60.4,72.2,74.9,67.6,72.7,64.8,68.9,65.8,67.1,72.6,65.5,59.3,56.8,51.9,54.6,51.5,58.9,55.4,51,48.6,39.1,36.8,26.7,24.9,21.1,20.7,19.2,17.3,18.5,14.5,15.9,9.6,4.5,0
1042,토요일,7,2724,사가정,하선,65,46.5,35.8,38.5,48.5,64,74.9,80.8,71.4,77.5,68.5,72.8,69.5,71,77.4,68.9,65.1,61.4,55.5,57.7,53.3,60,57.7,52.4,49.1,40.6,35.6,27.3,25.2,21.3,21.8,19.1,18.3,18.2,15.3,14.9,9.2,4.2,0
1043,토요일,7,2725,용마산,하선,68,48.1,37.1,42.4,46.3,66,77.3,84.2,74.3,78.7,69.8,74,73.2,70.8,79.2,70.7,66.5,62.3,57.8,58.6,54.2,60.8,59,53.9,49.9,41.2,36,29.5,24,21.7,21.7,19.2,18,18,15.2,14.5,8.9,3.7,0
1044,토요일,7,2726,중곡,하선,72.9,50.3,38.7,44.3,47.2,66.1,77.4,90,77.9,79.9,76.9,78.2,76.4,74.8,84,74.8,69.9,65.6,59.9,58.2,58.9,63.3,60.9,55.9,55.9,41.2,36.8,30.6,24.5,22.7,21.7,19.5,18.3,18.3,15.3,14.6,8.4,3.3,0
1045,토요일,7,2727,군자,하선,71.9,48.9,34.5,43.2,45.6,64.4,77.4,91.3,77.4,78.2,76.2,78.2,75,75.1,82.8,76.5,75.5,66.7,62.1,58.8,59.6,64.2,62.7,57.9,57.3,43.3,38.2,31.3,26.3,23.8,25.1,22.6,20.5,19.1,17.5,15,7.7,3,0
1046,토요일,7,2728,어린이대공원,하선,77.4,56.4,37.6,41.6,46.1,61,78.2,93,80.7,78.8,75.8,77.6,78.7,72.2,81.3,78.4,72.7,58.1,70.5,61.5,63.8,65.6,65.2,63.1,60.1,47.5,41.5,33.6,27.3,24.5,26,23,20.7,20.7,19.9,15.1,7.5,2.2,0
1047,토요일,7,2729,건대입구,하선,37.8,44.7,28.1,32.4,38.1,50.3,64.5,78.8,62.2,64.3,59.6,59.1,56.9,52.6,59.3,57.8,57.1,46.9,56.7,52.5,54.2,58.9,59,57,57.9,47.2,39.5,36.7,31.4,31,30.8,29.9,28.9,29.6,27.2,23,13.7,0,0
1048,토요일,7,2730,자양(뚝섬한강공원),하선,40,45.6,28.5,33,36.2,51.3,63.6,79.7,65.6,63.7,59.9,57.6,57.3,50.3,54.9,53.2,50.2,42.9,51,45.1,47.4,51.2,56.3,54,51.3,43,36,35.8,31.4,32.6,31.4,31.7,29.8,31.3,28.6,24.5,13.5,0,0
1049,토요일,7,2731,청담,하선,25.6,40.3,27.3,27.9,33.2,46.1,55.2,72.3,62.2,59.4,56,55,56.1,51.8,53.9,53.7,49.8,46.1,48.2,47,48.9,53,60.1,56.9,50.6,44.1,39.3,37.4,35.2,33.2,32.5,32.7,28.7,31.7,32.9,24,16.8,0,0
1050,토요일,7,2732,강남구청,하선,25,35.5,22.7,22.1,28.2,40.3,43.8,57.8,50.7,48.1,53,50,50.9,48,52.4,51.2,48.1,46.4,49.1,47.3,51.8,55.6,63.2,59.6,54.6,48.9,43.3,43,38.1,37.6,36.4,37.5,32.4,35.1,35.4,26.1,17.6,0,0
1051,토요일,7,2733,학동,하선,24.2,36.4,22.2,20.3,25.7,34.7,39.8,53,48.9,43.1,48.8,48.8,49.3,46.8,52.3,50.6,47.3,46.9,51.5,49.3,54.3,55,65.7,58.5,58.7,50.6,47.1,45.7,41.2,40,39,39.9,34,36.8,36.7,26.5,17,0,0
1052,토요일,7,2734,논현,하선,11.1,35.7,19.9,17.1,21.7,27.6,29.8,38.6,36.4,35.9,41.5,41.8,42.3,42.1,45.8,44.6,42.4,41.7,48.1,47,51.3,51.3,61.7,56.5,53.7,48.5,44.8,43,39.2,37.1,38.8,38.9,35.6,35.7,38.4,28.3,23.4,0,0
1053,토요일,7,2735,반포,하선,11.1,32.5,18.6,16.7,21,27,28.8,34.8,36.8,35.3,40.5,41.1,42.4,41,45.2,44.3,41.8,42.4,46,48.1,51.9,53.3,63.4,57.6,53.6,49.2,45.1,44.3,39.7,37.9,38.9,39.4,35.9,36.4,38.4,28,22.7,0,0
1054,토요일,7,2736,고속터미널,하선,12.3,24.9,14,12.3,16.4,23.1,24.8,27.8,30.1,28.5,33.8,36.2,39.7,40.6,43.7,43.5,42.3,44.8,49.3,52.4,56.6,63.7,69.9,68.6,61.1,65.5,55.3,52.3,50.8,48.3,55.5,51.9,47.4,49.9,47,32.9,26.4,0,0
1055,토요일,7,2737,내방,하선,8.5,22.4,13.6,12.1,14.6,21.9,23.8,27,28.9,28.1,33.7,34.3,39.3,41.5,41.4,44.4,41.3,45,46.2,53.7,58,61.6,69.6,67.3,61.9,61.7,58.9,52.5,49.7,48.5,55.3,51.7,47.6,49,45.9,32.7,23,0,0
1056,토요일,7,2738,총신대입구,하선,7.9,19.2,11.6,9.9,12.3,19.9,21.2,22.2,22,21.5,26,28.6,29.6,32.9,33.2,36,33.2,38.8,37.9,48.2,50.8,54.6,59.1,60.1,49.9,58.9,54.1,46.7,43.8,44.2,49.6,48.1,44.6,45.1,44.8,32.6,33,0,0
1057,토요일,7,2739,남성,하선,8.6,19.4,11.5,9.1,12.4,20.3,20.3,22.8,21.7,21.7,25.8,26.9,29.1,32.3,32.6,35.5,30.5,38,35.9,46.2,48.3,50.5,56.2,56.8,46.5,53.8,53.2,42.3,40.5,41,46.2,43.7,43.2,42.9,41.1,32.2,28,0,0
1058,토요일,7,2740,숭실대입구,하선,8.9,16.6,11.4,8.9,12.6,16.1,18.3,19.6,20.7,20.9,25.8,26.2,28.8,31.2,30,33,30.6,35.7,36.8,39.6,44.5,47.2,52.6,53.8,45.2,54.8,44.7,38.3,39.5,35.6,42.3,41.1,41.2,37.7,36.7,29,24.6,0,0
1059,토요일,7,2741,상도,하선,9.9,16.5,11,9.2,12.5,15.6,17.3,20,19.9,20.1,26.2,26.8,28.5,31,28.1,33.5,30.1,34.1,36.3,35.1,44,46.1,52.3,49,47.2,46.4,42.6,34.4,39,33.7,40,38.7,39.1,35.1,34.1,27.7,21.5,0,0
1060,토요일,7,2742,장승배기,하선,10.9,14.5,11.6,9,12,16,17.2,19.7,19.5,20.5,25.7,25.5,28.6,30.7,27.3,33,29,32.5,36.2,35,43.2,46,51.7,48.6,45.5,45,40.8,34.9,37.6,32.3,37.3,37.7,37.3,33.8,33.1,30,18.1,0,0
1061,토요일,7,2743,신대방삼거리,하선,12.9,15.4,11.9,9.6,11.1,17,17.2,20.5,19.9,21.9,28.4,25.5,29.2,32,29,32.7,30.2,32.1,31.6,37.4,41.3,44.2,49.9,47.7,43.4,39.6,39.3,31.7,34.2,30.6,34.4,34.2,33.9,31.1,30.3,26.4,17,4.6,0
1062,토요일,7,2744,보라매,하선,13.4,15.6,11.6,9.7,10.6,15.4,17.1,19.7,19.2,21,26.6,24.6,26.5,30.7,27.7,31.3,29,29.3,33.2,38.2,40.6,43.8,47.9,48.1,42.3,38.1,37.9,30.6,33.1,30.2,33.7,32.7,32.8,30.1,28.3,24.3,14,3.4,0
1063,토요일,7,2745,신풍,하선,12.5,16.8,11.8,11.4,11.2,16.7,18.2,20.1,20.3,22.4,26.6,26.2,26.4,32,28.1,31.1,30.2,29.2,33.4,38.2,38.9,42.2,46,46.1,41.6,36.4,36.5,31.3,31.5,28,32,30.8,30.5,26.6,28.6,22.9,15.5,0,0
1064,토요일,7,2746,대림,하선,20.4,20.2,15.5,13.4,12.9,17.3,20.6,22.1,25.1,23.8,27.8,30.7,31.2,33.5,34.8,35.9,35,33.9,39,42.5,46.5,48.1,53.8,55.7,51.7,44.7,44,40.4,41,36,40.7,38.5,39.2,36.1,36.7,35.5,18.6,0,0
1065,토요일,7,2747,남구로,하선,26.8,22.6,17.6,15.1,13.5,17.9,20.5,22.5,25.5,24.2,27.4,31.1,32.8,33.2,35.1,36.3,35.5,35,38.1,42.1,45.9,45.8,49,52.4,49.3,42.9,42.8,40.8,38.8,35.2,38.9,36.4,37.9,33.7,34.8,34.4,17.2,0,0
1066,토요일,7,2748,가산디지털단지,하선,26.6,19.4,19.2,15.4,13.4,18.2,20.6,22.7,26.5,25.4,28.8,33.9,33.4,37.7,34.1,38.3,36.5,37.7,41.4,47.5,48.8,49.4,59.5,62.6,54.9,56,53.1,45.8,45.4,39.2,46,40.2,44.8,38.9,37.5,41.1,21.8,10.9,0
1067,토요일,7,2749,철산,하선,24.7,17.8,17.4,14.8,12.7,16,18,20,23.8,24.5,26,31.2,31.6,36.5,32.6,34.6,35,35.2,36.2,44.3,43.5,45.2,52.8,57,50.5,49.6,46.7,39.1,37.7,37.4,39.1,35.8,38.1,34.4,32.5,35.6,17.9,7.6,0
1068,토요일,7,2750,광명사거리,하선,22.9,15.3,15,12.9,11.7,13.4,16.5,17.6,19.2,21.7,22.7,27.2,27.6,28.9,27.7,30.1,30.3,31.6,31.6,37.6,37.3,39.4,45.8,47,43.6,43.7,39.1,33.9,33.1,32.6,33.5,31.1,31.5,31.5,30,28.3,14.1,5.2,0
1069,토요일,7,2751,천왕,하선,25.3,15.6,14,12,11.3,13.1,14.8,18.1,18.5,20.4,22.6,26.3,26.8,28,27.6,27.7,29,29,28.5,34.2,35.2,37.7,41.2,43,41.7,38.3,32.6,32.9,29.1,29.5,29.6,28.5,27.5,28.6,26.7,25,12.1,3.6,0
1070,토요일,7,2752,온수,하선,8.6,12.8,14.2,7.8,14.3,9.6,14.1,16.1,22.1,14.8,20.4,28.8,19.5,26.2,31.7,25.1,22,32.2,30,26.3,34.6,44.5,33.4,41.5,48.6,41.2,30,33.2,35.6,26.2,28.9,37.2,24.2,31.4,27.8,27,20.3,0,0
1071,토요일,8,2810,암사역사공원,상선,1.9,4.1,3.3,3.9,4.8,6.5,7.1,8.8,10,10.3,11.6,11,13,12.7,15.3,17,18.1,21.1,18.9,19.2,23.8,24.7,30.4,30.7,31.7,28.5,28.3,24.3,25.5,23.9,23.2,26.1,25.7,26.1,28.4,22.7,22.8,0,0
1072,토요일,8,2811,암사,상선,3,4.7,4.2,4.8,5.4,6.8,8.1,9.7,11.5,11,13.2,12.6,14.8,14.5,18.2,20.4,21.9,24.4,21.8,23.1,27.9,28.6,35.5,36,36.3,34.7,32.9,28.1,30.1,27.5,27.7,29.8,30.7,29.4,36.3,27.4,13.7,0,0
1073,토요일,8,2812,천호,상선,3.9,6.6,6.3,6.9,7.9,12,14,16.3,16.2,16.3,18.9,19.3,22.9,23.7,27.9,29.1,31.5,35.5,31.4,36.3,40.2,45.1,52.4,53.3,52.9,50.9,47.7,41.8,41.1,39.1,39.1,42.9,44.4,40.3,49.6,38.7,25.8,0,0
1074,토요일,8,2813,강동구청,상선,9.5,14.3,12.5,13.8,15.1,24.4,25.2,34,34.2,34.9,37,40.3,45.3,43.9,48.6,53.4,53.9,53.2,52.6,62.5,57.9,68.4,74.9,78.6,76.1,70.9,66.4,61.4,54.1,52,53,56.2,59.9,55.1,62.5,48.3,32.2,0,0
1075,토요일,8,2814,몽촌토성,상선,8.9,14.8,13.6,14.1,15.2,24.4,25.7,33,33.7,34.4,36.6,41.8,46.8,44.3,49.5,54.8,56.3,51.9,56.9,65.1,64.9,66.8,78.2,80.2,81.5,74.5,72,62.6,58.8,56.2,55.9,60,64.1,59,60.9,53.2,35.2,0,0
1076,토요일,8,2815,잠실,상선,9,16.7,15.2,14.6,15.3,24.8,26.7,33.5,34.5,36.1,40.9,44,49.5,46.2,52.8,57.5,59.7,54.2,62.2,66,66.6,66.6,79.5,82.2,83.3,76.4,73.7,64.1,59.5,56.5,56.5,61.4,64.4,59.2,61.4,54,36.1,0,0
1077,토요일,8,2816,석촌,상선,20.9,19.5,20.6,21.6,26.6,40,44.8,60.3,50.4,63.2,76.9,81.6,79.5,77.7,88.6,90.7,88.8,73,79.5,82.5,82.9,74.3,88,82.8,74.8,71,61,48.8,45.2,42.4,39.4,39.8,39.2,37.7,37,32.5,19,4.7,0
1078,토요일,8,2817,송파,상선,21.6,20.7,21.8,25.6,30.5,45.7,52.4,72.9,57,76.3,81.5,90.1,85.7,88.9,99.1,100.1,93.5,78.1,86.5,85.5,82.3,83,86.4,82.5,77.3,65.7,58.9,44.7,45.2,39.3,35.1,34.9,32.2,33.1,31.3,26.4,17.8,4.8,0
1079,토요일,8,2818,가락시장,상선,20.5,20.1,20.9,24,28.5,42.5,49.3,69.9,54.1,72,76.7,83.3,81.2,84.6,94.6,93.8,90,72.7,83.1,82.1,81.9,80.3,83.9,78.6,76.2,64.1,58.3,44.2,44.9,39.4,35.6,34.9,32.1,32.4,30.8,25.2,8.9,0,0
1080,토요일,8,2819,문정,상선,31.9,20.8,21.2,24.5,27.7,45.7,46.4,68.1,57.7,66.3,71.9,73.6,80,80.3,87.2,82.5,81.4,69.3,77,72.4,66.5,78.9,77.1,73.1,65.1,57.3,50.3,35.6,38.6,31.2,28,28.7,26.1,25.2,21.5,20.3,7.9,0,0
1081,토요일,8,2820,장지,상선,31.2,20,19.8,22.3,25.8,43,44.3,62.3,52.5,60.8,66.9,67.4,74,73,79.3,71.4,71,59.1,68.1,62.4,57.9,65.9,68.8,63,55,47.4,41.9,30.1,30.5,24.8,22.4,24.3,22,19.3,17.9,16.7,7.3,0,0
1082,토요일,8,2821,복정,상선,25.6,15.9,17.4,18.6,24.6,39,39.5,50.1,47.8,51.4,56.1,60.3,66.6,65.7,71.9,61.9,58,50.6,58.3,50.4,49.8,52.8,55.5,46.2,44.2,36.2,32.9,22.3,22.6,20.7,17.2,18,16.5,13.7,16,16,8,0,0
1083,토요일,8,2828,남위례,상선,20.7,14.6,12.5,15.6,22.1,32.4,34.7,38.2,35.9,37.6,37.7,42.5,41.5,43.6,47.5,41.3,36.4,35.3,35.4,32.6,32,33.3,31.7,29.1,23.7,19.3,17.2,12.7,11.5,10.5,8.1,9.1,8.5,7.6,7.4,5.6,2.9,0,0
1084,토요일,8,2822,산성,상선,20.6,14.7,11.5,14.7,20.6,29.8,32.1,34.8,32.3,33.2,33.5,38.5,37.5,37.2,41.6,33.4,31.1,29.8,29.8,27.2,26.6,27.3,26.5,24.1,20.3,16.6,14.1,10.7,9.1,8.9,6.8,7.5,6.7,5.7,5.7,5.1,2.8,0,0
1085,토요일,8,2823,남한산성입구,상선,18.1,12.3,10.3,13.6,18.2,25.4,27.3,30.6,28.6,28.8,29.1,32.7,31.1,30.9,34.1,29.2,27.1,25.2,25.5,24.7,21.4,24.3,22.3,20.5,16.5,14.4,11.8,10.6,8.7,8.5,6.4,7.6,6.5,5.7,5.7,6,3.3,0,0
1086,토요일,8,2824,단대오거리,상선,12,7.9,7.4,9.2,11.7,16.8,17.9,20,21.4,20.3,21.2,20.6,20.8,23.6,21.6,21.7,19.4,18.6,19.6,19.1,16.9,20.7,18.5,16.1,15.8,13.1,11.7,10.5,9.1,7.7,6.7,8.4,7.1,6.5,8.1,6,5,0,0
1087,토요일,8,2825,신흥,상선,5.6,4.2,4.8,4.5,6,9.9,9.9,10.8,12.3,11.3,11.9,11.3,12.6,13.7,13,13.4,12.6,12.6,14.2,13.4,12.1,16,13.4,12.3,13.3,10.9,11.1,9.4,8.5,6.4,6.2,8,6.9,6.3,7.4,6,5.1,0,0
1088,토요일,8,2826,수진,상선,3.4,2.5,3.5,3.3,4,6.6,7.3,8.3,9.2,8.3,8.4,8.4,9.8,11.8,10.6,10.2,10.2,10.3,10.6,10.4,9.6,12.4,10.9,10.3,10.3,10.1,10.8,8.6,7.1,6.1,6.3,8.2,6.3,6.9,7.5,5.4,5.6,0,0
1089,토요일,8,2827,모란,상선,1.8,1.4,2.7,2.4,2.4,3.6,4.9,5.7,7.2,5.7,6.3,6.6,7.6,9.4,8.9,8.3,9.5,8.8,8.9,9,8.1,10.8,10.5,8.9,10.1,9.5,11.1,8.9,7.2,6.4,6.7,7.9,6.9,6.7,8.4,5.2,6.5,0,0
1090,토요일,8,2810,암사역사공원,하선,12.8,11.4,12.5,11.8,18.2,27.9,29.5,34.9,29.9,30.7,33.3,35.2,32,36.3,35.1,33.2,29,29.5,27.4,24.8,28.4,27.4,28.2,27,22.9,17.8,13.9,11.3,9.1,7.9,8.5,8,8,6.7,5.3,4.6,2.6,0,0
1091,토요일,8,2811,암사,하선,19.5,19.3,19.8,20.5,27.4,41.8,42.1,53,45.2,49.6,47.7,51,47.5,52.4,51.8,49.4,47,45,41.7,36.3,38.4,38.4,38.5,37.8,33.8,26.1,20.9,18.1,15.4,12.5,13.4,12,11.5,10.5,8.3,6.2,4.8,0,0
1092,토요일,8,2812,천호,하선,24.9,32.9,29.7,30.6,34.1,59.1,55,70.1,66.8,66.6,63.8,67.1,72.3,72.6,71.5,76.3,67.2,63.9,63.9,59.6,65.3,68.3,68.6,67.6,60.3,51.1,46,36.5,33.8,27.6,34.2,24.5,24,22.3,20.8,17.3,11.1,0,0
1093,토요일,8,2813,강동구청,하선,27.6,34.5,31.4,32.3,35.9,62.5,59.5,76.3,70.8,70.1,67.6,71.2,75,76.1,74.6,80.4,69.8,66.6,64.9,61.4,67.4,69.9,70.9,68.8,61.2,51.9,45.9,36.5,33.7,28.3,33.9,24.3,24.2,22.4,20.4,16.6,10.7,0,0
1094,토요일,8,2814,몽촌토성,하선,27.6,33.7,34.2,30.7,36,59,64.1,78.1,72.9,70.8,68.3,69.3,76.1,77.9,81.2,76.9,71.1,69.7,66.4,64.3,74.2,69.3,71.5,72.8,63.4,54.5,49.5,37.8,35.2,30.3,34,25.8,26.4,24.4,21.7,18.1,10.5,0,0
1095,토요일,8,2815,잠실,하선,21.4,26.9,25.1,25,27.1,47.5,44.4,54.8,53.6,48,50.6,51.6,60.5,55.7,59.8,61.3,62.2,61.5,66.9,70.1,72,78.8,84.9,81.7,89.1,79.4,75.2,65.9,61.7,62.3,64,60,62.7,61.7,47.7,43.8,21.4,0,0
1096,토요일,8,2816,석촌,하선,20.7,24.9,25.1,23.6,27.9,40.7,39.3,46.3,53.2,46.2,45.4,49.1,57,52.1,54.6,59.4,60.9,59.5,64,70.5,71.8,78,85.3,83,94.6,85,73.6,68.4,62,69.2,67.8,68.3,66.7,66.6,53.2,46.7,21.5,0,0
1097,토요일,8,2817,송파,하선,21.3,24.4,25,23.1,27.7,41.3,38.3,45.6,51.9,46.5,45.9,50.2,55.3,51.6,54,58.5,58.3,57.4,61.4,67.2,68.4,74.1,80.6,79.3,88.3,80.7,69.5,64.6,57.1,65.2,63.6,64.4,60.7,69.9,50.1,47.9,25.2,0,0
1098,토요일,8,2818,가락시장,하선,17.6,17.7,23,18.8,22.8,30.5,34.4,35.8,43,39.1,42.2,42.8,46.9,44.7,45.5,54.1,52.2,49.7,56.4,60.3,62,68.5,69.7,72,75.9,71.8,64.3,58.3,52.1,55.8,61.4,60.4,59.9,65.4,49.2,45.5,21.2,0,0
1099,토요일,8,2819,문정,하선,15.2,15.5,20,16.6,19.2,25.4,28.9,30.7,37.1,31.7,32.9,36.5,36.7,37.5,38.2,43,42.9,40.9,46.6,52.5,53.2,60.5,62.4,63,66.2,64.9,58,52.7,46.8,51,56.8,54.2,54.5,60.1,44.5,40.8,29.5,0,0
1100,토요일,8,2820,장지,하선,14.3,12,15.1,13,15.6,21.9,24.1,25.4,28.3,25.5,26.5,29.1,28.7,30.4,31,32.4,35.3,35.1,38.8,41.5,46.3,51,56,56.2,55.6,57.6,50.9,47.2,43.2,46.6,52.8,50.5,49.4,54,40.2,35.1,25.8,0,0
1101,토요일,8,2821,복정,하선,5.8,8.3,9.8,6.4,7.6,11.1,13.2,12.3,16.2,15.7,15.3,17.2,18.6,17.5,19.8,20.9,23.1,22.4,27.2,23.8,30.5,30.6,38.1,37.8,37.4,38.7,38.2,36.4,32.5,30.4,37,36.1,32.3,36.4,30.7,27.6,20.9,0,0
1102,토요일,8,2828,남위례,하선,5.3,6.1,8,5.4,6.4,10,11.6,10.8,13.4,12.6,13,13,15.7,15,16.5,17,18.7,18.7,22.9,20.9,26.6,27.1,33.2,32.7,31,32.5,32.4,32.4,28.9,26.5,32.1,31.9,27.4,34.1,29,23.9,21.7,0,0
1103,토요일,8,2822,산성,하선,5.4,5.5,7.3,5.5,5.2,8.9,9.6,8.9,11.4,9.5,11.4,10.9,13.1,13.9,15.1,14.8,17.7,17,19.5,18.2,24.5,23.5,28.3,26.3,27.9,27.4,27.1,27.9,24.9,23.1,24.6,26.7,23,28.6,24,19.9,18.6,0,0
1104,토요일,8,2823,남한산성입구,하선,7.5,5.9,7.3,6.1,6.9,10.4,11.8,10.4,11.1,10,11.9,11,12.6,13.7,14.4,12.9,16.3,14.9,16.5,16,19.6,18.8,21.7,19.3,20.3,20.7,20.3,19.5,19.6,16.3,15.8,18.4,16.3,19.6,15.2,12.7,11.7,0,0
1105,토요일,8,2824,단대오거리,하선,9.2,4.7,6.3,6.1,6.6,9.9,11.9,10.8,10.7,10.5,13.3,10.4,11.3,12.9,12.7,12,12.4,12.2,12,12.2,12.9,12.7,13.8,12.6,12.1,12,10.4,10.7,10.4,9.4,8,10.1,8.8,9.5,7.2,6,5.5,0,0
1106,토요일,8,2825,신흥,하선,9.4,4.4,5.3,5.4,6.9,10.1,11.5,11.5,10.7,9.4,12.3,9.5,9.9,10.5,10.1,10.8,9.5,9.9,8.8,9.5,10.9,10.5,10.6,10.1,9.5,8.8,8,7.1,7.4,6.1,4.7,6.2,5.1,5.7,5,3.7,3.1,0,0
1107,토요일,8,2826,수진,하선,12.5,6,6,6.1,8.4,10.7,12.8,12.9,12.2,10.3,11.4,9.4,10.8,10.6,10,10.7,9.1,10.8,8.2,8.3,10,11.1,8.5,9.2,7.6,8,7.1,5,5.6,4.5,3,3.3,2.5,2.2,2.1,1.7,0.9,0.5,0
1108,토요일,8,2827,모란,하선,0,0,0,0,0,0,0,0,0,0,0,0,0,0,0,0,0,0,0,0,0,0,0,0,0,0,0,0,0,0,0,0,0,0,0,0,0,0,0
1109,일요일,1,158,청량리,상선,4.5,3.5,3.1,5.1,4,5.8,7.9,8.4,10.1,10,10,7.2,10.7,11.3,12.8,14.8,16.7,20.1,20.8,21.9,29.7,22.4,21.9,26.5,24.8,22.9,20.7,24.8,18.9,20.1,18.6,21.2,16.4,21.4,19.1,14.1,13.5,9,0
1110,일요일,1,157,제기동,상선,4.9,4.4,5.4,6.3,5,6.5,10.7,10.6,12.7,11.5,12.5,12.5,13.8,14.9,17.9,22,20,25.1,26.1,22.3,32.8,26.7,24.3,33,27.9,26.9,23.9,27.4,19.6,26.8,19,20.7,18.6,23.9,21,15.1,14.8,11.5,0
1111,일요일,1,156,신설동,상선,4.7,4.9,6.1,6.1,5.2,6.9,10.5,13.1,15.3,14.9,14.6,15.7,17.8,20.3,23.1,27.5,25.1,30.3,29.1,32.7,30.4,27.8,26.3,34.8,28.4,25.7,29.3,25.9,19.7,26,20.3,21.5,19.6,26.1,20.8,17.4,14,12.2,0
1112,일요일,1,159,동묘앞,상선,4.8,5.2,6.6,6.4,6.1,7.4,10.3,14.7,15.2,17.2,15.9,17.8,19.6,22.8,23.5,27.8,26.4,30.5,29.6,27.8,29,30.6,29.1,29.1,29,26,25.8,23.2,21.5,23.7,22.1,24,20.8,20.7,18.2,19.8,11.5,13.5,0
1113,일요일,1,155,동대문,상선,4.4,5.2,6.8,6.9,6.7,8.2,12.3,18.1,18.9,21.4,20.7,25.5,25.2,29.6,30.9,31.1,33.5,35.4,34.1,32.2,31.5,33.3,30.5,33.3,26.5,33.2,25.6,23.7,23.9,25.7,22.9,27.2,21.9,22.8,19.9,23.3,14.2,11.5,0
1114,일요일,1,154,종로5가,상선,3.2,6.1,6.6,7.5,6.3,8.2,13.7,17.2,22,23.7,24.3,25.9,29.5,26.9,34.2,34.4,29,37.5,30.2,34,31.9,28.9,32.1,30.7,27.7,32.3,25.3,23.8,24.1,23.6,25,26.9,19.7,24.2,19.2,24.2,13.8,11.4,0
1115,일요일,1,153,종로3가,상선,3.2,6.4,6.9,7.8,6.8,9,14.3,18.7,23.7,25.8,27.3,27.6,35.3,30.2,37.6,37.6,31.2,36.4,33,34.9,31.4,29.4,32.8,31.9,27.6,30.8,24.8,23.1,25.4,22.9,25.7,22.9,21.4,24,19.2,24.5,14.5,12,0
1116,일요일,1,152,종각,상선,3.9,5.9,6.6,7,7.2,8.5,15,19,24.5,26.2,27.9,26.3,34.3,29.1,33.7,36.1,34.9,31.8,31.5,30.1,29.4,26.8,29.8,26.9,25.3,25.7,21.3,20.3,22.2,20.8,21.2,20.4,19.9,19.4,16.2,20.8,11.1,11.4,0
1117,일요일,1,151,시청,상선,3.7,6.3,7.6,7.5,8.5,10.7,15.7,21.2,27.8,29.6,31,29.7,34.1,35.2,36.4,38.2,36.7,34.9,29.8,29.9,28.8,25.4,29.4,23,26.1,22.4,20.4,20.1,18.9,18.8,18.9,19.7,16.5,17.7,15,19.2,11.1,11.2,0
1118,일요일,1,150,서울역,상선,3.6,7,8,8.3,9.3,12.7,18.8,23.6,33.1,37,33.2,35.7,40,35.4,37.5,39.4,38.4,36.4,29,32.5,27.8,25.4,29.3,22.7,24.9,20.9,20,19.4,17.8,17.5,18.4,18.4,15.6,16.2,14.7,16,9.7,5.7,0
1119,일요일,1,158,청량리,하선,7.5,9.3,6.3,8.7,11.7,15.9,20,21.4,26.3,29.9,22.7,26.7,28.1,25.7,30,29.2,29.3,27.7,27,27.7,20.4,18.6,20.2,20.8,20.3,13.7,12.8,11.7,13.1,10.1,10.2,9.5,8.2,6.2,5.2,5.5,4.9,0,0
1120,일요일,1,157,제기동,하선,7.6,9.2,6.7,9.1,11.9,19.9,18.2,21.2,25.5,33.4,27.5,28.3,26.1,27.5,34.9,28.8,31,30,36.8,29.4,25.1,21.8,26.2,18.9,24.5,17.1,13.8,14,14.9,11.1,11,10,8.8,6.6,5.2,5.5,4.8,0,0
1121,일요일,1,156,신설동,하선,7.9,9.7,7.7,8.8,13,18.4,18.5,22.3,27,32.2,30.9,28.7,25.7,30.1,36.6,29.5,33.8,32,39.1,31.5,27.4,24.2,27.2,20.5,26.7,20,14.8,15.1,15.8,11.1,12,10.6,8.5,7.7,5.3,5.1,5.5,0,0
1122,일요일,1,159,동묘앞,하선,6.2,6.9,6.9,7.3,15,14.5,20.5,22.1,33,32.2,31.3,31,29.5,30,40.1,37.4,43.9,40.4,40.5,37.6,37.7,30.7,32.9,21.6,32.9,25.2,16.7,18.8,17.1,12.1,12.7,11.2,9.8,8.1,5.4,5.5,4.8,0,0
1123,일요일,1,155,동대문,하선,6.1,6.9,6.5,7.3,14,12.7,22.4,21.3,32.2,29.7,30.9,30.2,27.6,30.3,39.5,39.4,40.8,40.2,40.1,38,40.8,28.8,33.2,24.7,35,25.5,16.9,19.8,17.1,12.7,13.3,11.9,11.9,9.2,6.1,6,5.1,0,0
1124,일요일,1,154,종로5가,하선,5.4,7.2,5.8,8.1,12,12.8,21.8,21.1,31.2,29.9,29.9,29.2,27.5,30.8,40.2,39.8,40.3,42.1,44.4,41.2,43.3,30.9,36.3,27,37.6,26.6,20.4,22.4,19.6,15,15.1,13.7,13.5,10.1,6.9,6.2,4.9,0,0
1125,일요일,1,153,종로3가,하선,4.8,6.1,5.8,7.6,11,10.6,18.6,20.6,22.2,25.2,26.9,23.7,24.8,25.6,32.8,31,34.6,36,38.9,40.3,35.8,32.5,32,28,35,25.9,23,24.2,21.2,18.1,16.2,15.6,15.3,12.1,8.7,6.6,5.7,2.3,0
1126,일요일,1,152,종각,하선,5,6.7,5.3,6.4,10.5,10.4,16.1,19.6,20.1,23.5,23.7,21.9,22.1,24.6,30.7,28.6,34.6,36.5,39.9,41.5,37.7,34.9,34,30.2,36.9,31.8,24,30,24.5,20.2,18.8,18.6,18.7,14.1,10.4,7.9,5.9,2.5,0
1127,일요일,1,151,시청,하선,5.3,7,5.2,6.3,10.2,10.7,14.5,17.9,19.5,23.3,19.5,22.4,20.2,23.7,32.3,31.2,34.2,37.7,41.3,41.3,39.8,37.6,37.5,34.4,38.8,35.4,25.5,32.8,26.5,23.2,22.2,21,20.7,15.9,12.3,9.5,6.4,2.4,0
1128,일요일,1,150,서울역,하선,4.7,5.6,4.6,5.3,7.4,10,14.7,16.6,18.7,23.3,22.1,22.2,22.6,25,33.3,32.4,35.3,39.5,43.2,43.3,42.9,40.9,40.4,37.6,42.4,41.6,29,36.8,29.5,31.7,27.4,25.9,27.4,21.6,18,12.7,9,3.2,0
1129,일요일,2,210,뚝섬,외선,3.5,5.2,5.3,7,5.4,4.7,13.3,9.8,17.8,14,20.4,17.3,22.2,25.7,19.3,29,35.8,26,31.2,30.2,39.4,29.4,37.6,32,46.3,44.2,43.8,33.2,44.8,40.2,35.8,34,39.6,33,26.3,21.1,13.9,0,0
1130,일요일,2,209,한양대,외선,4,5.2,5.3,7,5.6,3.9,13.5,9.9,17.9,14.3,20.5,17.6,22.1,25.8,19.4,29.2,36.2,26.4,31.1,30.2,39.5,29.7,38,32,44.7,44.6,44.8,35.1,44.5,40.3,36.2,34.1,39.6,33.8,27.6,21.7,14,0,0
1131,일요일,2,208,왕십리,외선,5.8,7.1,6.8,9.6,7.9,9,19.5,16,23.7,22.5,28.2,22.6,28.4,42.1,30.8,37.5,45.4,36.3,39.6,35.7,47.3,40,42.7,37.3,44.8,50.9,56.1,41.6,40.5,48.8,43.3,38.8,40,36.4,25.8,30.3,13.4,0,0
1132,일요일,2,207,상왕십리,외선,7.1,6.7,6.9,10,8.2,6.5,18.3,17,25.6,22.5,26.9,25.9,29.2,36.6,39.4,38.2,45.3,39.8,40.4,36.9,45.4,40.9,42.7,37.2,44.1,50.6,55.5,41.5,39.9,47.9,42.3,38.3,39,35,25.3,31.3,16.2,0,0
1133,일요일,2,206,신당,외선,7.4,7.1,7,10.3,8.3,6.8,19,17.6,27.4,23.7,28.6,26.8,29.6,37,39.8,38.1,46.8,39.2,40.9,37.8,44.9,41,41.4,40.1,40.4,47.7,52.9,42.5,36.9,46.5,39.7,36.4,37.1,32.4,23.8,29.5,14.2,0,0
1134,일요일,2,205,동대문역사문화공원,외선,7.1,6.8,7,8,8.2,7.9,17.7,16.1,25.3,21.8,30,29,26.9,29.4,42.2,28.5,42.4,35.7,35.3,37.1,39.2,31.8,35.4,37.4,36,40,37.4,31.1,34.6,35.7,29.1,32.8,28.8,24.3,21.7,25.1,12.6,0,0
1135,일요일,2,204,을지로4가,외선,5.6,7.4,6.7,7.6,8.3,4.6,16.5,14.1,21.1,24.1,29.7,28.6,25.9,27.9,40.1,27.2,40.9,33.9,34.1,36,36.9,31,33.4,36.5,34.7,39.2,36.3,30.1,34,35,28.2,32.3,27.8,23.3,23.3,24.7,11.1,0,0
1136,일요일,2,203,을지로3가,외선,6,6.9,6,6.9,7.5,4.9,14.8,11.8,21.5,24.7,30.3,30.2,26.4,32,36.4,27.2,37.2,39.4,35.5,26.9,47.2,34.2,34.1,36.4,39.4,40.9,36.2,34.1,35.5,36.6,29.8,33.5,29.1,24.7,24.5,26.1,11.1,0,0
1137,일요일,2,202,을지로입구,외선,4.1,6.2,5.2,5.7,6.1,5.4,9.7,11,18.3,23.4,22.8,26.7,28.3,28.5,36.1,29.5,32.3,40.9,32.5,30.4,49.1,31.3,42.9,33.8,40.1,45.3,39.1,40,33.8,43,37.2,37.7,34.7,30.1,28.5,30.4,14.7,0,0
1138,일요일,2,201,시청,외선,4.6,5.7,4.4,5.6,4.7,5.4,8.6,11.1,15.5,23.1,22,28,29.9,29,38.1,31.8,34.7,43,34.6,33.1,52.1,33.4,46.2,36.8,43.1,54.6,39.4,43.3,35.6,45.4,38.6,39.6,37.4,31.5,30.2,31,14.8,0,0
1139,일요일,2,243,충정로,외선,4.4,5.6,4.5,5.5,4.5,5.1,8.3,10.5,14.8,22.1,19.1,27.7,27.3,26,41.9,33.3,31.6,35.4,40.3,32.8,45,33.2,45,33.3,43.6,51.5,38.8,42.1,34.9,44.6,37.8,38.5,36.5,30.7,29.9,29.1,14.1,0,0
1140,일요일,2,242,아현,외선,4.7,5.7,4.6,5.6,4.6,5.5,7.6,10.6,14.8,21,19.1,30.9,24.9,25.9,42.2,33.2,31.5,34.6,40,32.3,44.1,35.9,35.7,37,43.1,46.8,43.4,42.5,34.5,35,42.8,40.1,31.6,29.6,32.8,28.2,17.3,0,0
1141,일요일,2,241,이대,외선,5.2,5.6,4.7,5,5.1,5,6.6,10.2,13.7,20.1,17.5,28.9,24,25.3,40.5,31.9,29,32.9,38,31.2,43,34.5,34.9,36,37,51,43.5,41.3,33.5,33.8,42.1,37.4,29.6,28.4,30.6,25.6,16.3,0,0
1142,일요일,2,240,신촌(지하),외선,8.4,6.1,4.8,5.5,5.3,5,6.1,9.4,11.9,17.5,16,25.8,23.6,22.3,33.3,27.7,19.2,40.6,25.4,34.4,41.3,29.1,35.9,29.6,33.3,51.5,42.1,42.1,34.8,36.6,44.8,41.1,31.4,33.4,32.4,27.3,16.7,0,0
1143,일요일,2,239,홍대입구,외선,16.3,8.7,5.9,6.2,6.2,4.6,4.6,5.2,6.4,8.2,7.6,9.6,6.8,7.5,9.3,8.9,9.6,11,10.2,10.8,13.9,11.5,14.2,14.2,31.7,43.1,42.8,42.5,35.3,47.8,48,43.3,43.5,46.3,37.4,36.7,22.1,0,0
1144,일요일,2,238,합정,외선,25.2,17.8,9,9,8.2,7.9,5.8,6.7,8.1,9.1,8.3,9.9,8.2,7.9,9.8,9.5,10.3,11.4,11.8,12.3,14.6,13.8,16.7,15.7,34.9,47.9,50.6,47,40.4,57.2,55.9,52.7,43.3,61.6,43.4,42.8,22.4,0,0
1145,일요일,2,237,당산,외선,22.9,17.1,8.5,8.8,6.9,5.9,5.5,6.4,8.1,8.8,8.3,9.9,8.3,7.7,9.5,9.2,10.2,11,11.6,11.8,14.7,13.3,15.3,15.1,29.9,47.6,47.4,43.3,38.2,53.7,52.1,49.2,39.8,57,40.2,40,20.5,0,0
1146,일요일,2,236,영등포구청,외선,23.3,17.2,9.2,9.4,7.2,7.5,4.6,6,7.1,7.6,7.8,8.2,7.3,6.4,7.9,8.5,8.6,9.4,9.8,9.8,12.4,11.7,11.4,13.2,30.4,48.4,39,46.6,41.7,40.4,57.6,54.4,39.5,49.1,42.3,41.1,17.7,0,0
1147,일요일,2,235,문래,외선,23.7,20,9.3,10.1,7.4,4.2,4.2,6.2,6.8,8,7.7,8.2,7.4,6.4,7.9,8.6,8.5,9.3,9.8,9.7,11.4,12.8,11.4,12.4,28,47.6,38.8,45.8,41.9,40.7,58,54.5,39.9,49.6,42.4,41.7,16.8,0,0
1148,일요일,2,234,신도림,외선,9.8,12,9.8,10.6,7.3,2.8,3.1,4.1,4.3,5.3,5.3,6.7,5.7,4.3,5,5.6,5.6,5.7,6.4,4.3,6.6,4.9,5.9,5.6,21.3,43.5,35.3,34.1,33.8,29.5,48.6,40.7,33,37.4,34.6,35.8,10.1,0,0
1149,일요일,2,233,대림,외선,12.4,11.3,11,11.1,7.9,5.2,4.3,6.2,6.4,5.8,5.8,6.7,5.9,4.2,5.5,6.1,5.3,5.7,5.9,4.9,6,5.5,6.6,4.8,19.6,47.1,37.7,32.7,28.3,34.8,38.7,33.1,33.3,34,40.3,36.1,35.6,0,0
1150,일요일,2,232,구로디지털단지,외선,15.4,11.9,11.8,12,8.1,6.9,5.3,7.4,7.5,6.9,6.9,7.2,7.2,5.4,6,7.4,6.3,6.8,6.7,5.3,5.6,7.1,6.8,5.2,16.4,39.7,34.2,28.8,25,30,32.5,28,27.7,26.5,34.2,31.1,27.8,0,0
1151,일요일,2,231,신대방,외선,16.7,13.7,12.6,13.1,8.1,6.1,6.1,8.6,9.1,8.9,7.1,8,8.7,6,6.6,8,7.1,6.9,7.1,5.7,5.7,7.4,7.2,5.2,14.8,41.5,28.3,24.9,26.4,23.5,28.9,26.5,23.6,23.2,33.7,24.6,22.5,0,0
1152,일요일,2,230,신림,외선,21.4,15.5,16.9,16.5,10.6,13.8,6.8,9.8,10.5,9.9,7.9,8.5,9.5,6.7,7.5,8.9,7.8,7.6,7.7,6.2,6.5,8.1,7.8,5.6,18.2,37.3,26,23.2,24.3,21.3,24.7,23.1,19,20.1,27.6,19.7,14.4,0,0
1153,일요일,2,229,봉천,외선,23.2,16.4,17.9,17.5,12.3,14.7,7.1,10.3,10.8,10.3,8.7,9.1,10,7.5,7.6,10,7.8,8,8.6,6.2,6.8,7.7,8,5.8,19.8,32.6,25.3,22.4,22.6,20.9,23.7,22.3,17.9,17.3,25.3,17.8,12.2,0,0
1154,일요일,2,228,서울대입구,외선,23.4,17.4,19,19.8,13.9,15.4,10.3,14.4,14,15.3,14,13.9,16.1,14,14.4,19.3,13.8,15.9,16.3,8.9,7.9,17.1,17.7,9.9,22.6,33.9,24,24.4,21.6,21.5,20.2,21.7,22.4,15.9,24.3,17.3,14.1,0,0
1155,일요일,2,227,낙성대,외선,24.3,18.6,18,21.1,16.2,15.2,14.5,16.8,15.9,16.5,16.1,17.6,17.9,17.4,17.4,24.6,16.9,20.7,20.6,10.2,8.1,20.2,21.3,11.7,24.7,34.9,24.6,26.3,20.4,21.2,19.8,20.6,20.4,14.5,22.1,15.3,11.9,0,0
1156,일요일,2,226,사당,외선,23.2,17.2,15.9,19.8,14.3,17.5,15.7,19.5,19.6,21.5,15.5,25.6,24.2,22.7,20.8,34.7,20.8,27,26.2,14.9,7.3,25.3,19.9,23,26.2,35,27.5,26.9,21.1,21.2,20.1,20.9,19.1,15.7,19.1,15.3,9.1,0,0
1157,일요일,2,225,방배,외선,23.7,17.3,15.3,19.1,16,11.3,19.3,17.1,21.7,20.1,16.8,25.9,25.4,23.3,21.5,35.1,22.3,26.6,22,21.1,7.3,25.5,18.1,27.4,21.3,34.9,24,30.1,22,17.9,24.4,20.2,17.8,12.8,21,12.4,16,0,0
1158,일요일,2,224,서초,외선,23.1,16.5,14.2,17.4,13.7,10.3,20.9,17,17.9,19.5,16.8,24.3,24.3,22.1,21.6,37.6,23.5,26,22,21.2,7.6,26.4,19,24.4,22.6,34.5,28.2,32.3,26,19.2,25.4,21.7,21.4,13,21.3,12.5,15.3,0,0
1159,일요일,2,223,교대,외선,20.9,13.1,12.2,14.7,11,5.7,18.9,16.9,18.7,15.8,14.9,16.6,30.2,18.8,29.4,35.1,25.1,19.8,25.6,26.3,6.3,23.7,20.2,28.6,23,34.4,31.4,24.8,27,24.1,20.3,25.7,19.7,14.6,18.5,14.7,11.7,0,0
1160,일요일,2,222,강남,외선,19.2,11.5,10.9,11.8,9.5,5.7,17.7,17.7,17.3,7,26.2,16.5,34.7,21.7,33.5,31,36.9,22.1,32,26,5.9,26.7,19.1,30,19.7,34.7,27.8,23.7,24.7,23.2,20.2,28.2,22.1,16.5,20.1,17.5,10,0,0
1161,일요일,2,221,역삼,외선,18.5,10.7,9.6,10.3,8.2,5.9,15.8,16.6,16.1,7,24.3,15.9,33.2,22.1,33.2,31.3,36.3,22.3,32,26.2,6.1,27,19.9,30.9,20.5,34.5,30.5,24.7,24.4,23.8,20,28,21.6,16.2,19.2,17.1,8.6,0,0
1162,일요일,2,220,선릉,외선,11.7,10.6,7.4,8.1,6,3.1,14.7,12.4,13.6,5.3,25.1,14.1,27.6,24.5,15.7,41,37.5,18.7,26.8,27.5,4.8,21.3,20,20.5,15.7,38,25.3,26.7,18.7,18.8,21,22.5,16.4,15.8,16.2,14.1,6.7,0,0
1163,일요일,2,219,삼성,외선,5.6,7.9,6.3,6.3,4.3,2.8,9.5,7.2,11.6,5,16.8,11.6,22.5,22.8,15.2,39.5,36.3,18.7,25.7,28.3,7.3,23.9,22.1,24,19.3,39.9,28.5,30.6,21,23.3,26.2,26.3,19.9,20.9,15.1,15.2,9.5,0,0
1164,일요일,2,218,종합운동장,외선,5.6,7.6,6.3,6.1,4.2,3.4,9,7.3,9.5,8.1,16.6,13.3,13.9,26,13.6,26.5,20.4,19.7,31.5,26.6,15,15.1,40.5,32.9,21.1,42.4,34.2,28,21.3,23.3,26.8,26.5,19.5,20.5,15,14.7,9,0,0
1165,일요일,2,217,잠실새내,외선,6.7,7.9,6.7,6.9,4.5,2.6,10.4,7.8,9.6,9.3,19.8,13,14.4,27,14.7,27.4,21.3,20.6,30.3,28.1,15.8,18.1,40,33.8,23.7,37.4,35,29.4,23,25.8,26.1,26.8,22.5,21.9,16.1,15.9,8.6,0,0
1166,일요일,2,216,잠실,외선,8,7.2,5.7,6.3,4.7,4.7,10.2,8.9,9.5,8.3,22,16.3,17.1,27.7,19.9,27.1,27.4,23.6,25.2,37.2,19.5,28.9,38.2,37.7,28.3,33.8,39.3,30.5,24.6,27.3,32.9,30.3,23.9,20.7,16.7,16.6,5.9,0,0
1167,일요일,2,215,잠실나루,외선,8.2,6.7,5.8,6.5,4.7,4.4,10.6,9.2,10.2,8.3,20.2,19.8,17.3,23.6,25.8,23,32.6,24.1,24.5,37.5,19.9,24.8,35.4,37.4,31.5,36.3,36.2,29.8,25.9,25.5,32.3,29.8,23.5,20.2,16.8,15.8,5.5,0,0
1168,일요일,2,214,강변,외선,8.9,7.2,5,5.7,5.6,5.3,11.2,8.9,13.2,11.2,19.9,22.1,19.3,27,27.8,24.1,33.6,25.3,24.2,37.2,20.2,25.1,36.6,36.1,31.5,37.2,35.4,30.3,27.8,25.3,33,28.9,26.2,26.5,14.3,15.8,5,0,0
1169,일요일,2,213,구의,외선,11.2,8.4,5.3,6.6,6.4,4.8,12.5,10.5,14.5,12.5,22.6,23.6,23.2,27.9,28.3,24.7,37.8,24.1,31.9,34.2,24.9,23.2,33.6,37.4,37.7,32.3,34,29.9,27.1,24.4,32.1,28,25.4,25.5,13.3,15.4,4.2,0,0
1170,일요일,2,212,건대입구,외선,12.8,9.2,6.2,7.9,7.4,5.9,15.2,12.3,16.2,17.3,30,24.9,27,33.7,32.6,28.8,44.2,27.4,37.5,38.7,27.7,24.4,36.1,30.7,42.6,30,30.9,29.4,26.2,21.9,29.6,26.8,21.9,28.8,16.2,17.3,6.5,0,0
1171,일요일,2,211,성수,외선,3.3,5.3,5.4,6.8,5.5,5.7,14.7,10,17.3,16.2,22.1,18,24.3,26.2,21.6,29.6,36.7,25.8,31.4,29.7,38.7,26.7,35.5,29.3,43.4,40.3,39.9,30.3,40.3,34.7,31.5,29.4,35.2,30.5,24.6,19.7,13.8,0,0
1172,일요일,2,9002,성수,외선,0.6,2.5,2.4,4.2,2.6,1.6,5.8,3.8,8.5,9.5,6.4,10.4,8.9,10.1,10.2,12.1,13.4,10.2,12.8,11.9,11.7,12.3,14.7,14.3,17,18.4,16.8,15.3,16.8,17.3,15.3,16.8,17.9,14.6,13.6,10.9,6.1,0,0
1173,일요일,2,244,용답,외선,0.5,1.5,2.8,3.8,2.9,2.5,4.7,5.5,8.2,9.6,8.1,11.3,8.9,9.7,11.1,13.1,12.1,9.9,10.8,12.2,11.6,10.8,12.7,12.2,16.1,15.7,14.6,13.6,13.1,13.7,11.6,15.5,12.4,11.1,12.4,7.4,4.2,0,0
1174,일요일,2,245,신답,외선,0.7,1.5,2.8,3.7,2.9,3.1,4.9,6.2,8.7,10.2,8.7,11.8,9.5,10.6,11.7,11.9,12.5,9.5,10.6,11.7,11.8,10.9,12.5,11,14.2,13.5,11.2,13.9,11,12.2,10.4,13.6,10.9,9.7,10.8,6.7,3.8,0,0
1175,일요일,2,250,용두,외선,0.7,1.2,2.9,3.5,2.4,3.2,4.3,6.4,8.9,10.3,7.6,11.4,9.3,8.6,10.6,9.9,11.3,7.7,9.6,10.2,10,9.6,11.3,8.7,11.5,12,11.3,11.5,10,11,9.4,11.8,9.6,8.1,9.1,5.4,3.2,0,0
1176,일요일,2,246,신설동,외선,0,0,0,0,0,0,0,0,0,0,0,0,0,0,0,0,0,0,0,0,0,0,0,0,0,0,0,0,0,0,0,0,0,0,0,0,0,0,0
1177,일요일,2,260,까치산,외선,5.3,5.2,5.8,4,6.4,6.7,9.8,11.5,10.9,5.2,9.5,10.7,10.7,10.8,8.2,10.9,10.8,10.9,11.2,7.9,9.8,10.3,9.9,10,9.2,8.8,8,8.5,7.4,7.6,6.7,5.1,7.3,5.7,5.7,5.2,2.5,0,0
1178,일요일,2,249,신정네거리,외선,8.5,8.1,9.3,6.7,8.2,10.6,15.3,17,14.7,5.2,14.2,16.2,15.7,15.6,12.7,16.6,15.5,14.9,13.1,11.8,13.2,12.3,10.3,12,10,9.8,10,10.5,8.2,8.1,7.3,6.1,7.9,6.6,5.8,4.9,2.7,0,0
1179,일요일,2,248,양천구청,외선,9.9,9.1,11.1,8.3,10.8,12.4,18.9,20.7,19.1,9.2,12.3,19.7,18,19.4,18,18.5,18.6,17.2,16.8,15.8,13.3,14.6,12.6,12.7,13.1,11.6,12,10.4,9.5,10.3,8,6.3,7.5,6.9,5.9,4.6,1.9,0,0
1180,일요일,2,247,도림천,외선,9.9,9.2,11.2,8.5,10.9,12.5,19.2,20.9,16.2,5.4,12.6,20.2,18.1,19.8,18.1,18.9,18.8,17.4,17,15.9,13.4,14.8,12.7,12.8,13,11.9,12.3,10.4,9.9,10.2,7.9,6.3,7.5,6.9,5.9,4.6,1.9,0,0
1181,일요일,2,9003,신도림,외선,0,0,0,0,0,0,0,0,0,0,0,0,0,0,0,0,0,0,0,0,0,0,0,0,0,0,0,0,0,0,0,0,0,0,0,0,0,0,0
1182,일요일,2,210,뚝섬,내선,8.3,8.4,6,6.3,6,9.4,13.4,18.2,20.3,20.7,26.2,28.2,28.8,34.4,35,44.5,35.2,34.2,41.2,33.9,38.3,36.7,39.4,35.9,40,23.4,33.8,27,27.1,23.8,21.8,25,23.9,18.8,24.7,25,9,0,0
1183,일요일,2,209,한양대,내선,8.4,8.7,6.4,6.4,6.2,9.8,14.8,19,23.3,25,26.9,29.2,35.4,38.6,40.9,49.4,39.5,33.7,48.6,35.4,41,35.7,40.4,35.6,38.9,30.3,24.9,23.3,26.9,21.3,20.9,19.4,23.4,20.6,19.3,23,10.2,0,0
1184,일요일,2,208,왕십리,내선,8.5,9.3,6.7,6.6,6.3,10.8,15.4,19.7,22.4,27.1,27.6,29.5,35.4,40,41.5,45.7,43.6,33.9,49,35.8,41.8,36,40.9,35.9,36.2,32.3,25,23.3,27.3,22.2,20.7,19.5,22.8,21.6,19.7,23.5,11.3,0,0
1185,일요일,2,207,상왕십리,내선,10.3,12.2,8.8,8.4,8.2,15.2,19,25.8,28,30.8,31.5,35.4,40.3,42.9,47.2,52.5,50.1,40.7,54.7,46.3,47.8,44,50.5,43,46,37,37.2,30.6,33.5,33.4,29.9,30.8,33.1,32.5,31.6,35.8,18.5,0,0
1186,일요일,2,206,신당,내선,9.6,12.3,8.3,8.4,8,15,18.8,25.3,28.2,30.1,31.7,35,39.8,42.7,51.4,47.1,49.2,48.6,48,46.1,46.9,45.1,52.4,47,43.6,38,38.5,31.5,35.3,35.2,31.8,34.7,31.5,34.2,32.9,37.9,19.9,0,0
1187,일요일,2,205,동대문역사문화공원,내선,10.5,9.8,7.7,8.3,8.3,14.7,19.2,23.5,28.2,27.8,31.3,31.2,41.2,43.5,48.6,44.5,45.4,46.1,45.1,43.9,46,44,51.6,46.3,43.3,37.5,40.7,34.5,35.1,36,34.2,36.6,34,36.4,35.1,41.2,22.2,0,0
1188,일요일,2,204,을지로4가,내선,10.5,7.9,7.5,6.7,7.2,12.2,15.6,17.8,23.1,22.5,28.3,22.8,33.6,34.9,38.7,38.5,40.9,37.7,37.3,39.8,37.9,40.6,44,41.4,40.5,32.8,37.3,35.1,33.8,37.1,36.7,36.5,38.4,36.3,38.6,40.7,17.4,0,0
1189,일요일,2,203,을지로3가,내선,10.4,8.1,7.8,6.7,7.3,12.1,15.9,18.7,22.6,22,27.7,22.6,31.1,36.4,36.9,36.8,41.8,36,36.9,38,37.3,38.8,42.5,37.8,39.7,33.1,34.9,34.3,33.1,35.9,33.3,40.6,37.9,35.7,38.6,40.8,18.3,0,0
1190,일요일,2,202,을지로입구,내선,10.1,9.2,8.3,7.4,8.5,12.7,17.8,22,24.2,22.6,27.5,27.9,27.1,36.6,39,35.5,42.4,39.9,35.3,38.5,37.9,38.9,43.1,37.7,41.2,33.7,35.9,33.7,34.9,36.2,34.6,40.9,36.3,35.7,39.5,42.2,18.8,0,0
1191,일요일,2,201,시청,내선,13.9,10.9,9.1,8.5,10,15.5,20.9,26.3,28.8,23.1,32.9,32,29.6,37.9,43.1,37.6,43,41.9,34.8,37.4,37.6,36.5,40.5,36.7,37.4,32.1,34.6,29.9,32.6,32.4,28.5,38.6,34.5,35.1,35.2,40.8,16.9,0,0
1192,일요일,2,243,충정로,내선,15,11.7,9.6,9,11.9,17.2,22.7,28.2,26.9,27.4,33.5,33.2,32.4,38.6,45.1,39.6,44.9,43.3,35.3,39.1,38.2,36,41.9,35.8,38.4,32.5,36.1,30.2,33.8,33.6,31,41,36.5,37.6,37.3,44.9,19.9,0,0
1193,일요일,2,242,아현,내선,14.5,11.1,9.2,9,12.3,17.3,23.8,27.1,25.8,27.8,33.1,32.8,30.7,37.5,43.4,38.1,43.5,43.1,33.6,38.5,37.6,35.7,41.4,35.3,37.7,32.2,36.1,31.4,32.3,32.2,31.8,39,38.1,38.2,40,44.2,20.3,0,0
1194,일요일,2,241,이대,내선,14.1,11.2,8.4,8.7,11.9,18.4,22.4,26.1,25.1,29.7,31,31.3,30.8,37.2,41.5,37.7,37,47.2,32.8,39.3,36.4,36.4,40.9,34.5,34.6,34.4,35,32.3,31.6,34.6,32.3,39.8,39.2,38.9,40.8,33.4,25.9,0,0
1195,일요일,2,240,신촌(지하),내선,13.9,11.1,8.7,9.2,11.5,17.5,22,25.1,25.1,29.4,31,30.4,29.9,35.5,40.5,36.9,36.4,47,32.5,38,36,35.4,40.4,35.8,31.1,34.6,33.4,32,31.7,34.8,33.2,40.3,40.1,39.1,42.5,34.7,28.1,0,0
1196,일요일,2,239,홍대입구,내선,12.9,11.3,9.5,9.4,12.2,18.6,23.4,25.2,27.3,29.3,32.8,30.9,29.1,34.2,41.8,33,34.3,43.3,33.5,36,37.1,33.8,40.7,35.1,29.7,35.4,34,30.1,31.5,32,33,37.2,33,40.9,42.8,31,28.8,0,0
1197,일요일,2,238,합정,내선,9.2,9.2,9.3,10,11.9,18.6,22,24.6,28.5,29,29.3,37.4,37,32.4,57,40.5,39.5,43.6,37.3,41.4,33.3,32.2,37.9,34.8,26.3,28.5,30.2,21.9,23.7,21.6,22,24.6,20.3,23.4,26.9,16.9,13.6,0,0
1198,일요일,2,237,당산,내선,8.9,10.2,9.3,11.3,14.3,22,22.4,34.6,31.4,30.8,40.2,37.3,47.7,36.5,64.9,49,42.3,55.6,43.3,44.4,39.8,38.2,39.1,40.9,35.5,34.1,32,26.1,23.9,22.1,22.7,29.1,21.6,22,27.9,15.3,15.4,0,0
1199,일요일,2,236,영등포구청,내선,8.1,11.2,10.2,11.5,14.2,22.8,24.4,35.3,31.7,29.9,36.9,36.1,43.9,34.9,60,46.6,41,51.9,40.7,42.2,37.9,37.8,37.5,37.7,32.5,32,26.5,28,22.5,20.9,20.4,24.2,19,20.3,24.8,14.7,15.7,0,0
1200,일요일,2,235,문래,내선,7.7,11.9,10.6,12.1,13.6,22.8,23.8,35.4,29.6,28,36.4,32.5,45.1,32.8,55.4,43.4,39.3,48.1,37.7,40.2,36.7,36.4,35.7,34.9,31.5,32.3,26.6,28.3,24,20.7,21.5,23.4,19.9,21,26.8,15.9,16.4,0,0
1201,일요일,2,234,신도림,내선,7.7,12.6,9.7,12.4,13.9,24.1,26,35.2,26.9,26.5,41.5,31.9,43,44.2,50,40.5,48.6,41,39.1,38.1,34.8,34.2,33.9,28.1,28,26.2,26.7,27.4,24.5,20.8,21.2,17.8,15.5,16.3,15.6,11.3,8.4,0,0
1202,일요일,2,233,대림,내선,30.6,19.4,12.2,11.7,13,20.7,23,28.5,28.7,29.6,30.9,27.7,37.1,33.2,39.7,32.6,40.5,31.6,36.1,32.4,31.1,28.4,32.3,27.5,27.1,30.3,30,30.6,27,23.1,20.5,26,20.4,21.7,19.2,11.9,11.1,0,0
1203,일요일,2,232,구로디지털단지,내선,25.1,16.2,10.9,10.9,12.1,17.6,19.8,25.4,26.4,27,29.7,26.5,37.5,30.9,33.6,34.3,34.6,29.9,30.6,31.7,26.6,30.7,30.6,29,28.4,29.8,30.5,31.7,26.6,23.8,21.8,29.9,22,29.4,22.2,14.2,12,0,0
1204,일요일,2,231,신대방,내선,17.5,13.7,8,9.2,10.1,13,18.6,19.7,22.6,22.8,25.6,20.1,32.3,27.9,26.6,30.5,31,25.3,28.4,28.3,25.2,27.7,28.4,26.4,27.2,28.8,28.9,33.5,26.6,23.3,24.5,29.5,25.1,28.4,25.7,15.7,14.3,0,0
1205,일요일,2,230,신림,내선,14.6,12.5,7.3,8.1,9.3,11.3,16.1,15.8,17.4,21.7,23.5,19,24.7,28.5,23.1,26.2,32.2,23.9,27.3,27.6,22.4,26.4,30.8,21.4,30.7,29,32,33.9,28,25.4,26.6,33.3,28.8,32.2,28,19.1,13.1,0,0
1206,일요일,2,229,봉천,내선,9.9,11.8,7.5,7.4,8.3,9.7,14,14.4,15.5,18.8,20.6,17.3,22.6,23.7,20.9,23.5,29.9,22.6,26.9,26.5,23.5,26.9,33.3,20.1,41.4,33.6,41.8,38.6,34.4,29.6,37.3,44.5,35.4,42.2,33.7,29.3,19.2,0,0
1207,일요일,2,228,서울대입구,내선,8.2,11.6,7.7,7.1,8.1,10.9,11.3,12.8,16.1,15.9,19.5,15.9,22.7,20.4,20.1,22.9,28,21.2,23.1,27.9,24.9,28,34.1,20.7,43.8,35.4,45.9,40.6,34.7,32.4,40,49.9,38.5,43.3,37.3,31.9,21.2,0,0
1208,일요일,2,227,낙성대,내선,13.6,11.3,8.5,7.3,8.4,11,11.7,15.4,16.7,17.5,20.4,19.4,21,22.3,20.6,22.1,34.6,23.8,26.8,29.6,28.6,34.7,36.5,23.4,54,49.9,45.6,47,38.9,37.4,45.9,58.5,44.9,48.6,36.7,47.5,21.4,0,0
1209,일요일,2,226,사당,내선,13.3,10.9,8.5,7.4,8.1,11.8,11,16,17.3,18.5,21.2,18.3,21.9,22,20.5,23,33.8,23.3,28.8,30.9,30.5,36.9,40.7,25.7,57.9,53.6,43.2,58.1,42.6,38.1,56.4,56.7,58.4,50.9,41.1,47.2,23.9,0,0
1210,일요일,2,225,방배,내선,15,10,8.7,8,8.4,12.4,12.9,19.3,19.2,20.7,21.5,21.3,21.6,25.4,23.6,25.8,35.8,26.2,32.2,28.3,28,45.8,39.6,31.7,53.1,55.9,35.3,49.9,44.8,36.5,60.3,47.2,54.7,51.2,33.5,42.5,19.9,0,0
1211,일요일,2,224,서초,내선,14.5,9.6,8.2,7.5,8.4,11.7,13.6,20,19.1,21.7,20,23.4,21,24.7,23.8,22.8,36.8,27.5,32,28.5,26.9,44.4,37,36.4,54.7,53.5,42.7,43.1,44.6,46.1,54.2,49.5,53.6,49,37.7,30.7,26.3,0,0
1212,일요일,2,223,교대,내선,14.7,10,9.1,9.7,11.4,13.1,15.3,25.8,25.7,24.7,21.8,26.1,25.8,26.6,24.5,21.1,37.4,30,32.8,28.6,25.8,44.7,37.8,36.7,53.5,50.6,42.3,41.4,41.8,44.5,52.4,48.3,52.2,51.1,31.6,30.9,26.7,0,0
1213,일요일,2,222,강남,내선,15,9.1,8.3,8.8,10.4,12.5,15.5,24.3,21.6,23.6,19.3,24.1,24.7,25.3,23.5,22.7,35.9,29.7,31.2,26.2,33.8,39.9,37,37.5,52.6,48.9,40.4,43.1,34.4,40.4,50.2,41.2,47.3,45.8,28.5,27.7,25.2,0,0
1214,일요일,2,221,역삼,내선,10.5,7.8,7.7,8.6,10.2,11.5,15.9,22.9,21.8,21.9,18.2,25.5,25.9,24.3,24.4,31.3,31.7,28.1,30.8,26.2,34.1,38.7,38.7,47.4,46.9,45.1,40.3,40.5,33.8,35.5,45.8,36,38,36.8,23.3,20.6,20.8,0,0
1215,일요일,2,220,선릉,내선,8.3,8.5,8,8.6,10.7,12.3,17.8,25.8,21.1,22.3,19.8,26.3,26.6,23,26.9,31.2,29.1,30.4,30.6,24.9,33.4,36.6,37.8,46.5,44.3,43.1,37.8,38.6,32.5,33.9,44.1,36.4,32.8,36.7,22.3,21.3,10.7,0,0
1216,일요일,2,219,삼성,내선,6.7,7.3,6.5,7.5,8.9,11.5,15.3,23.2,19.2,18.9,18.7,23.1,21.3,19.5,25.6,26.4,24.4,28,21.3,24.2,30.4,28.7,37.1,47.7,38.1,36,33,32.7,28.6,29,37.5,35.3,29.2,29,16.4,17,10,0,0
1217,일요일,2,218,종합운동장,내선,9.4,8.6,7,8.9,10,13.9,19.9,27.7,23.6,23.8,24,28.9,27.2,21.7,28.4,28.7,27.1,27.7,21.6,21.7,29.5,25.2,32.1,42.9,31.5,29,28,26,23.6,23.5,29.8,25.6,27.5,23.8,14.1,15.3,6.3,0,0
1218,일요일,2,217,잠실새내,내선,9.8,9.2,6.9,9.2,10.2,14.4,20.9,23.6,26.8,28.3,21.8,29.9,31.8,28.3,44.2,49,32.4,29.1,22.9,22.5,26,24.6,27.1,25,29.2,25.8,31,25.7,23.8,24,28.8,25,25.7,25.1,14.7,15.4,6.8,0,0
1219,일요일,2,216,잠실,내선,8.2,9.7,7,9.2,9,15.1,20.1,19.8,30,27.8,20,32.8,34.8,30.3,49.5,48.7,30.4,30.5,26.3,22.6,27.2,30.5,24.1,28.5,27.8,29.5,31.9,26.1,24.3,25.5,28.6,24.5,25,24.7,15.3,14.4,8.9,0,0
1220,일요일,2,215,잠실나루,내선,5.7,7.6,6,7.4,8,13.3,15.8,20.3,24.8,25.8,18.9,32.2,31.7,27.9,43,40.4,28.2,32.6,26.2,21.9,29.7,29.4,25.1,25,25.5,28.5,28.9,24.7,21.3,24.6,23,20.8,20.7,21.3,17.2,17.8,15.5,0,0
1221,일요일,2,214,강변,내선,5.7,8.1,6,7.4,8.4,13,17.2,18,24.1,22.7,21.6,30.1,31.2,28.5,40.1,41.5,27.7,29,27.6,23.2,29.9,30,24.8,26.6,24.3,30.3,28.6,24.3,22.1,23.5,23.5,22.8,21.5,22.2,17.8,19.9,9.8,0,0
1222,일요일,2,213,구의,내선,5.9,9.3,6.9,8,8.8,12.8,16.6,17.1,22.3,21.9,21.3,27.7,29.9,27.5,37.9,41.4,28.3,29.1,29.5,24.9,33.3,31.5,27.4,29,31,26.6,30.8,26,23.9,24.4,25.4,23.7,21.5,22.6,18.9,21.7,12.3,0,0
1223,일요일,2,212,건대입구,내선,7.2,8.6,6.4,7.4,8.7,11.7,16.2,16.9,19.8,23,18.5,26.8,29.1,26.4,37.4,41.5,26.5,28.7,30.6,24.9,35.4,33.1,29.6,32.4,34.9,25,39.6,28.4,22.9,32.3,26.7,28.1,24.1,21.6,26.1,26.1,15.1,0,0
1224,일요일,2,211,성수,내선,5.2,6.7,4.6,5.7,6.2,9.3,11.3,13.4,16.7,19,18.8,21,26.9,23.4,29.7,42,26.4,31.1,30.4,25.9,38.1,37.2,29.4,37.5,44.6,29.1,48,33,26.9,37.9,27.6,31.6,29.6,23.5,28.2,30.6,21.3,0,0
1225,일요일,2,9002,성수,내선,0,0,0,0,0,0,0,0,0,0,0,0,0,0,0,0,0,0,0,0,0,0,0,0,0,0,0,0,0,0,0,0,0,0,0,0,0,0,0
1226,일요일,2,244,용답,내선,5,6.2,4.6,6.4,4,7.5,9.3,9,11.7,14.3,17.3,18.7,18.5,20.1,25.2,21.7,24.1,20.1,20.7,21.6,16.9,20.1,19.6,15.9,13.5,13,8.8,6.3,7.2,5.1,3.5,2.5,2.2,2.3,1.9,1.8,0.8,0,0
1227,일요일,2,245,신답,내선,3.7,5.1,4.2,5.5,3.3,6.1,7.7,7.5,9.9,12.1,15.3,16,16.2,18.9,22.2,22.1,20,21.1,20.1,20,15.8,18.7,19.3,15.1,13.3,12,8.4,6,6.7,4.4,2.8,3.6,3.1,3.2,2.7,1.8,1.5,0,0
1228,일요일,2,250,용두,내선,2.8,4.5,4.1,4.6,4.2,5.2,7.1,8.5,8.9,12,13.5,15,15.4,17.9,21,21.2,19.3,20.6,18.9,17.5,14.8,20.1,19.2,15,12.9,11.6,8.5,6.4,6.5,4.4,2.6,4.3,3.3,3.7,3.4,1.9,1.7,0,0
1229,일요일,2,246,신설동,내선,2.4,4.1,3.5,4.2,3.6,3.8,5.6,7.1,7.7,10.3,11.6,13.9,14.3,15.4,18.5,18.6,17.4,17.9,16.6,15.3,12.9,16.3,19.5,13.1,11.5,11.4,7.6,5.8,5.7,3.9,2.5,3.9,2.9,3.8,3.6,1.9,1.5,0,0
1230,일요일,2,260,까치산,내선,0,0,0,0,0,0,0,0,0,0,0,0,0,0,0,0,0,0,0,0,0,0,0,0,0,0,0,0,0,0,0,0,0,0,0,0,0,0,0
1231,일요일,2,249,신정네거리,내선,4.4,3.5,4.1,2.6,3.3,4.8,5.1,6.7,6.5,3.5,6.4,9.8,9,6.9,8.6,9.8,9.4,10.8,9,9.4,14,11.3,13.2,13.7,10.5,12.2,11.8,13.3,10.2,7.8,9.1,11.1,9.2,7.3,8.3,5.5,4.5,0,0
1232,일요일,2,248,양천구청,내선,4.2,4.2,4.2,3.1,4.1,5.3,5.7,6.2,6.6,6.5,5.4,9,9.2,7,9.4,11.5,10.7,13,11.4,11.9,17.5,16,15.4,18.9,17.1,19.4,19,18.2,14.6,14.4,13.4,18,14.1,12.8,12.2,11.1,7.5,0,0
1233,일요일,2,247,도림천,내선,3,4.2,4.8,3.5,4.5,5.6,6.1,6.6,8.1,5.6,5.8,8.8,9.8,7.9,10,12.6,12.6,15.2,13.5,14.2,20.3,19.2,17.6,23.6,20.1,24.5,23.7,21.8,18.6,19.1,16.1,22.2,18.2,16.1,17.7,14.5,10.7,0,0
1234,일요일,2,9003,신도림,내선,2.8,6.2,5,3.6,4.5,5.7,6.4,7.1,8.4,4,5.8,9.1,9.9,8.1,10.3,12.7,12.6,15.3,13.7,14.3,20.5,19.3,20.2,23.2,19.9,22,22.4,21.8,21.9,19.4,16.5,22.9,18.7,16.5,18.2,14.6,11.1,0,0
1235,일요일,3,309,지축,상선,8.1,5.9,4.9,6.4,7.6,11.5,10.1,18.7,23,17.3,13.6,18.4,16.2,21.5,23.5,24,29.5,30,33.1,26.9,37.7,40.1,39.3,38.6,28.1,31.3,44,28.1,32.5,22.8,25.2,18.7,19,26.5,18.6,21.9,21.8,0,0
1236,일요일,3,310,구파발,상선,7.6,6.1,3.4,2.5,4.5,6.8,6.2,12.8,9,13,11.1,11.3,8.9,14.1,9.2,16.2,12.5,18.6,15,19.9,16.4,25.1,16.7,24.3,15.6,20.1,29.2,14,19.8,13.3,20.2,19.9,12.3,13.8,15.7,11.9,0,0,0
1237,일요일,3,311,연신내,상선,7.9,7.1,4.2,3.9,6.2,7.8,10.5,14.8,17.2,15.9,15.3,14.3,14.1,15.3,14.7,16.2,18.9,19.5,21.5,20.5,24.1,24.7,24.3,24.8,24,25.9,29.7,21.2,20.5,19.5,19.6,23.1,18.5,15.2,17.1,14,4.6,3.4,0
1238,일요일,3,312,불광,상선,7.2,7.2,4.3,4.5,6.9,8.4,12.7,17.1,19.4,17,16.9,16.7,16.4,17.4,17.2,18.6,22.2,22.6,25.5,24.1,28.1,29.3,30.2,31.4,29.8,33.5,35.9,26.7,25.6,25.1,25.4,29.9,22.1,21.2,20.6,17.8,8.1,6.1,0
1239,일요일,3,313,녹번,상선,6.8,6.1,4.1,4.7,6.8,8.7,12.6,17.6,19.9,17.7,16.1,15.5,16.7,16.6,17.7,19.1,22.2,23.1,24.4,23.8,29.1,28,30.7,32.1,30.1,33.3,38.9,28.9,24.9,25.3,26.6,31.1,22.7,21.4,20.4,18.4,8.5,0,0
1240,일요일,3,314,홍제,상선,6.3,5.2,4.7,4.7,6.9,8.9,13.1,18.2,20.2,17.6,15.9,14.9,16.2,16.3,17.7,19.6,22.7,23.3,25.7,24.9,31,29.7,33,34.7,32.5,36.5,43.4,31.6,27.6,27.7,29.4,31.4,26.6,24.2,23,18.8,9.5,0,0
1241,일요일,3,315,무악재,상선,5.1,5.7,4.8,5.5,8.3,10,14.1,20.1,20,18.2,16.2,16,16.2,16.8,17.4,21.3,23,24.6,26.4,28.1,33.9,32.7,36.6,36.6,36.6,40.7,45.6,33.1,31,30,36.3,33.5,29.8,27.4,25.4,20.9,11.8,0,0
1242,일요일,3,316,독립문,상선,4.8,5.8,4.8,5.6,8.2,10,14.4,20.1,20.4,18.5,16.3,16.2,16.2,16.9,17.9,22,23.6,25.4,27,28.6,34.7,33.5,37.6,37.4,37.7,44,44.9,33.8,31.7,30.5,37.4,34.3,30.6,27.8,24.8,20,12.5,0,0
1243,일요일,3,317,경복궁,상선,5.9,5.3,4.8,5.7,8.3,10.5,16,22.6,24.5,21.6,19,18,17.5,17.3,19.2,23.4,24.8,26.2,28.4,29.3,35.2,34,38.6,38.2,38.2,44.6,45.9,34.6,32.3,31.4,38.5,34.9,31.2,28.5,25.5,20.8,13,3.4,0
1244,일요일,3,318,안국,상선,5.8,6,5.1,7.2,10.6,13,21.8,29.9,36,29.6,28.8,28.7,28.1,28.3,32.4,33.6,36.3,35.7,36.6,35.8,39.7,38.9,44,38.4,41,45,43.2,34.5,32.9,31.2,38.3,34.7,31.4,28.6,26.3,20.1,9.5,0,0
1245,일요일,3,319,종로3가,상선,5.6,7.3,6.2,8.5,12.9,16.1,26.4,35.1,43.4,36.9,37.4,38,38,36.5,42.3,42.1,45.6,44.5,45.9,41.1,45.3,43.4,46.9,39.6,42.4,44.6,43.3,34.7,32.5,31.5,38.4,31.5,31.1,27.3,27.3,20,10,0,0
1246,일요일,3,320,을지로3가,상선,4.5,5.2,4.2,6.7,9.3,12.7,19,25.1,30.7,27.9,30.1,29.3,30.4,29,33.4,33.1,36.3,34.5,33.8,31.6,35.2,32.6,35.5,32.7,33.7,36.7,32.5,27.3,26,26.4,30.9,24.8,24.4,21.1,21.1,15.5,8.2,0,0
1247,일요일,3,321,충무로,상선,4.1,4,3.8,6,8,11.5,16.4,22.3,27.9,24.6,28.2,28.2,29.4,27.9,31.6,30.2,35.1,32.7,31.7,28.6,31.7,30.5,32.2,31.9,32.3,33.7,31.9,24.5,23.7,25.2,28.3,21.4,21.7,19,18.9,12.6,7.7,0,0
1248,일요일,3,322,동대입구,상선,5.6,3.9,4.5,6.4,7.6,10.1,14.3,19,21.8,22.3,24.5,25.4,27.6,28.6,30.7,32.5,32.7,34.3,29.8,27.6,30.6,32.4,32.7,33.4,36.7,37.9,33,28,25,29.9,32.7,24.8,25,20.8,20.1,13.3,8,0,0
1249,일요일,3,323,약수,상선,5.4,4,4.8,6.6,8.2,10.7,15.6,19.6,23.6,23.2,26.2,26.9,28.3,29,31,33.3,33.5,34,28.6,27.9,29.3,30.7,31.6,30.7,34.5,34.3,30.7,26.4,23.8,26.8,33.6,23.9,24.6,20.1,19.4,13.1,8.2,0,0
1250,일요일,3,324,금호,상선,7.1,4,4.9,6.5,8.1,11.3,16,19.9,23.7,24.2,27.5,28.7,30.5,30.7,34,36.3,35.6,38,31.6,30.7,33.6,34.7,35.9,35.2,39.8,39.9,33,30,27.6,30.9,37.3,27.8,27.7,26,21.6,15.4,8.9,0,0
1251,일요일,3,325,옥수,상선,6.5,3.8,4.9,6.6,8.3,10.8,16,20.2,21.7,24,27.2,28.9,28.7,30.2,33.9,35.5,36.1,36,31.7,32.1,33.4,34.5,37.6,35.2,39.7,41.1,32.6,30,28.2,31.8,38,29.6,26.9,26.4,22.3,15.8,9.3,0,0
1252,일요일,3,326,압구정,상선,6.5,3.9,5.2,6.6,8.5,11.1,16.6,20.8,21.9,24.3,27.5,29.4,29.7,31.2,35.5,36.9,38.2,38.2,33.4,35.2,36.2,37.8,40.7,38.5,43.4,45,36.2,33.6,30.9,35.6,43.8,32.9,29.8,29.6,23.8,16.1,10.2,0,0
1253,일요일,3,327,신사,상선,5.4,4.7,5.9,7.5,9.3,14.1,19.8,23.3,25.6,26.9,31.2,33.2,31.9,32.1,36.2,37.2,38.7,37.5,31.5,34.8,35.2,35.8,38.2,36.2,41.6,41.5,32,30.5,28.8,32.7,35.3,28.6,26.2,27.6,22.4,15.1,7,0,0
1254,일요일,3,328,잠원,상선,4.3,4.6,5.4,6.7,8.3,11.7,17.1,20.3,22.9,23.5,29.1,28.2,27.5,29.1,32.2,33.2,34.8,31.1,26.3,32.1,29.8,31,33.5,32.8,35.1,37.8,26.6,25.9,24.9,28.4,29.8,23.5,19.3,21.4,17.4,11.6,4,0,0
1255,일요일,3,329,고속터미널,상선,4.4,4.9,5.3,6.7,8.3,11.6,17.1,19.9,23.1,23.4,28.8,27.8,27.4,28.8,32.1,33,34.5,31.1,26.3,32.2,29.8,31.2,33.7,33,35.5,38.5,26.8,26.2,24.8,28.4,30.4,23.7,19.2,21.9,17.9,11.8,4.4,0,0
1256,일요일,3,330,교대,상선,5.3,5.2,6,7.4,9.2,12.2,17.7,18,21.7,22.5,28.4,27.7,28.3,28.1,32.6,34.9,36.6,32.3,28.2,32.3,31.6,33.6,35.6,34.6,35.1,39.9,27,25,22.6,25.1,21.3,21.7,18.1,20.8,15.9,9.7,4,0,0
1257,일요일,3,331,남부터미널,상선,4.1,4.1,5.6,6.5,8.3,11.9,14.9,18.6,19.6,22.2,25.4,26.4,24.7,24.9,28.1,32.1,30.3,28.4,24.4,27.1,27.1,30.4,29.3,31.5,30.8,31.3,21.1,20.3,16.8,21.2,18.2,18.7,15.2,17.6,12.3,8.2,2.8,0,0
1258,일요일,3,332,양재,상선,3.9,3.9,5.2,6,7.8,11.5,13.8,16.4,17.2,19.6,21.4,22.1,20.6,20.8,24.8,27.2,27.3,24.4,19.3,21.9,22.8,24,23.1,24.4,23.5,22.9,14.7,14.5,11.3,14.9,13.1,15.9,10.5,13,10.9,6,3,0,0
1259,일요일,3,333,매봉,상선,3.8,4,5.2,6.6,7.4,10.2,12.7,14.9,17.3,18.7,19,19.4,17.8,17,22.6,22.2,23,18.7,16.1,17.6,17.2,19.1,17.7,20.1,19.4,15.3,11.1,9.6,7.6,9.7,9.1,11.3,7.9,11.9,9.3,4.8,2.8,0,0
1260,일요일,3,334,도곡,상선,3.8,3.8,5.1,6.4,7.3,9.6,12.3,14.3,16.9,18.1,18.7,19.1,17.5,16.4,21.7,21.5,22.1,17.7,15.2,16.7,16,18,16.2,19.2,18.4,14.5,10.8,8.9,7.5,9.5,8.3,9.8,7.1,11.9,9.1,5,3.1,0,0
1261,일요일,3,335,대치,상선,3.6,3.3,4.3,5.3,6.4,8.6,10.7,12.5,14.3,15.6,16.3,16,14.6,13.9,18.7,18.4,19.2,14.4,13.6,14.7,13.7,15.5,14.2,16.9,15,12.3,8.9,7.4,6.4,7.3,7,7.6,5.7,9.9,8,4.1,3,0,0
1262,일요일,3,336,학여울,상선,2.9,3.3,3.7,4.7,5.9,7.9,10.6,11.6,14,14.4,14.9,14.7,13.4,12.7,16.7,16.6,18.4,12.7,12.2,12.9,12.8,14,12.9,13.3,11.7,10.1,7.9,6.4,5.4,6.2,6.2,5.8,4,5.2,5.9,3.4,3.4,0,0
1263,일요일,3,337,대청,상선,2.7,3.8,3.2,4.9,5.9,7.9,11,13.5,12.7,15.2,16,14.3,12.9,13.7,15.2,16.4,15.2,10.9,10.8,10.6,11.8,11.1,9.8,10.3,10,8.9,7,6.3,4.8,6,6,5.8,3.8,4.9,5.8,3.4,3.4,0,0
1264,일요일,3,338,일원,상선,2.5,3.6,2.8,4.3,5,7.1,9.7,11.5,11.1,13.3,14.1,12.3,11.2,11.9,13.7,14.7,13.8,9.5,10.4,9.6,11.1,10,9.1,9.6,9.6,8.7,6.6,6.1,4.6,6.2,5.7,5.7,3.7,4.5,4.9,3.6,4,0,0
1265,일요일,3,339,수서,상선,2.9,2.8,3.2,4.2,4.9,7.7,9.4,10.7,11.8,12.8,12.8,10.7,9.5,11.3,12.4,13.4,12.4,8.3,9.2,9.5,10.1,8.6,8.8,8.1,8.7,7.7,5.7,5.7,4.9,6,5.8,4.6,4.7,4.1,4.9,3.6,4.1,0,0
1266,일요일,3,340,가락시장,상선,5,7.7,3.7,4.2,4.7,7.1,9.4,12.6,11.9,11.1,10.5,9.5,9,13.2,10.6,11.5,11.4,8.2,9.1,9.3,9.9,8.5,9.8,8.1,9.5,8.8,8.2,6.4,5.6,7.1,8.5,5.8,5.6,5.1,3.1,2.7,2.5,0,0
1267,일요일,3,341,경찰병원,상선,3.7,4.8,2.4,2.7,3.4,4.8,6.4,8.3,8.1,7.1,6.1,5.9,6,8,7.1,6.9,6.4,5.6,5.2,5.9,5.7,5.1,5.4,5.1,5.3,4.6,4.1,3.3,3.5,3.4,5.8,3.4,3.1,3.2,1.4,1.4,0,0,0
1268,일요일,3,342,오금,상선,3.3,4.3,2.1,2.1,2.7,3.8,5.2,6.3,6.6,5.4,4.7,4.6,4.7,6.2,5.7,5.4,5.2,4.3,4.4,4.8,4.5,4.1,4.5,4.2,5,3.2,3.6,2.9,2.9,3.4,5,3.2,2.4,2.8,1.1,1.3,0,0,0
1269,일요일,3,309,지축,하선,18.1,9.8,11.7,12.4,19,27.3,22.4,34.3,37.1,37.6,36.7,30.9,34.7,45.1,33,32,38,37.1,33.5,33,32,31.5,32.3,28.8,29.9,18.7,20.2,24.5,19.9,12.2,16,8.8,10.9,12.2,6.5,5,3.4,0,0
1270,일요일,3,310,구파발,하선,2.1,9,6.2,9.8,10.5,17.8,21,23.9,25.4,26.7,32,29.1,18.1,31.9,18.7,25.5,20.3,26.2,19,24.1,18,23.9,18.1,21,16.3,17.6,14.6,12.3,13.9,9.9,11.1,11.1,10.1,7.6,5.9,5.8,3.2,0,0
1271,일요일,3,311,연신내,하선,5.4,9.7,8.4,8.2,14.2,18.7,23.2,22.8,28.7,30.1,34.4,30.4,24.1,25.6,26.5,25.2,27.6,22.3,25.1,21.4,22.9,19.8,23.2,17.4,19.6,16.2,12.4,15.4,10,12.1,9.2,11.5,9.2,7.9,6.1,5,6.3,0,0
1272,일요일,3,312,불광,하선,8,11.5,9.4,9.9,18.1,21.2,26.8,27.8,32.3,34.3,39.4,36.5,28.3,31.2,34.1,27.7,31.9,27,29.2,25.8,26.4,24.1,27,20.6,22.4,19.2,14.1,17.4,12,13.7,10.3,12.5,11.3,8.8,6.9,5.3,6.3,0,0
1273,일요일,3,313,녹번,하선,9.7,12.6,10.3,11.2,19.9,23.7,29,31.2,35.3,37.9,41.1,43.8,31.1,35.1,37.3,30.5,33.7,29.1,30.6,27.1,27.3,25.3,27.9,21.5,22.5,19.7,14.5,17.3,12,13.5,10.3,12.1,10.9,8.7,6.5,5.2,5.6,0,0
1274,일요일,3,314,홍제,하선,12,13,10.4,12.7,20.1,27.5,27.6,34.7,40.3,39.9,41.4,48.4,37,40.3,39.2,35.4,33.2,35.9,29.9,32.9,27.5,30.9,27.8,26.7,21,22.3,17.1,15.5,15.3,13.6,11.3,11.4,11.1,10,6.1,5.2,4.8,0,0
1275,일요일,3,315,무악재,하선,12.4,13.2,10.7,12.9,20.6,28.1,28.4,35.7,41,41.1,42.7,49.4,38.1,41.2,39.5,37.2,33.8,36.5,30.2,33.3,27.9,31.2,27.9,26.9,21.3,22.5,17.3,15.5,15.4,13.4,11.3,11.3,10.6,10.6,5.7,5.7,4.7,0,0
1276,일요일,3,316,독립문,하선,9.6,13.4,11.2,12.6,18.3,29.1,29.1,36.1,40.4,41.1,44.5,47.4,39.2,43,40.7,38.7,35.1,38,31,35.3,29.4,32.9,29.7,28.2,22.4,23.2,17.9,16.1,15.7,13.5,11.2,10.9,11.1,10.7,5.6,5.7,4.5,0,0
1277,일요일,3,317,경복궁,하선,10.9,10.9,11.9,11.6,17.9,26.4,29.1,34.7,42.3,37,45.5,48.1,43.1,41.8,47.5,39.7,42.1,40.5,44.3,38.2,42.8,39.6,41.6,37.6,36,32.5,26.6,26,19.8,20.2,15.5,15.3,14.7,13.9,7.3,8.1,4.8,0,0
1278,일요일,3,318,안국,하선,11.3,10.5,11.7,11.2,17.5,26,28.1,34,41.2,37,45.1,48.6,42.9,44.2,48.2,42.4,45.7,45.7,50.2,44.9,51.1,49.9,51.7,48.7,46.4,44.4,34.2,33.8,26.6,26.8,20.7,19.5,18.2,16.6,11.4,8.2,5.2,0,0
1279,일요일,3,319,종로3가,하선,10.1,8.9,8.7,9.1,12.6,19.8,22.3,26.5,30.6,29.5,34.8,36.9,31.6,34.8,38.1,35.3,34.6,35.7,40.8,35.6,39.7,40.1,42.8,40.4,37.3,37.8,28.7,27.8,24.6,22.4,18.5,17.1,17,14.7,9.9,6.9,4.3,0,0
1280,일요일,3,320,을지로3가,하선,9.4,7.8,7.3,8.1,10.5,17.6,19.4,22.5,25.6,28.9,29.3,32.2,28.4,28,34,32.1,30.4,33,35.9,34.2,35.7,37.2,37.5,40.6,34.9,35.3,27.4,25.3,25.3,19.9,20.6,15.7,18.3,16,11.5,9.3,5.2,0,0
1281,일요일,3,321,충무로,하선,10,10.4,8.2,9.4,12,19.1,21,26.5,26.1,32.1,30.4,32,32.1,28,34.6,31.2,32,35.3,35.6,34.2,34.8,38.8,36,39.7,33.2,33.1,26.3,25.2,25,21.3,19.4,16,18.2,16.3,11.5,10,5.7,0,0
1282,일요일,3,322,동대입구,하선,9.9,9.4,7.5,8.3,10.4,16.8,17.8,24.3,23.7,29.3,27.3,29.2,29.3,26.7,32.7,29.4,31.2,34.2,34.6,33.5,34.7,39,36.3,40.5,33.7,34.6,26.1,25.2,25.2,22.1,19.3,16.2,18,18,12.3,9.5,7.3,0,0
1283,일요일,3,323,약수,하선,13.9,11.8,9.8,9.3,11,18.4,21,28.7,27.3,33.7,30.4,32,35.2,29.7,36.6,33.7,35.8,36.1,36.4,37.3,36.8,41.8,39.3,42.8,36.1,36.3,29,28.4,25.3,24.5,21.1,18.6,18.2,20.3,13,10.1,9.5,0,0
1284,일요일,3,324,금호,하선,14.2,12,10,9.6,11.3,17.4,20.8,28.7,28.8,32.1,31.5,32.3,35.9,29.5,36,33.8,35.8,34.5,37.8,36.7,37.1,40.1,40.5,41.1,38.6,35.8,28.4,27.5,24.4,23.9,20.5,18.1,17.9,19.3,12.5,9.7,8.9,0,0
1285,일요일,3,325,옥수,하선,15.5,12.1,11.6,10.4,11.9,18.8,23,31.2,32,35.5,35,35.8,38.5,31.4,39.1,36.9,38.1,36.4,39.9,39.4,38.8,41.6,42.3,42.5,40.8,37.6,29.7,28,25.3,24.6,21.3,18.9,18.5,19.8,12.7,9.6,8.6,0,0
1286,일요일,3,326,압구정,하선,4.9,12.8,10,9,10.2,15.6,20.1,25.5,27.1,30.4,30.8,31.7,34.8,30.1,38.6,33.8,38.6,35.7,40,38.4,38.7,43.3,41.8,43.5,40.9,39.7,32.3,28.1,28,25.6,27.1,21.4,20.7,21.8,15,10.7,7.6,0,0
1287,일요일,3,327,신사,하선,5.5,11.1,8.9,8,8.6,13.9,16.3,19.5,21.7,23.5,23.5,26.8,27,24.7,29.1,33.6,29.2,32.8,33.4,32.3,32.9,35.7,35.9,38.2,36.4,33.4,27.9,24,26,22.5,25.1,20.5,19.6,21.3,14.5,11.8,6.7,0,0
1288,일요일,3,328,잠원,하선,5.8,11,8.9,7.9,8.7,14.2,16.7,20.1,22.1,23.6,23.8,27.1,27,25.1,29.1,33.8,29.5,33,33.7,32.1,32.7,35.9,36,38.6,36.4,33.4,28,24.2,26,22.2,25.1,20.3,19.6,21.2,14.4,11.5,6.5,0,0
1289,일요일,3,329,고속터미널,하선,5.6,11.4,10.2,7.8,9.5,15.7,18.7,23.7,26.4,25.1,24.3,27.5,28.9,26.5,32.7,32.6,31.1,33.2,33.7,32.6,32.1,34.1,38.3,36,37.8,33.9,30.9,29,26.9,29.4,29.2,23.1,21.2,23.2,18.1,11.9,7,0,0
1290,일요일,3,330,교대,하선,8.3,12,9.8,6.9,9.3,12.7,16.3,19.3,20.5,20.3,22.5,18.9,22.3,21.3,25.9,25,27.8,27.6,29,26.3,27.8,28.6,29.6,29.4,29,31,26.2,24.3,23.5,24.1,22.2,18.6,17.1,18.3,14.5,10.2,6.2,0,0
1291,일요일,3,331,남부터미널,하선,6.9,9.3,7.4,5.3,7.8,9.3,14.4,16.4,16.8,16,18.6,16.3,18.7,18,20.4,19.5,20.1,19.8,21.1,20.9,21.9,23.2,24.2,24,24.5,24.4,22,19.9,19,20.6,19.5,17,14.1,18,12.5,8.5,6.5,0,0
1292,일요일,3,332,양재,하선,4,8.3,4.1,4,5,7.3,11.3,11.5,14,12.1,12.2,12.5,13.5,15.7,15.3,18,15.2,15.2,18.4,17.5,17.8,19.3,21,20.1,21.2,18.3,19.6,15.6,16.7,15.1,16.3,13.1,11.6,14.4,9.5,6.7,6.3,0.9,0
1293,일요일,3,333,매봉,하선,4.3,6.9,3.6,3.7,4.6,7,10.8,10.8,12.6,12.3,10.9,11.9,13.3,14,14.5,17.7,14.5,14.3,17.6,16.7,17.1,18.7,20,19.4,20.5,18,18.9,14.9,16,14.6,15.3,12.8,11.1,14.1,10,7.2,4.9,0.8,0
1294,일요일,3,334,도곡,하선,4,5.7,3,3.5,3.9,6.1,8.6,9.8,11.7,10.9,9.8,9.7,11.6,11.9,12.6,16,12.8,12.8,15.4,14.1,14.2,15.8,17.5,15.5,17.6,16.9,16.1,12.5,12.5,13.4,12,11.4,10.5,11.5,8.7,5.9,4.2,0,0
1295,일요일,3,335,대치,하선,4.1,5,2.9,3.2,3.1,4.6,7,7.8,9.9,10,9.6,8.3,10.2,10.4,11.5,12.1,11.8,12,13.7,13,14,13.7,15.4,16.4,15.8,15.3,15.1,12.3,10.5,13.4,10.8,11.7,9.8,12.4,8.3,5.4,3.5,0,0
1296,일요일,3,336,학여울,하선,4.4,5.5,3,3.2,3,4.4,6.3,6.6,8,6.8,7.2,6.1,8.2,8.1,9.7,10.1,10.1,10.4,12.4,12,13.2,13.8,15.1,16.8,15.7,15.2,15,12,10.4,13.1,10.7,11.5,9.5,12.4,8,5.3,3.4,0,0
1297,일요일,3,337,대청,하선,4.6,5,3,3,2.9,4.3,6,6.5,7.7,6.8,6.9,6.2,8,7.8,9.3,9.7,9.2,9.7,11.2,10.8,12.3,12.2,13.4,15,13.9,13.1,13.4,10.1,9.3,11.5,9.4,10.1,7.9,10.7,6.3,4.9,3.9,0.8,0
1298,일요일,3,338,일원,하선,4.6,4.3,2.7,2.7,2.9,3.3,5.5,5.6,7.3,6.2,6.4,5.7,7.5,8.3,8.8,9.6,8.4,8.6,11.2,10.2,10.1,12.1,12.9,12.2,14,12.7,11.8,9.9,9.3,9.6,8,10.3,7,8.6,6.8,4.3,3.5,0.7,0
1299,일요일,3,339,수서,하선,4.8,3,2.5,1.8,2.6,3.1,5.2,5.5,7.2,8.4,8.7,6.8,8,8.6,9.1,10.8,9,7.7,10.1,10.7,10.4,12,11.8,11.3,12.8,12.3,10.4,9.3,8.4,8.3,7.3,10.6,6.8,7.1,6.7,4.7,3.8,0,0
1300,일요일,3,340,가락시장,하선,0,2.5,1.9,1.3,1.5,2,3.5,3.3,5.1,5.6,4.8,3.7,4.5,4.2,5.4,6.4,5.1,4.4,6.8,6.3,6.3,8.6,6.7,6.3,10.4,7.9,8,5.1,6.7,5.5,8.1,7.4,5.1,6.7,6.2,5.2,3.8,0,0
1301,일요일,3,341,경찰병원,하선,0,1.9,1.4,1.1,1.3,1.6,3,3,3.7,4.7,4.7,3,3.7,3.8,4,4.6,5,3.6,5.2,5,6,5.3,5.9,5.7,7.3,5.5,6.8,4,4.9,4.8,5.2,5.7,4.2,5.3,5,3.8,2.4,0,0
1302,일요일,3,342,오금,하선,0,0,0,0,0,0,0,0,0,0,0,0,0,0,0,0,0,0,0,0,0,0,0,0,0,0,0,0,0,0,0,0,0,0,0,0,0,0,0
1303,일요일,4,409,당고개,상선,0.3,1.9,1.6,0.8,1.5,0.6,1.8,1.5,0.8,1.7,3.2,2,2,2.6,2.2,1.6,3.2,3.7,1.5,4.6,4.9,2.9,4.9,2.6,6.2,5,4.1,6.5,3.6,3,8.6,3.7,5.2,3.2,3.1,5,2.8,0,0
1304,일요일,4,410,상계,상선,0,3.7,2.3,1.9,2.1,3,3.8,4.8,5.9,4.8,4.2,4.1,2.8,4.2,3.6,4.1,4.6,4.8,4.6,5.8,5.3,6.6,6.5,5.2,7.2,7.5,7.4,7.1,7.9,7.5,7.3,7.1,6.6,6,5.3,4.2,4,0,0
1305,일요일,4,411,노원,상선,0,6.2,3.3,2.7,3.5,4.7,6.5,7.9,10.3,7.8,6.4,6.4,4.6,6.9,5.6,7.5,7.6,7.3,7.5,9.5,8.6,10.5,10.6,7.6,12.6,13,11.7,10.7,12.4,11.9,11.6,11.4,10.5,9.8,8.4,6.9,7,0,0
1306,일요일,4,412,창동,상선,0,12.1,5,4,5.5,7.3,9.7,11.9,13.5,12.8,11.2,10.4,7,12.2,12.2,10.9,11.9,12.1,12.1,14.2,13.1,15.9,15.4,16.1,13.6,20.1,18.5,16,17.7,16.6,16.6,15.9,15.2,14.2,11.8,10.2,11,5.7,0
1307,일요일,4,413,쌍문,상선,0,13.8,6.5,6.1,7.8,11.4,14,17.9,17.4,16.7,16.6,15.1,11.7,16.3,16.4,16.4,16.7,16.7,18.7,20.1,19.4,23.8,22.1,24.3,20.2,27.6,28.9,24.1,23.3,29,25.1,25.4,26,21.8,19.4,17.1,15.9,0,0
1308,일요일,4,414,수유,상선,16.9,11.5,7.4,6.4,7.9,11.3,13.7,17.2,17.5,15.9,16.6,14.6,15.6,14.2,16.1,17.7,18.3,17.5,20.9,21.1,23,27.3,23.7,30.9,25.5,32.4,34.4,28.4,26.9,35.9,30.7,32.2,32.5,27.2,24.7,22,19.2,0,0
1309,일요일,4,415,미아,상선,13.7,11.6,7.6,6.4,8.7,10.7,13.5,17,17.2,15.9,16.1,15.3,15.9,15.4,16.8,18.6,20.1,19.1,23.7,24.4,25.1,30.9,27,35.8,29.9,37.7,38.2,35.5,30.6,44.5,37,39.1,39.7,33.6,31.5,28.3,25.1,0,0
1310,일요일,4,416,미아삼거리,상선,12.9,11.6,8.1,6.5,8.7,10.6,13.3,16.4,15.5,17,16.5,15.5,16.4,14.7,19.1,18.3,21.1,19.8,24.4,25.4,26.6,32.4,28.5,37.6,31.9,38.6,42,36.4,39.9,40.3,42.1,43.1,35.9,37.4,31.3,30.2,29.2,0,0
1311,일요일,4,417,길음,상선,12.4,12.1,8.8,6.4,8.6,10.1,12.8,15.5,15,16.9,16.2,15.7,17.5,15.8,19.9,19,22.8,20.8,26.7,24.4,31.6,35.6,31.6,41.1,34.6,42,45.3,39.5,43.7,42.6,44.6,47,39.7,40.9,34.6,32.9,31.8,0,0
1312,일요일,4,418,성신여대입구,상선,10.6,12.8,6.9,7.4,8.3,11.5,13.2,15.8,16,15.6,17.6,16.3,18.1,16.6,19.6,20.4,25.2,20.2,32.2,25.5,35,37.9,35.7,41.5,39.2,47.4,48.1,43.5,49.6,45.1,45.1,51.8,44.9,42.1,37.9,38.3,35.4,0,0
1313,일요일,4,419,한성대입구,상선,9,13.2,7.5,8.4,8.9,11.9,14.4,17.8,17.8,16.6,19,17.8,19.1,17.8,21.1,21.7,27.4,21.9,34.2,29.6,37.9,37.5,42.7,46,43.3,51.8,53.1,48.7,55,51.3,50.7,58.8,50.6,46.9,43.3,45.5,33.9,0,0
1314,일요일,4,420,혜화,상선,8.6,13.4,7.8,8.7,9.2,12,16.4,18.8,18.8,17.6,20,19.4,21.2,19.1,22.9,22.9,28.3,22.8,36.6,30.7,39.3,39.1,44.6,48,47.9,52.2,55.3,50.4,57.3,53.4,52.5,61.3,52.6,49.1,45.4,47.9,28.1,0,0
1315,일요일,4,421,동대문,상선,11.2,14.6,9,8.9,11.2,12.1,17.8,24.2,21.2,22.8,26.4,27.9,32,29.9,39.6,38.7,49.4,33.9,42,38.5,44.7,46.4,45,63,52.2,59.6,48.5,57.1,54.4,51.8,57.7,62.2,50.9,49.6,39.5,47.6,29.5,0,0
1316,일요일,4,422,동대문역사문화공원,상선,10.4,13.1,9.6,9.1,11.4,12.9,19.2,26.7,24,27.9,31,33.4,36.3,34.2,42.8,40.3,51.1,35.1,43,38,44.5,45,44.2,62.1,51.4,59.3,49.8,58.2,55.1,52.3,58.6,62.7,51.6,50.7,42.3,49.5,31.5,0,0
1317,일요일,4,423,충무로,상선,7.5,8.6,7.2,7.4,8.1,14.2,16.8,24.3,24.6,29.1,33.9,28.9,38.6,31.2,40.3,41.6,41,34.2,39.3,32.3,41.5,41.5,34.6,52.1,45.7,49.3,42,47,46.5,44.1,46,47.3,40.7,38.8,32.2,34.3,25.2,0,0
1318,일요일,4,424,명동,상선,5.8,7.4,6.6,7.4,8.7,14.5,18,25.8,25.3,31.1,36,30.8,39.7,32.3,40.9,40.5,41.7,34.2,40.2,31.8,40.7,40.1,33.6,48.6,42.6,45.1,39.9,44,40.8,39.9,40.6,42.6,37.5,35.9,28.6,33.3,25.4,0,0
1319,일요일,4,425,회현,상선,5.8,8.6,7.8,7.8,9.1,14.7,18.9,26,26.6,31.2,38.3,32.1,43.5,34,45.2,41.2,41.9,35.6,40.4,30.7,38.8,38.2,32,44.5,38.8,40.7,37,37.8,36.4,35.1,35,36.2,30,27.2,20.4,24.6,21.5,0,0
1320,일요일,4,426,서울역,상선,5.3,9.3,7.4,8.2,10.6,16.2,20.4,26.8,30.7,32.9,41.2,34.1,43.7,39.7,41.3,43,38,34.6,39,30.7,38,33.8,40.2,30.1,39.9,39.9,35.1,35.2,34.5,33.2,30.6,34.9,29.6,26.6,22.9,21.3,21.8,0,0
1321,일요일,4,427,숙대입구,상선,6.4,9.1,6,6.7,10.1,11.8,18,19.4,22.2,26.3,29.3,23.3,32.3,27,28,29.8,24.7,26.3,30.8,21.5,26.6,22.4,28.5,21.7,28.9,28.3,27,22.8,25.6,21.6,21.4,22.5,17.2,18.1,13.5,13.3,12.1,0,0
1322,일요일,4,428,삼각지,상선,5.7,8.7,5.9,6.5,10.3,11.8,17.9,20.8,20.9,25.6,29,29.8,26.1,25,29,28.4,23.8,27.2,26.4,23,25.7,22.9,27.4,22.5,28.8,27.5,26.9,22.3,24.3,19.8,20.2,21.4,16,17.2,13,12.5,13.5,0,0
1323,일요일,4,429,신용산,상선,4.3,8.9,5.7,6.6,10.8,11.8,17.8,21.3,21.6,27.5,31,32.3,29.2,27,31,30.2,26.3,29.7,28.1,25.1,26.6,24.7,29.7,24.9,31,29.9,30.6,23.8,24.2,20.5,21.4,22.1,17.2,16.7,13.2,13.5,13.8,0,0
1324,일요일,4,430,이촌,상선,4.2,8,5.8,8.3,9.9,14.7,18.8,22,23.5,27.2,31.7,34.9,30.5,27.3,31.6,30.9,26.6,31.3,27.4,25.6,25.7,24.4,29.3,24.2,30,27.7,30.6,22.2,19.8,18.2,16.8,16.7,14.7,11.6,11.3,11.4,11.6,0,0
1325,일요일,4,431,동작,상선,4.3,9.3,6.2,9,10.6,16.2,20.9,22.1,28.6,29.2,33.5,35.8,30.4,32.1,31.5,33.9,28,31.2,29.3,30.4,25.1,26.8,30.3,26.1,30.1,31.2,32.1,24.5,21.9,20.7,19.4,17.6,16.6,13,13.2,12.6,13.9,0,0
1326,일요일,4,432,총신대입구,상선,7.7,7.3,8,8.7,13.8,18.9,20.6,27.1,28.2,36.4,34.5,35.5,34,31.5,34.7,37.6,27.9,38,28.9,32.6,26.6,27.2,31.4,27.1,30.1,35.2,31.7,24,23.6,18.7,18.5,19.9,13.8,13.7,12.8,12.7,13.3,0,0
1327,일요일,4,433,사당,상선,8.4,7.3,8.6,8,13.4,20.1,19.8,28.9,27,38.1,42.8,31.3,38.2,29.4,34.9,40.4,28.6,40.5,31,31.1,29.7,28.1,34.7,30.9,34.7,46.7,33.9,27.3,27.5,18.4,20.7,22.8,14.5,15.7,14.6,12,14.7,0,0
1328,일요일,4,434,남태령,상선,8.5,13,12.6,17.6,17.7,28.2,41.8,41.1,56.3,55.8,69.9,52.9,52.3,48,54.1,47.7,52.6,51,45.2,44.5,43.5,51.2,53.9,53.3,52.3,78.2,80.6,40.7,36.3,30.9,27.3,24.9,23.9,16.8,17.1,11.6,3.5,0,0
1329,일요일,4,409,당고개,하선,2,1.5,2.1,2.9,3.5,6.3,8.9,7.6,9.9,11.9,7.7,9.8,6.3,5.6,6,10.1,5.7,8.2,6.7,7,4.4,6.7,3.9,5.6,6.9,4.1,5,3.8,2.5,3.6,3.1,1.7,1.8,2,1.6,2.1,0,0,0
1330,일요일,4,410,상계,하선,4.3,3,3.8,5.4,6.1,10.3,13.7,13.8,15.6,16.7,14.2,15.3,9.6,11.5,10,15.3,9.4,12.9,9.5,8.9,10.9,9,8.1,9.4,10.3,8.5,6.6,6.5,4.6,5.3,4.9,4,3.3,4,3.6,4.2,0,0,0
1331,일요일,4,411,노원,하선,5.1,4.4,5.2,7.6,9.3,14.6,17.6,18,19.9,22.7,19.3,20.6,12,17.4,13.6,20.1,14.4,15.8,13.5,14.6,14.1,12.4,15.1,12.2,15,13,10.6,10.8,8,8.9,9.4,8.2,7.5,8,8.4,8.5,0,0,0
1332,일요일,4,412,창동,하선,8.6,8,8.4,11.6,14.9,21.4,24.1,30.1,30.5,28.9,33.9,29.5,23.5,26.4,20.4,29.6,21.3,24.1,19.7,21.7,20.1,17.2,23.4,18.7,20.2,24.4,14.1,16,14.1,10.9,13.3,12.8,9.8,10.8,10.1,9.5,9.8,0,0
1333,일요일,4,413,쌍문,하선,12,10.7,10.7,14.6,18.5,26.7,29.8,37.3,37.1,36.2,40.4,35.5,28.6,31.7,26.3,31.7,26,26,22.4,24.3,21.9,19.2,25,20.1,21.3,24.8,15,17,14.8,11.5,13.4,13,9.6,10.6,10.1,9.3,8.9,0,0
1334,일요일,4,414,수유,하선,14.9,13.1,14,17.1,19.8,29.3,36.4,39.1,44.2,43.6,46.3,42.8,34,35.6,32.3,37.8,31.3,28.6,29.3,24.8,24.1,22.5,26.1,24.4,22.7,22,18.8,18.3,16.7,11.9,14.9,12.5,10.7,10.4,10.6,9,8.6,0,0
1335,일요일,4,415,미아,하선,16.3,13.9,14.9,17.9,21,31.5,38.2,42.4,46.8,45.5,47.7,45.1,37.4,36.6,35.8,37.8,33.4,30.1,30.5,26.3,25.5,23.5,26.5,25.4,23.2,22.7,19.6,18.6,17.2,12.4,15,12.9,11,10.3,10.7,8.9,8.1,0,0
1336,일요일,4,416,미아삼거리,하선,18.4,15.4,16.6,20,23.3,35.2,41.5,47.2,49.9,49.8,51,49.1,39.5,35.6,42.7,36.8,41.1,31.3,34.5,27.4,28,24,29.6,24.5,25.9,23.3,19.4,19.6,17.9,13.2,16.6,13.4,11.5,11.5,10,9.3,7.4,0,0
1337,일요일,4,417,길음,하선,20.5,16.1,17.4,20,25,36,40.9,52.5,52.9,52.8,54.6,55.6,44.7,38,48.8,38.4,44.2,33.9,36.9,29.6,29.8,25.9,31.5,25.8,27.5,25.5,20.2,21.5,20.1,13.7,16.9,14.1,11.6,11.3,9.9,9,6.7,0,0
1338,일요일,4,418,성신여대입구,하선,22.2,17.7,19.1,22,27.4,39.9,45.2,57.2,57.7,59,61.5,61.8,51.5,41.9,54.2,42.5,51.8,36,44.3,32.5,33.7,31.3,32.9,30.6,29.8,27.7,22.9,22.9,21.9,15.5,18.4,15.8,13,12.9,12.4,10.9,6.5,0,0
1339,일요일,4,419,한성대입구,하선,17.7,18.1,19.7,22.6,28.5,41.1,46.4,59.2,59.5,60.5,63.3,64,53.4,43.6,55.9,44.7,54.4,38.2,46.1,34.2,35.6,33.5,34.6,32.6,31,29.2,25.2,24.2,23.8,17.8,18.2,17,13.7,13.5,13.5,11.8,9.2,0,0
1340,일요일,4,420,혜화,하선,17.9,18,18.7,22.1,27.3,39,45.3,57.6,55.5,59.7,67.7,60.9,56.4,43.3,55.7,43.6,55.8,41.1,46.8,39.1,43.9,42.7,42.3,40.1,40.6,40,34.4,34.2,35.5,35.3,31,30.7,24.4,24.7,23.1,25.4,13.7,0,0
1341,일요일,4,421,동대문,하선,18.8,18.4,18.3,22.2,27.4,38.4,45.3,57.7,54.3,58,66.3,58.5,54.9,42.1,54.3,44.2,55.8,43.2,49.3,42.2,48.1,45.2,45.3,42.8,43.8,43.2,38.6,34,34.8,37.2,31.7,32.3,26,25.4,23.4,25.3,13.4,0,0
1342,일요일,4,422,동대문역사문화공원,하선,14.3,14.6,15.5,19.2,23,29.8,37.8,49,45.1,49.3,55.3,48.5,45.8,31.8,45.1,36.9,46.1,37.6,43,35.7,43.5,40.7,40.2,39.4,41.6,40.3,39,35,32.6,33.7,31.1,32.5,24.4,23.7,21.6,22.5,11.9,0,0
1343,일요일,4,423,충무로,하선,15.8,11.1,12.9,15.5,20,24.8,31.3,40,45.3,44.9,46.7,44.1,46.7,32.9,40.1,34.5,45.2,34.6,41.6,36.1,41.7,39.8,43.5,41.7,38.8,47.5,38.8,35.1,34.1,33,30,32.5,26.1,22,20.8,20.1,10.5,0,0
1344,일요일,4,424,명동,하선,16.7,10.1,11.1,14.6,18.5,22.9,28.3,37,39.1,40.6,39.1,40.1,41.1,29.6,35.2,29.5,38.7,30.7,37.2,33.6,38.6,39.9,37.1,39.4,37.3,44.4,36.2,33.9,33.8,32.5,29.9,32.4,26.7,24.7,23.7,23.2,9.7,0,0
1345,일요일,4,425,회현,하선,16.8,10.8,10.5,13.3,15.3,19.9,25.9,33.9,34.6,36.7,35.2,36.9,37.8,27.2,33.2,29,37.3,31.1,35.5,34.4,39.2,38.4,36.4,41.9,37.7,44.7,37.8,35.9,35.2,33.7,33.6,33.3,26.8,24.5,23.2,25.6,11.6,0,0
1346,일요일,4,426,서울역,하선,7.9,6,5.2,6,7.2,11,13.7,22.1,23,22.7,25.4,27.2,27.1,20.6,25.9,22.5,26.5,23.3,25.3,24.9,29,28.5,27,31,27.7,30.4,28.3,22.4,25.8,21.3,22.3,24,20.3,17.5,17,18.6,13.7,0,0
1347,일요일,4,427,숙대입구,하선,8.8,6,5.2,5.9,6.6,10.5,13.2,21.2,22.9,22.6,24.4,26,26.3,20.4,24.3,23.5,25.3,23.3,24.1,24.4,27.6,28.3,26.6,30.4,27.3,30,28.2,22.1,26,21.4,23.4,24.1,20.8,17.6,16.3,17.5,13,0,0
1348,일요일,4,428,삼각지,하선,17.8,8.2,6.1,6.4,7.3,12.1,15.2,23.8,25.3,24.1,25,26.9,27.1,20.9,23.6,25.8,26.8,24.1,24,25.8,28.4,31.3,26.6,30.9,32.7,30.1,30.7,25.5,26.2,23.1,25,26.5,22.6,20.7,18,19.8,14.3,0,0
1349,일요일,4,429,신용산,하선,18,8.5,5.3,5.9,6.6,9.8,13.3,20.7,23.9,22.6,22.1,24.6,24.1,19.3,20.5,23.9,24,23.4,21.9,26.4,25,30.2,24.9,30.4,31.5,30.8,30.9,27.9,27.2,26.4,25.1,28.6,24.7,22.9,19.7,21.4,14.9,0,0
1350,일요일,4,430,이촌,하선,19.2,8.7,6,7,7.4,10.1,15.6,22.9,26.5,24.7,24.4,26.7,27,21.6,20.5,25.2,23.6,25.2,23,27.1,26.6,31.7,28.7,35.1,33.3,34.4,34.3,29.4,29.8,27.9,27.4,31,27.2,24.8,22.9,20.7,18.6,0,0
1351,일요일,4,431,동작,하선,0,11.7,7,6.9,7.8,9.7,15.4,23.4,32.7,27.3,24.7,29.2,30.1,23.9,21.6,26.8,23.1,26.7,24.1,29.6,26.2,32.6,30.2,36.9,35.3,35.5,37.8,29.5,31.3,29.4,29.6,30.4,32,24.8,25.1,21.5,19.9,0,0
1352,일요일,4,432,총신대입구,하선,0,13.8,8.1,8.1,9.3,11.9,18.7,30,39.1,32.5,28,33,33.5,27.3,23.9,27.7,24,28.5,23.9,27.9,26.6,32,31.2,33.2,36.9,35.8,36.9,31.3,31.2,30.6,31,31,32,25.8,23.8,24.5,18.7,0,0
1353,일요일,4,433,사당,하선,6.2,7.9,7.5,5.2,8.1,13.1,14.4,35.6,30.9,32.7,33.4,21.6,30.2,23.1,15.1,26.8,17,26.1,20.5,19.8,24.8,21.3,23.7,31.1,23.7,31,24.7,23.5,27.8,24.7,20.9,29.7,20.5,25.5,13.3,15.7,22,5.9,0
1354,일요일,4,434,남태령,하선,6.2,15.6,13,12.2,13.4,15.1,30.6,54.6,74.9,54.7,57.6,53.8,51.9,47.1,32.2,38.1,41.4,37.6,37.1,39.1,43,42.8,41.2,50.8,43.4,41.8,52.7,46.6,38,43.3,41.3,41.2,51.5,41.7,31.9,31.3,17.4,10.3,0
1355,일요일,5,2511,방화,상선,0,0,0,0,0,0,0,0,0,0,0,0,0,0,0,0,0,0,0,0,0,0,0,0,0,0,0,0,0,0,0,0,0,0,0,0,0,0,0
1356,일요일,5,2512,개화산,상선,2.5,0.6,0.9,0.4,0.6,0.8,1,1.4,1.6,1.8,1.9,1.6,1.3,1.6,1.9,2.6,2.7,2.7,2.7,2.5,2.4,3.1,4.3,3.5,2.8,2.5,3,2.7,2.5,1.8,2.2,2.5,2.1,1.7,1.8,1.3,1.4,1.3,0
1357,일요일,5,2513,김포공항,상선,3.8,1.8,1.5,1,1,1.9,2,2.2,2.8,3.4,2.9,3.3,2.4,2.7,3.5,4.3,4.6,4,4.6,4.2,4.3,5.7,6.2,5.7,5.2,4.7,5.4,5,4.2,4.4,4.1,4.2,3.8,3.1,3.2,2.6,2.6,2.5,0
1358,일요일,5,2514,송정,상선,21.3,8,6.8,5,4.8,6.3,6.7,7.4,7.9,10.7,8.3,10.4,9.9,8.9,11.3,12.9,13.1,11.7,12.7,11.3,11.8,13.3,12.2,15.3,12.5,12,10.5,10.5,8.6,7.4,7.6,7.3,6.4,7.3,5,3.8,2.8,1.9,0
1359,일요일,5,2515,마곡,상선,21.7,7.9,6.5,5.5,4.9,6.4,7.1,8.3,8.2,11,8.7,10.6,9.9,9.4,12,13.8,13.1,13.3,13.6,12.2,13.3,14.9,13.6,17.7,13.8,13.4,12.2,11.7,9.8,9.1,9.2,9.1,7.9,9.2,5.8,4.9,3.7,3.3,0
1360,일요일,5,2516,발산,상선,22.6,8.7,6.7,6.8,5.2,6.8,8.2,9.3,10.1,11.9,11.4,11.6,11.9,12,14.3,15.7,15.2,14.9,14.7,14.2,15.4,15.9,15.8,19.6,15.5,14.9,13.8,12.9,11.1,10.4,10.6,10.4,8.9,10.2,6.2,6.1,4.4,4.7,0
1361,일요일,5,2517,우장산,상선,21.3,9.7,7.7,7.3,5.7,9,9.6,11.9,14.1,14.6,15.7,17.2,17.5,16.5,19.7,19.4,19.4,18.5,18.5,17.6,19.1,19.4,19.7,23.1,19.6,16.6,17.5,16.1,13.2,12.3,12,12,10.1,10.4,7.2,6.5,5.9,0,0
1362,일요일,5,2518,화곡,상선,19.2,10,7.9,6.5,6.7,9,10,12.7,14.7,13.5,18.4,17.3,17.4,16.5,19.8,20.6,21.2,19.6,20,19,19.5,23.9,24,26.3,22.9,21.8,19.7,19.1,16.5,15.8,15.4,14.9,13.7,12,9.8,9.1,8.4,0,0
1363,일요일,5,2519,까치산,상선,12.9,10.7,7.5,6.6,6.7,8.4,11,13.2,15.6,13.6,18.7,18.1,18.6,18.3,20.9,22,22.5,21.9,22.6,22.9,24.9,30.4,29.8,29.6,35.8,30.4,27.9,26.2,24.1,23.1,24,23.2,20.8,18.4,16.2,14.2,13.2,7.6,0
1364,일요일,5,2520,신정,상선,9,8.7,6.7,5.6,5.7,6.5,8.3,11,11.8,11.2,15.6,14.9,14,15.5,18.8,20.1,20.5,22.3,22.8,23.1,25,31.4,29.7,31.4,35.7,37.4,32.8,29.6,27,27.5,27.8,27.6,23.9,22.4,20.7,16.4,17.2,11.1,0
1365,일요일,5,2521,목동,상선,8.4,8.7,6.6,5.4,6.1,6.1,8.3,10.8,11.8,12.5,15.5,14.7,13.6,16.2,19,20.5,21.4,23.6,23.4,25.3,26.8,33.8,33.4,33.4,38.1,39.7,36.8,32.7,29.6,30.3,31.9,29.5,27.4,25,23.1,19.4,17.6,13.5,0
1366,일요일,5,2522,오목교,상선,7.3,9,7.5,6.3,5.8,6.8,9.2,12.5,13.1,13.4,15.7,16.7,14.7,17.3,21.6,22.4,24.1,26.3,26.7,28,32.4,36.3,38.5,43.1,37.4,44.6,42.1,36.1,33.6,33.3,36.3,34,31.2,29.9,24.3,22.5,20.3,17.4,0
1367,일요일,5,2523,양평,상선,7,9.7,7,7.4,6.5,10,11.6,16.5,16.3,17.6,18.2,19.1,17.8,19.4,24.7,25.5,29.3,27.5,29.3,30.7,35.8,38.3,45.2,46.3,39.5,48.8,42.9,37.9,35.8,34.9,36.9,36.1,30.3,30.1,25.8,24.6,21.3,0,0
1368,일요일,5,2524,영등포구청,상선,6.7,9.7,7,7.4,6.8,10.1,12.5,17.3,16.7,17.6,18.6,19.1,17.7,19.6,25.8,25.8,29.6,28.4,30.3,33,36.7,39.5,45.7,47.4,43.5,49.3,44,39.7,35.9,36.5,39.1,37.2,31.7,31.3,25.7,28.3,22.1,0,0
1369,일요일,5,2525,영등포시장,상선,4.1,7.2,5.1,5.5,5.3,8,9.5,13,13.2,15.1,14,15.3,15.8,17,22,23.9,24.9,25,26.4,28.9,33.2,35.2,42.7,40.4,41,44,34.5,33.6,29.1,32.5,31.3,33,26.5,25.5,20.6,21.4,15.8,0,0
1370,일요일,5,2526,신길,상선,5.7,7.1,5.5,5,6.2,9.1,9.9,13.6,14.8,15.8,15.7,16.6,18.3,17.8,23.4,25.6,26.2,25.5,28.6,27.9,33.7,36.2,41.7,41.7,38.6,42,33.8,32.7,30.4,32,32,32.9,26,26.1,19.9,21.8,16.5,0,0
1371,일요일,5,2527,여의도,상선,4.9,7.1,5.7,5.9,6.5,9.6,10.3,13.7,15.4,15.3,16,17.7,18.8,19.2,24.6,26.5,25.7,29.8,31.7,30.1,35.7,42.1,44.4,46.9,44.6,46.5,39.2,37.3,36.8,36.8,41.4,39.5,31,30.3,22,21,12.2,0,0
1372,일요일,5,2528,여의나루,상선,6.3,7.8,6.4,6.7,7.4,11.1,11.9,16.2,18.5,16.2,19.4,20.9,22.5,22,27.8,31,28.9,29.3,32.8,30.3,36.3,40.9,42.5,46.9,41.8,41.3,36.1,34.1,33.8,32,35.7,35.4,27.3,26.8,20.4,19,10.6,0,0
1373,일요일,5,2529,마포,상선,6.4,8.6,7.3,7.5,9.9,14.1,13.8,18.9,21,19.9,24.3,26.7,26.2,27.7,34.2,38.4,36.6,38.1,41.2,38.3,43.9,47.8,47.6,45.7,41.3,38.1,32.4,27.3,26.1,24.7,23.9,23.5,19.2,17.8,16,14.3,9.3,0,0
1374,일요일,5,2530,공덕,상선,5.6,8.7,7.5,7.6,10.7,13,14.8,18.2,20.5,20,24.3,26.1,26,28.5,33.4,37.7,37.8,37.6,41,39.6,43.9,45.4,51.1,46.2,41.7,38.8,32.5,26.8,26.5,24.3,23.4,22.5,18.4,18.2,16.3,15,10,0,0
1375,일요일,5,2531,애오개,상선,4.8,7.6,7.1,6.7,8.4,11.3,13.8,16.7,18.8,18.8,19.9,21.8,24.3,25.8,31.4,33.1,32.4,33.6,35.3,38.2,37.9,40,42.8,45.8,38.6,35.4,30.7,26.5,25.4,23.3,22.9,21.9,17.9,16.5,15.7,14.5,10.1,0,0
1376,일요일,5,2532,충정로,상선,6.9,7.7,6.4,6.3,8.6,11.2,13.5,16.6,18.4,18,19.5,21.3,23.9,24.4,30.4,32.3,32.1,32.5,36.4,37.6,37.8,40,42.6,45.8,38.4,34.6,31.4,26.9,25.7,23.7,22.4,22.9,18.2,16.2,16.9,14.6,10.5,2.9,0
1377,일요일,5,2533,서대문,상선,6.5,7.7,6.4,6.2,8.3,11.7,12.9,16.2,18,17.6,18.6,22,22.7,23.8,29.2,31.9,30.8,31,35.8,35.3,36,38.5,41.1,43,36.7,33.4,30.8,26.4,24.6,23.4,22,21.2,17.9,16.1,15.9,13.4,8,3.7,0
1378,일요일,5,2534,광화문,상선,5.9,7.8,6.6,6.3,9,12.1,13.7,16.8,18.7,19,19.4,22.7,22.8,24.3,30.7,30.9,30.6,31.2,35,33.6,36,39.9,39.1,42.3,35.2,32.7,29.7,26.2,24.6,23.6,21.8,22.1,18.9,16.4,16.6,13.9,7.1,0,0
1379,일요일,5,2535,종로3가,상선,6.4,9.1,7.7,8.1,10.8,15.8,19,21.4,26.4,29.8,30.1,28.8,29.1,29.6,34.5,36.8,35.1,32.6,35.9,30.7,36.7,36.7,31.3,39.1,29.7,26.8,25.4,22.5,21,20.3,18.4,20,15.6,14.9,14.9,12.7,7,0,0
1380,일요일,5,2536,을지로4가,상선,5.3,9.1,7.6,8.1,11.3,15.7,21.7,24.3,28.7,29.8,34.1,29.4,30.8,33.2,37.7,35.7,37.7,32.3,32,28.8,32.2,30.7,26.9,30.6,24.8,21.8,19.8,17.4,16.9,15.3,15.1,16.5,12.7,12.2,13.1,10.8,6.3,0,0
1381,일요일,5,2537,동대문역사문화공원,상선,5.2,9,7.3,8.6,10.9,15.8,20.9,23.2,28.3,28.9,33.1,28.6,30.9,32.5,35.8,34.3,35.2,29.3,29.5,26.3,29.7,27.4,24,27.2,21.7,19.9,17.2,15.7,15,13.6,13.7,15.3,11.4,10.7,11.5,9.5,5.4,0,0
1382,일요일,5,2538,청구,상선,6.9,9.1,8.5,10.7,13.3,17.6,22.9,24.6,32.3,32.5,36.1,32.4,36.5,35.8,38.3,40,37.7,31.8,30.2,27.7,28.3,27.8,25.7,26.4,23.2,19.8,17.5,16.7,17.2,14.5,20.7,17,12.4,12.9,12.3,8.8,4.9,0,0
1383,일요일,5,2539,신금호,상선,7.4,9.7,9,11.3,14.3,18.2,23.6,27.6,33.9,35.2,38,36.9,39.7,41.6,42.9,43.4,42.5,37.5,34.9,31.5,33.6,32.2,27.7,29.5,26.8,23.1,18.4,19.1,19.3,16.5,23,20.5,13.5,14.7,14.1,9.7,6.4,0,0
1384,일요일,5,2540,행당,상선,7,9.6,8.7,11.2,13.8,19,23.2,26.8,33.5,35,37.4,35.7,38.6,40.6,43,42.7,41.7,36.7,33.4,32.4,33.3,32.4,26.6,30.1,27.2,23.3,19.8,18.9,19.7,16.7,23.4,19.5,14.3,15,14.6,10.3,6.8,0,0
1385,일요일,5,2541,왕십리,상선,6.7,9.2,8.3,11.2,14,18.6,21.8,27.3,32.7,34.4,35.8,35.9,36.4,39.2,41.8,41.9,41.1,34.9,32.8,32.7,32.7,32.8,27.1,30.2,26.4,24.4,21.2,19.6,20.4,16.4,26.7,20,15,15.5,15.4,11,5,0,0
1386,일요일,5,2542,마장,상선,11.5,12.3,10.6,15.3,18.2,22.9,28.5,35,40.8,42.4,45.5,45.8,45.8,46.8,52.8,51.3,51.5,43.9,39.8,40.6,39.4,39.8,34.1,34.2,30.8,27.5,24.8,24.1,23.3,19.1,31.3,21.9,18.1,18.9,17.1,11.8,6,0,0
1387,일요일,5,2543,답십리,상선,11.2,11.3,10.9,15,18,22.3,28,36.2,39.2,41.7,44.9,44.8,44.6,46.2,51.4,51,49.8,42.9,38.7,39.6,38.5,39.6,33.5,34.6,29.3,26.6,25.3,24,21.8,20.2,31.5,21.9,18.1,18.9,16.1,11.6,6.3,0,0
1388,일요일,5,2544,장한평,상선,9.7,11.1,10.6,15,16.9,21.7,27.3,33.8,36.7,40.3,42.8,42.3,42.3,45.9,48.6,50,47.8,41.7,37.6,38.3,38.1,36.4,35,34,29.6,26.5,25.6,25.4,22.2,20,35.6,23.3,17.2,19.2,16.2,12.1,5.6,0,0
1389,일요일,5,2545,군자,상선,8.4,10.6,10.9,14.8,16.4,21.5,25.9,33.3,34.7,41.8,42.5,41.3,41.2,44,48,48.1,46.4,40,36.7,37.8,36.5,36.3,37.2,32.4,28.9,27.2,25.2,25.5,21.3,20.7,36.7,22.3,18.1,21,17.3,12.9,7.4,0,0
1390,일요일,5,2546,아차산,상선,13.3,12.6,11.4,16.3,19.3,25.6,30.7,40.7,41.1,47.7,45.6,48.8,49.4,48.3,54.5,56.4,53.3,48.3,45.8,46.4,44.8,47.5,47.3,39.1,38.6,36,32.3,33.3,29.7,24,45.8,27.8,22.6,25.6,22.9,15.5,9.2,1.5,0
1391,일요일,5,2547,광나루,상선,12.8,10.1,10.9,15.4,18.4,25,28.4,38.3,42.7,46.9,44.7,48.2,49.3,46.6,55.1,55.1,49.3,46.2,44.7,43.1,41,44.5,41.9,35.7,36.1,33.4,30.9,30.7,28.5,28.4,44.4,26.9,21.3,25.1,22.8,15.6,7.2,0,0
1392,일요일,5,2548,천호,상선,11.9,9.3,10,14.9,18.7,26.2,28.5,41.6,44.6,46,47.6,49.9,46.4,44.9,56.1,49.6,47.5,45.9,41.7,40.5,40,42,38.7,35.3,35.7,31.6,30.2,30.1,27,28.1,40.8,26.2,22,23.6,21.3,14.2,7.3,0,0
1393,일요일,5,2549,강동,상선,11.7,9.4,9.8,14.1,18.1,23.5,25.4,40.2,41.2,40.5,48.3,45.8,38.5,43.5,56.6,43.4,44.9,45.4,39,36.2,41.7,35.7,34.1,33.9,29.9,24.8,26.3,26.6,21.1,26.2,36.4,22.7,19.5,20.5,19.8,9.6,4.4,0,0
1394,일요일,5,2550,길동,상선,18.5,13.2,14.4,19.3,23.8,35.4,40.3,52.5,56.7,62.1,62,61.1,57.8,58,71.1,63.5,55.3,54.4,51.7,51,50.9,44.5,42.9,36.8,34,32.8,26.7,26.4,23.8,20.6,20.9,20.5,19.8,19,21,13.1,6.8,1.3,0
1395,일요일,5,2551,굽은다리,상선,16.2,11.9,12.9,17.5,21.5,32.8,40.3,49.6,53.5,56.3,57.2,56.6,53.9,53.7,66.9,58.5,52.6,49.1,49.1,46.9,46.5,42,40.5,33.5,31.8,31,24.7,24.6,22.3,19.1,19.9,17.8,18.4,17.8,19.7,12.4,4.3,0,0
1396,일요일,5,2552,명일,상선,13.5,9,11.2,16.7,19.1,28.5,35.7,43.2,47.3,52.4,48.3,50.7,45.9,51.2,58.6,51.9,46,42.4,42.9,41.3,41.3,38.7,34.7,31.3,29.5,27.6,21.4,21.5,20.5,16.9,17.6,16.4,17.3,16.3,18.6,11.8,4.5,0,0
1397,일요일,5,2553,고덕,상선,12,7.1,13.8,16.4,17.8,26.9,35.6,39.5,44.6,47.9,44.3,45.7,41.5,46.5,51.1,46.2,40,38.4,37.4,36.4,38.3,36.7,32.5,30.8,29.4,27.3,21.4,20.5,18.1,16.3,15.8,16.4,16.8,20.3,13.1,11.1,4.9,0,0
1398,일요일,5,2554,상일동,상선,8.3,7.8,12.8,14.6,15.2,24.2,32.2,36.3,41.7,44.4,41,40.5,36.6,42.1,46.3,42,36.2,34,34.2,32.4,34.8,32.3,29.2,27.7,25.6,30.4,13.8,23.8,13.1,15,15.2,15.1,15,17,11.1,10.2,5,0,0
1399,일요일,5,2562,강일,상선,15.4,11.3,10.7,10.9,12.8,19.7,25,28.8,31.3,33.3,31.6,31.5,27.1,32.8,33.9,32,28.1,29.2,25,25.9,28.8,25.8,25.1,23.7,22.4,27.4,22.3,23.3,17.7,13.4,13.6,14.6,14.5,16.8,11.3,8,3.3,0,0
1400,일요일,5,2563,미사,상선,12.8,9.8,8.5,9.1,10.1,16,20.9,23.6,25.7,27.3,28,25,22.2,28.6,28.5,28.1,25,25.5,23.2,24,27,23.6,23.5,21.7,21.3,26,18.7,27.4,16.7,13.1,13.2,14.7,14,16.8,11.3,8,3.5,0,0
1401,일요일,5,2564,하남풍산,상선,6.8,5.1,5.2,5,5.9,9.5,12.8,15,15.2,15.7,17.7,15.2,14.1,17.1,18.9,17.2,15.5,18,17.8,17.5,18.8,15.6,15.3,15.9,14.8,18.9,13.2,20.4,11.3,8.5,6.8,9.2,7.6,8.5,6.1,3.7,1.7,0,0
1402,일요일,5,2565,하남시청,상선,6.3,4.6,4.3,4.1,5.4,7.8,11.4,13,13.4,12.5,15.6,12.8,11.7,13.7,14.8,13.6,12.5,12.9,14.9,13.6,15.9,12,12.8,14.1,13.1,15.9,11.7,17.1,9,7.8,5.7,7.2,5.7,9.2,5.3,3.8,1.6,0,0
1403,일요일,5,2566,하남검단산,상선,2.9,2,1.6,1.6,2.1,3.9,4.7,5.5,5.5,6.3,6.8,5.8,6.1,7.4,6.3,7.1,6.1,6.8,7.9,8.1,8.6,7.4,8,8.9,7.8,11.9,6.7,11,5.7,5,3.6,4.9,3,6.7,3.9,2.2,0.9,0,0
1404,일요일,5,2555,둔촌동,상선,6.7,7.4,7.8,9.6,12.6,14.6,18,22.2,26.2,29.1,29.5,31.4,29.1,30.9,37.2,36.8,35.3,32.1,28.4,32.1,28.6,30.5,32.5,28.1,28.1,24.9,34.5,28.9,22.2,37.5,61.9,27.4,25.9,25.8,18.6,11.8,4.1,0,0
1405,일요일,5,2556,올림픽공원(한국체대),상선,5.2,6.8,6.9,8.2,10.1,14.6,15,18.4,21.9,24.7,26,25.9,24,26.4,32,32.2,31.3,26.3,25.9,27.9,25.2,26.3,30.7,25.4,25.3,22.5,33.7,27.9,17,36.7,51.2,24.4,24.3,25.4,15.5,9.7,4.1,0,0
1406,일요일,5,2557,방이,상선,6.1,7,6.2,8.8,10.6,15.4,15.7,22,22.6,25.3,28.2,26.2,22.1,26.2,31.4,32,30.6,23.6,21.7,23.5,21.4,21.7,24.4,19.2,19.5,16.2,15.6,14.5,10.7,11.6,12,13.6,8.7,16,11.1,8,3.4,0,0
1407,일요일,5,2558,오금,상선,5,6.4,5.7,7.6,9.3,14.1,14.5,20.7,21.3,22.7,26.4,23,20.3,22.5,27.8,27.3,28.3,20.6,19.8,19.9,19,18.2,21.3,15.9,18.6,14.9,14,11.7,9.5,10,9.6,10.3,6.2,10.7,8.7,6.2,3.4,0,0
1408,일요일,5,2559,개롱,상선,7.3,6.7,5.7,9,9,14.1,15.1,20.8,21.2,22.9,20.8,19.8,17.6,20.3,22.1,22.5,20.5,17.6,14.8,15.3,13.7,14.1,14.3,12.3,12.7,8.7,8.7,7.8,6.3,6.4,5.3,5.1,3.8,5.3,3.7,2.5,1.1,0,0
1409,일요일,5,2560,거여,상선,5.5,5.5,4.7,6.7,7.1,9.8,11.4,15.4,15.4,16.2,14.9,15,13.7,15.8,15.2,15.8,14.4,13.3,10.6,10.9,9.7,10.5,10.1,9.2,9.4,6.3,6.1,6,3.9,4.1,4,3.7,2.7,5,2.7,1.8,0.7,0,0
1410,일요일,5,2561,마천,상선,2.9,2.5,2.6,2.9,3.1,4.9,5.1,6,6.3,7.4,6.3,6.6,6,7,7.5,7.2,5.9,6.3,4.4,5.9,4.5,5.4,4.5,4.7,4.8,2.8,2.7,2.2,2,1.6,1.8,1.4,1.2,1.8,0.8,0.6,0.3,0,0
1411,일요일,5,2511,방화,하선,1.5,1.1,1.4,1.3,1.7,1.8,2.3,3,2.9,3.2,3.2,3.2,2.7,3,3.5,5.3,3.1,3.2,2.5,2.6,2.8,2.3,2.3,2.3,1.8,1.6,1.2,1.2,1.1,0.6,0.8,0.8,0.7,0.4,0.7,0.5,0.6,0,0
1412,일요일,5,2512,개화산,하선,3.2,2.1,2.3,2.2,2.7,3.5,3.8,5.4,5.3,5.7,5.9,6.1,4.2,5.2,6.6,7,5.5,5.2,4.6,5.2,4.8,3.9,3.9,3.6,3.3,2.8,2.4,2.2,1.8,1.4,1.5,1.5,1.3,0.9,1.2,0.8,0.8,0,0
1413,일요일,5,2513,김포공항,하선,2,3.8,3.2,3.4,4.7,6.7,8.1,11.3,11.2,11.7,11.6,11.7,9.3,11.9,11.6,12.8,14.5,12.3,11.9,13.6,13.1,13.3,12.1,11.5,12.5,11.5,9.9,10.3,7.2,8,8.7,7.6,6.3,8.6,8.1,7.9,3.8,0,0
1414,일요일,5,2514,송정,하선,2.5,4.2,3.6,4.3,5.1,7.4,9.4,12.9,13.2,14.6,12.9,13.2,12.2,12.5,13.6,15.1,15,13.3,13.8,15.2,13.5,14.9,13.5,11.8,13.5,11.9,11,10.9,7.1,8.6,9.1,8,5.7,8.4,8.2,8,3.7,0,0
1415,일요일,5,2515,마곡,하선,3.3,4.1,3.9,4.9,5.5,8.4,10.1,14.1,14.7,15.9,14.3,13.7,14.3,13.7,14.9,16.5,16.2,15.3,14.8,16.3,16.4,16.9,15,13.6,14,14.1,12.5,12.5,9,10.1,9.8,9.2,7.1,9.7,8.5,8.5,3.7,0,0
1416,일요일,5,2516,발산,하선,4.3,3.9,4.5,5.5,6.2,9.3,10.9,15.2,14.9,16.2,15.5,15.2,15,16.4,16.3,19.5,19.4,20.3,19.2,19.3,20.3,20.8,19,18.2,17.8,17.6,16.8,14.6,12.1,13.3,13,12.6,11.3,15.5,13.3,12.6,5.7,0,0
1417,일요일,5,2517,우장산,하선,5.7,4.6,5.3,6.8,7.2,11.6,13.7,18.2,18.4,19.4,19.8,18,18.7,20.5,20.2,21.6,23.6,23.4,21.4,21.5,21.7,21.4,20.1,18.9,18.6,18.7,16.1,15.1,12.2,13.3,13.2,12.7,11.9,14.5,13.2,12.2,5.5,0,0
1418,일요일,5,2518,화곡,하선,7.5,7.5,7.6,9.9,11.7,18.1,21.8,26.4,26.6,26.5,28,26.2,25.6,29.3,29,29.1,31.8,30.8,26.9,28,24.2,25.5,23.3,22.9,20.5,20,18.2,17.1,13.5,14.3,13.9,13.1,12.4,14.4,12.7,12.3,3.7,0,0
1419,일요일,5,2519,까치산,하선,10.5,8.4,9.1,11.3,13.4,20.3,25.1,31.3,32.4,33.1,32.2,31,29.8,33.3,33.6,31.4,35.5,31,27.5,27.6,24.2,24.6,22.7,21.1,18.4,17.2,15.4,15.3,11.7,11.4,11.9,11.1,9.9,10.9,10.1,10.5,4.9,0,0
1420,일요일,5,2520,신정,하선,12.8,9.4,10.8,12.4,15,22.9,29,35.1,35.9,37.1,34.8,35.9,34.9,35.3,37.9,35.6,37.9,33.3,30.5,29.3,26.6,25.3,24.6,22.8,19,17.3,16.2,15.6,12.7,11.5,11.6,11.2,9.9,10.1,10,9.7,4.4,0,0
1421,일요일,5,2521,목동,하선,14.3,10.1,11.3,13.6,16.7,25.5,30.8,38,39.6,40.9,41.1,40.4,38.7,39.6,44.2,39.9,41.8,36.7,33.5,30.9,30.7,27.9,28.2,25.8,21.4,19.3,17.8,18.1,14.5,12.4,12.8,11.9,10.4,11.2,10.5,9.6,4.6,0,0
1422,일요일,5,2522,오목교,하선,15.7,10.8,11.7,13.1,17.7,26.4,30.3,38.6,37.8,42.9,43.4,42.9,39.8,43.5,48.4,44.6,44.5,40.6,36.1,35.3,33.5,32.8,31,29.3,26.6,23.8,20.5,21.1,17.1,14.9,17.9,15.7,13.1,14.7,12.6,10.2,7.3,0,0
1423,일요일,5,2523,양평,하선,16.4,11,11.8,13.4,18.2,26.7,31.1,40.4,38.9,44.3,46.2,43.4,41.3,46.4,50.1,47.1,45.1,41.4,38.5,35.5,34.3,33.8,31.8,29.4,28.2,25.2,21.1,21.7,17.4,15.5,18.2,16.3,13.7,15,12.8,10.2,7.2,0,0
1424,일요일,5,2524,영등포구청,하선,12.8,8.4,8.8,11.1,14.2,21,25.5,34.8,33.8,37.1,37.6,37.7,35.9,39.4,43.2,41.3,38.2,36.1,34.4,30.3,32.1,29,27.3,25.3,23.3,21.5,16.4,17.3,13.2,11.8,13.3,12.1,9.6,10,9.1,8.7,4.9,0,0
1425,일요일,5,2525,영등포시장,하선,12.9,8,8.5,11.1,14.5,21.4,24.9,33.3,32.2,36.1,37.1,37.6,35.7,39.9,41.8,41.3,38.1,37.1,34.9,31.4,32.8,30.4,28.7,26.1,24.9,22.7,18.2,18.5,15.4,12.6,13.9,12.8,11.7,10.6,9.4,8.6,4.3,0,0
1426,일요일,5,2526,신길,하선,14.3,9.1,8.8,12.1,14.5,22.8,25.8,35.2,35.1,38.1,39.6,41.6,39.8,41.2,50.6,47.2,44,43.8,40.3,35.8,38.2,34.4,32.5,30.1,28.9,25.2,21.4,19.7,15.8,13.3,13.4,13.1,12.1,11.1,10.2,8.8,4.4,0,0
1427,일요일,5,2527,여의도,하선,10.7,8.7,7.6,10.1,12.3,18.4,20.8,27.9,28.3,31.3,31.5,33.3,34.7,35.8,45.9,43.3,41.8,42.2,42.1,35.1,38.5,37.3,36.4,32.8,32.8,30,24.6,23.4,20.6,17.7,18.2,16.7,14.1,14,12.1,11,5.8,0,0
1428,일요일,5,2528,여의나루,하선,10,8.2,7.1,8.9,10.1,15.1,19.3,27,27.3,28.4,30.5,31.2,32,31.2,39.1,39.4,34.3,34.5,34.6,29.6,32,34.2,35.3,33.9,35.6,33,30.2,28.7,28.6,27.6,29,27,22.1,21.7,18,15.4,7.4,0,0
1429,일요일,5,2529,마포,하선,10.1,7.8,6.9,8.4,10.1,15.2,19.6,25.9,27.5,29.4,31.5,32.1,33.2,32,38.4,40.3,35.2,34.2,34.4,28.3,32,32.9,35.5,33.4,35.6,32.1,29.5,27.8,28.6,27.7,27.4,27,22.3,21.2,18.3,15.8,7.1,0,0
1430,일요일,5,2530,공덕,하선,8.9,7.3,6.3,8.2,10.2,15.5,19.5,27,30.4,31.9,34.6,32.4,33.9,32.9,38.8,38.5,35.4,32.5,34,26.7,30.1,29.5,30.1,29.3,29,25.2,25,23.1,22.4,21.1,22.7,22.4,17.6,17.6,15.3,15.3,6.3,0,0
1431,일요일,5,2531,애오개,하선,6.1,7.2,6.3,8.3,10.4,14.2,19.1,24,32.1,31.4,34.7,33.1,34,33.8,39.3,39.7,35.8,33.6,33.1,26.8,29.7,29.9,29.6,28.8,28.4,26.1,23.1,22.5,21.7,20.4,22.2,22,17.1,16.9,14.7,15.3,7.2,0,0
1432,일요일,5,2532,충정로,하선,6.2,7.1,6.4,7.5,10.3,14,18.2,22.5,31.2,30.7,34.1,31.9,32.6,33.7,39.6,37.5,35.1,33,31.7,25.6,29.2,29.1,28.9,27.4,27,25.2,21.8,20.2,21.5,19.5,20.8,21,16.2,16,13.9,14.8,9.1,0,0
1433,일요일,5,2533,서대문,하선,6.8,6.8,6.3,7.2,10,13.8,17.4,22.6,30.9,29.3,33.1,31.9,32.5,32.3,40,38.9,35.9,34.7,32.7,26.3,29.8,29.3,29.1,28.5,27.6,25.6,22.6,20.6,20.9,19.2,20.8,21,15.8,15.8,14.5,13.1,8.4,0,0
1434,일요일,5,2534,광화문,하선,6.6,5.4,5.2,6.2,8.3,10.3,13.8,19.2,23,21.5,25.5,25.9,27.2,28.2,37.9,38.6,33.6,35.4,33.5,29.1,31.7,33.1,34.6,35.8,33.4,31.6,26.7,24.2,25.2,22.8,24.4,24,19.4,17.8,16.7,14,8.4,0,0
1435,일요일,5,2535,종로3가,하선,4.3,5.7,5,5.8,6.6,8.9,10.4,15.6,17.3,16.9,18.8,20.2,19.2,24,29.3,29.1,25.8,29.2,27.9,27.3,29.3,33.1,31.7,36.3,33.4,32.8,28.6,26.9,24.7,24,26.6,24.4,22.4,20.3,19.5,15.2,10.2,0,0
1436,일요일,5,2536,을지로4가,하선,4.3,5.4,5,5.6,6.3,8.5,9.7,14.5,16.4,15.8,16.6,16.6,18.6,20.4,25.8,27.8,23.8,26.2,25.8,25.9,27.9,31.5,29.7,33.6,32.3,30.7,28.4,26.4,23.7,24,25.8,23.9,21.5,19,18.8,14.8,10.4,0,0
1437,일요일,5,2537,동대문역사문화공원,하선,6,5.9,5.2,6,6.2,8.7,10.3,15.8,17,17.4,16.8,17.8,18,22.6,26,29.2,25.7,29.2,28.8,31.3,30.3,35.6,31.6,37,34.7,35,31.1,29.4,24.7,26.5,27.4,26.6,21.8,20,21.1,16.9,11.4,0,0
1438,일요일,5,2538,청구,하선,11.7,8.2,6.9,7.3,6.7,11.1,12.4,18.8,19.1,20.2,19.9,20,21.3,23.2,29.3,32,28.6,33.3,30.9,34.2,33.2,39.1,38,37.2,37.6,40.7,33.8,29.8,28.9,28.8,30.1,28.5,24.2,23.8,23.4,19.2,14.8,2.2,0
1439,일요일,5,2539,신금호,하선,12.3,8.8,7.4,6.8,7,11.2,12.4,18.2,19.5,19.6,20,19.9,21.6,23.7,29.6,32.5,30.4,31.2,30.8,34.8,32.1,37.5,38.1,36.4,37.1,39,33.1,29,28.2,28.8,28.4,27.9,22,24.2,22.4,18.5,14,1.8,0
1440,일요일,5,2540,행당,하선,13.8,9.4,7.6,6.5,8,11.8,13.2,19.1,20.7,21.1,21.1,21.2,22.4,22.8,30.3,33.7,31,31.3,29.1,35.2,31.5,36.7,37.9,35.6,36.2,38.3,33.7,27.5,27.5,28.1,27.5,27.5,21.9,23.4,21.8,18.3,14.1,1.4,0
1441,일요일,5,2541,왕십리,하선,8.9,11.4,8.5,7,9.1,13.4,15.4,21.2,24,25,25.3,24.6,25.7,27.6,35.5,39.7,39.5,38.3,36.4,42.7,39.5,44.3,44.8,44.4,45.7,45.5,47.2,35,36.8,36.9,37.8,38.2,31.4,34.7,30.7,27.5,20.1,0,0
1442,일요일,5,2542,마장,하선,4,12.3,8.6,7.2,8.9,13.1,15.4,21.4,24.2,24.9,25.1,24.4,25.3,27.4,33.9,39.4,39.1,35.9,39.1,42.4,39.1,43.6,44,44.1,44,44.7,46.3,34.9,35.6,36.1,38.4,36.2,30.9,34,30,26.9,19.5,0,0
1443,일요일,5,2543,답십리,하선,6.3,13.3,9.1,7.9,9,14,15.4,22.6,26.4,26,26.2,24.8,26.8,28.4,34.2,39.3,39.8,35.7,38.8,40.5,41.3,43.9,44.8,43.2,44.1,41.6,44.4,33.5,33.5,33,36.9,34.4,31.6,29.4,28.1,25.2,20.9,3.9,0
1444,일요일,5,2544,장한평,하선,9.2,13.7,9,8.1,9.4,14.9,16.1,23.5,27.4,26.9,27.3,25.7,27.1,29.5,33.3,38.2,41.4,36.1,40.8,38.5,40.6,42.5,43.5,40.4,44.7,40.6,45.7,37.5,32.3,31,34.6,32.1,29.3,25.9,27.1,19.9,22.3,3.3,0
1445,일요일,5,2545,군자,하선,8,17.2,12.4,12.3,13.5,20.5,23.4,35,40.3,40.2,37.7,35.5,36.2,37.5,41.8,45.2,50.2,44.8,47.6,47.7,49.1,54.9,52.8,47.3,53.7,49.9,48.8,40.2,41.8,36.7,37.9,40.4,33.4,30.4,29.4,25.9,25.3,0,0
1446,일요일,5,2546,아차산,하선,8.4,16.9,11.8,12.3,13,20.4,24,29.3,34.5,36.6,33.7,32.7,33.1,35.1,40.2,43.7,48.1,45.9,45.8,48.3,48.8,52.2,56.1,46.7,52.4,49.3,47.6,39.7,40.5,35.1,36.4,38.1,32.7,27.9,27.6,24.2,23.2,0,0
1447,일요일,5,2547,광나루,하선,8.8,18,11.4,12.4,12.4,19.3,21.9,27.7,31.3,34.3,32.3,31.8,33.2,34.4,40.5,44.6,48.4,46.7,47.1,47.3,48.5,52.7,55.4,44.6,51.8,48.2,48.6,38.5,39.3,35.2,34.8,35.2,34.3,26.7,26.3,23.4,25.8,4.5,0
1448,일요일,5,2548,천호,하선,8.2,15.5,9.8,10.3,10.8,15.4,18.9,21,26.6,27.2,28.7,25.8,29.2,28.5,35.8,38.2,42.7,39.4,40.7,43,42.7,43,49.1,44.5,45.4,42.5,47.4,37.9,34.2,33.2,33.9,29.4,30.6,28.9,25.1,21.2,20.2,4.1,0
1449,일요일,5,2549,강동,하선,4.4,9,8.5,12,9.7,18.8,22.8,23.7,20,29.8,31.4,27.9,31.5,29.4,38.4,41.6,44,42.2,43.2,44.1,45.4,49.2,46.7,46.2,39.7,41.5,47.3,38,33.2,30.1,35.2,28.3,29.4,28,23.7,19.8,18.1,2.8,0
1450,일요일,5,2550,길동,하선,6.4,8.5,10.6,13.6,8.2,20.8,21.3,25.3,18.3,29.7,32.5,27,26.4,24.8,33.9,34.2,39,38.4,37.4,42.8,45.1,53.5,57.8,50.8,58,53.2,60.2,44.6,46.1,37.4,40.1,39.6,38.3,32.7,30.5,22.1,34.7,5.3,0
1451,일요일,5,2551,굽은다리,하선,7.4,8.6,9.2,11.2,9,19.6,18.8,23.7,19.6,28.5,29.2,24.1,24.1,22.9,31.2,31.6,35.2,35,34.7,38.2,52.1,36.4,50.8,45.4,51.7,46.9,52.5,40,40.8,33.8,35.6,35.4,33.7,30.1,26.9,18.3,31.8,4.4,0
1452,일요일,5,2552,명일,하선,8.2,8.5,7.8,10.4,10.2,13.2,15.9,22.9,18.2,26.9,25.1,22.5,22.3,22.3,29.2,31.5,33.3,32.4,34,36.7,48,33.5,45.6,40.8,44,46.4,46.9,39.4,35.3,31.4,37.1,33.3,31.1,27.8,24.4,25.1,18.7,3.6,0
1453,일요일,5,2553,고덕,하선,6.4,7.3,6.8,9.3,9.6,9.1,16,21,15.9,22.9,22.3,21.3,20.7,19.4,25.7,28.4,29.5,28.7,31.9,31.4,43.1,26.3,41.2,37.3,37.7,41.7,42.4,36.1,32.4,27.1,32.5,32.9,28.2,25.7,25.3,18.3,16.6,3,0
1454,일요일,5,2554,상일동,하선,6.4,6.1,5.5,7.6,8.7,7.6,14.5,20.5,15.1,21,19.4,19.6,17.8,17.6,22.1,27,22.5,23,25.6,24.9,34.1,21.3,32.3,29.6,29.6,32.8,30.8,27.9,24.5,22.4,24.9,25,21.4,18.8,19.4,14.2,11.6,0,0
1455,일요일,5,2562,강일,하선,6.1,5.1,5.6,7.3,8.6,10.8,13,18.1,21.7,18.8,19.2,18.8,17.2,16.2,20.8,24.9,21.5,21.3,23.5,21.5,27.1,19.3,28.3,27,25.8,29.3,27,24.8,20.9,18.7,21.7,20.6,17.8,16.8,16.4,12.3,20.4,0,0
1456,일요일,5,2563,미사,하선,5.7,3.7,3.7,5.3,6.4,8.8,9.8,12.8,15.8,13.1,15,12.2,11,10.5,13.1,14.9,13.8,12.7,14.5,13.5,16.9,11.5,18.2,16.6,14.8,15.5,14.2,14.9,12.3,9.7,11.9,12,9.7,10.2,9.8,8.1,11.2,0,0
1457,일요일,5,2564,하남풍산,하선,0,3.1,2.3,3,4.5,6.9,7.3,8.4,12.8,9.8,11.1,10.3,8.4,8.3,11.5,12.4,11.4,11,12,12,12.7,12.8,14.9,14.3,11.9,12.9,11.5,12.7,11.3,8.3,10,10.6,7.4,8.8,7.8,6.4,9.6,0,0
1458,일요일,5,2565,하남시청,하선,0,1.6,1.3,2,3.1,4.2,4.5,6.3,9.8,6.9,7.7,6.6,6.8,5.3,7.2,7.1,6.2,6.6,7.5,6.2,6.2,6.8,7.1,6.6,5.9,5.9,5,5.3,5,4,3.6,4.5,2.2,3.6,2.9,2.9,0,2,0
1459,일요일,5,2566,하남검단산,하선,0,0,0,0,0,0,0,0,0,0,0,0,0,0,0,0,0,0,0,0,0,0,0,0,0,0,0,0,0,0,0,0,0,0,0,0,0,0,0
1460,일요일,5,9005,강동,하선,3.6,7.6,6,9.8,11.6,16.3,23.2,20.3,20.4,28.8,28.9,28.2,33.4,29.3,38.9,44.7,45.5,41.6,45.3,41.7,39.2,39.8,35.5,30.4,21.7,31.1,27.9,27.3,21.6,20,21,18.5,16.9,16.9,14.2,15,11.5,0,0
1461,일요일,5,2555,둔촌동,하선,4.7,7.8,5.8,8.9,10.7,13.5,20.6,20.1,18.6,27.9,26.6,26.2,28.4,27.8,36.7,40.8,41.9,40.2,43.9,37.6,34.7,36.5,29.3,25.8,18.3,27.4,23.4,22.9,21.3,15.8,17.7,17.2,14.5,13.7,11.9,12.9,9.5,0,0
1462,일요일,5,2556,올림픽공원(한국체대),하선,3.9,5.7,5.3,6.7,9.5,10.1,15.9,14.6,14.9,19.7,18.5,14.4,15.3,14.9,18.8,18.3,20.8,21.3,25,20.6,21.5,23.9,23.9,24.9,17.5,23.9,27.1,23.6,20.9,20,21.3,18.8,15.4,15.1,11.3,12.7,8,0,0
1463,일요일,5,2557,방이,하선,4,4.7,4.6,5.7,8.8,9.4,12.9,13.4,11.7,14.9,13.7,12.6,12.8,13.8,16.6,19.5,18,17,20.7,16.2,20.7,21.6,21.6,23.2,15.4,20.9,22.9,21.9,19.7,15.7,21.1,18.1,16.1,15.6,10.7,10.9,7.2,0,0
1464,일요일,5,2558,오금,하선,1.6,2.5,3.6,3.1,6.8,5.7,9.2,8.5,9.1,11,11.3,9.2,7.9,8.8,12.4,14.4,14.5,13.6,18.1,13,18.3,19.3,19.6,22.5,15.3,19.3,19.8,18.6,19.4,13.9,13.3,16.8,14.1,13.8,10.9,10.5,7.3,0,0
1465,일요일,5,2559,개롱,하선,1.2,2.1,2.6,3.1,3.7,4.2,6.4,6.2,7.1,8.3,8.5,7,5.9,6.3,9.1,9.2,10.4,12,9.7,8.8,13.1,12.8,13.9,15.9,11,13.1,14.2,13.3,13.3,9.6,11.1,9.9,9.9,8.8,8.5,8.4,5.3,0,0
1466,일요일,5,2560,거여,하선,0.4,0.9,1.4,1.5,1.8,2.3,3.9,3.8,4.6,4.9,5.1,3.7,2.8,2.7,4.5,4.2,5.1,5.3,4.6,4.1,6.1,5.5,5.9,7,4.1,5.9,5.6,7.9,4.1,4.6,4.3,3.9,4.2,3.6,3.6,3.5,1.9,1.2,0
1467,일요일,5,2561,마천,하선,0,0,0,0,0,0,0,0,0,0,0,0,0,0,0,0,0,0,0,0,0,0,0,0,0,0,0,0,0,0,0,0,0,0,0,0,0,0,0
1468,일요일,6,2611,응암,상선,5.7,5.1,5.3,4.2,9.6,10.4,10.1,23.8,22.3,15.5,25.7,16.9,12.9,21.2,18,13.5,25.8,19.1,14.1,24.2,19.7,15.5,28.3,19.9,16.3,26.9,18.7,14.1,22.2,15,10.2,21.2,15.2,15.3,13.4,11,7,0,0
1469,일요일,6,2617,새절,상선,4.5,5.7,5.5,5.3,7.5,9.2,13.2,16.9,21.7,19.8,17.5,14.6,15.8,13.9,17.6,17.2,18.7,18.8,21.3,20.5,23,24,25.1,25.2,28.4,26.6,25.1,25.1,21.8,21.2,20.3,22.4,22,21.2,18.3,15.8,11.7,4.7,0
1470,일요일,6,2618,증산,상선,4.1,6.6,5.5,6.2,7.6,10.1,13.5,16.8,21.5,19.9,17.3,15.2,15.3,14.5,17.7,19,19.5,20.3,23.5,23.2,27.6,27.3,29.1,29.1,33.9,31.3,29.9,29.8,26.2,24.4,25.4,28.5,25.4,25.3,22.4,19.8,13.6,6.1,0
1471,일요일,6,2619,디지털미디어시티,상선,3.5,6.6,5.9,6.5,7.5,10.1,13.2,16.9,21.7,20.2,17.8,15.3,15.3,14.8,18.6,20.7,20.6,21.6,25.2,25.7,30.5,30.5,32,32.7,37.7,34.7,34,33.7,30.7,27.6,29.9,33.9,29.5,29.6,26,22.8,13.6,0,0
1472,일요일,6,2620,월드컵경기장,상선,5.9,6.2,6.3,6.3,8.1,8.9,11.1,15.2,17,16.8,16.2,13.9,14.3,14.1,19.8,19.6,20.7,21.9,25.8,27,30.8,31.5,31.6,32.6,37.7,35.5,31.7,33.5,29.5,30,29.3,31.3,31.2,29.9,23,21.6,12.9,0,0
1473,일요일,6,2621,마포구청,상선,6.2,6.7,6.4,6.4,8.5,9.4,11.4,15.7,18.1,18,17.3,14.6,16.2,15.5,20.6,20.1,20.9,21.7,25.7,25.4,29.7,29.1,30,30.3,36.9,34.1,31.4,32.8,28.8,29.6,29.2,31.1,31.3,29.9,23.5,21.1,12.9,0,0
1474,일요일,6,2622,망원,상선,5.9,7.2,6.7,6.8,9.2,9.2,11.9,15.5,18,18,18,14.4,17.6,15.3,23.1,23.1,22.5,24.2,27.1,28.1,32.6,32.8,33,33,35.9,41.1,35.8,34.6,31.6,32.6,34,33.4,36.3,33.7,26.7,24.1,14.8,0,0
1475,일요일,6,2623,합정,상선,5.5,7.4,7.1,6.9,9.8,10.4,12.9,17.1,21.1,22,24.4,22.6,26.9,22.5,35.2,33.5,33,37.1,37.2,36.3,39,42.9,40.5,38.2,40.4,45.7,41.2,36.2,32.9,33.4,34.8,32.7,38.5,32.9,27.8,21.9,15.6,0,0
1476,일요일,6,2624,상수,상선,7.6,7.3,5.8,5.8,6.7,7.7,9,11.1,15,16.5,18.9,18.7,22.7,20.7,26.6,29.5,28,28.5,29.4,28.5,29.2,34.1,33.3,31.9,32.9,31.8,30.8,26.9,23,23.5,22.3,22.1,24.1,24.4,19.2,15.2,10.2,0,0
1477,일요일,6,2625,광흥창,상선,5.6,6,5.3,5.4,6.5,7.5,9.4,12.2,16,17.9,20.1,22.7,26.9,25,30.2,31.8,31.1,32.3,33.4,31.7,32.8,36.2,35,36.8,37.6,34.7,32.8,27.7,24.5,23.9,22.1,21.6,23.8,23.9,18.6,14.3,11.6,0,0
1478,일요일,6,2626,대흥,상선,5.2,5.9,5.2,5.3,6.7,7.1,9.4,11.5,15.7,17.8,19.7,21.5,26.4,23.5,28.7,29.5,29.8,30.3,32.7,30.6,32.8,35.1,34.4,37.3,38.1,35.2,32.9,27.8,25.4,24.5,22.9,24.8,20.6,25.8,17.8,14.9,8.3,0,0
1479,일요일,6,2627,공덕,상선,6.5,6.2,5.3,6.2,7,7.5,9.8,13,16.6,17.6,21.3,21.9,25.3,25.6,29.9,30.4,30.4,31,32.9,32.5,34.1,36.1,36.3,38.1,38.8,36.8,34.3,29,26.7,25.8,22.9,28.5,21.5,27.2,18.3,16.4,10.2,0,0
1480,일요일,6,2628,효창공원앞,상선,12.6,9.3,7.7,9.4,10.1,10.9,13.7,15.8,18.6,22.5,26.1,27.9,29,28.2,32.4,36,35.6,36.1,39.4,36.4,40.8,41,43.4,43.4,45,41.9,37.7,32,29.9,28.4,25.5,32.4,24,33.8,21.4,18.6,11.3,2.2,0
1481,일요일,6,2629,삼각지,상선,12.9,9.6,7.8,9.6,10.2,10.8,13.4,15.6,18.5,22.6,25.5,27.3,27.8,26.9,32,34.6,35.8,36,39.3,37,41,41.7,43.4,44.6,44.9,42.9,38.2,32.1,30.5,28.8,25.7,33.2,24.6,33.8,22.2,18.8,8.3,2.8,0
1482,일요일,6,2630,녹사평,상선,18.1,11.4,8.5,10,10.1,11.2,13.1,16.6,17.3,20.4,23.4,24.3,25.7,26.1,28.9,31.1,32.3,31.3,34.9,34,38.3,36.2,40.9,40.3,39.7,37,33.3,27.6,27.1,26.8,22.4,28.1,21.7,34.6,19.5,16.2,7.8,3.5,0
1483,일요일,6,2631,이태원,상선,16,11.1,8.3,9.6,10.1,11,12.8,17.9,18.2,21.4,23.5,23.9,27,26,29.9,33,33.5,32,35.4,34.6,37.3,37,41.4,39.3,37.3,34.8,30.9,26.7,23.5,24.8,22.3,22,28.8,21.9,18.2,14.5,5.7,0,0
1484,일요일,6,2632,한강진,상선,3.4,6.1,5.4,6.7,9,10.5,12.2,17.4,19.3,21.5,24.1,25.6,28.6,27.9,32.2,35,34.8,32.9,37.7,35.8,38.6,37.6,41.7,40.2,37.2,34,30,24.5,21.2,22.4,19.1,18.1,25,18.6,14.5,12.2,6.3,0,0
1485,일요일,6,2633,버티고개,상선,4.5,6.7,6.3,7.6,10.1,11.8,13.9,17.9,22.4,25.4,28.8,29.3,36.5,33,40.4,40.1,40.7,39.1,42.6,39.5,41,37,40,36.7,33.8,31.2,26.3,21.9,17.7,16.3,15.9,15.2,14.5,13.2,12.4,11.3,6.1,1.8,0
1486,일요일,6,2634,약수,상선,4.4,6.8,6.4,7.6,10.1,11.6,13.9,17.6,22.3,25.5,29,28.9,36.3,32.8,40.6,39.7,41.3,39.6,42.7,39.5,41.1,37.3,39.7,36.4,34.2,31.8,26.7,22.1,18,16.2,16.1,15.7,14.6,13.1,12.6,11.3,6.2,1.9,0
1487,일요일,6,2635,청구,상선,6.5,8.4,8.5,10.2,13.2,16.5,19.6,26.3,28.9,30.6,34.4,32,37.9,36.9,41.8,41,41.4,41.2,42.3,39,42.5,37.6,36.8,36.1,32.7,32.1,24.9,21,16.8,15.2,14.8,14.5,12.9,12.6,12.1,9.5,5.3,1.9,0
1488,일요일,6,2636,신당,상선,6.7,7.7,8.2,11.1,13.5,17.3,22.9,27.3,28.4,31.2,33.2,30,32.5,37,39.2,40.2,38.5,39.2,40.4,37.2,38.8,37.8,33.6,33.9,31.6,29.6,23.7,17.7,16,13.5,12.9,12.7,12.4,10.8,10.8,9.1,4.6,1.8,0
1489,일요일,6,2637,동묘앞,상선,8.4,9.4,10,13.6,16.9,22.4,28.4,32.6,35.7,36.9,40.5,35.3,39,44.5,46.5,46.4,45.6,42.4,45,42.6,40.4,42.2,38.1,37.2,35.2,30.3,24.9,20.1,19.9,14.8,12.7,14.3,12.4,12.2,12,9.1,4.3,0,0
1490,일요일,6,2638,창신,상선,8.2,10.1,11.1,16.9,19.3,26.8,31,38,39.9,41.5,44.4,42.5,38.2,46,49.5,47.2,44.9,42.2,40,37.3,33.2,37.8,32.5,31.3,27.6,24.5,19.5,17.9,17.7,13.6,12,13.5,12.3,11.8,12.8,9.1,4.3,0,0
1491,일요일,6,2639,보문,상선,7.7,9.6,10.8,16.4,18.6,25.7,30,36.3,38.3,40.4,42.7,40.9,37.5,44.7,48.1,45.7,43.4,41.3,39.5,36.7,32.3,37,31.9,30.7,26.7,23.9,19.4,17.5,17.3,13.3,11.8,13.4,12.1,11.6,12.7,9.1,4.5,0,0
1492,일요일,6,2640,안암,상선,6.7,8.8,9.8,14.6,17.7,24.2,26.5,32.5,35.9,36.8,37,37.5,34.7,41.2,43.2,39.9,36.5,36.7,35.7,32.1,30,33,28.9,29.3,25.2,21.5,16.5,15.4,14.8,12.4,11.4,12.7,11.1,11.2,10.7,9.2,4.8,0,0
1493,일요일,6,2641,고려대,상선,8.4,8.7,9.4,15,16.7,22.5,25.4,30.9,34.1,35,35.1,34.3,31.6,36.8,38.8,35.6,34.1,31.1,31.3,27.7,26.9,28.8,25.1,23.6,21.2,17.3,14.3,13.4,12.6,10.2,9.7,11,9.3,8.7,7.8,5.9,3.7,1.1,0
1494,일요일,6,2642,월곡,상선,7.8,8.1,8.8,14.1,15.6,20.4,23.5,30.2,32,34,31.5,31.1,30.9,32.4,36.1,32.4,29.9,27.5,26,25.2,23.3,24.8,22.5,20.6,18.4,15.3,12.8,12.4,11.3,9.8,9.1,10.5,8.7,7.9,7.2,5.1,3,1.3,0
1495,일요일,6,2643,상월곡,상선,6.8,7.1,9.4,13.2,13.9,18.8,21.1,26.6,29,31.6,28.6,26.9,28.2,28.4,30.2,30.3,27.5,25.1,22.2,22.3,21.8,21.6,20.8,18.6,17.4,14.8,12.3,11.5,10.6,9.2,10,10.4,7.4,7.6,6.7,5.2,3,1.4,0
1496,일요일,6,2644,돌곶이,상선,7.6,6.4,8.8,12.1,13,17.1,19.3,24.2,27.5,29,26.6,25.3,27.1,26,27.3,26.7,26.2,23.6,20.9,21.3,21.1,20.3,20,18.1,16.6,14.5,12.3,11.3,10.5,9,10.1,10.2,7.4,8,5.6,5.6,2.5,0,0
1497,일요일,6,2645,석계,상선,6,5.5,8.1,10.8,11.5,14.6,16.6,21.3,24.4,24.3,23.6,22.4,25.4,22.8,25,24.1,22.6,22.8,20.1,19.5,20,18.8,18.7,17.1,16.5,13.8,12.9,11.3,10.6,8.5,9.6,9.6,7.4,7.9,6,5.6,2.9,0,0
1498,일요일,6,2646,태릉입구,상선,5.6,5.1,8,11,10.8,13.6,16,20.6,23.6,23.4,23.5,22.4,23.8,23,25.7,24.9,22.1,24.2,19.4,21,21.4,19,19.8,18.5,17.8,14.7,14.5,12.6,12,9.7,10.8,10.9,8.6,8.8,7.1,6.1,3.2,0,0
1499,일요일,6,2647,화랑대,상선,3.1,3.1,5.1,7.6,6.8,8,10,15.2,13.9,15.3,14.8,14,12.1,16.6,14.6,14.6,11.6,12.5,10.8,11.3,10.1,9.9,10.8,11.3,7.8,7.2,7.2,5.7,5.3,4,4.3,4.3,3.6,3.2,2.4,2,0.6,0,0
1500,일요일,6,2648,봉화산,상선,1.6,1.7,4.6,5.3,3.9,4.5,5.7,9,7,10.2,8.9,6.9,6.8,7.9,8.5,7.3,6.8,7,6.7,6.5,5.4,5.8,5.2,6.2,4.6,5,4.8,3.7,3.7,2.8,2.7,2.7,2.1,1.6,1.8,1,0.5,0,0
1501,일요일,6,2649,신내,상선,0.7,0.8,7.6,6.2,4.7,3.1,7.4,9,9.2,12,8.7,5.7,11.4,10.3,11.8,11.5,7.5,6.4,7.3,8.2,6.8,8.2,7.2,9.1,9.6,7.6,5.3,3.5,5.6,4.5,4.3,3.5,2.7,1.1,2.1,1.3,0.7,0,0
1502,일요일,6,2612,역촌,하선,4.4,5.2,5.4,5.8,7.9,11.4,14.1,19.6,23.5,21.9,20.2,17.4,17.9,17.3,19.3,19.1,20.3,19.7,19.3,18.2,18.9,19.5,20.3,18.8,20.5,18.5,17.6,16.9,14.8,13.6,12.2,14.3,13.3,13.1,11.1,9.7,6.4,0,0
1503,일요일,6,2613,불광,하선,2.7,2.8,3.1,3.4,3.7,4.6,6.5,8.9,9.1,11.1,10.7,9.4,8.9,8.5,10.2,11.3,11.4,11.4,13.1,11.2,13.5,14.4,14.2,15,14.2,13,12.5,12.7,10.2,10.1,8.6,9.6,9.3,8.5,8.3,5.8,4.2,0,0
1504,일요일,6,2614,독바위,하선,2.8,3.2,3,3.5,3.9,5.3,7,8.9,9.1,11.1,9.5,10.2,9.7,9,11.1,11.8,11.8,12.1,13.7,11.3,13.5,14.6,13.9,13.9,13.7,12.9,11.6,11.1,9.2,8.8,7.7,8.3,8.3,7.5,7.1,4.8,2.7,0,0
1505,일요일,6,2615,연신내,하선,4.8,4.6,4.8,5.5,6.7,8,12,15.2,14.3,17.2,14.8,16.6,17.3,18.1,19.5,18.9,21,20.8,22.7,21,21.5,24.5,24.3,22.7,22.2,18.9,19,14.9,13.8,13.4,11.1,10.9,10,11,8.7,6,3.5,0,0
1506,일요일,6,2616,구산,하선,7.1,4.9,5.5,6.3,8.9,11.1,14.3,17.7,17.5,20.8,18.5,19.7,20.8,19.9,21.6,20.9,23.6,23.4,23.3,23.1,21.7,23.8,25,22.3,22,17.9,16.9,13.7,11.9,12.7,9.8,9.7,8.1,9.8,6.9,4.7,2.5,0,0
1507,일요일,6,2611,응암,하선,11.7,6.5,7.4,8.8,11.1,15.1,19.1,23.5,22.5,25.3,25.9,23.4,25.2,25,25.6,25.6,28.7,25.7,27,24.3,24.8,25.5,29.6,21.5,21.5,18.2,17,14,12.9,11.6,9.7,9.6,7.9,9.9,6.4,4.5,2.3,0,0
1508,일요일,6,2617,새절,하선,11.1,7.9,8.5,10.7,13.7,18.7,24,28.7,27.2,30.6,30.3,28,29.7,29.1,30.1,29.4,32.1,29.4,30.8,26.9,27.1,27.9,31.4,22.8,22.8,18.7,17.6,15.3,13.3,12.7,9.8,10,7.9,9.5,7.1,5.4,1.8,0,0
1509,일요일,6,2618,증산,하선,12.8,9.5,9.4,12.1,15.6,21.1,25.9,32.5,30.8,34,33.5,31.5,33.1,33.3,34.5,32.7,35,30.9,34,29.9,29.6,28.3,33.1,24.6,23.5,20,18.2,16.4,13.9,13.3,11.2,10.8,8.6,9.7,7.5,5.6,2.9,0,0
1510,일요일,6,2619,디지털미디어시티,하선,11.4,8.2,7.9,10.7,13.1,20.5,23.9,29.9,29.7,31.4,35.3,31.7,33.7,34.6,36.8,34.6,36.4,32.3,34.2,31.2,29.7,27.5,30.5,23.4,24.5,20,18.1,15.4,12.8,12,11.1,10.3,7.6,9,7.5,5.5,3.3,0,0
1511,일요일,6,2620,월드컵경기장,하선,11.3,8.1,7.9,10.8,13.1,20.4,23.8,29.9,29.1,30.8,34.4,31.1,32.9,33.7,35.3,33.7,33.9,31.7,34.3,31.3,30.4,29.1,31.7,25.6,25.2,21.5,18.9,16.2,13.1,13.1,11,10.5,7.5,9.8,7.4,5.8,3.4,0,0
1512,일요일,6,2621,마포구청,하선,12.4,9,8.6,12.2,15.3,21.3,27.3,32.5,34.4,35.3,40.4,34.6,37,36.9,41,37.2,38.5,34.1,36.9,35.9,33.6,31.6,33.7,29.1,27,25,20.2,17,15.5,13.9,11.7,10.9,9.2,10.4,7.6,6.5,3.1,0,0
1513,일요일,6,2622,망원,하선,15.7,10.2,8.2,12.5,16.5,23.1,28.8,35.5,35.8,37.7,40.8,35.9,37.8,40,44.2,39.7,40.9,37.4,40.2,39.8,38.7,37.5,39.1,36.1,35.1,32.6,28.1,23.6,23.6,22.3,18.8,19.4,15.4,15.1,12.3,10.8,4.5,0,0
1514,일요일,6,2623,합정,하선,10.2,7.4,5.2,7.9,10.9,13.2,17.9,23.9,23.9,26,27.5,25.1,26.1,27.6,34.2,28.6,30.4,30,31.2,30.7,30.8,30.8,30,28.6,27,24.3,19.3,19.6,17.9,18.8,13.9,15.6,14.7,13.7,10.1,10.2,5.6,0,0
1515,일요일,6,2624,상수,하선,17,9.9,6.6,9.3,11.8,13.9,18.5,23.9,22.9,25.5,25.6,24.3,23.6,27.1,32.9,28.3,29.8,28.9,31,32.1,31.4,31.9,30.3,31.1,28,25.5,21.7,21.1,19,22.1,17.2,18.6,18.6,16.6,15.1,14.8,7.2,0,0
1516,일요일,6,2625,광흥창,하선,16.6,9.7,6.4,8.3,10.6,13.5,18.7,22.8,22.9,24.4,25.6,24.5,23.8,27,33.5,28.9,30.4,29.6,30.7,32.2,31.2,32.9,30,30.7,29.2,25,22.2,20.8,19.5,21.3,17.1,17.8,18.2,16.5,14.7,14.4,7,0,0
1517,일요일,6,2626,대흥,하선,17,9.3,6.5,8.6,10,14.2,18.8,22.3,24.7,25.3,27.8,25.9,25.4,28.7,34.3,30.8,31.9,30,31,34.3,32.5,33.8,32,30.8,30.2,25.3,23.8,21.4,19.1,21.3,17.6,18.4,18.8,17.1,14.9,14.5,9.4,1,0
1518,일요일,6,2627,공덕,하선,10.6,9.9,7.1,8.8,10.9,15.1,19.8,24,28.6,28.8,31.6,31.5,31.6,36.5,40.5,38.5,37,35.7,36,37.6,36.7,40.6,39.5,35.3,35.6,31.4,28.5,26.4,23.8,26.6,22.9,24.8,23.4,22.4,18.8,17.9,10.2,0,0
1519,일요일,6,2628,효창공원앞,하선,10.4,11.3,7.6,8.7,10.8,15.1,19.7,25.1,30.2,29,33.3,31.9,34.1,38.7,39.8,42.6,37.9,34.2,37.4,38.4,38.4,39.4,39.1,31.8,37.9,31.3,29.2,25.6,23.2,24.6,23.5,24.2,22.2,22.6,20.1,18.4,11.7,0,0
1520,일요일,6,2629,삼각지,하선,8.1,8.2,6.3,7.3,8.3,11.9,14.1,17.6,22.6,22.3,27.5,26.1,30.6,31.9,32.5,38.3,34.3,32.9,36.9,33.9,34.4,33.7,35.7,29.8,34.9,32.5,28.4,26.7,22.7,23.9,23,23.5,21.2,22.5,20,18,10.7,0,0
1521,일요일,6,2630,녹사평,하선,8.3,8.1,6,7.2,8.1,11.3,13.3,17.2,21.9,21.5,25.8,24.4,27.9,28.6,29.6,35.1,31.9,31,33.6,32.2,32.6,32.4,33.8,29.2,34.4,32.5,28.1,27,23.7,25,24.4,24.7,22.9,24.1,20.9,19.2,10.2,0,0
1522,일요일,6,2631,이태원,하선,25.9,13.8,9.4,8.3,9.7,11.1,13.9,17.6,20.3,21.1,24.9,23.8,25.6,26.8,27.4,33.5,30.8,30.7,30.7,29.9,32.5,32,31.8,30,32.9,32.8,28.8,28.9,27.2,25,26.7,29.2,26,27.1,24.4,20.7,8.9,0,0
1523,일요일,6,2632,한강진,하선,17.2,14.3,9.6,7.8,9,10.2,12.5,16.2,17.1,17.7,19.8,18.7,18.4,21.2,21.5,24.8,25.1,27.2,26.7,28.5,30.1,30.8,35.3,34,34.8,35.4,31.1,33.4,31.8,29.7,30.4,32.5,33.5,31.2,25.5,21.1,11.9,0,0
1524,일요일,6,2633,버티고개,하선,17.3,14.5,9.8,7.7,9.3,9.3,13,16.8,17.7,17.4,19.7,19.2,18.4,21.2,22.5,23.6,24.9,27.4,26.7,28.4,29.9,30.6,34.8,36.5,32.5,35.2,32,31.8,31.5,28.5,30.4,32.4,30,34.3,28.3,22.2,14.2,0,0
1525,일요일,6,2634,약수,하선,11.3,16.4,9.1,7.6,9.4,10.2,13.5,16.9,17.9,18.4,20,20.5,20.9,20.5,25,23.8,27.4,28.9,28.5,28.4,30.9,32.8,33.4,37.7,32.7,37.8,34,34.3,32.4,31.8,36.9,36.9,33,34.8,33.4,23.9,15.8,0,0
1526,일요일,6,2635,청구,하선,8.2,14,8,6.8,8.6,10.4,13.2,17.2,17.8,18.9,20.7,21.7,21.8,22,26,24.3,28,31.5,29.5,28.5,31,30.9,29.6,36.3,31.2,33.5,32.7,32.7,30.1,29.6,34.6,36,29.9,30.6,30.9,21.4,14.9,0,0
1527,일요일,6,2636,신당,하선,7.2,13.9,8,7.4,9.1,10.6,13.6,17.3,19,19.6,20.6,23.8,22.5,22.6,27.1,26.4,32.2,30.1,31,31.5,31.5,33.9,32.2,38.3,34.6,37.4,38.4,37.4,33.4,34.8,41.2,42.3,40,35.8,39.1,27,19,0,0
1528,일요일,6,2637,동묘앞,하선,6.1,11.3,7.1,6.8,7.9,10,11.8,14.9,15.3,15.2,14.4,17.3,17.5,17.5,22.6,21.5,28.3,27.3,29.5,31.8,32.6,38.4,35.6,42.7,38.3,42.1,41.7,41.7,36.3,36.4,42,43.8,41.1,36,40.8,29,20.4,0,0
1529,일요일,6,2638,창신,하선,6.5,11.1,6.9,6.7,7.9,9.3,11.9,14.7,14.4,15.6,14,16.3,17.8,17.3,20.8,21.9,27.8,24.9,29.6,30.9,32.7,35.3,34.5,38.1,41.3,41.2,43.4,38.5,35.6,38,38.1,43,41.8,35,39.5,28.4,24.5,5.5,0
1530,일요일,6,2639,보문,하선,5.8,10.7,7,5.4,7.5,8.8,11.1,13.4,13.2,15.2,13.9,15,16.6,15.5,19.4,21.2,26.9,23.6,27.4,29.1,29.6,32.3,31.9,35.4,37.7,37.8,38.7,35.4,30.5,34.8,33.6,37.7,37.5,34.5,33.4,22.2,24.6,3.7,0
1531,일요일,6,2640,안암,하선,3.8,9.5,6.7,5.7,7,8.1,11.2,11.6,12,12.4,13.7,13.1,13.9,13.5,16.7,19.1,20.4,20.9,24.4,25.2,26.6,26.8,30.1,30.9,35.2,30.1,33.2,27.7,29.6,29.9,28.8,29.7,30.8,28.7,27.4,19.6,20.3,0,0
1532,일요일,6,2641,고려대,하선,3.8,8.5,5.9,5.5,6.2,7.8,10.3,10.9,11.4,10.7,13.7,11.1,12.3,11.5,14.6,17.5,19.7,18.9,23.1,21.9,25.4,24.9,30.3,26.4,33.1,26.2,29.2,25.3,28.3,26.5,25.3,24,27.7,25.3,23.3,16.5,17.6,0,0
1533,일요일,6,2642,월곡,하선,2.9,7.3,5.5,5.4,6.4,8.1,10.3,11.6,11.8,11.2,13.3,11.2,12,11.3,14.2,16.3,18.8,17.7,21,19.7,22.5,22.7,26.3,23.5,29,22.8,25,22.4,24.2,23.3,21.4,20.2,23.3,21,20.4,14.1,14.7,0,0
1534,일요일,6,2643,상월곡,하선,3.3,7.1,5.5,5.4,6.4,7.7,10.3,11.8,12.7,11.2,13.5,12,11.9,11.5,15.6,14.1,17.1,16.6,20,18.6,21.2,21.8,24.5,23.1,25.3,21.5,23,22,22.8,19.5,20.9,18.7,21,19.1,18.3,12.9,12.8,0,0
1535,일요일,6,2644,돌곶이,하선,4.5,6.6,5.4,4.9,6.5,7.9,10.4,12.7,13.5,12.2,14.4,12.6,11.9,12,15.3,13.5,15.4,15.8,18.2,16.8,20,20.3,21.7,21.1,22.3,19.9,20,20.2,20.2,17.3,19.4,16.7,18.4,16.7,14.9,11.3,10.5,0,0
1536,일요일,6,2645,석계,하선,5.6,6,5.9,4.7,6.7,9.1,12.2,13.8,15.2,13.6,15.2,13.1,13.2,13.4,16.9,13,17.4,16.9,18.9,17.9,19.9,20.5,23.2,21.6,19.4,22.1,20.1,19.5,20.1,17,19.7,16.6,17.9,16.1,15.7,10.7,10.5,3.5,0
1537,일요일,6,2646,태릉입구,하선,2.6,3.1,2.9,2.4,3.8,4.7,6.9,5.5,7.9,6.7,6.7,6.9,6.3,6.4,7.1,6.2,9.4,9.4,9.9,11.8,9.7,10.9,11.3,12.2,11.3,11.9,12.5,10.4,11.1,9.4,11,8.9,10.2,8.7,8.5,5.8,4.8,2,0
1538,일요일,6,2647,화랑대,하선,1.6,2,1.8,1.6,2.8,3.1,3.6,3.4,4.9,4.1,4.1,4.3,4.2,3.7,4.5,3.9,5.7,5.5,5.5,7.3,6.3,6.6,7.2,7.2,6.6,7.1,7.5,5.6,5.9,4.8,5.6,5.1,5.5,4.1,4.3,2.8,2.3,0.8,0
1539,일요일,6,2648,봉화산,하선,0.8,1.3,0.8,1.3,0.9,2,1.5,1.9,2.2,3.5,1.9,1.7,1.5,1.6,1.6,1.3,1.7,1.8,3.2,2.2,2.3,2.1,3.1,2.5,1.7,2.8,2.9,3.3,2.3,1.9,1.2,1.6,1.1,2.3,1.4,0.7,0.6,0,0
1540,일요일,6,2649,신내,하선,0,0,0.6,0.7,2.3,2.8,3.4,3.5,3.7,5.5,3.2,3.1,2.9,3.1,2.8,3.5,2.4,2.6,4.1,3.4,4.3,4.1,5.3,4.5,4.2,4.5,4.6,5,3.6,3.6,2.4,2.7,1.8,3.8,1,1.9,0.9,0,0
1541,일요일,7,2711,장암,상선,0,0,0,0,0,0,0,0,0,0,0,0,0,0,0,0,0,0,0,0,0,0,0,0,0,0,0,0,0,0,0,0,0,0,0,0,0,0,0
1542,일요일,7,2712,도봉산,상선,0.2,0.3,0.4,0.4,0.3,0.6,1,1.4,1.7,1.2,1.5,2.4,1.2,1.3,0.8,1,0.7,0.8,0.8,0.7,0.6,1,0.8,0.2,0.5,0.5,0.3,0.5,0.3,0.1,0.2,0.2,0.1,0.1,0,0.3,0,0,0
1543,일요일,7,2713,수락산,상선,5.1,3.4,4.2,4,4.7,5.4,7.5,12.5,13.2,14.6,12.2,12.6,9.3,8.9,9.2,8.8,8.6,9.9,9.8,9.7,10.6,10.3,11.8,10.3,11.1,10.5,9.7,10,8.5,7.9,8.3,10.2,9.3,8,6.7,4.6,5,3.6,0
1544,일요일,7,2714,마들,상선,6.1,4.3,5.3,5.3,6.1,6.8,12.1,16.5,20.9,20.3,16.9,16.2,11.8,11.7,12.5,11.6,10.7,12.6,12.6,11.9,13.7,13.7,15.6,14.3,14.6,13.8,13,13.6,12.8,10.1,12.7,13.5,12.4,11.3,9.6,6.1,7.4,5.9,0
1545,일요일,7,2715,노원,상선,6.1,4.6,6.1,5.6,6.9,7.3,12.7,17.7,21.7,20.4,17.7,16.2,12.6,12.9,13.7,13.8,13.1,15,15.6,16.5,16,17.3,20.3,18.1,18.1,19.8,19.2,16.3,17.8,13.7,16.9,18,15.6,14.5,11.9,8.9,10,8.7,0
1546,일요일,7,2716,중계,상선,7.8,7.4,8.4,8.5,9.8,10,16.7,22.6,27.2,24.3,22.4,20,18.4,18.1,19.3,19.7,19.9,21.6,21.9,22.5,22.7,23.7,26.7,25.1,25,26.8,26,22.1,21.3,18.6,21.4,22.5,19.5,17.5,14.7,10.9,12.8,9.5,0
1547,일요일,7,2717,하계,상선,8.1,8.8,7.6,8.8,10.3,11.9,17.3,24.2,28.1,24.6,23.5,24.2,19.3,18.2,19,21.4,20.9,21.8,23.3,23.7,24.1,26.8,29.6,28.4,28.5,29.8,31.1,26.1,25,22.1,25.1,26.4,21.5,20.1,17.2,13.4,15,11.5,0
1548,일요일,7,2718,공릉,상선,7.9,9.2,8.3,9.3,10.8,12.4,18.3,26.5,28,26.1,24.7,24.6,20,19.7,19.7,22.3,22.6,23.6,24.9,26.2,26.8,30.6,32.1,30.8,33.6,34.1,32.7,32.2,28.3,25.5,30.2,28.3,25.9,23.6,21.2,16.4,17.8,0,0
1549,일요일,7,2719,태릉입구,상선,7.2,9.7,9.7,9.5,11,13.5,18.9,26.2,28,25.9,26.4,25.4,20.5,20.6,21.4,23.9,24.1,24.3,25.7,26.6,30.4,32.3,34.7,32.8,38.2,35.2,35.8,34.9,30.6,29.7,33.3,31.5,28.3,26.8,24,19,21.9,0,0
1550,일요일,7,2720,먹골,상선,14.4,10,10.1,9.5,11.5,13.1,17.9,24.9,27.2,24.5,24.3,23.6,18.9,20.3,20.7,22.9,24,24.3,25.1,25.2,30.2,30.7,34,32.9,38.2,35.5,36.8,32.9,33.9,31.2,34.2,33.1,29.1,28.1,24.6,19.9,22.7,4.3,0
1551,일요일,7,2721,중화,상선,10.2,12,10.4,9.3,11.2,13.6,18.1,24.2,26.4,23.7,23.8,23.3,18.9,19,21.7,23.3,24.1,24.9,25.5,26.6,32,31.8,35.3,36,40.3,37.7,39.7,35.3,35.3,33.4,34.3,37.8,30.3,30.7,26.2,21.2,23.9,5.7,0
1552,일요일,7,2722,상봉,상선,10,12.6,10.6,9.8,11.2,13.6,18.8,23.5,25.3,23.9,22.8,21.8,19.1,19,21.8,23.8,24.4,26,26.2,28.6,34.3,33,38.2,38.5,41.6,40.4,41.6,37.9,38.1,36.3,36.9,38.2,34.2,33.1,27.5,23.3,25.6,6.8,0
1553,일요일,7,2723,면목,상선,10.4,13.5,10.7,11.9,12.3,15.9,19.8,25.4,27.2,26.1,25.5,23.6,21,19.5,23,26.4,26.7,29.7,29.6,32.6,38.3,37.2,41.1,47.8,46.8,44.8,48,43.9,44.2,39.6,45.1,42.8,38.4,36.6,32.8,26.3,29,9.2,0
1554,일요일,7,2724,사가정,상선,9.4,13.6,11.4,12.1,12.4,15.9,19.4,24.5,27.2,25,24.4,23.1,21.2,19.6,22.7,27.4,26.4,29.8,31.3,34.3,40.6,39,43.8,51.3,50.3,48.3,51.4,47.8,47.9,42.5,48.9,46.9,42.1,40.3,35.9,29.5,24.9,0,0
1555,일요일,7,2725,용마산,상선,8.5,14.2,11.7,12.2,12.3,15.3,18.8,23.6,27,24.8,23.9,22.8,21.5,19.3,24.6,27.3,26.5,30,33.3,35.3,42.6,41.5,46.9,51.4,58.4,51,56.5,49,49.1,46.1,53.1,49.2,45.9,42.1,38.8,32.3,27.5,0,0
1556,일요일,7,2726,중곡,상선,8.4,14.3,11.7,12.2,12.5,15.5,19.8,24.4,28.1,25.5,25.1,21.8,23.7,19.8,25.6,28.4,27.9,31.5,33.8,37.1,44.5,43.3,49,52.8,57.2,53.3,57.9,50.9,50.2,47,54.7,49.8,47.9,43.7,38.4,34,28.5,0,0
1557,일요일,7,2727,군자,상선,7.9,14.6,12,12.6,12.6,16.3,20.3,24.5,29.4,25,25.9,22,23.3,20.1,25.7,29.5,28.5,30.5,38.2,38.3,45.9,44.9,53.6,52.6,59.2,56.1,60.2,53.5,51.2,50,57.3,52.1,50.4,47.3,37.5,35.3,30.2,0,0
1558,일요일,7,2728,어린이대공원,상선,8.1,14,12.3,11.2,10.8,14,16.5,21.5,26.3,24.1,24.4,19.7,22,21.7,25.4,27.7,29.7,30.5,35.8,39.6,45.9,49.1,52.6,54.9,58.1,56.8,63.2,54.2,53,50.8,56.1,55.4,51.3,51.6,39,39.8,32.4,0,0
1559,일요일,7,2729,건대입구,상선,7.1,13.8,12.1,11.2,11.2,13.9,18.1,21.5,26.6,24.6,25.8,21.5,23.2,23.2,26.3,29.3,31.7,32.8,37.9,39.7,45.3,49.1,51.5,54.4,57.9,56.5,60,57.4,54.9,52.3,58.2,57.1,53.3,53.4,40.6,41,34.9,0,0
1560,일요일,7,2730,자양(뚝섬한강공원),상선,5.2,11.3,10.6,9.5,9.4,13.4,16.2,22,24,25.8,30.3,26.1,28.5,29.8,32.2,34.4,33.7,35.7,40,42.7,42.4,48,50.6,52.5,55.6,54.9,53.2,51.6,46,41.8,44.5,45,39.7,41.1,29.9,33.3,16.1,0,0
1561,일요일,7,2731,청담,상선,4.6,10.7,10.4,9.2,8.8,12.7,16.4,21.3,23.8,25.5,29.6,25.2,29.6,30.9,33.1,36,35.8,37.8,43.2,42.2,42.9,48.9,48.5,48.4,50.6,50.2,42.3,44.2,35.1,35.8,38.5,38.3,34.2,32.4,26.2,27.9,14.6,0,0
1562,일요일,7,2732,강남구청,상선,8.1,12,10.4,8.9,9.3,13.8,18.3,24,25.7,27.5,32.5,28.4,30.8,31.6,33.6,35.2,37.7,37,43.1,41,42.4,49,45.2,45.7,48,47.9,42.7,40.6,33.5,34.4,37.1,37.2,32.2,30.7,25.2,27.8,15.1,1.3,0
1563,일요일,7,2733,학동,상선,10.7,14.4,11.2,9.6,11.1,15,21.5,28.2,29.9,33.3,35.6,31.1,35.1,35.8,36.2,38.3,40.6,39.8,44.3,41.4,41.7,48,43.1,43.9,45.9,43.8,41.1,36.3,32.9,35,30.6,32.1,28.7,28.5,22.9,25.7,14.3,2.7,0
1564,일요일,7,2734,논현,상선,11,16.5,12.1,9.7,11.5,16.8,23.7,29.8,33.4,36.8,38.8,33.8,37.7,36.6,37.7,41.1,42.5,40.6,45.1,40.7,42.9,45.5,43,42.8,44.8,40.4,40.2,34,32.1,34.4,29.3,30.9,28.1,27.6,21.3,24.3,10.8,2.9,0
1565,일요일,7,2735,반포,상선,9.6,16.8,10.9,10,11.2,17.3,24.4,31.1,35.9,38.1,40.1,34,38.2,37.9,38.1,40.8,41.9,40.3,42.1,39.9,41.2,42.4,41.5,41.6,41.9,36.2,37.6,30.9,29.8,31.2,28.4,26,24.8,22.8,18.3,20.2,7.3,0,0
1566,일요일,7,2736,고속터미널,상선,9.7,18.7,10.6,10.8,11.2,17.4,24.8,33.3,37.3,38.3,40.6,34.8,38.2,37.9,40.1,39,41.6,39.2,41.9,39.1,40.6,41.5,40.1,40.6,39.4,36.4,35.5,30.4,29.6,30,27.7,25.2,24.3,21.5,18,20,7.5,0,0
1567,일요일,7,2737,내방,상선,13.3,27,14.9,14.9,16.3,26.5,34.6,50.8,51.2,50.6,53.4,47.5,48.2,46.7,53,50,53.7,50.7,47.8,44,45.7,42.6,40.9,40.6,38.2,33.8,30.9,26,24.8,20.5,20,19.5,17.6,14.4,13.4,15.7,6.4,0,0
1568,일요일,7,2738,총신대입구,상선,26.3,23.7,15.4,15.2,15.8,25.6,38.1,52.6,51.8,51.7,53.4,47.5,47.9,48.2,51,48.9,53.8,48,46.2,42.3,45.5,40.1,41.8,39.8,37,33.2,30.7,24.6,22.9,20.8,18.7,20.2,16,14.6,13.7,15.5,7,1.2,0
1569,일요일,7,2739,남성,상선,29.7,19.7,15.1,15.2,16.6,26.5,37.7,52.7,53.8,52.9,51.2,45,44.7,44.6,46.8,44.9,47.3,42.5,40.2,37.9,38.9,33.6,35.2,32.5,30,25.1,23.2,19.7,17.8,16.5,15.1,14.6,11.1,10.9,9.6,9.9,4.5,1.8,0
1570,일요일,7,2740,숭실대입구,상선,27.4,18.3,14.2,13.9,15.7,25.6,36.7,47.8,52.4,49.9,44.6,44.6,42,40.7,44.8,43.8,42.1,39.8,37.2,36.4,35.4,33.3,33.8,31.4,29.1,25.6,21.4,18.4,18.5,16.9,13.4,14.8,11,11.4,9.3,10,4.2,0,0
1571,일요일,7,2741,상도,상선,25.6,17.6,13.6,12.3,15.7,23.8,33.2,47.8,48.4,45.5,41.6,41.2,36.5,37.5,40.2,39.8,36.5,39.5,35.4,34,33,32.3,30,29,27.5,24.5,20.7,17.9,18.6,15.5,13.1,14.7,11.1,11.3,8.9,9.9,5.2,0,0
1572,일요일,7,2742,장승배기,상선,24,16.5,11.2,12.1,16.7,22.3,31.3,45.9,46.4,42.3,39.6,38.4,34.5,34.4,38,37,34.8,38.6,34.1,31.8,33,32.1,29.4,27.5,25.8,24.2,20.7,18.2,18.6,15.5,13.1,14.8,12.3,10.4,8.5,10.2,5.8,0,0
1573,일요일,7,2743,신대방삼거리,상선,21.3,14.8,10.8,12,16.2,21.8,31.9,46.1,42,40.4,38.8,36.2,32.1,34.1,36.5,34.7,34.5,37.3,32.8,31.1,33,30.1,27.4,28.7,25.9,22.7,22,19.3,17.9,14.1,13.6,14.5,12.4,10.9,9.9,8.9,6.1,0,0
1574,일요일,7,2744,보라매,상선,18.6,13.9,9.8,11.3,15,19.2,28.9,42.3,37.3,39.3,36,33.7,29.8,33,32.1,32.3,33.1,35.6,30.4,30.4,31.9,29.1,26.7,29.1,23.6,22.8,22.7,19.8,16.3,15.5,15.2,14.3,12.9,10.1,11.7,8.9,6.8,0,0
1575,일요일,7,2745,신풍,상선,17.6,13.6,9.9,10.8,14.8,19.8,29.7,37.6,34.5,37.6,32.9,28.5,29.2,30.5,28.2,32,31.3,31.8,27,28.8,28,25,25.4,27.1,22.7,21.8,22.6,17.6,15.9,15.7,15.1,14.6,11.8,10.8,11.7,9,6.8,0,0
1576,일요일,7,2746,대림,상선,23,12.7,9.3,10,14.6,21.2,27.7,34.3,33.2,35.5,30.9,28.7,29.4,28.8,25.7,30.8,27.2,29,26,28.1,26,25.6,26.6,26.7,22.5,24,20.7,16.9,17.2,16.2,15.2,14.6,12.5,11.6,12.7,9.4,7.5,0,0
1577,일요일,7,2747,남구로,상선,24.2,14.9,10.7,11.1,17,23.6,28.7,37.2,41.4,39.7,42.2,40.9,36.9,33.8,32.8,34.4,32.8,33.3,30.9,29.9,29,29,30.1,27.5,28.5,26.2,22.6,19.6,19.1,18.5,15.2,15.9,12.4,12.7,12.4,9.5,6.5,0,0
1578,일요일,7,2748,가산디지털단지,상선,20.2,14,10,10.3,15.6,22.3,26.6,36.5,41,40,42.4,42.5,34.8,32.6,32.7,33.8,31.3,34.9,30.8,28.9,30,31.2,28.5,27.5,29.1,26.3,21.5,20.6,20.7,16.5,15.3,16.7,13.4,13.1,12.9,9.7,7.1,0,0
1579,일요일,7,2749,철산,상선,21.3,13.8,11.5,11.4,20.1,24.1,29.8,41.8,42,38.6,44.3,43.7,34.5,37,39.1,33.8,33.4,37.7,28.8,29.7,30,32.5,27.4,29.2,29.1,26.2,22.2,23.4,19.3,16,16,17.3,12.9,12.4,11.9,8.5,5.5,0,0
1580,일요일,7,2750,광명사거리,상선,18.6,10.4,11.6,11.5,17.7,20.1,29.7,38.6,35.7,38.9,43,36.8,30.3,36.4,31.9,27.3,32.1,34.6,25.1,28.6,30.6,27.5,25.5,29.1,25.2,21.8,22,21.5,18.4,14.6,17.4,13.9,12,11.3,11.2,8,5.2,0,0
1581,일요일,7,2751,천왕,상선,13.9,8.3,10.2,9.8,13.5,19.2,29.7,30.9,31,38.9,35.8,29.4,28.9,31.6,25.1,26.1,31.8,27.8,21.5,26.4,24.1,20.6,23.4,24.8,18.3,22.3,21.4,15.1,13.6,13.5,15.8,12.8,9.7,13.4,10.7,8.2,5.5,0,0
1582,일요일,7,2752,온수,상선,9.6,8.4,9.6,9,11.5,21.5,25.4,23,30.7,36.4,27.9,28.6,30,25.1,21.7,29.4,24.9,21.6,22.6,25.8,18.5,21.4,26.2,20.7,16.5,24.6,18.3,11.5,15.3,15.4,14.6,10,11,13.3,10.1,8.4,2.9,0,0
1583,일요일,7,2711,장암,하선,0.7,0.7,0.3,0.6,1.4,0.7,2.1,2.3,1.6,1.6,2,1.9,1.7,1.7,2.1,2.6,3.5,3.1,3.7,3.7,4.8,4.4,4,4.9,3.1,3.5,2.5,2.2,1.8,1,0.6,0.8,1,0.4,0.2,0.2,0,0,0
1584,일요일,7,2712,도봉산,하선,6,3.9,3.9,4.5,5.7,8.4,11.4,11.9,13.7,13.1,11.1,11.2,10.4,10.4,12.2,10.9,13.7,11.9,14.5,14.4,13.9,14.9,13.6,12.1,12.3,10.1,9.1,7.2,6.3,4.5,4.6,3.9,3,2.5,1.9,2,3.3,0,0
1585,일요일,7,2713,수락산,하선,9.1,5.6,4.4,6.2,8.1,12,15.7,15.3,18.5,16,14.5,13.4,15.4,14,15.9,15.9,18,18.1,20.4,19.5,19.1,18.7,19.7,16.7,16,13.2,12,9.8,9.3,6,6,5.3,4,3.5,2.8,2.5,3.1,0,0
1586,일요일,7,2714,마들,하선,11.9,8,6.2,8.2,10.7,14.1,19.7,19.9,23.3,21.8,18.4,19.5,19.4,19.1,20.9,20.6,21.5,22.9,22.5,22,21,21.9,22.4,18.4,18,15.3,12.9,11.3,10.7,6.9,7.1,6.1,4.5,3.8,3.2,2.9,3.3,0,0
1587,일요일,7,2715,노원,하선,14.3,10.7,7.6,10.3,13.8,17.2,21.3,25.7,26.5,25.3,24.4,26.5,22.7,23.7,27.3,24.6,27.3,29.4,27.9,27.3,27.5,27.5,27.9,25.8,22.7,22.1,18.1,16.9,15.9,11.2,13,11,9.4,8.8,6.6,7.8,8.1,0,0
1588,일요일,7,2716,중계,하선,16.6,12.6,9,11.6,16.4,20.6,24.3,30,30,30,27.5,28.7,26.5,26.3,31,27.9,28.7,34.5,31.8,30.7,29.8,28.9,30,26.2,25.6,22.7,18.6,17.9,17.1,12.1,13.1,11.7,11.1,9.8,6.6,7.7,7.8,0,0
1589,일요일,7,2717,하계,하선,22.6,14.2,10,14.1,17.7,22.2,26.7,34.2,34.2,34,32.9,31.6,31,30.9,35.2,32.2,32.9,38.5,35.2,33.8,33,31,33.1,28.9,27.6,24.6,21.2,19.1,17.7,13.1,14.5,12.9,11.3,10.9,7,7.8,7.8,0,0
1590,일요일,7,2718,공릉,하선,24.1,15.1,10.8,15.1,18,23.7,28.6,35.3,38,38,34.7,34.1,34.9,32.9,38.4,36,34.8,40.1,37.9,37.6,33.6,32.8,33.6,31.2,29.3,24,21.4,20.6,18.3,13.7,14.7,12.8,12.2,11.2,8.2,8.3,7.7,0,0
1591,일요일,7,2719,태릉입구,하선,17.5,15.8,11.8,14.8,17.7,23.7,26.6,36.8,37,37.9,34.7,33.6,34.5,33.7,37.9,34.9,34.5,36.1,37.3,36.4,32.1,33.1,33.1,31.1,28.5,24.4,23.2,19.6,18.6,14,15.3,13.6,12.2,10.9,8.2,9.1,7.7,0,0
1592,일요일,7,2720,먹골,하선,19.3,16.9,12.9,14.6,18.9,25.6,28.2,39.6,42.1,37.4,37,35.2,36.1,35.4,40,37.1,35.2,37.4,37.8,37.7,32,33.6,33.5,31,28.6,25.2,23.3,19.6,18.5,15,15.4,13.7,12.9,10.9,8,8.5,7.4,0,0
1593,일요일,7,2721,중화,하선,21.7,18.2,14.1,15.7,19.6,27.2,30.6,42.5,44,40.3,40.1,37.1,38,37.3,42.1,38.8,37.9,39.3,38.6,38.7,31.7,34.7,35.1,31.7,29.7,26.4,23.4,19.9,18.5,15.3,15.5,13.8,12.9,10.8,8,8.3,6.9,0,0
1594,일요일,7,2722,상봉,하선,26.2,21.3,21.7,21.4,22.7,30.4,35.3,46.3,50.3,48.3,46.3,42.8,46.7,45.5,52.3,47.4,44.2,45.8,42.8,44.2,39.3,41.7,41.1,37.8,37.5,31,27.1,22.9,21.9,18.2,18.3,16.6,14.6,12.7,8.4,10.2,7.7,2.8,0
1595,일요일,7,2723,면목,하선,30.8,24.7,22.7,23.3,24.8,33.9,38.2,50.4,51,55,49,46.6,49.5,49.8,52.7,51.1,46.8,47.2,44.7,45.1,40.8,44.1,40.6,39.6,37.7,31.1,27,24,22.3,19.5,18.6,16.4,14.3,13.1,9,9.3,7,2.4,0
1596,일요일,7,2724,사가정,하선,34.2,26.2,21.2,27.2,26.4,36.7,40.3,53.8,53.1,58.8,52.5,50,51.9,53.5,55.8,54.9,49.9,49.3,46.6,47.6,43.8,43.6,41.7,40.2,38.2,31.6,27.7,24.1,23.3,20.4,19.2,15.9,13.7,14.2,9.5,9,6.7,1.9,0
1597,일요일,7,2725,용마산,하선,35.2,27.1,21.7,28.6,27,38.2,41.2,56.8,53.7,60,53.1,51.5,54.5,53.4,56.8,56.3,51,50.8,47.9,48.4,44.6,44.1,43.4,40.4,38.7,31.9,27.9,25.3,23.1,20.6,19.4,16,13.3,14.2,9.4,8.9,6.4,1.8,0
1598,일요일,7,2726,중곡,하선,37.5,28.3,22.7,29.8,27.6,38,42.3,56.9,55.1,59.6,59.3,54.6,56.2,56.3,59.9,59.8,53.2,52.7,49.9,49.9,46.8,46.1,44.4,41.1,40,33,28.3,25.5,23.1,22.4,18.6,16.4,13.6,14.4,9.3,8.9,6,1.5,0
1599,일요일,7,2727,군자,하선,37.5,27.7,18.5,26.7,25.2,35.9,39.4,54,53.3,52.5,57,52.3,55,55.7,59.2,61.2,54.6,55.1,52.3,48.4,46.4,47.8,46.3,41.9,39.7,33.4,30,26.4,24.6,22.1,19.4,17.8,16.1,13.7,10.6,9,5.5,1.6,0
1600,일요일,7,2728,어린이대공원,하선,38.7,30.5,20.6,25.7,25.4,34.5,40.3,53.5,53.9,53,58.6,51.5,55.2,54,57.4,61.5,54.9,54,54.3,49.9,52.3,47.8,49.4,44.9,42.4,35.4,32.6,27.6,24.9,23.3,20.2,18.5,16.3,14.8,11.4,9,4.1,1.2,0
1601,일요일,7,2729,건대입구,하선,19.2,24.8,15,21.7,20.3,28,32.5,44.9,43,41.7,42.8,38,37.3,38.2,42.4,43.4,42.5,43.4,47.7,42.9,47.7,44.5,46.7,42.5,44,35.5,34.3,30.1,27.9,29.3,26.1,24.4,21.9,21,17.6,13.5,7.5,0,0
1602,일요일,7,2730,자양(뚝섬한강공원),하선,20.2,25.1,15.3,22.2,20,27.7,33.7,44,44.6,42.3,42.6,36.5,37.3,33.8,39.7,38.3,36.5,34.9,39.2,36.5,38.8,35.4,40.9,38,37.5,33.1,32.8,29.5,28.5,29.4,26.4,26.8,23.4,23.4,19,14.7,7.7,0,0
1603,일요일,7,2731,청담,하선,12.9,22.3,15.1,18.8,18.2,23.9,30.7,39.4,41.5,40.1,40.4,36.1,36.4,34.2,39.1,39,37.4,33.9,39,37.2,38.6,36.9,42.1,39.2,38.6,36.2,33.6,28.8,30.1,29.6,26,27.1,24.6,23.2,21.2,14.6,10.1,0,0
1604,일요일,7,2732,강남구청,하선,12.6,19.6,13.7,16.5,15.1,20.7,24.8,33.7,34.8,33.5,38.3,32.9,33.2,31.1,37.6,37.6,36.1,34,38.6,37.8,39.6,39.3,42.8,40,38.7,38.4,35.5,29.8,31.3,32.3,28.7,29.2,25.3,24,22.4,15.4,10.4,0,0
1605,일요일,7,2733,학동,하선,12.6,19.4,13.7,15.9,13.5,18.3,22.6,31.2,31.9,30.9,34.7,32.6,31.5,31.5,35.9,37.2,35.8,35,38.4,39,41.5,41.7,43.2,41.3,42.1,40.1,37,34.2,32.7,33.4,29.8,30.1,26.1,25.2,22.3,15.7,10.2,0,0
1606,일요일,7,2734,논현,하선,7.2,18.2,13.2,13.2,11.5,15.3,18.9,27,27.4,27.5,30.4,29.3,27.2,28.4,30.9,33.1,32.4,32,35.3,36.8,38.1,39.2,40.7,40.3,39.7,39,35.4,32.6,31.9,32.4,30.2,29.3,26.4,26,24.4,16.1,13,0,0
1607,일요일,7,2735,반포,하선,7.4,16.9,12.4,12.9,11.3,15,18.5,24,27.7,26.9,29.3,28.6,26.9,27.3,30,32.7,32,30.5,35,36.7,38.6,39.8,41.5,40.1,39.5,39,35.5,34.5,31.1,33.1,30.4,29.5,26.8,26.4,24.4,15.9,12.7,0,0
1608,일요일,7,2736,고속터미널,하선,8.1,12.5,10.2,10.8,11.1,13.2,15.7,20.3,23.2,25,24.9,24.3,25.7,25,27.6,30.9,32.3,31.6,34.6,39.6,44.9,46.8,47,46.6,51.4,46.2,45.1,43.4,38.2,44,46.4,38.5,37.7,36.7,34.1,20.4,15.4,0,0
1609,일요일,7,2737,내방,하선,5.5,12.2,10.6,10.4,10.4,12.3,15.1,19.7,22,24.2,23.4,25.2,25.6,25,26.4,29.1,33.1,31.5,33.8,38.9,44.7,44.3,46.1,45.2,49.6,44.3,45.7,42.9,38,42.3,42.7,42.8,37,36.7,33.3,20.4,13.3,0,0
1610,일요일,7,2738,총신대입구,하선,5.1,10.4,9.7,8.9,9.2,11.1,11.6,15.9,17,20.4,19.3,20.6,21.7,21,22,23.9,28.8,27.3,29.8,37.9,37.4,38.7,44.7,40.5,44.8,42.3,44.4,37.9,35.2,38.7,39.7,40.1,34.7,33.9,32,21.2,19.4,0,0
1611,일요일,7,2739,남성,하선,5.1,10.7,9.6,7.4,10.1,10.7,11.1,15.5,16.9,20.3,18.8,20.5,21,20.2,21.3,23.5,28.2,25.7,28.6,36,34.9,36.1,41.1,38.2,41.2,39.5,42,35.2,32.6,36.4,37.2,38.9,32.3,32.5,29.2,21.1,15.5,0,0
1612,일요일,7,2740,숭실대입구,하선,5.4,9.2,9.3,7.1,9.7,9.6,11.2,14.8,16.5,19.2,19.1,19.6,20.5,18.9,21,22.3,25.4,23.9,27.6,31,30.7,33,37.6,35.4,35.6,37,36.4,31.6,31.8,30.3,33.5,35.5,29.8,28.3,24.9,18.1,12.6,0,0
1613,일요일,7,2741,상도,하선,5.9,8.8,8.7,7,7.8,9.6,11.2,15.1,16.6,19.4,18.6,20.1,20.7,18.9,21.1,21.1,24.6,22.8,26.6,29.5,29.3,31.8,35.3,33.4,32.5,35.3,33.9,29.9,30.1,28,30.9,32.7,27.1,25.6,22.8,16.6,10.3,0,0
1614,일요일,7,2742,장승배기,하선,6.4,8.8,8.4,7.1,7.7,9.6,11.6,14.2,16.8,19.8,18.4,20.2,20.3,19.2,21.1,21.5,24.4,23.1,26.2,28.3,28.8,31.3,33.5,32.4,31.2,34.1,32.2,29.3,28.3,26.1,29.9,31.5,27,24.8,21.7,18.1,9.5,0,0
1615,일요일,7,2743,신대방삼거리,하선,7.4,9.2,8.5,7.4,7.8,9.8,12,15.3,17.2,20.3,19.5,20.6,20.8,19.2,21.8,22.4,24,22.8,26.3,27.1,26.6,29.7,32,30.4,28.4,31.6,28.5,26.3,24.8,25,27.4,27.8,24,22.3,18.9,16,9,1.8,0
1616,일요일,7,2744,보라매,하선,7.3,9.4,8.1,7,7.6,9.3,11.8,14.9,16.4,19.4,18.7,20.3,19.4,19.9,22,21.9,23.6,22.8,24.5,27.1,27.5,29.5,31.3,30.1,28.2,29.7,26.8,24.7,23.9,24,25.7,26.1,22.9,21,17.3,14.4,7.8,1.2,0
1617,일요일,7,2745,신풍,하선,6.2,9.5,8.4,7.9,7.8,10,11.6,15.4,17,18.9,20.2,21.3,20.1,21.3,21.1,24.3,24.1,23.7,25.3,26.9,26.8,29.1,30,28.7,28.7,27.5,25.4,23.8,23.1,22.5,24,24.7,22.1,19.8,16.7,14.2,7.7,0,0
1618,일요일,7,2746,대림,하선,7.8,11.3,9.8,9.6,10,9.5,13.6,17.1,21,18.7,19.9,22.4,22.2,23,24.3,27,27.4,29.9,30.6,32.5,34.3,33.3,34.8,35.4,34.6,35.2,34.5,30.9,29.5,28.3,30.4,31.3,27.2,25.5,21.2,19.7,9.1,0,0
1619,일요일,7,2747,남구로,하선,10.4,11.8,10.3,10.1,10.3,9.3,14.2,18,21.2,19.8,20.5,22.9,22.6,23.6,25.3,27.6,27.8,29.4,31.3,32,34.2,32.6,34.8,35.1,33.4,35.3,33.3,29.2,30.5,27.5,29.6,29,26.8,22.8,19.8,19.1,8.6,0,0
1620,일요일,7,2748,가산디지털단지,하선,11.3,10,11.7,9.9,10.4,9.8,14.8,16.4,21.1,19.7,22,22,23.9,24.2,24.6,26.9,28.1,28.8,30.5,31.1,36.7,34.6,39,40.5,35.2,41.3,37.9,32.2,34,30.7,32.9,34.8,30,25.4,22.7,23.4,11.1,4.6,0
1621,일요일,7,2749,철산,하선,11.7,10.2,10.8,9.6,9,10.1,14.1,14.9,18.1,19.6,21.8,20.8,22.7,22.4,25.1,24,27.5,27.4,27.4,29.9,33,32.6,35.9,35.4,33.6,38.3,33.9,28.6,30.2,27.3,30.2,28.5,27.9,22.5,19.7,20.4,9.4,4.2,0
1622,일요일,7,2750,광명사거리,하선,11.7,9.6,9.5,8.7,8.3,8.4,12.8,13.5,15.9,17.2,18.1,18.1,19,18.9,21.8,21.2,23.1,23.9,25.1,27.3,29.7,28.8,32.2,31.2,29.3,33,29.9,26.7,25.8,23.8,27,24.4,24.1,20.6,17.8,16,7.4,2.9,0
1623,일요일,7,2751,천왕,하선,10.8,10,9.4,8.5,7.9,8.2,11.7,14.2,15.8,16.7,17.9,17.7,18.9,18.6,21.2,19.8,20.2,22.8,22.6,24.9,27.2,27.2,27.8,28.6,27.1,28.2,25.2,25.5,22.7,21.7,22.9,21.6,21.3,18.2,16.4,13.9,6.3,2.3,0
1624,일요일,7,2752,온수,하선,3.7,8,10,4.4,8.6,5.8,9.1,11.6,16.4,11.9,16.3,19.5,13.7,18.3,23.8,17.8,15.7,22.7,20.4,17.4,24.6,30.2,21.4,26.7,29,27.4,23.8,22.9,28.1,19.2,21.2,26.9,18.2,18.8,17.1,15.6,9.6,0,0
1625,일요일,8,2810,암사역사공원,상선,1.1,2,2.8,3.1,2.5,3.5,4.4,6.4,6.9,7.9,8.7,8.6,8.8,8.4,11.9,13.2,13.6,16.6,14.9,16.2,18,19.8,22.2,20,25.1,22.4,19.5,19.9,17.6,16.1,17.2,19,17.9,15.6,15.7,10.4,12.5,0,0
1626,일요일,8,2811,암사,상선,1.6,2.3,3.4,3.3,3.1,3.7,5,7.2,8.1,8.5,10.1,9.3,9.5,9.6,13.9,15.2,16.6,19.2,17.3,18.4,21.1,21.8,26.3,24,29.8,26.1,23.5,23.1,20.6,18.8,19.9,21.9,19.5,18.3,20,13.3,7.6,0,0
1627,일요일,8,2812,천호,상선,2.2,3.9,4.8,4.9,4.8,5.8,8.2,11.3,11.4,11.4,13.8,13.5,14.5,15.5,20.5,22.6,23.8,26.3,27.2,29.8,29.7,31.5,38.4,37.5,41.2,38.9,34.4,34.7,26.1,29.5,28.8,32.4,27.5,27.7,28.2,19.7,13.3,0,0
1628,일요일,8,2813,강동구청,상선,4.1,6.6,8.1,9.1,10.2,12.3,16.1,24.4,25.9,26.5,25,25.5,26.3,26.8,34.7,39.5,36.8,36.6,37.8,43.5,40,47.6,51.3,51.2,56.8,56.9,47,48.4,34.3,42.4,42.5,42.7,37.9,38,36.5,25.6,16,0,0
1629,일요일,8,2814,몽촌토성,상선,3.8,6.9,8.8,9,10.4,12,17.7,23.6,26.6,26,25.4,26,27.6,25.6,35.6,39.3,36.9,37.2,40,44.6,44.3,48,53.3,57.7,56.4,60.4,51.8,49.3,37.3,43.8,48.5,46,41.3,40.7,35.8,27.9,17.9,0,0
1630,일요일,8,2815,잠실,상선,3.5,7.6,9,9.4,11.5,12,18.2,24,27.5,27.4,26.6,27.6,29.7,26.4,36.5,40.1,39.4,39.5,43.2,46.6,45.7,46.9,55.3,57.5,56.3,60.1,52.9,50.2,37.9,44.8,49.9,46.9,41.8,41.6,36.1,28.2,18.3,0,0
1631,일요일,8,2816,석촌,상선,9.5,8.5,11.9,13.9,15.2,24.4,31.6,41.7,46.5,51.9,54.1,51.8,55.6,53.1,63.7,65.7,60.6,60,59.7,54.9,53.3,51.8,52.1,57.9,55.1,49.8,38.1,37.6,29.6,28.5,32.4,30.2,24.5,25.1,22.8,18.3,11,2.2,0
1632,일요일,8,2817,송파,상선,9.6,9.9,12.7,15.1,16.2,26.8,36.7,47,52.3,58.4,54.2,56.6,58.1,61.7,71.5,68.7,64.4,59.2,62.8,57.1,53.8,53.5,51.4,54.4,55.2,42.2,37.7,32,29.5,27.5,27.6,28.1,20.9,22.5,20.6,15.7,9.5,3.2,0
1633,일요일,8,2818,가락시장,상선,8.9,9.2,11.9,14.6,14.8,25.4,34.7,44.3,49.2,54.1,51,53.3,54.5,57.5,67.8,65.1,60.8,57.3,60.7,55.7,53.2,52.4,51.1,52.6,54.4,41.1,37.6,32.1,28.7,27.4,27.5,28.6,21,22.3,20.1,14,6,0,0
1634,일요일,8,2819,문정,상선,14.3,9.2,11.3,16.3,15.2,28.1,33.3,42.1,47.6,52.5,48.7,50.5,47,55.2,57.3,63.2,56.4,52.3,59.2,50,46.7,49.9,47.4,46.4,48.8,36.9,32.6,28.8,25.3,23.9,24.6,25.2,18.4,18.8,15,10.4,5.7,0,0
1635,일요일,8,2820,장지,상선,13.5,8.8,10.6,15.1,14.1,25.6,31.4,39.3,44.5,49.6,45.7,46.4,43.1,49.6,49.2,53.6,48.5,45,50.9,43.7,39.7,42.7,41.2,41.4,41.6,31.2,26.7,24.1,23.1,21,20.7,22.8,15.6,15.8,11.5,8.4,5.5,0,0
1636,일요일,8,2821,복정,상선,12.2,7.9,10,13.2,14.2,23.5,27,34.6,40.5,42.6,39.6,41.4,39.1,45.5,42.9,46.2,41.9,37.7,45.1,34.1,33.6,34.3,34.3,32.8,34.3,23,22.6,18.3,15.8,18.3,16.3,16.1,11.9,11.4,10.2,8,5.6,0,0
1637,일요일,8,2828,남위례,상선,10.3,6.9,7.5,10.3,12.2,19.5,21.4,27,29.6,30.2,28.6,27.4,27.5,29.2,30,28.3,26.2,25.8,27.3,21.2,23,19.9,20.4,19.5,17.5,14.1,12.8,10.7,7.5,9.2,8.5,7.3,6.5,6.9,4.8,3.4,2.3,0,0
1638,일요일,8,2822,산성,상선,10.3,6.6,7,9.7,11.2,17.1,19.8,25.1,27.4,27.3,25.1,23.7,24.7,25.2,26.6,24.1,23.7,23.4,23.6,17.8,19.7,17.5,18.1,17.3,15.3,12.4,10.8,8.8,6.8,7.6,6.9,6.2,5.1,5,3.7,2.2,2.1,0,0
1639,일요일,8,2823,남한산성입구,상선,9.1,5.7,6.7,8.6,9.9,14.7,17.1,22.2,22.8,25.3,21,21.8,20.5,22.5,22.4,21.1,19.9,20.1,19.1,16.2,14.8,16.7,15.6,16.3,11.5,10.9,9.5,8.1,6.9,7.2,7,5.8,5.5,5.1,3.7,2.7,2.4,0,0
1640,일요일,8,2824,단대오거리,상선,5.7,4.2,5.1,5.5,6.4,10.7,12.9,14.4,16.5,17.1,14.9,15,14.4,16,14.1,16.2,14.8,16.3,15,13,12.1,14,13.4,13.3,10.8,10.3,10.4,8,6.5,5.7,7.5,6.1,6.4,6.2,4.1,3.2,3.4,0,0
1641,일요일,8,2825,신흥,상선,3.1,2.4,3.5,2.5,3.7,6.3,8.5,8.2,9.8,9.2,8.3,8.9,9.1,9.4,7.7,10.3,10.4,11.3,10.2,10.4,9.4,11.8,11.4,10.9,10,8.7,10.7,8.3,5.6,4.8,6.8,6.8,6.8,5.7,4.4,3.5,2.8,0,0
1642,일요일,8,2826,수진,상선,2.6,1.6,2.6,2.2,2.8,3.7,5.4,6,7.5,6.1,6.6,6.7,6.4,6.8,6.3,8.2,10.3,9.2,8.8,8.2,8.3,9.2,9,9,8.8,7.1,10.1,7.6,5.1,4.6,6.7,7.4,6.4,5.3,4.4,3.6,3,0,0
1643,일요일,8,2827,모란,상선,1.7,0.9,2.3,1.7,1.7,2.3,3.7,4.5,5.2,4.3,5.2,5.4,4.9,5.4,5.1,6.9,6.7,5.7,7.2,6.3,6.9,7.5,7.2,7.9,8.1,6.9,10.5,7.9,5,4.7,6.8,7.1,6.8,5,5,3.8,2.9,0,0
1644,일요일,8,2810,암사역사공원,하선,7.4,5.7,7.4,7.4,10.7,15.7,17.3,21.6,22.2,23.8,25.6,26.5,24.8,28.6,28.4,24.4,23.9,21.3,20.2,18.2,20.7,15.6,16.5,16,14.4,13.7,10.5,9.7,8.9,8.4,7.1,7,6.4,4.7,4.1,2.2,1.5,0,0
1645,일요일,8,2811,암사,하선,11.3,10.1,11.5,11.9,15.6,25.1,25.8,34.2,35,39.7,37.6,38.4,36,38.9,40.3,37.4,34.6,32.2,29.1,27.8,28.7,23.7,24,22,22,19.2,15.2,14.7,12.8,12.1,10.3,10.6,9.2,6.8,6.1,3.5,3.2,0,0
1646,일요일,8,2812,천호,하선,14.2,17.1,17.2,17.3,20.1,33,37.4,43.2,46.6,52.8,52,50.5,49,51.4,54.3,59.7,50.1,49.3,44.6,45.5,49.9,44.3,43,43.4,39.7,37.1,32.2,27.6,24,24.1,22.2,20.8,16.4,17.2,12.9,9.7,6,0,0
1647,일요일,8,2813,강동구청,하선,16.2,17.7,18.3,18.8,20.9,35.4,39.2,46,49.2,55.6,53.1,53.4,50.5,53.6,58.7,63.3,52.6,51.5,45.5,47.6,50.9,45.3,43.2,44.3,39.3,38.2,32.5,27.9,24,24.4,22.4,20.5,16.1,17.1,12.7,9.5,5.2,0,0
1648,일요일,8,2814,몽촌토성,하선,16.7,17.1,17.9,18.9,20.4,32.1,41,47.3,48.5,55.9,53,55.2,52.8,55.1,65.2,58.8,53.8,52.1,47.5,49.9,51.7,51,44,48.7,41.4,40.7,34.2,29.3,24.7,25.3,24.9,21.6,17.2,18.8,13.6,10,4.9,0,0
1649,일요일,8,2815,잠실,하선,13.4,15,15.1,15.8,16,21,28,32.1,36,40.7,37.3,40.3,36.7,38.9,44.2,41.3,48.4,46.1,46.9,51.1,54.1,54.2,57.1,60.3,60.8,59,54.4,52,44.2,48.5,48,47.2,39.7,40.6,26.1,24,11.9,0,0
1650,일요일,8,2816,석촌,하선,12.6,14.6,14.9,16.1,15,20.4,26.4,26.8,36.6,40.7,35.9,36.4,33.4,33.5,42.5,40,49.5,44.6,45.1,51.8,53.6,54.7,58.5,64.2,64.6,61.9,58,55.6,47.4,50.9,54.6,53.9,46.3,45.6,29.2,26.9,11.4,0,0
1651,일요일,8,2817,송파,하선,13.4,14.8,14.6,16,15.2,20.8,25.1,26.7,36.2,41.6,36.1,36.5,33.6,34.2,43,39,47.8,43.5,43.5,49.5,50.2,52.2,54.2,59.8,60.1,58.8,54.6,52.7,44.7,48.2,51.7,50.9,44.7,46.2,34.3,21.3,15.1,0,0
1652,일요일,8,2818,가락시장,하선,11,11.6,12,12.9,13.1,16.8,20.9,21.9,33,33.8,32.5,29.2,31.5,29.2,38.5,34.8,42.4,35.1,42.4,44,42.1,45.5,47.9,49.7,56.9,52.1,48.5,46.3,39.9,49.1,42.7,49.4,41.2,42.8,33,20.3,11.9,0,0
1653,일요일,8,2819,문정,하선,10.4,9.9,10.9,11.1,11.3,14.4,18.2,20,28.5,26.7,24.1,23.9,24.1,23.8,30.6,28.7,36,30.1,36.8,38.9,38.4,40.5,43.5,45.1,51.3,47.3,43.6,41.3,35.8,44.1,39.6,46.6,38.2,37.8,30.2,17.8,16.1,0,0
1654,일요일,8,2820,장지,하선,9.1,8.4,9.2,8.2,8.8,12.6,14.8,17.6,22.4,21.4,21.8,20.3,19.5,19.1,25.2,23.8,27.1,25.3,32.4,30.4,32.5,34.8,37.5,38.8,41.2,42.8,37.5,33.8,35.7,39.1,39.6,40.5,35.8,34.6,26.6,15.5,14.4,0,0
1655,일요일,8,2821,복정,하선,3.8,4.2,5.1,5.1,4.3,6.2,6.6,9.5,12.4,11.8,11.6,13,12.1,11.5,14.9,15.7,16.9,17,21.5,19.6,20.4,24.1,26.1,27.7,28.5,30,29.1,23.9,26.1,26.9,27.2,25.5,26.3,25,21.5,11.9,11.3,0,0
1656,일요일,8,2828,남위례,하선,3.4,4,4.4,4.8,4,5.2,5.6,8.3,10.6,10.4,9.8,11.4,11.2,10,12.3,13.2,14.1,13.7,18.6,16.2,17.8,21.4,22,24.1,24.9,26.6,26.2,20.4,24,24.7,25.1,22.8,23.2,24.7,19.9,15.1,10.5,0,0
1657,일요일,8,2822,산성,하선,3.5,4.1,4.2,4.1,3.5,4.3,5.4,6.7,7.6,8.2,8.2,9.4,10.5,9,10.6,11.4,12.9,13.1,13.6,13.6,16.4,17.3,19,21.7,20.1,22.8,21,19,20.6,18,24.1,18.1,19.6,20.7,17.5,13.1,8.7,0,0
1658,일요일,8,2823,남한산성입구,하선,4.6,4.2,4.3,3.8,4,5.6,6.8,7.7,9.3,8.2,8.4,10,11.3,9.7,10.2,11.2,11.5,12.2,12.2,11,12.6,13.1,15.3,15.5,15.4,15.8,14.3,15.8,11.7,13.1,13.6,14.8,12.7,12.2,11.4,7.6,5.2,0,0
1659,일요일,8,2824,단대오거리,하선,5.6,3.1,3.9,3.2,3.8,5.2,6.8,7.8,9.8,9.2,8.4,9.4,10.8,9.3,9.7,11.1,11,9.9,9.2,8.9,8.7,8.5,10.3,9.6,9.8,8.7,7.7,8.7,6.8,6.7,7,7.5,6.6,5.8,5.6,3.7,2.7,0,0
1660,일요일,8,2825,신흥,하선,6.2,2.7,3.6,3.2,3.9,5.3,7,8.4,9.3,8.7,8.1,8.7,9.4,7.4,7.9,10,8.4,8,7.6,7.2,7.2,7,8.1,7.4,7,5.6,5.7,5.8,4.7,4.2,4.3,4,4.2,3.3,3.5,2.4,1.5,0,0
1661,일요일,8,2826,수진,하선,8.8,3.8,3.7,3.5,4.7,5.6,7.1,9.1,7.7,9,6.7,7.1,7.5,7.6,7.7,9.2,8,8.2,7.4,7.7,7.9,6.6,6.6,6.4,5.1,5.1,4.1,3.5,3.3,2.1,2.5,1.8,1.7,1.7,1.5,0.6,0.6,0.1,0
1662,일요일,8,2827,모란,하선,0,0,0,0,0,0,0,0,0,0,0,0,0,0,0,0,0,0,0,0,0,0,0,0,0,0,0,0,0,0,0,0,0,0,0,0,0,0,0
1663,평일,1,150,서울역,상선,8.6,20.9,20.4,33.1,61.1,66.1,86.1,63.8,62.7,38.5,44.2,36.7,32.2,31.6,43.1,35.7,29.1,30.5,23.4,26.4,26.8,24.6,25.7,26.6,36.1,47.5,40.2,29.1,22.1,19.3,18.6,19.1,15.4,16.7,18.1,13,12.4,6.5,1
1664,평일,1,151,시청,상선,8.6,15.6,17,26.8,46.4,53.9,56.6,49.1,51.6,34,40.6,34.8,30,29.8,40.3,34,27.3,30.8,23.4,28.7,26.8,27.3,28.8,30.1,41,63.5,52.7,32.4,25.2,23.2,23,23.8,18.6,20.9,20.7,17.7,14,7,1.1
1665,평일,1,152,종각,상선,8.4,12.5,10.8,18.1,27.3,32.7,32.1,31.3,36.5,30.1,33.7,33.5,26.8,29,34.9,31.9,28.6,31.9,26.3,31.3,30.4,31.5,32.1,38.1,45.8,82.1,64.1,41.4,29.5,30.1,29.7,32.6,24.7,27.4,26.7,24.4,16.2,7.8,1.1
1666,평일,1,153,종로3가,상선,7.2,13.8,10.9,18.7,27.6,37,31.6,31.1,34.5,31.4,37.6,31.2,28.1,30.4,39.8,33.7,29.7,35.3,29.2,34.7,36,33.8,37,41.4,50,87.2,68.5,45.7,30.6,30.6,32,38.7,27.4,30.6,30.4,27.3,18.3,8,1.1
1667,평일,1,154,종로5가,상선,6.6,12.4,8.8,14,21.2,28.1,22.2,25.9,25.3,26.7,30.1,28.1,22.9,30.5,32.6,34.7,25.9,34,28.7,36.6,33,34.1,38.6,40.2,53.8,85.5,79.8,46.9,31.3,32.4,33.5,39.2,33.5,31.8,28.1,27.5,17.8,12.8,2.6
1668,평일,1,155,동대문,상선,9.4,12.6,8.6,13.5,19.9,25.8,23.6,24.6,23.7,25.4,29.2,30.3,21.3,29.9,32.5,34.9,28.6,30.3,29.9,36.7,34.2,38.1,36.7,43.7,51.3,86.7,78.6,45.6,33.2,35.2,30.5,39.6,33.2,32,28.2,29.8,19.1,13.2,2.4
1669,평일,1,156,신설동,상선,8.1,12.7,7.9,9.5,14.1,19.7,19.9,18.4,27.5,19.3,26.6,25.1,19.4,22.7,26,31,27.1,26.3,24.7,32.2,30.3,39,32,41.5,53.1,73.6,71.1,45.1,33.6,29.4,25.6,35.1,27.9,26.3,27.2,24.3,17.2,12.9,0
1670,평일,1,157,제기동,상선,9.1,10.1,7.2,8.5,12.1,17.8,17,15.1,23.1,14.8,21.6,20.6,15.5,19.8,20.1,25.9,21.4,22.1,24.7,26.6,27.4,37.5,30.5,41.2,52,73.1,71.5,45.6,32.4,28.9,24.7,33.9,27,25.2,25.8,24.8,17.2,12,0
1671,평일,1,158,청량리,상선,8.8,8.3,4.7,8,9.9,15.2,13.7,11.1,14.8,14.8,17.6,15.5,14,16.5,16.9,22.6,17.3,19,21.1,20.1,28.4,32.8,29,33,45.5,65.8,61.2,42.1,28.9,24.7,24.8,27.3,24,22.4,22.9,22.2,15.1,9.1,0
1672,평일,1,159,동묘앞,상선,7.8,13.5,8,12,17.1,23.1,21.8,18.5,23.7,21.4,26.9,27.1,19.8,24.5,25.5,32,26,27.6,25.6,33.7,27.2,39.6,34.8,36.7,50.3,73.3,76.2,41.6,30,31.3,27.7,40.2,28.9,28.8,25.1,26.5,14.4,14.3,0
1673,평일,1,150,서울역,하선,11.1,10.8,15.9,22.5,36.1,38.6,23.3,27.8,20.3,21.3,16.8,20.2,22.9,27.9,26,31.1,34.3,33.4,30.6,44.8,55.2,51.2,57.9,66.8,77.1,124.3,70.7,46.5,39,37.8,36.9,40.5,36.2,38,28.5,16.6,15.1,5.8,0
1674,평일,1,151,시청,하선,9.4,10.1,17.5,22,37.5,35.6,27,30.4,22.1,22.6,18,20.2,22.5,27.6,24.9,30.9,33.4,30.2,33.9,41.5,54,47.3,49,63.2,68.9,106.7,72.3,41.4,34.5,32.7,33.2,37.2,29.5,32.5,23.4,14.4,12.8,4,0.4
1675,평일,1,152,종각,하선,10.1,11.2,18.1,27.7,46.2,49.7,43.8,39.1,28,25,19.3,21.1,25.2,27.8,26.9,27.7,36.2,29.2,31.8,41.7,46.6,42.5,44.1,54.7,59.5,79.3,52.3,30.6,28.9,25.4,26.4,29,24,26.6,18.3,12.3,10.4,3.1,0.4
1676,평일,1,153,종로3가,하선,11.9,12.3,21.8,33.8,61,66,71.3,56.4,38.7,29.5,22.7,23.5,26.3,26.8,28.7,27.4,35.8,27.2,31.4,38.6,43.1,33.7,42.1,39.6,50,54.7,39.6,22.4,21.8,18.7,18.4,19.8,16.4,18.8,13.3,8.7,8,2.5,0.4
1677,평일,1,154,종로5가,하선,13.3,17.3,21.3,41,63.1,73.8,74.7,64.4,41.6,34.1,28.9,28.5,28,35.7,33.2,31.1,40.8,30.5,34.3,39.9,50.5,35.1,42.8,41.5,50,54.3,34,23.4,20.3,17.9,17.4,17.7,16,17,10.7,8.1,8.2,3.1,0.5
1678,평일,1,155,동대문,하선,14.1,18.6,22.2,42.7,67.8,79.4,81.4,69.3,44.6,35.4,30.5,29,27.1,31.5,35.1,31.1,38.2,25.5,30.4,35.7,41.6,31,38.8,37.4,39.8,42,27.6,18.5,16.3,14.8,13.8,15,12.6,14.3,9.2,7.2,7.5,3,0.5
1679,평일,1,156,신설동,하선,22.3,21.6,32.6,40.8,60.8,74.7,67.6,50.1,43.5,32.6,27.1,27.4,25.8,26.7,34.9,25.3,33,21.8,30.9,29.7,34.9,26,42,33.5,33.3,37.3,22.1,15.3,13.6,13.6,11.5,12.7,10.6,10.4,8,6.8,6.2,1.6,0.4
1680,평일,1,157,제기동,하선,21.5,20.3,28.9,41,58,68.4,66.5,49,39.4,31.6,26.8,24.6,24.3,27.3,32,24.1,31.1,21.8,29.4,30.2,31.6,24,34.8,33.8,26.5,33.4,19.6,13.9,12.3,12.7,10.6,11.2,10.1,8.9,8.4,6.7,6.4,1.9,0.4
1681,평일,1,158,청량리,하선,21.4,19.2,28.1,40.9,65.9,61.5,63.4,47.4,38.7,31.1,26.3,19.3,26.8,23.4,25.3,25.3,26.5,18.6,21.7,29.4,26.9,23,28,29.5,23,27.9,16.6,12.2,11.4,11.4,9.6,10.9,10,8.1,7.9,6.3,6.3,1.9,0.2
1682,평일,1,159,동묘앞,하선,14.9,18.2,23.8,42.4,66.6,82.4,75.8,53.9,49.7,35.6,29.6,28.8,27.4,31.3,35.4,31,38.2,24.2,34.6,33.7,40.5,30.4,35.6,37.4,37.9,41.4,24.9,17.7,15.9,14.2,13.1,14.1,11.6,12.2,8.6,7,6.2,1.6,0.4
1683,평일,2,201,시청,내선,22.8,29.3,29.3,41.4,62.9,94.5,86.1,52.9,45.6,31.4,41.8,39.9,37,40.4,43.6,42.8,41.8,41.2,39.2,44.9,41,43.9,53.1,55.9,52.5,64.2,56.4,32.9,27.4,24.8,24.3,36.9,35.3,37.9,38.6,29.4,24.2,14.2,3.8
1684,평일,2,202,을지로입구,내선,15.2,24.8,22.2,30.1,46.5,67.6,59.3,41.4,34.8,26.5,35.8,37.1,35.4,39.4,39.1,44,43,41.7,43.4,46.9,46.1,47.3,57.6,65,66.4,84.6,70.1,42.9,31.8,33.9,29.1,44.4,41.5,43.6,43.1,32.5,32,14.3,4.8
1685,평일,2,203,을지로3가,내선,15.3,24.6,21.5,28.7,42.8,60.4,48,38.4,31.6,26.3,34,33.1,36.1,38.6,38.1,42.5,40.7,41.2,42.4,46.5,45,46.5,57.6,67.8,70.3,83.3,69.7,43.5,33.3,32.5,27.5,45.2,43,41.9,45.2,31.1,35.8,14.3,4.8
1686,평일,2,204,을지로4가,내선,15.1,24,20.5,27.6,38,54.6,48.5,36.8,32.2,26.1,33.8,33.4,36.7,39.6,39.3,43.6,42.5,42.9,44.4,50,47.6,50.1,62.4,73.1,77.7,87,79.5,50.8,33.4,34,28.7,47.4,44.5,43.2,48.5,32,36.2,13.4,8.8
1687,평일,2,205,동대문역사문화공원,내선,22.2,31.1,27.8,37.7,50,71.5,63.4,48.3,39.8,31.6,39.5,41.8,42.1,45.9,46.8,52.7,48.1,48.7,50.3,52.4,54.7,54.1,68.2,79,84.5,85.6,80.8,50.7,30.7,31.8,28.6,40.3,46,40.2,45,29.7,33.2,12.3,8.2
1688,평일,2,206,신당,내선,19.3,34.7,28.1,37.9,54.7,76.8,71.4,51.8,43,32.7,40.8,42.2,42.3,47.4,48.8,51.5,48.6,48.7,51.1,53.4,55.5,53.7,69.5,78.6,83.2,80.9,75.1,48.8,30.3,29.6,26.6,37.1,42.6,37.3,47,27.9,33.8,14.2,7.9
1689,평일,2,207,상왕십리,내선,21.7,35.3,29,39.8,54.8,79.9,75.1,53.5,43.5,34.1,39.4,42.7,42.4,47.3,49.1,51.6,48.1,48.6,50.4,53,54.7,53.2,68.1,80.2,78,78.6,74,47.7,28.9,28,26,35.6,40.8,35.5,44.7,26.3,31.4,13,7.1
1690,평일,2,208,왕십리,내선,19.3,30.5,24.6,30.2,45,69,74,45.2,42.1,31.4,34.8,36.7,35.9,36.7,44.2,42.8,40.5,38,41.9,38.3,42.9,37.3,49.5,54,53.4,50.9,50.3,31.6,19.3,18.2,17.3,22.6,25.8,24.3,27.7,17,21.8,8.8,5.8
1691,평일,2,209,한양대,내선,19.2,29.2,23.7,28.8,41.2,61.1,66.3,40.5,38.8,23.4,28.2,33.9,34.2,34.3,36.9,38.5,37.1,35.5,39.9,38.5,44.3,39.1,51.3,58.8,53.4,51.4,51.9,31.7,20.6,20.3,15.4,23.5,26.3,23.9,27.9,17,21.7,8.6,5.7
1692,평일,2,210,뚝섬,내선,18.3,25.6,21.2,26.4,33.9,51.3,52.6,33.9,28,21.5,22.4,30.6,31.2,32,34.2,36.4,34.6,34.2,38.5,38.3,43.3,39.5,51.2,61.7,55.6,56.8,57.4,33.8,22.3,21.4,17.3,22.7,30.7,25.2,29.3,19,21.4,10.4,4.5
1693,평일,2,211,성수,내선,8.9,14.7,13.7,17,24.3,41.5,36.6,27.2,27.8,23.4,18.2,25.7,26.3,27.2,30,32.3,32.4,31.9,36,36.8,42.6,41.1,42.7,49.1,50.1,63.9,73,41.9,34.7,32,30,42.3,38.5,36.2,33.6,21.7,22.4,16.1,12.7
1694,평일,2,212,건대입구,내선,11.3,20.8,18.4,22.1,33.4,53.5,52.6,37.1,34.3,26.4,21.4,28.7,26.3,27.9,30,31.7,31.9,30.9,34.3,35.2,38.7,37.8,37.9,43,43.4,49.1,56.2,33.4,27.7,26.4,25.5,33.2,32.4,30.9,29,18.7,18,16.3,10.8
1695,평일,2,213,구의,내선,14.8,18.6,15.5,23.5,35.4,59.3,55.8,40.4,39.7,27.2,21.5,29.6,25.9,27.7,29.7,31.2,30.6,29.9,32.6,33.7,36.7,36.9,36.3,44.3,38.3,45.3,51.4,29.3,23.5,24.5,22.4,29.5,28.4,26.9,25.1,16.3,15.2,13.9,8.5
1696,평일,2,214,강변,내선,17.4,18.3,17,27,39.7,65.9,60.4,46.7,44.6,29,24.4,29.4,26.7,27.8,30.6,30.1,30.4,29.6,30.8,31.5,35.7,34.6,34.4,43.2,36,40.2,49.6,29.1,22.1,22.6,21.7,26.5,27.8,24.3,22.6,16.7,13.7,13.8,8.4
1697,평일,2,215,잠실나루,내선,17.1,16.6,17.6,25.8,37.6,62.6,66,47,44.9,29.6,25,30.5,27.4,28.1,30.6,30.1,30.4,29.9,31.4,32.7,36.8,36.7,35.7,45.1,36.4,39.8,47.2,27.9,21,22,20.8,24.2,27.1,22.8,21.8,15.7,12.7,12.7,7.3
1698,평일,2,216,잠실,내선,24.1,24.9,25.8,43,59.2,90.6,90.6,67.3,57.7,38.8,30.8,31.7,29.9,31.2,33.8,34.5,33.9,33.1,32.7,36.3,37.8,40.4,36.8,50.4,37.8,40.5,45.2,27.2,21.6,26,24.3,27.8,32.2,26.5,18.4,14.8,9,9.8,4.5
1699,평일,2,217,잠실새내,내선,25.9,25.4,27.2,43.7,64,92.7,99.1,70.3,60.6,39.8,32.2,30.8,29.7,30.6,34.1,33.2,33.7,30.3,30.9,34.8,35.4,38.2,35.4,45.4,36.2,37.3,39.5,26.1,20.5,23.7,23.1,26.4,30.1,25.6,17.1,13.9,8.3,8.8,3.2
1700,평일,2,218,종합운동장,내선,30.3,21.8,28.3,43.1,64.3,92.2,104.6,74.6,64.5,42.4,33.7,31.7,29.4,31.8,35.2,31.2,36.5,30.7,30.2,34.6,35,37.4,36,45.6,36.3,37.6,37.7,25.4,19.7,22.9,22,24.5,29.6,23.9,19.4,14.5,7.8,8.6,2.8
1701,평일,2,219,삼성,내선,20.3,18.3,23.4,37.4,53.2,75.7,79.7,61.4,52.7,37.2,29.1,29.7,28.9,32.4,35.6,32.9,38.3,34.8,35,43.6,43.5,50.7,50.2,62.8,60,67,54.8,40.7,30.6,33.8,33,36,44.6,35.4,24.7,19.3,9.9,9.6,4
1702,평일,2,220,선릉,내선,22.4,19.6,24.9,37.4,55.4,74.8,84.1,65.6,56.3,42.4,35.1,32.3,38.4,38.1,45.6,43.1,49.8,43.6,46.7,59.6,58.6,69.4,69.1,86.4,85,98.2,78.1,60.4,44.1,43.6,46.1,49.8,59.8,52.9,34.2,27,13.6,14.3,7.7
1703,평일,2,221,역삼,내선,23,17.8,22.1,29.6,41.8,52.8,56.5,46.3,40.4,32.6,31.5,29.2,36.9,37.9,43.8,43,47.7,45.9,50.6,63.9,64.9,81.9,80,109.1,107.8,124.7,98.7,76.1,55.3,51.2,53.9,58.9,74,61.1,40.4,33.8,16.1,16,8.1
1704,평일,2,222,강남,내선,23.5,14.9,18.9,25.8,33.2,43.3,42.2,34.9,28.7,28.8,29.2,29.1,37.8,40.3,44.9,45,47.5,49,54.8,72.3,71.1,90.8,86.6,118.2,123.7,131.4,110.2,89.8,67.9,61.9,66.3,74.5,93.8,79.9,53.5,46.7,22.8,21.4,10.7
1705,평일,2,223,교대,내선,21.9,15.4,18,26.5,34,43.9,40.1,32.9,25.7,28.1,28.2,25.8,37.2,38.9,40.8,44.4,46,47,55.1,71.7,71.2,90.6,87.6,112.2,134.5,133.5,123.2,97.6,71.1,69.6,70.3,78.1,102.7,89.4,64.3,50.1,24.8,23.4,12
1706,평일,2,224,서초,내선,21.3,13.4,16.9,24.6,29.6,38.3,31.3,27.1,20.5,23.8,25.5,24.4,35.7,38.4,39.5,43.7,45.3,47.5,56,74.3,73.5,94.1,89.8,117.6,139,140.9,125.7,99.6,72.4,71.3,72.1,78.9,102.1,91.1,65.2,50.6,24.8,23.4,11.9
1707,평일,2,225,방배,내선,21.5,13.4,17.1,24.8,29,37.8,28.4,26.3,19,22.9,24.5,24,35.1,39.3,38.4,43.7,46.2,47.3,57.5,75.4,75.5,96.7,90.8,117.4,141.6,140,135.5,104.3,73.7,71.9,75.1,77.2,97.9,98.8,65.8,52.4,29.4,23.3,11.8
1708,평일,2,226,사당,내선,18.9,15.5,16.2,23.9,28.1,39.6,32.2,27.8,19.2,23.6,23.1,20.4,32.1,34.7,35.7,41.1,42.7,44.8,51,64.9,68.6,81.2,83.2,98,120.5,123.2,123.4,100.9,69.6,66.1,67.7,73.5,92.4,95.9,72.6,56.8,31.3,25.4,19.1
1709,평일,2,227,낙성대,내선,20.9,15.9,17.2,24.1,29.9,41.3,33.5,28.7,20.1,21.1,23.2,20.4,31.3,32.4,35.9,40.1,40.1,44.3,49.2,58.6,67.9,79,78.9,92.7,117.4,112.9,110.6,100.1,65.1,57.7,66.3,69.1,82.2,94.7,66.2,51.8,28.3,23,16.7
1710,평일,2,228,서울대입구,내선,15.1,16.9,16.8,25,32,43.7,32.8,28.5,18.9,19.4,19.4,18.9,27.2,31.2,33.1,38.1,37.6,40.1,45.9,54.1,63.5,69.6,75.6,76.9,112.8,101.8,96.1,85.9,60.1,50.9,59.6,61.7,70.7,85.7,57.6,45,29.3,20.6,18.4
1711,평일,2,229,봉천,내선,20.1,18.7,18.2,27.7,36.2,48.8,37.4,31.9,20.5,20.3,19.7,19.5,27.4,31.5,33.2,38.3,37,39.4,44.6,52.2,60.3,66.8,72.4,73.6,106.4,96.6,88.9,79.1,55.2,44.6,57.5,57.6,65.7,79.9,55.5,41.3,26.9,18.8,16.3
1712,평일,2,230,신림,내선,29.8,22.2,21.2,29.2,42.8,60.9,45.9,37.7,22.8,19.8,21.8,20.6,24.4,31.6,32.4,37.4,34.7,37.1,39.9,46,52.1,58.6,65.2,62.2,89.8,78.8,70.3,62.8,42.1,34.5,44.6,45.1,50.5,65.5,43.8,30.9,22,11.7,9.9
1713,평일,2,231,신대방,내선,40.7,29.8,21.3,35.2,49.3,69.9,55.7,43.5,27.6,21.9,23.9,21.5,25.7,32.4,33.5,38.1,34.8,37.7,38.6,44.5,50.7,52.7,64.3,60.2,81.6,73.6,70.9,56.7,40.8,33.3,38.1,41.1,45.1,58.9,39.3,27.4,21.1,9.6,9.5
1714,평일,2,232,구로디지털단지,내선,61.3,38,26.5,43,57.6,79,53.9,44.5,31.8,22.7,25.5,24.9,28.8,34.6,39.1,41.5,36.9,41,40.6,44.1,54.1,57,67.4,71.2,84.3,90.6,79.6,56.9,42.1,33.7,36.8,40.3,42.8,55.4,36.4,28.9,19.4,8.6,7.9
1715,평일,2,233,대림,내선,94,52,30.4,47.9,63.2,88.7,63.4,51.1,35.6,23.4,30.2,27.1,30.7,37.3,41.6,43.9,37.6,42.2,40.6,43.3,52.5,55.9,64.6,68.5,81,89.4,79.8,51,38.6,31.2,31.7,35.9,36.2,48.4,32.3,24.7,17.6,8.3,6.8
1716,평일,2,234,신도림,내선,30.2,31.2,32.5,51.3,81.8,126.5,98.6,73.5,52.3,30.4,39,29.2,35.4,41.1,46.7,47,42.5,42.5,39.7,40.8,40.8,47.7,49.5,52.7,46.5,67.7,68.8,41,28.5,24.3,22.4,26,25.5,34.8,26.2,14.9,15,6.5,6.3
1717,평일,2,235,문래,내선,30.2,31.1,32.4,47.7,76.9,118.3,94.4,70.3,53.3,42.8,46.3,40.9,42.3,41.6,46.7,47.5,42.1,42.8,39.5,41.4,40.6,48.5,54,55.3,50.3,67.3,73.6,42.3,33.5,24.7,30.2,30.8,26.2,36,28.2,38.6,19,11.1,6
1718,평일,2,236,영등포구청,내선,31.4,30.5,31.1,48.8,76.7,114.4,88.3,68.9,51,41.9,49.1,40.7,42.3,43.3,46,44.7,42.7,43.1,39.6,39,37.5,46.9,53.1,54.2,50.9,67.7,72.1,39.4,30.6,23.8,27.8,28.8,25.4,33.5,25.3,32.9,17.4,10.1,5.5
1719,평일,2,237,당산,내선,30.8,29.6,30.9,50.2,71.4,111.9,93.3,69.9,56.1,44.1,53,44.2,45.5,46.6,49.3,47.9,48.5,42.5,41.6,41.1,38.7,49,59.3,54.1,54,72.7,72.6,40.3,33.2,22.7,28.1,28.9,24.7,32.1,24.3,32.3,16.9,10.2,5.2
1720,평일,2,238,합정,내선,28.5,28,30.8,45.3,66.8,105.2,86.3,63,51.7,39,51.2,39.7,41.4,43.4,45.8,43.8,43.1,39.8,36.7,37.1,32.2,40.2,48.7,41.1,45.1,56.8,51.2,32.5,25.2,17.4,20.5,24.6,20.8,26.2,22.2,26.4,14.2,9.7,4.5
1721,평일,2,239,홍대입구,내선,22.8,28.2,34.2,49.7,72.6,114.7,89.7,65.2,48.8,38.3,51.1,42.3,39.1,43.9,43.6,42.9,42.8,39.6,35.4,38.3,31.8,39.8,45.3,41.2,39.2,48.4,43,29,23.4,18.8,22.4,30.2,28.3,36.8,29.1,32.2,22.5,11.6,5.3
1722,평일,2,240,신촌(지하),내선,23.4,27.1,32.7,48.3,71,111.9,90.9,62.1,45.3,34.3,48.4,40.1,37.5,43.6,41.2,41.8,41.3,39.5,35.2,40.5,32.8,42.7,47.6,43.2,39.3,48.5,41.9,27.8,24.1,20.6,23.3,32.8,31.6,42.8,31.6,35.1,24,12.2,4.6
1723,평일,2,241,이대,내선,24,27.4,32.1,48.4,71.6,109.2,93,60.7,45.5,32,43.7,39.6,36.4,40.2,43.6,41.4,41.8,39.2,37.4,41,36.3,41.3,48.2,45.6,40.5,50.1,43.5,28.9,23.6,22.2,23,34.2,34.1,39.9,33.3,31.2,25.7,12.4,3.9
1724,평일,2,242,아현,내선,22,30.1,33.4,45.9,75.7,112.9,100.9,61.1,46.5,32.8,44.2,40.5,37.1,40.7,44.2,42.4,41.9,39.6,37.6,41.3,36.4,41.7,48.6,45.9,40.6,49.9,42.8,28.6,23.3,21.9,22.7,33.9,33.5,37,36,30.5,25.1,14.2,4.2
1725,평일,2,243,충정로,내선,23.2,30.5,33.8,46,71.1,112,98.8,61.2,49.9,33.2,42.8,41.9,38.3,41.9,45.2,43.6,42.8,40.7,38.8,42.9,39.2,41.2,50.4,49.1,46,54.6,46.1,29.9,25.5,22.4,22.3,34.6,33.4,37.3,36.1,30.5,25,14.1,4
1726,평일,2,244,용답,내선,20.4,17.6,18,24.5,42.4,71.3,80,45.6,32.5,18.2,17.2,14.4,14.1,14.3,15.6,15.2,14.2,14,14,13.4,15,15.5,19.8,23,21.7,21.9,12.1,8,6.9,5.5,4.5,5,4.3,4.2,2.3,2,1.6,1.1,0.4
1727,평일,2,245,신답,내선,14.9,15,15.6,22.1,36,61.1,61.8,38.4,31.7,16.5,16.2,13,13.3,13.3,14.7,14.6,13.9,13.3,13.2,14,13.7,14.4,17.7,21.9,19.5,22.1,12.1,7.7,6.7,5.4,4.7,5.5,4.8,5,2.9,2.2,1.8,1.5,0.5
1728,평일,2,246,신설동,내선,8.9,11.9,12,16,27.3,45.4,46.7,28.5,21.7,13.9,12,10.9,11,11,12.6,12.4,11.9,11.1,11,12,11.5,12.7,15.2,19.2,17.5,17.6,10.8,7.3,6.5,5,4.5,5.1,4.7,5.7,3.4,2.3,2,1.7,0.6
1729,평일,2,247,도림천,내선,5.7,10.7,10.1,14,23.2,30.1,24.1,16.7,13.6,10.7,11,11.3,11.6,12.4,14.2,15.9,16.4,16.9,18.7,22.1,27.4,29.6,38.2,45,66.5,84.4,102,77.9,51.9,37.7,36.2,31.7,33.7,31,34.7,24,16.9,8.5,4.4
1730,평일,2,248,양천구청,내선,6.9,10.6,9.9,14.5,24.7,30.3,21.8,16.6,12.6,10.4,10.3,10.5,10.5,11.3,12.3,13.7,13.5,14.2,15.1,17.8,21.7,23.8,30.6,35.2,53.2,68.7,80.4,59.7,39.9,29.2,27.9,24.1,25.2,21.7,27,20.5,15.5,7.3,2.9
1731,평일,2,249,신정네거리,내선,8,11.3,11.3,15.1,26.4,34,23.4,17,11.6,9.8,8.9,9.8,9.1,9.6,9.6,11.1,10,10.6,10.5,12.7,14.3,16,20.3,22,34.7,43.9,49.3,36.6,24,17.7,17.2,14.4,14.5,12.9,15.5,11.5,8.6,4.9,1.8
1732,평일,2,250,용두,내선,11.7,13.8,13.6,18.7,31.1,52.2,53.1,33.3,24.2,15.6,13.7,12,12.5,12.7,14.2,14.1,13.6,13.1,13.1,14.1,13.7,14.9,17.9,21.9,19.6,22.3,12.7,8.1,7,5.6,4.9,5.6,5.2,5.6,3.2,2.3,2,1.6,0.6
1733,평일,2,260,까치산,내선,0,0,0,0,0,0,0,0,0,0,0,0,0,0,0,0,0,0,0,0,0,0,0,0,0,0,0,0,0,0,0,0,0,0,0,0,0,0,0
1734,평일,2,201,시청,외선,9.4,18.5,12.6,25.1,40.7,41.8,33,25.3,24.9,31,21.9,31.5,33,30.2,35.7,38.3,36.2,37.6,40,41.9,48.4,54.6,49,71.9,76.2,115.3,99,64.6,49.9,54.2,63.5,45.9,50.7,67,49.9,31.6,24.1,13.3,8.4
1735,평일,2,202,을지로입구,외선,9.3,22.3,15.2,29.7,47.2,54.7,45.7,31.7,28.6,32.4,22.1,31.8,31,31.3,35.9,36.7,34.8,36.6,37.9,39.2,46.4,50.3,45.3,65.6,70.7,102.3,84.1,56.5,44.7,58.7,51.2,41.6,46.2,62,47.2,29.6,22.7,12.5,8.2
1736,평일,2,203,을지로3가,외선,14.3,26.6,19.1,39.3,63.8,74.8,73.2,41.9,38.5,37.5,25.9,36.7,32.2,32.9,38.1,36.9,36.1,36.8,37,37.4,45,44.9,44.3,59.3,59.8,83.4,72.3,46.9,38.4,45.1,40.3,34,41.2,48.5,38.2,22.2,19.8,11.1,5.6
1737,평일,2,204,을지로4가,외선,15.2,29.8,21.3,46.9,71.9,80.7,75.7,42.5,40.4,34.4,26.6,35.7,30.5,31.5,36.8,34.6,34.1,34.2,34.2,34.6,41.8,40.9,43.4,53.1,52.5,70.4,64,42,36,43.4,38.6,31.6,38,43.2,35.9,20.7,16.6,10.1,5
1738,평일,2,205,동대문역사문화공원,외선,15.1,30.6,22,60,78.7,89.3,77.2,46.7,43.2,34.4,29.9,37.7,31.9,33.4,39.5,36.9,33.3,36.5,34.9,36.4,42.7,40.2,44.2,51.4,50.1,68.3,63.8,41.1,35.9,43.3,38.5,31.5,38.2,43.3,36.6,20.9,16.3,8.8,5.2
1739,평일,2,206,신당,외선,19.2,26.4,21,58.7,72.2,88.1,70.7,45.6,44.5,35.1,33.1,39.8,35.6,35.3,43.3,41.1,37.2,41.9,38.8,41.9,51.3,43.6,53.1,58.4,58.3,79.6,82.5,51,47.3,56,49,40,46.6,50.8,43.9,25.1,18.7,9.6,6.1
1740,평일,2,207,상왕십리,외선,16.8,23.6,22.3,56.7,64.5,84.1,66.5,43.5,43.8,34.8,32.6,39.2,35.3,36,43.6,40.2,36.6,42.7,39.3,43,53.2,46.2,52.6,58.6,64,80.3,89.2,56.5,46.6,58.4,49.5,41.7,49.5,50.5,42.6,25.1,20,10.8,4.1
1741,평일,2,208,왕십리,외선,14.8,22.2,20.9,52.8,60.3,79,60.5,41.7,42.9,33.7,31.7,38.1,34.7,35.4,42.7,39.5,36.5,42.3,39.3,43.1,53.6,46.6,53,58.4,66.7,83.3,85.4,58.7,47.5,62.3,46,42.3,53.3,49.1,44.1,25.3,20.5,11.4,4.7
1742,평일,2,209,한양대,외선,11.1,12.9,13.1,35.7,37.1,50,33.2,26.4,28.9,20.7,23.7,27.9,24.7,27.2,31.1,30.6,28,33.2,32.4,35.8,45.1,39.7,44.2,50.3,55.8,75.8,73.2,49.7,39.7,58.2,40.4,38.4,46.7,43.2,36.7,20.7,16.4,8.9,4
1743,평일,2,210,뚝섬,외선,8.7,16.6,12.4,35.5,37.1,50.8,34.6,28.8,30.9,21.3,28.4,27.8,23,27.5,31.3,29.8,27.6,33,28.8,34.4,39.8,35,38.7,44.6,53.9,73.9,65.7,47,37.1,54.7,36.8,36.2,43.4,41.5,28,20.3,14.7,6.8,4
1744,평일,2,211,성수,외선,8.1,17.9,15.2,36.3,40.1,55.5,40.3,33.5,36.8,23.1,29.8,28.9,23.7,27.6,31.5,29.3,27.4,31.8,27.9,32.1,37.8,31.9,35.9,38.8,47.6,59.9,57.5,40.5,32.7,47.6,32.4,32,38.1,37.6,25.8,18.7,13.9,6.4,4.2
1745,평일,2,212,건대입구,외선,28.1,29.7,25.1,41.1,60.9,69.3,57.3,39.2,36.2,23.1,26.7,33.4,27.3,31.3,35.3,30.6,30,32.2,29,32.4,37.3,37,43.6,47.1,45.9,51.4,46,34.5,25,27.5,26.4,27.4,35.5,34.9,22.8,17.1,13.5,5,4
1746,평일,2,213,구의,외선,23.5,21.1,23.1,37.3,49.6,57.3,39.3,33.3,29.8,17.9,24.1,32,23.8,28.5,32.5,28.2,28.6,30.4,28.3,33.8,38,38.3,46.2,53,48.1,61.6,57.6,40.7,31.3,32.9,29.6,33.3,42.2,39.5,25.3,17.8,13.7,6.4,3.8
1747,평일,2,214,강변,외선,15.4,22.7,22.2,31.9,41.9,48.4,33.3,28.6,26.8,16.9,22.3,29.9,22.5,26.8,30.6,26.5,27.7,29.3,27.7,33.6,37.9,37,44.1,50.3,49.6,63.3,60.8,43.4,32.8,35.6,31.3,36.4,46.3,42.8,22.9,18.9,14.9,7.1,5.1
1748,평일,2,215,잠실나루,외선,18,21.5,20.7,28.2,35.8,43.2,28.9,24.7,24.7,14.8,20.2,27.2,20.9,26.8,29.1,25.7,28.1,28.8,27.9,35.8,37.1,40.6,45.4,51.5,52.9,65.8,63.9,44.5,33.4,37.2,32.7,38,46.2,47.6,24,20.4,14.8,6.3,6.1
1749,평일,2,216,잠실,외선,17.6,24.6,20.1,28.4,34,42,26.3,23.8,24.9,15.1,20.6,25,20.5,27.1,29,25.8,27.8,29.5,27.8,35.9,36.3,39.4,44.1,50.7,52.1,66.4,63.7,45.7,32.1,42.4,33.4,40.3,47.8,49.2,25.1,21.2,15.6,6.6,6.6
1750,평일,2,217,잠실새내,외선,13.8,25.6,18.5,23.6,28.9,36.5,28.5,26.7,27.9,16.9,23.1,26.6,24.8,30.8,32.1,28.8,32.5,32.9,33.1,43.8,42.7,47.4,56.6,65.1,70.3,89.1,85.4,64.9,43.9,44.3,39.4,45.4,57.7,59,35.5,29.6,23.3,9.8,8.7
1751,평일,2,218,종합운동장,외선,11,22.4,17.3,21.4,23.8,31.7,24.7,25.1,24.1,16,23.6,25.1,24,29.2,29.5,29.1,32.6,32.6,33.5,44.1,42.4,47.8,57.4,65.3,74.6,91.6,88.4,66.1,45.6,46.3,37.5,49.9,54.5,59.4,34.1,30.9,23.5,9.8,9.4
1752,평일,2,219,삼성,외선,11.3,23,17.8,21.6,24,32.7,24.2,24.2,22.5,16.5,22.5,23.6,24,29.7,27.9,28.9,32.3,32.9,33.2,44.2,41.6,50.1,59,66.4,77.8,105.8,84.1,67.2,46,48.5,40.4,52.4,55.6,61.6,32.5,31.4,17.9,10.5,9.2
1753,평일,2,220,선릉,외선,29.2,30.8,24.8,35.4,42.1,54.1,50.3,45.1,42,27.8,33.5,30.5,30.2,34.7,33.4,33.3,37.5,34.6,34.2,43.1,40.6,46.7,54.2,55.3,70.2,89.6,71.5,58.3,40.1,39.4,33.7,44,45.9,52.8,29.8,29.3,17.2,10.2,5.6
1754,평일,2,221,역삼,외선,54.9,35.4,34.9,51.4,61.5,78.5,73.7,73.2,56.6,38.8,48.2,39.6,39.6,43.9,43.3,42.5,49.7,42,41.6,50.9,47.8,52.4,58.5,62.2,73.8,95.6,73.6,59.6,43.1,44.5,37.2,49.7,52,53.4,31.4,33,19.9,11.1,6.6
1755,평일,2,222,강남,외선,63.5,41,43.8,64.2,84.2,102,103.4,100.5,83.1,51.5,59.7,44.6,44.3,47.9,46.3,47,53.8,42.8,42.3,48.8,45.6,45.5,56.8,51.8,59.1,74.8,62,48.1,37.2,38.3,32.6,43.6,44,50.6,29.6,31.1,19,9,7.2
1756,평일,2,223,교대,외선,80.4,50,54.8,87.3,98.9,118.3,120.4,125.3,98.9,63.8,70.1,48.9,48,50.1,49.5,48.2,58.8,44.5,44.9,48.3,45.9,43.3,51.4,49.3,53.2,65.9,58.9,39.9,34.2,31.3,27.1,36.1,31.5,36.7,25.8,23.6,16.5,7.6,7.3
1757,평일,2,224,서초,외선,84.9,57.6,60.9,94.6,106.8,128,133.6,136,94.9,68.4,70.9,48.8,47.7,50.6,50.4,48.7,58.2,44,43.1,46.1,44.1,41.8,50.2,46.1,49.3,58,56.1,37.4,31.4,28.8,24.7,36.2,29.4,32.2,25.3,23.1,16.4,7.9,7.3
1758,평일,2,225,방배,외선,88.1,61.6,62.5,101.2,111.9,133.7,143.4,141.6,95.5,72.2,71.8,48.7,46.8,49.9,48.9,50.8,52.3,42.8,40.5,41.6,40.6,42.7,44.5,41.3,45.3,48.5,53.9,33,29.6,26.4,22.6,33.4,28.3,29.5,24.7,22.3,14.9,8,7.5
1759,평일,2,226,사당,외선,89.6,63.2,63.4,101.7,116.4,136.9,148,154.8,81.8,71.7,73.9,49.1,48.2,53,47.7,51.4,51.5,42.2,40.2,42,38.9,41.7,43.4,40.1,44.9,45.1,53,31.6,28.9,25.3,23.5,33.3,28.2,26.4,26,22.9,15.5,9,5.5
1760,평일,2,227,낙성대,외선,81.9,62.5,61.2,98.9,108.2,130.4,126.7,134.2,68.9,64.7,62.1,41.8,45.4,48.9,42.9,47.9,45.1,37.2,35.8,38.7,36.8,42.4,39.5,39.7,42.8,48.2,49.8,31.5,30.2,23.8,24.2,32.3,27.9,25.9,25.9,22.6,15.6,8.1,6.1
1761,평일,2,228,서울대입구,외선,77.1,59.2,57,88.5,103.2,119.4,120.7,124.9,64.8,61,58.8,39.8,43.6,46.3,40.8,46.7,43.4,34.8,35.5,37.1,35.8,41.2,38.8,37.8,42,48.6,49.2,32.4,31.3,23.9,24.7,34.2,29.2,25.6,27.8,23.1,15.5,9.2,7.8
1762,평일,2,229,봉천,외선,73.6,54.5,53.4,77.2,89.5,104.3,108.6,107.6,57.5,55.3,50.6,37.6,40.7,41.5,36.5,41.7,39.2,31.5,33.1,33.3,33.1,37.3,35.7,34.9,40.1,46.2,50.3,31.9,32,23.9,23.2,32.5,28.2,24.2,26.1,23.1,15.6,9.9,6.8
1763,평일,2,230,신림,외선,67.6,47.3,51.5,69.1,83.7,96.2,96.1,102.6,53.6,52.2,46.1,36.3,38.7,40.4,35.3,40.5,37,30.7,33,32.3,33.3,37.6,35.8,35.5,41.5,48.6,54.3,33.1,36.7,25.3,24.7,34.3,30.2,25.9,28.7,25.3,17.2,11.2,8.7
1764,평일,2,231,신대방,외선,51.4,37.7,41.3,52.6,65.8,71.3,72.8,77.5,40.2,43.1,36.4,30,32.9,31.8,30.3,35.8,31.2,28,29.1,29.4,29.3,36.8,33.3,36.2,41.1,55.1,63.1,41.6,35.9,29,31.8,36.5,36,30.8,36,31.3,23,15,13.1
1765,평일,2,232,구로디지털단지,외선,42.6,32.3,39.7,49.4,59.7,65.2,64.4,67.8,36.8,40.4,33,28.7,31.9,30.9,29.9,35.2,30.5,28.3,30,30.4,30.9,40.6,31.6,40.5,47.2,59.7,71.1,47.4,41,31,36.4,41,41.2,38.2,40,33.7,27.3,17.3,15.7
1766,평일,2,233,대림,외선,34.4,28.9,38.4,46.3,59.8,72.9,75,69.6,44.2,39.4,34.5,29.7,33.1,32.2,30.7,37.8,33,29.4,34,33,35.4,42.2,35.2,43.1,50.9,58.5,76.6,52.6,45.7,34.7,42.4,46.8,48.5,45.2,47.8,38.4,33.4,15,19.7
1767,평일,2,234,신도림,외선,26.3,27.9,31.9,42.7,51,69.6,67.5,49.4,33.1,27.7,28.6,25.4,33.5,32.1,30.8,37.5,33.9,30.5,35.8,35.2,38.4,45,38.7,44.9,59.8,66.8,77.8,50.5,33.4,33.3,48.1,43.6,37.5,53.2,56.3,33.5,23.1,12.6,8.1
1768,평일,2,235,문래,외선,25.3,37.2,38.3,43.1,77.9,76.7,50.1,32.6,23.6,23.3,22.2,23.2,29.5,29.8,29.3,36.1,29.8,33.1,37.4,38.7,40.5,56.3,53.6,68.4,75.4,96.1,97.6,65.9,43.9,45.5,64.7,61.9,52.4,71.3,64.4,54.4,24.2,14.4,8.6
1769,평일,2,236,영등포구청,외선,23.7,35.8,36.6,41.7,79.3,82.2,55.1,36.1,25.8,23.5,22.6,23.4,29.5,29.4,29.2,35.5,30.2,32.7,37.1,38,40.4,55.2,53.1,65.8,72.1,91.8,97.1,66.5,40.4,44.9,67.8,55.8,51.2,73.2,57.9,53.2,20.8,16.4,9.1
1770,평일,2,237,당산,외선,19.2,31.9,30.4,35.3,75.1,75.2,49.8,31.3,22.5,23.9,19.3,21.4,27,27.6,27.4,33.9,29.6,31,35.9,35.9,39.1,53.4,51.5,63.1,68.8,82.9,96.3,65.3,42.2,45.7,72.7,56.3,53.3,80.5,62,56.2,23.7,17.5,10.9
1771,평일,2,238,합정,외선,23.3,31.3,29.2,38,76.6,76.6,51.9,30.3,22.5,23.2,17.4,25.3,26.7,27.8,28.7,36.8,30.3,34,35.7,39,43.2,60,50.8,66.9,70.6,91.6,96.6,63.9,49,47.9,77.8,63.8,54.3,87.2,67,49.6,29,18.2,13.3
1772,평일,2,239,홍대입구,외선,13.6,20.9,18.7,25,48.9,49.8,33.9,21.3,17.3,19.2,16,23.1,23.9,24.9,26.3,32.9,28.4,31.5,34.1,37.6,41.4,55,47.8,65.1,64.3,88.9,89.9,58.2,45.4,46.8,72.1,53.3,51.5,78.6,54.7,44.5,27.2,13.7,12.6
1773,평일,2,240,신촌(지하),외선,14.4,15.7,14.4,20.1,35,37.6,28.2,17.6,18.9,22,16.7,26.4,30.2,27.8,32.2,37.9,33.1,36,40.5,41.5,49.5,60.2,50.6,72.9,71.3,104.3,99.8,62.9,48.8,50.2,72.8,50.3,49.3,70.7,50.9,37.4,23,12.7,9.4
1774,평일,2,241,이대,외선,13,15.9,13.1,21.9,35,38.9,30.2,20,22,25.2,18.9,28.1,32.1,27.6,33.7,37.8,33.7,35.4,40,39.2,48.1,56.1,48.8,72.5,69.5,105.3,102.2,61.4,49.4,50.1,65.7,45.3,45.3,60.9,47.6,34.2,22,12,9.6
1775,평일,2,242,아현,외선,11.8,15.8,12.8,21.4,35.7,39.1,30.9,23.2,24.8,27.7,21.1,29.6,33.7,29.7,34,38.7,34.8,35.8,39.2,41.2,47.4,56.2,47,71.1,71.9,109.2,104.1,61.9,49.9,50.6,66.1,45.4,46.1,65.7,49.3,31.9,23.4,12.7,10.5
1776,평일,2,243,충정로,외선,9.8,18.1,11.8,21.8,34.8,37.9,29.5,23.2,23.8,27.9,21.2,30.1,32.3,29.8,34.6,37.3,35.2,36.9,39.2,41.5,47.5,57.7,47,72.8,75.4,112.5,97.8,64.9,50.2,53.2,67.7,46.5,47.5,65.8,48.8,30.9,23.3,12.9,8.1
1777,평일,2,244,용답,외선,2.2,3.7,6.1,6.3,9.1,14.7,15.5,11.6,10.9,9.8,9.1,9.9,8.4,9,11,11.6,11.6,11.8,12.9,14.7,16.8,19.2,22.8,32.4,38.7,65,43.6,25.5,22.6,24,18.5,19.5,19.2,17.9,12.8,9.3,6,3.1,2.3
1778,평일,2,245,신답,외선,2.6,3.6,6.4,7,10.4,15.8,16.5,12.2,11.6,10.2,9.3,10,8.4,8.8,10.9,11.6,11.3,11.5,11.9,12.6,14.4,17.3,21,28.9,35.5,47.4,42.2,24.6,18.9,20.4,17,16.5,16,14.9,10.7,8.5,4.8,2.4,1.8
1779,평일,2,246,신설동,외선,0,0,0,0,0,0,0,0,0,0,0,0,0,0,0,0,0,0,0,0,0,0,0,0,0,0,0,0,0,0,0,0,0,0,0,0,0,0,0
1780,평일,2,247,도림천,외선,30.5,32.5,56.4,67.8,104.2,112.8,85.7,60.6,43.2,28.2,25.4,20.8,20.8,20.4,20.7,20,18.2,16.8,15.8,16.8,17.5,18.4,20.9,24.5,30.4,34.8,31.7,19.9,14.3,12,10.4,9.9,9,9,7.9,7,3.7,1,0.8
1781,평일,2,248,양천구청,외선,30.8,31.9,55.7,67.1,103.7,113.1,86.5,60,43,27.6,24.8,20.3,20.4,19.8,20,19.6,17.7,16.2,15.2,15.4,17,17.6,20.3,23.2,30,33.9,31.6,19.4,14.3,11.9,10.4,9.7,9,9,7.9,7,3.9,1,0.7
1782,평일,2,249,신정네거리,외선,24.2,24.7,40.8,51.3,80,91.4,59.7,43.5,29.2,19.7,18.7,15.4,15.7,17,15.3,16.4,14.5,13.5,13.3,13.7,15.4,16.7,18.1,25.4,28,34.2,24.8,18,11.9,10.5,10.3,9.9,8.1,8.5,7.5,5.7,2.8,0.7,0.5
1783,평일,2,250,용두,외선,2.5,3.2,5.6,6.6,9.4,14.7,14.3,10.7,9.6,8.2,7.5,8.4,7.2,7.5,9,9.9,9,10,9.7,10.7,11.9,15.2,18.3,23.2,31.2,43.4,36.1,20.8,16.3,17.5,14.6,14.4,13.8,13,10.3,7,3.9,1.9,1.2
1784,평일,2,260,까치산,외선,12.5,15.3,24.8,31.9,56.2,58.2,37.8,27.8,19.6,12.5,12.4,10.3,10.8,11.8,10.8,12.2,11.2,10.3,11.2,12.2,13.8,14.8,16.6,24.5,27.7,34.9,28.1,20.3,12.5,10.6,10.4,10.2,8.9,7.9,8,5.7,2.9,0.7,0.6
1785,평일,3,309,지축,상선,20.3,13.6,11.7,17.4,15.3,25.2,17.4,15.5,17.7,11.7,15.8,17.9,18.1,18.7,22.6,22.3,24.9,23.2,30.4,35.3,36.1,33.6,48.4,47.9,66,113.5,102,82.8,65.1,38,45.3,45.8,33.2,37,39.5,33.1,30.7,32.1,0
1786,평일,3,310,구파발,상선,20.3,10.6,7.6,8.9,13.1,13.4,8.9,7.6,10.7,8,9.3,10.7,13,11.4,23.3,22.7,18.8,13.1,23.9,28.4,36.6,34.4,27.3,50.6,57,60.1,54.7,48.9,35.6,29.4,23.9,29.7,25.8,23,21.6,27.1,9.9,8.7,0
1787,평일,3,311,연신내,상선,20.6,12.9,9.5,11.1,15.3,16.8,10.6,10.8,13.1,11.1,12.4,14,16.7,18.8,23.7,27.8,23.8,22.6,25.2,35.9,44.1,40.6,40.5,55.9,66.3,72.9,76.7,50,45.3,34.8,35.2,29.9,33,27.9,32.6,26.5,17.1,8.5,3.6
1788,평일,3,312,불광,상선,18,13.6,10.3,11.9,16.2,18.4,12.3,11.8,15,13.5,13.8,16.6,19.7,22.5,29.1,31.1,28.3,26.9,30.9,43.7,55,49.4,48.2,75.2,83.8,92.5,98.3,65.6,58.7,44.2,44.6,37.3,42.2,36.6,41.4,31.2,23,12.2,6.7
1789,평일,3,313,녹번,상선,16.8,11.6,8.6,11.3,14.6,15.2,12.5,11.7,14.6,12.9,13.1,16.1,19.5,22.6,30.4,30.2,27.4,26.9,32.1,46.5,54.9,48.9,49.3,76,85.3,94.7,97.3,70.1,57.1,45.1,45.9,37.8,43.1,37.4,43.1,32.2,24.3,13.2,7.9
1790,평일,3,314,홍제,상선,15.4,11.2,8.1,10.6,13.6,14.4,12.4,11.6,14.4,12.5,12.9,16.8,19.8,23.6,31.3,30.7,27.9,28.3,35,49.2,58.4,52.5,55.9,92.1,94.4,110.2,101.5,79.4,63.7,52,49.1,43.3,47.5,41.9,48.3,36.4,27.6,15.2,9.6
1791,평일,3,315,무악재,상선,13.2,11.6,8.2,10.8,13.1,14.7,12.7,12.2,15.6,13.4,13.7,18.3,21,24.6,33,32.2,29.7,30.2,37.7,56.1,61.8,56.4,60.2,98.8,101.8,118.5,107.2,85.8,68,55.3,52.8,47,49.7,48.8,52.5,36.3,28.6,13.4,10.5
1792,평일,3,316,독립문,상선,12.4,10.8,8.3,10.7,13,15,12.2,13.3,15.2,13.5,13.8,18.5,21.2,24.9,33.3,32.8,29.8,31.3,39.2,62.2,61.1,58.2,61.5,100.8,103.7,120.6,109.6,88.2,69.7,56.6,54.2,50,49.6,50.1,54.2,37.6,26.8,14,11
1793,평일,3,317,경복궁,상선,12.9,10.3,8.9,11.9,13.8,16,12.7,14.1,16.2,13.9,15.1,19.3,22,27.3,34.7,33.9,29.4,31.7,41.7,61.7,61.6,59.2,66.2,108.3,104.9,122.9,107.6,88.3,70.8,57.3,54.9,50.8,50.4,51.1,55.5,38.4,27.7,14.7,6.6
1794,평일,3,318,안국,상선,13.5,12,11,15.4,19.4,26.8,28.3,27.4,31.3,23.2,25.3,29.9,32.5,36.9,46.3,43,37.1,37.4,47.8,67.3,65.5,60.9,68.1,105.6,106.2,117.3,107.2,88,66.2,55.9,52.4,50.5,49.4,50.5,55.7,38.5,27.9,14.9,6.9
1795,평일,3,319,종로3가,상선,13.8,14.3,16.6,25.1,34.5,38.3,42.3,39.4,40.2,33.6,37,41.1,43,46,57,51.2,42.8,43.4,52.9,70.5,66.9,60.1,67.7,101,101.8,112.9,100,84.2,64.5,53.4,49.4,49,45.9,50.5,53.4,37.9,24.8,14.1,7
1796,평일,3,320,을지로3가,상선,7.6,9.8,12.2,20.7,27.3,34,37.2,34.2,33.6,27.8,31.9,35.9,36.3,41.3,48.3,43.3,36.3,37.2,45,57.2,52.6,49.7,55.8,76.9,84.7,93.4,81.7,68.7,52,44.3,39.2,40.2,36.7,40.7,42,26.8,19.7,11.7,5.9
1797,평일,3,321,충무로,상선,8.4,9.1,12,20.8,30.3,41.3,43.5,37.1,32.4,27.8,31,34.4,35.2,39.8,45.7,40.5,34.4,35.2,44.5,53.5,49.5,45.3,51.5,68,74.5,76.9,72.1,61,44.5,39.2,33.2,34.7,30.5,36.5,35.8,22.7,16.5,10.3,5.3
1798,평일,3,322,동대입구,상선,8.1,8.2,11.4,20.3,32.5,44.7,43.6,38.7,31.7,28.6,29.7,37,35.8,42.8,49.1,43.8,36.4,37.6,47.9,57.9,53,48.2,58.5,72.3,80.4,79.3,82.3,71.1,51.4,45.6,38.5,37.4,33.6,39.1,39.8,23.4,16.1,10.7,5
1799,평일,3,323,약수,상선,7.8,8.5,11.6,22.1,33.3,46.8,48.5,41,35.2,29.5,31.2,37.9,37.5,43.5,49.8,42.5,36.3,36.7,45.9,54.7,50.6,44.9,56,68.9,74.2,75.8,80.8,67.5,48.5,42.6,33.5,34.9,29.8,35.9,37.5,22.4,15.9,10.6,5.2
1800,평일,3,324,금호,상선,9.8,8.3,11.7,22.1,33.7,48.7,49.2,42.4,37.8,31.4,33.2,41.9,39.5,46.8,54.6,45.4,39.1,40.4,50.4,60.6,54.7,50.7,65,79.3,86.9,92.1,93.4,80.3,56.4,50.7,39.3,40.8,36.4,42.8,41.3,26.1,19.1,13.5,6.6
1801,평일,3,325,옥수,상선,8.5,7.6,10.6,20.8,31.9,48.7,43.6,41.9,35.5,30.1,33,40.9,39.1,48.3,52.3,42.2,39.5,41.5,52.6,61.3,55.7,51.4,65.9,80.3,87.6,95.4,95.5,82.1,57.7,51.8,40.3,41.8,37.5,44,42.5,26.9,18.2,12.4,3.7
1802,평일,3,326,압구정,상선,7.4,8.2,11.8,20.7,31.8,47.9,41.8,41.6,35.8,30.7,34.1,42.2,40.8,51.2,55.2,45.3,42,46.2,57.5,71.6,61.3,57.2,75.5,90.4,98.4,109.2,104.9,87.7,63.1,57.3,44.1,48.7,40.9,50.3,47.6,30,19.6,13.2,2
1803,평일,3,327,신사,상선,7.2,9.9,12.9,23.2,36.3,53.5,49.6,52.9,44.1,34.8,39.1,46.7,44.4,55.7,54.1,46.1,43.5,45.7,56.8,68.5,58.4,54.5,76,86.6,88.6,101.3,96,76.8,55,49.3,38.9,42.7,36.9,46.3,36,26.8,16.7,12.4,2.2
1804,평일,3,328,잠원,상선,7.5,10.5,13.1,23.4,34.4,50.4,50.9,59.9,50.7,33.5,36.8,40.9,39.8,51.9,48.6,41.8,38.3,41.9,50.9,58,49.2,46.5,65.9,72.2,73.8,80.8,78.1,54.7,42.5,37.3,30.1,32.4,27.6,35.3,27.2,19.7,12.4,9,2.4
1805,평일,3,329,고속터미널,상선,7.6,11.8,13.5,23.1,34,49.6,50.3,59.2,50.5,33.1,36.4,40.4,39.8,51.7,46.9,42.1,39,42.5,51.3,58.3,49.5,46.5,65.8,71.9,74.1,82.1,77.7,55.4,42.9,36.9,31.2,32.7,28.1,36.4,28,20.4,12.9,9.4,2.7
1806,평일,3,330,교대,상선,8.3,12.8,17,28.1,37.4,51.7,46.4,53.6,41.3,33.3,39,44.2,43.1,54.7,50.2,45.5,41.2,46.4,59.1,65.9,53.8,58.3,79.3,87.7,88.2,105.5,93.5,65.8,48.1,39.8,34.1,38.3,33,43.3,33.5,22.1,12.8,10.8,3.1
1807,평일,3,331,남부터미널,상선,7.9,9.8,15.9,27.5,35.2,49.4,45.8,45.2,36.4,30.1,34.4,37.8,36.5,44.9,40.8,36.2,32.5,36.5,45.3,53.1,41.4,46.9,65.3,72.4,73.6,87.7,73.4,51.1,36.1,31.7,26.3,29.5,26.8,36.1,23.1,17,9.2,7.7,2.5
1808,평일,3,332,양재,상선,8.3,10.8,16.7,28.1,38,50.4,50.6,43.6,33.2,29.7,31.8,32.6,33,38.5,35,29.8,27.4,32.2,38.8,42.4,33.3,41.8,54.1,57.2,55.1,67.6,61.6,41,28.9,24.5,21.3,23.6,20.6,28.8,17.8,13.2,8,5.2,1.2
1809,평일,3,333,매봉,상선,9.2,11.3,16.5,28.4,41.5,52.9,57.7,45.3,33.7,27.4,28.3,27.8,28.1,32.5,29.4,24.4,22.3,24.3,29.4,31.5,25.3,30.3,37.9,39.9,34.5,39.9,37.2,23.2,16.7,14.1,12.5,13.8,11.9,19.4,12.7,9,6,3.9,1.3
1810,평일,3,334,도곡,상선,8.5,12.3,15.8,27.3,43,54.3,60.7,42.4,33.3,26,27.3,26.4,27.1,30.2,28.1,22.4,20.9,22,26.9,28.7,23.2,27.4,34.9,34.9,30.3,32.6,30.8,20.4,14.7,12.2,11.1,11.7,10.2,19.4,11.7,7.7,5.5,3.7,1.4
1811,평일,3,335,대치,상선,7.3,10.1,16.2,24.5,40.8,47.2,53.1,37.2,28.9,22.6,23.3,22.6,23,26.2,24.3,19.5,17.7,19.3,22.8,23.6,18.9,24,26.8,32,25.9,27.9,24.7,16,12,9.9,9.3,9.7,8.5,16.4,8.5,6.3,4.8,3.1,1.3
1812,평일,3,336,학여울,상선,6,8.8,13.8,21.1,36.5,43.2,50.5,33.2,27.2,20.8,21.5,20.6,21.2,24.4,20.4,18.1,16.6,18.7,21.1,22.6,18.1,23.1,26.3,29.7,24.1,24.9,23.3,13.6,10.2,8.1,8,7.5,7.1,8.7,6.6,5.4,4.5,3,1.4
1813,평일,3,337,대청,상선,7.7,7.5,13.2,24.3,36.6,45.7,46.5,32,26.1,20.6,21.3,20,21.6,23.9,20,17.6,16.1,18.2,20.3,21.8,17.5,22.7,25.1,28.4,22.8,25.9,20.8,13.3,10.1,7.9,7.9,7.3,7.1,8.9,6.6,5.4,4.5,3,1.5
1814,평일,3,338,일원,상선,7.1,6.1,12.3,21,33,40.4,43,29.4,21.5,18.4,19.1,17.9,19.5,21.6,18.1,16,14.6,16.5,18.6,19.1,15.8,19.7,22,25.9,19.3,22.1,18.5,11.8,9,7,7.7,6.5,6.6,8.3,6.5,5.3,4.5,3.2,1.7
1815,평일,3,339,수서,상선,7.1,5.5,13.2,21.5,29,42.2,37.4,28,18.9,17,16.8,14.8,16.8,18.1,14.5,14.4,13,13.9,15.2,14.6,12.1,14.5,16.9,18.2,15.6,20.9,16.9,10.4,8.2,6.5,7.3,6.1,6.5,7.3,6.5,5.2,4.1,2.3,1.8
1816,평일,3,340,가락시장,상선,12.6,20.9,22,29.4,39.8,47.2,40,27.5,19.4,15.5,14.3,13,16.3,16.6,12.7,13.1,11.6,13.9,14.4,13.2,11,18.3,17.8,20.1,22,22.9,15.6,10.5,7.8,6.4,7.1,6,6.3,7.8,6.4,4.4,3.3,2.1,1.7
1817,평일,3,341,경찰병원,상선,9.6,12.8,15,18.4,28.1,29.8,25.3,18,10.7,9.7,9,8.5,10.2,10.4,8.1,8.3,7,8.3,9,7.5,6.6,12.4,10.3,12.3,12.2,14.2,8.5,5.6,4,3.2,3.7,3,3.3,4.4,3.3,2.5,1.7,0.8,0
1818,평일,3,342,오금,상선,7.9,10.1,11.7,14.5,22.7,24.9,22.3,15,8.7,7.6,7.1,6.3,7.9,7.9,6.4,6.6,5.6,6.1,6.6,5.5,4.9,9.2,8,8.9,8.9,9.4,6.5,4.2,3.1,2.3,2.9,2.3,2.4,3.4,2.5,2.1,1.4,0.6,0
1819,평일,3,309,지축,하선,41.5,36,57.4,89.7,90.7,113.8,80.5,79.4,44.4,49.2,41.1,40.8,30.8,35.1,31.6,28,28.9,25.3,24.5,25.1,24.6,24.7,30.2,28.7,28.3,30.5,28,18.8,14.9,10.7,11.8,11,8,10,10.1,6.6,5.3,1.7,3.4
1820,평일,3,310,구파발,하선,18.1,27.6,40.5,60.8,63,83.9,62.7,44.3,42.3,44.2,37,35.4,23.3,32.8,29.3,34.6,27,23.2,19.3,24.8,32,26.6,25.7,18.8,26.7,18.8,18.1,11.7,9.7,10.2,8.7,8.6,10.5,10,9.4,7.3,3.9,1.4,3.6
1821,평일,3,311,연신내,하선,26.5,33.4,41.9,62.7,73.7,92.7,69.5,57.9,45.8,45.9,45.4,33.3,27.6,33.9,31.7,36.6,28.5,25.1,19.4,24.9,30.7,29.8,22.6,17.9,20.9,16,16.9,12.3,8.8,8.1,8,8.3,9.6,8.7,8.2,6.9,3.4,1.7,2.9
1822,평일,3,312,불광,하선,34.8,37.1,50,65.5,91,112.4,82.9,68.7,56.9,48.8,51.2,37.9,33.7,35.2,36.4,42,33.2,29.8,22.8,27.2,34.2,34.6,25.8,21.5,24.5,21,19.4,14.4,10.3,9.5,9.2,9.4,11.4,9.6,9.2,8.1,4.7,1.9,3
1823,평일,3,313,녹번,하선,40.9,41.5,56.9,75.8,102.5,126.4,97,76.6,64.8,53.7,54.9,40,38.2,38,39,45,35.2,31.2,23.8,28.1,34.2,35.9,26.5,22,24.9,22.2,18.6,15.4,10.3,9.6,9.3,9.2,10.4,8.7,9.3,7.6,4.5,2.3,2.7
1824,평일,3,314,홍제,하선,46.6,43.4,55.9,79.9,109.4,138.4,103.8,83.4,69.6,59.3,59.3,44.2,40.8,37.7,45.1,48.7,42.2,31.7,26.9,28.2,36.5,38.5,30.7,23.4,28,23.5,19.3,15.3,10.5,9.9,9.1,9.9,10.7,8.8,8.8,8.6,4.4,2.1,2.3
1825,평일,3,315,무악재,하선,47.8,44.3,57.2,81.9,113.5,135.6,113.7,86.5,71.9,61.8,60.5,45.2,41.1,39.5,45,49.6,42.9,32.2,27.3,28.6,36.8,39.9,32,23.9,27.2,23.9,20.4,14.9,10.5,9.8,9.3,10,11.2,8.9,8.7,8.6,4.4,2.1,2.1
1826,평일,3,316,독립문,하선,33.8,45.9,57.8,82.2,109.7,135.6,114.1,87.2,74.4,62.2,61.3,48.3,41,40.6,45.8,51.9,44.6,32.1,29.9,28.2,37.8,42.2,33.3,24.9,28.4,25,20.8,15,12.1,9.7,9.5,10,11.4,9.1,8.8,8.6,4.3,2,1.9
1827,평일,3,317,경복궁,하선,34.1,43.2,55.6,78.1,106.1,127.4,110.3,84.1,73.8,61.6,64.1,52.9,44.6,46.5,48.5,59.7,52.9,40.6,38.5,39.2,50.2,60.8,49.5,38.6,40.5,43.8,30.1,22.2,16.8,14.6,14.1,16.1,17.6,14.2,13.5,11.8,5.9,2.4,2
1828,평일,3,318,안국,하선,33.7,41.3,51.5,71.6,95.3,119.7,99.5,79.3,70.9,59.6,62.3,52.1,46.5,49.1,49.9,64.4,60.6,51.4,44.3,49.3,62.7,82.6,65,53.4,58.2,65.4,41.7,30.8,22.9,21.1,19,22.7,22.5,19.7,16,13.4,8.1,2.8,1.8
1829,평일,3,319,종로3가,하선,27.9,33.1,40.4,56.6,73.5,90.8,83.3,65.7,56.1,48.6,48.9,42.4,36.8,39.4,40.2,52.6,52.1,44.1,38.3,43.2,51.7,72.4,61.1,46.1,50.4,61.1,41.3,28.5,20.9,19.1,17.9,20.7,20.7,19.1,16.4,13.1,9.2,2.9,2.4
1830,평일,3,320,을지로3가,하선,23.8,28.4,31.1,43.6,55.2,70.6,65.2,55.7,48.8,43.3,44.3,39.1,34.3,36.3,36.9,50.2,49.9,42.7,37.2,41.5,50.8,70.1,58.5,47.7,52.9,67.9,47.2,30.9,22.7,20.7,20,23.1,23.4,24.3,18.4,15.9,11.8,3.8,2.8
1831,평일,3,321,충무로,하선,22.1,34.4,34.4,50.3,59.6,75.3,68,64.8,54,49,48.4,42,35.7,38.6,40,53.4,55.7,46.4,37.9,45.1,53.6,74.9,61,50.3,56,70.7,52.8,32.9,25.8,21.2,21.1,24.2,24.7,26.9,19.4,17,12.4,4.4,2.7
1832,평일,3,322,동대입구,하선,22.2,32.7,33.3,47.3,57.7,71.8,59.5,63.1,49.5,42.8,44.1,39.8,31.2,36.2,38.5,45.6,53.8,47.9,38.9,45.2,52.5,76.2,63.4,52,56.9,71.9,53.9,34.9,26.3,22.7,22.1,26.4,26.5,28.8,20.3,17.5,13.9,5.3,2.6
1833,평일,3,323,약수,하선,29.7,38.2,38.5,57,68.5,86.7,73.5,75,57.9,48.7,49.4,43.6,36.4,40.1,42.4,49.3,59.9,52,41.8,48.8,55,74.8,69.6,55.5,55.2,75.9,59.3,36.8,28.1,24,23.1,27.4,27.7,31.1,23.5,19.4,14.8,5.7,3.6
1834,평일,3,324,금호,하선,32.5,41.1,37.4,56.7,71.1,89.4,76.7,75.7,62.4,48.3,50.1,44.3,36.7,40.4,42.5,49.4,59.5,51.8,41.5,48.4,54.1,70.3,72.3,54.4,54.1,73.7,57.2,36.3,27.6,23.1,22.5,26.2,25,30.6,22.3,18.6,14,5.4,3.3
1835,평일,3,325,옥수,하선,37.3,44.5,41.7,62.8,76.4,98,88.5,85,72.6,52.6,56.3,48.7,40.2,41.6,46.9,52.4,63.4,54.4,46.2,47.2,56.9,72.5,75.5,56.1,55.9,73.8,58.7,38.3,28,23.2,22.6,26.2,25.1,30.5,22.3,19.3,14.8,5.4,4.4
1836,평일,3,326,압구정,하선,16.4,39.5,38.7,58.7,69.3,86.9,76.7,67.5,61.1,46.2,48.6,47,38.8,38.6,44.7,47.4,60.3,54.5,48,49.3,57.5,76.9,77.1,58.4,56.7,80.1,66,43.5,32.5,28.9,26.6,28.9,29.5,36.8,24.4,20.5,15,5.4,4.1
1837,평일,3,327,신사,하선,15.1,33.4,31.3,43.1,52.3,66.4,61.4,46.3,41.9,34.6,36.9,38.1,32.5,33.9,35.9,41.6,51.1,46.4,40.4,41.9,48.2,62.7,66.4,54.2,47.2,71,58.3,43.3,30.7,28.8,26.4,30,29.7,40.5,25.3,21.4,15.3,5.5,3.7
1838,평일,3,328,잠원,하선,15.4,32.5,31.2,43.6,53.2,67.8,65.6,46.4,42.6,35.3,37.6,38.7,33.1,34.6,36.3,42.2,51.4,46.7,41.6,41.2,48.5,61,68.8,55,49,65.1,60.3,42.4,30.4,28.6,25.3,29.7,29.2,39.9,25.2,21.4,16,6.7,3.5
1839,평일,3,329,고속터미널,하선,18,38.9,37,55.4,72.2,88.5,93.3,57.5,55.7,42.4,40.8,40.8,35.7,37.2,39,45.1,55.8,50.3,43.5,41.9,48.2,60.8,70.6,56.2,51.3,64.9,60.7,41.8,34.1,29.6,28,27.7,30.2,36.4,24.8,20.2,15.3,7,4.2
1840,평일,3,330,교대,하선,22.8,39,35.2,48.8,59.9,84.3,77,43.5,40.3,28.8,30.4,31.4,26.6,28.6,30.7,34.9,43.2,41.3,36.4,34.1,40.3,52.4,62.2,48.9,43.8,55.5,53,37,28.4,24.6,24.4,24.2,26.6,34.2,22.2,18,15.1,6.4,3.4
1841,평일,3,331,남부터미널,하선,19.2,31,29.2,41.3,51.2,63.1,54.9,33.9,30,23.2,23.9,26.1,22.6,24.5,25.8,29.9,35.7,35.3,30.2,30.4,33.6,44.8,54.8,46.8,41.1,56.9,48.5,34.3,27.3,23.8,22.5,23.1,27.7,29.6,20.8,16.6,13.7,5.6,2.8
1842,평일,3,332,양재,하선,8.1,21.4,18.8,24.4,30.6,36.5,29.6,19,16.7,15.6,16.7,19.1,17.8,19.6,20.7,23.6,28.1,29.3,25.3,26.1,28.6,38.4,47.9,46.4,39.2,55.3,47.5,32.8,25.7,22.5,21.7,23.5,24.8,27.7,18.8,15.9,12.4,5,2
1843,평일,3,333,매봉,하선,8.6,19.2,16.9,22.4,26.8,30,21,16,14.3,13.9,14.4,17.4,16.2,18.3,19.7,22,26.4,28.7,25.5,25.5,27.5,38.2,47,46.9,38.9,56.5,47.6,33.5,24.6,22.7,21.9,23,24.5,27,20,15.1,11.8,4.7,2.5
1844,평일,3,334,도곡,하선,7.8,17.3,14.8,19.7,23,26.1,20.5,12.7,11.7,11.6,12.1,14.6,14.3,14.7,17.1,19.4,23,24.9,21.6,22.1,23.1,31.8,41.1,40.8,33.4,45.8,43.2,28.1,23.3,19.3,18.6,18.6,21.3,23.9,17.3,15.1,10,5.7,3
1845,평일,3,335,대치,하선,8.1,15.6,13.3,17.6,22.4,23.4,17.9,11.3,10.6,9.8,10.5,12.9,12.5,12.9,14.3,16.6,19.1,21.3,18.6,19.2,19.5,27.9,35.4,36.6,29.6,42.9,39.1,25.2,21.4,17.8,17.5,16.9,19.8,27.1,18.5,11.9,8.6,4.8,2.5
1846,평일,3,336,학여울,하선,8.2,15,13.6,17.4,22.2,24.1,16.3,11.6,10.6,9,10.1,12.2,12,12.5,13.6,15.5,18,20.2,18.1,17.9,19.9,27.9,35.1,36.6,30.2,40.2,39.6,25.8,21.2,19.4,16,16.7,19.4,26.8,18.1,11.6,8.4,4.6,2.4
1847,평일,3,337,대청,하선,8.5,14,12.5,16.4,19.7,22.7,13.6,11.1,9.8,8.6,9.7,11.4,11.7,11.4,12.9,14.5,16.3,18.1,18.7,15.9,20.3,22.8,32.4,34.7,28.2,38,35.2,22.6,18.7,17.1,13.7,14.3,15.7,21.6,15.2,9.6,6.5,4.1,1.9
1848,평일,3,338,일원,하선,8.2,11.5,9.2,11.6,15.8,18.3,15.9,8.7,8.5,6.8,7.8,9.8,11.8,9,10.8,12.1,13.7,14.9,16.3,15,19.5,21.1,30.9,35.1,27.1,32.3,37.7,20.7,17.4,13.9,13.8,12.8,13.7,18.3,13.7,8.2,7.3,3.6,1.5
1849,평일,3,339,수서,하선,8.3,7.8,6.9,9.4,14.7,18.4,15.5,8.1,9,5.7,8,9.3,12,8,11,12,13,13.5,15.1,14.9,18.4,20.1,29.1,34.9,26.9,31.9,35.8,18.5,16.8,12.2,13.3,11.7,12.7,14.6,15.2,7.2,7.9,4,0.9
1850,평일,3,340,가락시장,하선,0,5.5,4.3,5.9,9.2,13.7,12.4,6.7,5.7,5.9,5.9,7.1,6.3,7.3,6.1,7.9,8.3,8.5,9.3,10,11.6,17.5,17.8,22.1,16.2,17.8,27.3,19.5,12.4,10.2,10.2,9.3,12.4,11.9,9.7,8.9,8.6,2.7,1.9
1851,평일,3,341,경찰병원,하선,0,4.3,3.3,4.5,6.7,9.6,7.7,4.1,3.2,4.3,4.4,5.6,4.7,5.8,4.5,6.2,6.4,6.5,7.1,8.5,8.6,14.5,14.5,18.9,14.4,15.4,21.8,14.6,9.2,7.9,7.8,7.5,9.4,9.3,7.3,6.7,5.8,1.9,1
1852,평일,3,342,오금,하선,0,0,0,0,0,0,0,0,0,0,0,0,0,0,0,0,0,0,0,0,0,0,0,0,0,0,0,0,0,0,0,0,0,0,0,0,0,0,0
1853,평일,4,409,당고개,상선,0,5.5,1.1,2.6,4,4,2.4,1.7,1.7,2.4,0.8,2.4,2,3.6,3.3,4.4,3.7,2.5,3.7,4.8,5.2,6.6,6.6,8.5,9.5,12.5,9.3,6.3,5,3.5,4.9,2.4,4,4.4,3.2,4.8,5.4,3.4,1.3
1854,평일,4,410,상계,상선,0,8.1,3.2,5,5.3,5.2,3.5,3.3,2.3,3,3.2,3.5,3.3,4.3,5.6,5.7,5.7,5.8,6.3,7.6,8,10,8.4,12.9,13.6,16.1,13.5,10.5,8,6.3,6.7,6.7,6.5,6,7.8,7.3,4.9,4.3,2.3
1855,평일,4,411,노원,상선,0,11.5,4.9,7,8.9,7.5,5.5,4.8,3.9,4.3,5.4,5.3,5.6,7.3,9,9,9.6,9.5,10.6,13.5,13.4,16,15.2,23.2,24.3,26.9,25.5,19.8,15,11.7,12.4,11.5,12.2,10.1,13.8,12.9,8.1,6.5,4
1856,평일,4,412,창동,상선,0,18.3,9,10.5,14.1,14.2,12.1,10,8.9,7.8,10.2,9.7,9.6,11.8,15,14.8,16,15.1,17.1,20.7,20.5,23.9,23.5,36.7,38.4,42.9,42.8,31.1,22.4,17.6,17.4,17.2,17.6,14.9,20.6,18.1,11.9,9.4,5.6
1857,평일,4,413,쌍문,상선,0,23.6,13.5,13.3,17.6,18.6,16.1,13.6,12.3,11.5,14.7,14.6,14.4,16.9,20.6,21.2,22.4,22.1,24.8,30,29.8,33.6,35.8,53.9,57.5,66.4,65.6,48.5,34.1,27.7,27.3,27.1,26.1,24.3,32.5,28.6,18.8,11.4,7.1
1858,평일,4,414,수유,상선,32.5,16.3,12.9,12.4,16.3,16.8,15.2,12.4,12.2,11.6,14.8,14.7,14.9,17.5,21.8,22.6,24,23.8,29.4,34.8,35.1,38,44.8,62.2,72,78.2,80.7,59.9,43.1,34.8,33.8,33.9,32.6,31.5,41.1,35,23.8,15.4,10
1859,평일,4,415,미아,상선,29.6,16,12.6,11.4,15.3,15.3,16.1,12.3,12.7,12,15.6,15.5,16,18.3,21.8,25.5,26.2,25.8,32.8,38.9,41.8,42.1,51,73.3,81.4,87.9,96,72,49.9,41.2,39.5,39.2,39,38.2,50.6,39.5,29,17.5,13
1860,평일,4,416,미아삼거리,상선,27.1,14.7,13.2,11.6,16.8,16.1,17.1,13.2,13.5,12.6,16.3,16.4,17.2,21.2,21.4,26.4,28.3,27.8,35.8,41.5,45.1,42.6,59.1,78.1,85.5,93.5,98,76.1,51.3,44.4,40.8,41.1,39.9,41.7,53.7,42.1,31,18.9,14
1861,평일,4,417,길음,상선,25.8,14.9,13.2,11.6,16.7,15.5,16.1,12.7,14.1,13.7,16.8,16.8,17.6,24,24.1,26.9,30.1,29.4,38.3,44.5,50.1,44.6,67.5,85.5,94.7,104.5,106.3,84.2,52.9,48.6,45.1,44.3,41.8,49.9,62.1,43.3,35.9,20.8,15.4
1862,평일,4,418,성신여대입구,상선,23.2,14.9,13.4,10.8,16,16.8,15.2,13.1,16.3,15.3,18.1,18.7,19.8,25.7,27.3,29.5,32,32.4,41.1,47.8,53.9,47.3,72.6,94.6,106.4,112.5,116.6,86.6,58.4,50.5,51.1,49.3,43,59.9,65.3,46.8,39.7,23.1,17.1
1863,평일,4,419,한성대입구,상선,22.5,15.2,14.3,11.3,16.7,19.9,18.4,14.6,17.9,17.4,20.1,22.7,23.4,27.7,30,31.6,34.9,37.3,43.9,54.2,58.4,53.2,79.7,101.5,114.6,118.9,127,94.1,61.4,55.9,54.7,53.4,46.9,65.3,72.9,51.6,44.6,20,17.8
1864,평일,4,420,혜화,상선,22.7,17.5,13.7,11.9,17.5,22,20.9,15,20.2,19,21.8,23.7,25.8,28.8,33.3,33.2,36.6,39.1,45.8,54.1,63.5,52.4,81,102.2,123.4,118.9,129.5,94.3,61.3,59,56,55.8,47,70.5,75.9,53.7,44.2,21,11.4
1865,평일,4,421,동대문,상선,20.6,20.2,16.7,16.8,23.5,31,34.6,21.9,32,27,29.3,29.3,29.1,35.9,41.5,41.8,48.5,46.7,52.1,57.5,67.9,57.2,87.8,107.1,128.4,121.3,136.5,98,61.7,58.7,55.3,53,45.3,66.6,72.8,48.9,44.1,21,12.2
1866,평일,4,422,동대문역사문화공원,상선,15.6,21.3,17.6,18,25,34.1,37.9,27.6,32.1,31.1,33.6,32.5,32.3,39.1,44.9,44.1,50.8,48.4,52.9,57,67.7,56,84.7,101,123,117.7,129.7,96.1,62.4,56.5,54.9,52,47.9,67.6,71.4,49.3,38.3,21.2,12.5
1867,평일,4,423,충무로,상선,12,14.6,14.5,15.9,22,31.1,31.5,24.2,26.9,28.7,30.2,27.1,30.5,34.3,38.9,40.8,39.8,43.9,43.7,47.6,55.8,46.1,69.6,83.6,91.5,100,86.4,64.5,46.8,42.6,39,40.4,34.7,49.8,50.8,35.8,27.1,16.1,9.1
1868,평일,4,424,명동,상선,11.6,15.2,14.4,19.2,25,36.2,39.1,28.7,32.1,32.9,33.7,28.5,31.7,35.7,40.9,39.8,39.3,42.4,41.8,43,51.9,42,65.7,72.6,77.9,82,69.4,50.7,37.7,34.9,31.1,33.1,28.4,42.2,42,30.8,23.2,13.5,8.4
1869,평일,4,425,회현,상선,11.9,17,16.9,22.2,29.4,42.1,49.7,33,36.1,34.1,32.8,29.9,32.2,38.7,41.2,39.8,39.7,40.2,40.2,42,44.1,40.4,60.5,68.2,67.2,72,61.3,44.6,31.7,30.7,25.9,27.8,21.4,32,31.1,22.8,18.8,11.6,8.3
1870,평일,4,426,서울역,상선,11.3,18.3,18.9,25.4,33.7,53.6,54.9,38.6,40.5,38.2,37.3,32.5,34.3,39.4,41.2,38.4,37.6,37.3,35.6,36.3,37.8,33.5,50,54.3,55.6,58.2,51.7,38.5,27.4,23.9,23.6,25.3,20.9,31,29.4,22.1,18.3,11.3,5.8
1871,평일,4,427,숙대입구,상선,17.3,17.5,16.5,23.6,32.7,53,48.7,34.5,30.8,28.8,27.2,22.5,24.7,28.2,29.8,27.6,27.4,25.7,27.7,26.7,25.4,25.3,37.4,36.4,38.5,40.4,35.4,25.2,18.2,16.1,15.9,16.8,14.4,22.1,20.9,15.7,10.4,7.2,4.3
1872,평일,4,428,삼각지,상선,16,17.2,16.8,25.2,34.4,57,49.6,34.8,31.5,29.7,27.2,24.1,23.2,27.5,29,27.1,25.2,27.9,24.5,25.2,23.2,25.4,33.5,36.9,36,37.6,34.2,23.9,17.5,15,14.8,14.8,13.8,20.3,19.4,14.4,9.9,7,4.7
1873,평일,4,429,신용산,상선,16.6,18.8,18.5,27.3,37.3,60.7,49.8,37.9,34.8,31.8,28.7,25.6,24.8,27.5,33.5,28.9,26.4,29.2,25.8,26.1,24,26.9,36.3,39.8,39.6,44,40.1,28.2,19.9,16.8,16.5,16,14.9,21.7,20.6,15,10.8,7.6,5.3
1874,평일,4,430,이촌,상선,17.1,19.5,19.3,35.1,40.9,65,54.8,43.8,38.1,32.8,28.3,25.8,25.9,27.3,33.6,28.4,26.4,28.3,25.5,24.4,22.1,27.7,36.1,34.5,34.8,36.3,37.6,24.3,17.2,14.2,14,12.8,12.7,19.3,15.7,12.7,8.4,7.3,5.3
1875,평일,4,431,동작,상선,16.9,24.9,19.3,36.6,43.7,68.3,52,47.2,41,32.9,28.7,26.2,27.9,29.6,32.1,32.9,26.9,29.5,27.2,26,23.7,31.7,39.8,38.5,38.3,41.3,43.8,25.2,21,16.7,14.8,15.4,14.9,25.2,17.1,16.2,9.5,7.9,5.6
1876,평일,4,432,총신대입구,상선,19.4,28,24.3,46,54.2,73.2,51.2,51,42.6,34.1,28.1,27.3,27.7,30.9,33.3,31.8,27.6,30,25.7,30.5,21.4,33.2,39,39.8,38.2,40.8,40.9,25.4,18.8,17.4,15.5,13.4,18.6,23.5,17.4,16.6,9.6,8.1,5.9
1877,평일,4,433,사당,상선,18.4,31.9,23.4,46.9,56.7,70.8,56.4,58.8,37.5,36.4,31.2,30.1,25.8,36.2,32.7,30.2,27.4,32,28.1,34.7,23.4,36.9,41.2,37.6,39.7,43.3,47.4,24.6,19.9,16.5,17.1,13,19.2,23.3,18.6,17.6,9,5.3,7.6
1878,평일,4,434,남태령,상선,28.2,41.3,43.9,81.4,108.3,123,94.2,108.6,89.2,72.1,60.3,47.5,52.9,48,47.8,59.5,46,43.5,38.5,51.5,37.5,50.3,57.6,63,69.5,75.6,78.4,41.9,30.9,25.7,22.5,17,25.3,21.7,20.3,12.3,10.3,7.1,0
1879,평일,4,409,당고개,하선,5.4,6.1,8.6,13.2,19.3,24.3,15,15.4,11.1,6.5,8,9.5,6.7,6.9,8.4,8,6.4,4.6,6.4,5.6,6.2,6.7,5.9,6.7,6.8,5.8,6.1,3.6,2.4,1.9,2.1,2.4,2.1,2.2,2,1.7,2.6,1.1,0
1880,평일,4,410,상계,하선,11.6,12.4,17.2,24.1,34.3,41.9,26.4,25.5,15.1,15.5,12.9,14.5,11.6,11.8,13.9,12.3,10.9,9.5,9.9,9.3,10.1,11.2,9.3,9,10.2,9.6,7.8,6.1,3.9,3.6,3.9,4.5,3.6,5.2,4.1,2.9,4.3,1.5,0
1881,평일,4,411,노원,하선,14.2,16.7,23.2,31.6,45.1,59.5,35.3,34.6,19.9,21.4,18.1,20.4,16.8,18,20.1,18.1,15.6,16,14.7,16.2,17,17.3,15.3,15.4,15.2,16.4,12.6,10.5,7.7,7.8,8.2,9.8,8.6,11.5,9.4,7,8.7,3.4,0
1882,평일,4,412,창동,하선,23.7,23.2,29.4,45.6,60.2,78.2,54.3,58.6,33,33.5,29.2,30.7,25.9,27.3,28.8,26.4,21.8,24.9,21.2,23.1,25.4,25.4,22.7,19.4,19.7,20.4,17.6,13.6,10.5,9.7,10.2,10.6,9.8,13.4,11.4,8.6,9.9,4.3,3.6
1883,평일,4,413,쌍문,하선,35,28.7,37.1,55.8,77.2,93,75.1,72.9,41,39.9,33.5,36.9,33,30.3,33.2,31,25.8,26,22.2,25.3,26.8,25.1,27.1,20.4,20.4,21.1,17.9,14,10.1,10.2,9.8,10.6,9.5,12.5,12.2,8.1,9.2,3.7,2.9
1884,평일,4,414,수유,하선,42.9,33.9,41.6,65.7,86.7,108.4,87.6,80.3,52.4,44.6,38,42.3,37.7,32.2,40.7,35.2,28.7,28.8,25.9,28.2,30.2,27,29,21.7,21.6,23.3,18.5,14.1,10.9,10.1,10,10.1,10.2,11.7,12,8.1,9.5,3.4,2.6
1885,평일,4,415,미아,하선,47.3,33.8,45.7,66.8,93.3,110,93.4,81.7,56.6,46.3,40.2,43.5,39.8,34.4,43.4,38,30.7,29.8,28.4,29.3,31.8,30,32.2,23.3,21.5,26.9,19.3,14.6,11.2,10.6,10.1,10.5,10.8,12.3,12,8,9.7,5,2.3
1886,평일,4,416,미아삼거리,하선,56,38.4,50.1,73.2,102.3,117.4,112.3,89,63.3,49.7,43.1,46.5,42.3,36.7,45.7,39.4,34.4,31.3,29.9,31.1,33.3,31.2,34.4,24.9,21.9,27.7,19.9,15.1,11.9,11.4,10.4,10.6,11,12,12.1,8.2,9.7,4.8,2
1887,평일,4,417,길음,하선,60.4,42.1,54.9,82.3,108.8,126.4,125,97,70.2,50.4,49.8,48.8,44.6,39.3,51.6,40.1,38.5,29.8,35.1,32.5,35.2,32.5,38.5,26.4,24.6,28.6,21.3,15.7,12.3,12,10.7,10.3,11.8,11.9,12.3,8.1,9.6,4.5,1.8
1888,평일,4,418,성신여대입구,하선,74.4,46.2,56.2,86.4,117.5,134.6,132.3,108.5,81.4,55.3,55.7,52.4,49.7,43.8,54.2,45.4,42.1,33.2,39.7,37.6,40.3,36.7,44.2,32,28.6,33.4,24.7,18.6,14.8,14.3,12.1,13,15,15,15,10.1,11.4,4.7,3.8
1889,평일,4,419,한성대입구,하선,58.8,47.4,56.8,82.2,118.3,132.4,141,111.4,87.1,56.1,57.8,53,52,45.3,55.5,47.5,44.4,35.2,43,37.4,43.5,39.7,48.1,35,31.2,36.1,27.1,20,16.6,16.3,13,14.9,16.4,16,15.6,10.9,12.1,5,3.8
1890,평일,4,420,혜화,하선,61,46.4,54.8,77.7,115.1,127.8,138.2,107.8,84.6,56.2,59.1,56.2,55,49.7,60.3,50.6,47.4,39.1,48.7,45.7,52.8,49.8,57.1,44.3,39.2,49.2,33.5,24.6,21.7,22.4,18.7,25.1,31.6,39.1,28.5,22.6,18.1,7.7,4.9
1891,평일,4,421,동대문,하선,61.6,44.9,51,73.3,105,117,141.9,96.4,89.4,54.6,56.4,53.9,53.5,51.6,58.1,52.8,49.9,40.6,51.4,49.3,54.1,55.6,63,50.5,44.1,50.1,38.1,26,24.1,21.9,19.7,25.9,30.5,39.3,29,22.9,18,8,4.8
1892,평일,4,422,동대문역사문화공원,하선,45,34.2,35.3,49.9,70.6,78.3,106.1,72,73,44.5,46.7,45.7,46.4,41.7,47.9,45.9,42.1,32.7,44.5,41.8,46.1,47.8,51.8,43.7,39.4,44.6,35.2,25,21.5,20.6,18.1,23.1,26.3,31.8,23.6,18.9,14.4,6.5,4.2
1893,평일,4,423,충무로,하선,40.5,27,26.9,39.2,55.7,59.9,79.5,54.6,64.5,36.2,42.4,40.2,43.5,38.5,43.3,41.9,41,31.4,44,41.6,47.3,49.2,52.5,47.8,42.8,53,39.3,29.1,24.7,22.8,19.1,24.3,27.6,30.6,25.2,21.4,13.6,8.3,3.9
1894,평일,4,424,명동,하선,39,24.6,24.2,34,49.5,53.1,62.1,45.8,53,31.2,36.6,35.8,40.7,35.1,37.1,38.5,36.4,30.7,40.6,38.9,45.4,48.6,50.9,48.1,42,56,40.8,29.8,24.4,21.8,22.1,26.4,30.8,35,28.4,24.8,14.1,7.9,3.5
1895,평일,4,425,회현,하선,22.9,25.7,21.6,30.1,40.7,44.1,42,35.9,40.5,24.4,27.8,29.1,33.7,30.7,32,36,33.6,29.8,37.8,39.5,45.6,52.4,53.7,54.4,46.7,65.2,46.6,34.3,27,25.9,24.5,26.7,31.5,35.1,29.5,24.9,13.9,7.7,3.1
1896,평일,4,426,서울역,하선,19.8,15.3,13.8,17.8,24.5,28.2,26.1,22.6,26.7,17.4,20.7,20.2,24.6,22.6,23.1,26.7,25.6,22.5,27.8,29.3,33.3,40.4,41.2,45.5,41.1,53.4,47.9,30.6,22.5,20.3,19.6,21.8,25.4,26.2,24,20.1,12.7,7.8,6
1897,평일,4,427,숙대입구,하선,22.5,14.9,13.4,17.2,22.8,26.2,22.6,21.8,23.7,16.1,18.2,18.9,22.1,23.7,21.5,26,24.8,24,25.9,29.8,32.6,41.7,39.8,48.3,41.1,54.4,47.6,30.7,23.4,20.3,20.4,22.2,24.7,26.7,23.6,22.2,12.8,7.5,5.3
1898,평일,4,428,삼각지,하선,26.9,17.7,14.9,20.4,26.9,32.4,28.2,26.4,26,18.5,18.1,19.8,22.8,24.7,20.5,28.2,26.2,25,25.5,31.6,33.5,42.9,42.2,50.5,43.2,55.9,52.2,32.3,24.9,21.7,21.9,25,24.7,30.4,28.2,23.3,13.9,8,5.7
1899,평일,4,429,신용산,하선,27.8,16.2,13.3,18.4,23.3,27.3,19.5,19.9,19.9,15.9,15.8,18.1,20.7,22.9,18.9,26.8,24.8,24.7,23.8,30.9,33,43.3,42.1,52.4,45.1,60.3,54.3,34.7,26.4,22.8,23.6,27.1,26.7,33,29.9,24.8,14.7,8.1,5.3
1900,평일,4,430,이촌,하선,33.4,19,16,21.9,28.9,33.6,23.2,24.8,22.3,19.2,17.4,20.5,21.7,25,21.4,28,26.4,26.3,25,32.8,34.2,44.4,44.5,55.5,48.1,57,63.6,37.1,27.8,23.8,25,27.3,28.2,34.5,31.2,26.7,17.1,9.9,8.6
1901,평일,4,431,동작,하선,0,22.4,15.7,22.8,28.1,33.7,25.4,24.6,22.7,19.8,16.7,21.3,21.8,25,21.3,28.3,25.2,27.7,23.7,34.4,34.5,45.5,46.2,59.7,52.6,58.5,74,42.3,31.3,25.4,27.4,27.6,29.8,36.2,33.1,29.3,18,10,8.7
1902,평일,4,432,총신대입구,하선,0,28,18.6,25.2,32.4,38.1,24.6,26.3,22.9,20.9,17.4,22.3,22.4,25.8,22.8,28.4,26.4,27.4,24.2,36.1,34.8,44.8,48.8,58.6,55.2,57.7,73.3,45.4,34.3,26.8,30.2,26.8,31.6,38,34.2,29.9,17.6,9.1,10.4
1903,평일,4,433,사당,하선,16,26.2,17.2,20.6,30.6,37.2,18.9,21.1,12.6,19.5,12.9,16.8,12.4,18.9,17.8,22.8,24,22.6,20.3,23.6,29,34.5,52.6,41.3,48.5,51.4,67.3,37.9,32.7,20,37.1,23.6,30.8,34.4,29.6,24.8,9,8.3,0
1904,평일,4,434,남태령,하선,16.1,34.2,31.5,44.9,53.4,66,36.7,33.2,24,29.1,29.8,33.1,31.9,31.2,35.2,37.8,40.9,37.3,40.3,58.7,57.5,57.1,76,97.3,96.8,102.8,131.3,76.2,58.8,54.3,57.6,44.1,48.8,57,49,37.7,41.7,13.4,0
1905,평일,5,2511,방화,상선,0,0,0,0,0,0,0,0,0,0,0,0,0,0,0,0,0,0,0,0,0,0,0,0,0,0,0,0,0,0,0,0,0,0,0,0,0,0,0
1906,평일,5,2512,개화산,상선,3.5,1.8,1.2,1.4,2.4,4,2.7,1.1,1.3,1.3,1.4,1.8,2.2,2.3,2.4,2.6,2.8,2.5,2.9,3.2,3.6,3.9,4.4,4.8,5.8,6.7,5.8,4.1,3.4,3.9,3.7,3.6,3.4,3.5,3,2.4,2,1.8,1.2
1907,평일,5,2513,김포공항,상선,5.1,3.6,2.8,3,5.7,9.1,5.7,2.2,2.4,2.3,2.6,3.2,3.9,4.4,4.6,4.4,4.5,4.6,4.8,5.7,6.2,6.8,8,8.5,10.4,13.3,10.6,7.5,6.4,7.2,6.8,6.5,6.3,6.3,5.2,4.5,3.5,3,1.9
1908,평일,5,2514,송정,상선,27.6,13.9,12.1,13.9,18.5,18.9,11.7,5.6,5.6,6.7,8.3,9.5,10.5,11.2,11,11.5,11.4,11.7,12.3,13.9,15,17.2,18.5,23.5,26.1,36.5,22.7,12.9,11.5,13.9,12.6,12.4,10.8,11.5,8.6,6.8,5.3,3.6,1.8
1909,평일,5,2515,마곡,상선,29.2,14.4,12.6,14.8,19.8,20.2,12.2,5.8,6.4,7.2,8.9,10.3,11.8,12.4,12,12.4,12.9,13.1,13.8,16,16.8,19.9,20.5,26.5,29.5,40.2,25.2,15,12.9,16.1,14.6,14.2,12.7,13.1,9.9,8.2,6.5,4.8,2.8
1910,평일,5,2516,발산,상선,37.6,19.6,15.5,17.7,25,27.9,19.6,8.9,10.2,9.5,11.1,12.5,13.4,13.9,14.4,14.5,15.6,14.7,15.9,17.6,19,22,23,28.4,32.1,41.9,28.5,17.8,15.4,17.8,16.1,15.5,13.9,14.9,11.5,9.7,7.3,5.9,3.8
1911,평일,5,2517,우장산,상선,40.7,24.2,19.1,26.5,39,49.2,41,16.1,17.7,14,15.6,16.8,17.9,17.8,18.9,18.6,20.5,17.9,19.1,20.2,21.7,24.8,27.7,32.3,36.9,44.6,34.6,21.7,18.7,19.7,17.6,16.5,15.2,16.2,12.9,10.1,7.9,7.3,5.1
1912,평일,5,2518,화곡,상선,38.3,23.5,18.7,27.3,42,50.9,38,15.9,18.7,14.6,16.4,17.1,18.6,18.8,20.4,20.8,22.3,20,21.8,22.3,25.3,29.3,32.1,38.6,46.7,53.4,44.6,28.6,24.9,25.6,23.1,21.6,20.6,22,18.6,14.2,11.2,10.4,7.4
1913,평일,5,2519,까치산,상선,28,23.1,17.7,26.5,39.8,48.5,37.8,16.4,17.8,15.2,16.9,18,19.9,20.7,22.6,23.2,24.5,23.9,26.2,28.1,32,37.1,42.1,51.9,64.4,75.1,66.5,42.7,38.5,40.3,35.8,32.3,31.1,32.8,28.6,22.5,18.4,15.3,10.3
1914,평일,5,2520,신정,상선,17.5,17.2,14,20,27.7,33.9,25.1,11.9,13.7,12.2,13.7,15.9,17.4,18.7,20.9,21,23.2,23.6,26.6,29.6,34.8,39.7,45.6,57,72.4,81.3,72.7,48.4,45.5,45.2,42.5,38.7,37.6,38.6,34.9,27.5,23,18.9,14.1
1915,평일,5,2521,목동,상선,15,16.3,13.1,18.4,25.9,31.5,22.7,11.4,13,12.6,13.6,16.1,17.6,19.8,21.7,22.2,24.4,24.8,28.4,32.1,38.7,43,49.9,62.1,79.6,88.5,80.8,53.8,51.4,50.8,46.5,43.9,42.6,43.3,38.6,29.3,26.8,19.6,15.7
1916,평일,5,2522,오목교,상선,12.7,16,13.2,18.1,26,31.3,24,12.2,14.5,13.8,14.8,17.4,19.3,22,24.6,24.9,28.2,28.1,31.9,37.4,44.1,48.2,57.4,73.2,96.6,102.5,91.4,63.8,60.8,57.8,53.8,50.3,49.5,48,44.8,34,31.3,23.1,18.1
1917,평일,5,2523,양평,상선,12.1,17,13.9,22.1,29.5,37.2,27.1,15.4,19.9,17.1,18.3,21,23,25.3,28.9,29,32.9,32.5,36.2,42.6,49,54,65.5,81.1,108.6,111.3,99.2,70.9,66.5,60.3,57.3,53.6,53.1,50.4,48.7,37.1,34.6,25.6,19.7
1918,평일,5,2524,영등포구청,상선,12.6,18,14.2,22.6,30.8,40.4,29.9,16.9,21,17.7,19.2,21.7,23.8,25.9,28.8,31.2,33.7,33.5,37.3,43.4,50.2,55.1,68.5,83.9,110.5,110.3,102.2,71.8,70.8,61.3,59.8,55.8,55.2,52.1,51,38.9,36.4,26.9,20.6
1919,평일,5,2525,영등포시장,상선,8.1,12.6,10.2,15.7,21.8,31.1,18.8,12.5,15.2,13.7,14.7,17.1,18.9,20.6,22.4,24.6,25.6,26,30,35.2,39.3,45.8,54.1,68.4,89,89.9,78.8,55.4,54.8,47.1,45.2,43.9,42.2,39.8,35.4,29.1,26,19.1,14.9
1920,평일,5,2526,신길,상선,9.5,11.5,10.6,16.5,23.4,33.6,21.5,13.9,16.6,14.4,15.6,18.4,19.9,21.9,23.3,25.5,26.7,26.3,30,36,39,45.7,54.6,72,90.5,88.7,81.8,55.8,57.1,48.1,46.3,45.1,43.5,41.2,35.2,29.7,27.3,20.3,15.7
1921,평일,5,2527,여의도,상선,7.6,12.1,11.7,18.9,24.8,33.7,19.9,14.9,16.6,14.9,16.1,19.6,20.8,23,24.3,27.7,27.6,28.2,32.8,39.3,42.3,50.6,60.8,85.4,107.6,109.5,86.4,60.9,63.1,54.2,51.5,50.9,49.4,46.1,38.3,31.4,27.6,19,0
1922,평일,5,2528,여의나루,상선,11.5,16.4,18.5,40.2,64,66.2,42.4,25.3,25.5,19.2,19.9,23,22.6,25.7,26.9,30.2,29.5,28.9,30.5,35.6,39,47.7,53.9,74.2,88.2,90.6,73.2,46.9,47.8,41.9,40.2,41.2,39.4,38.2,32.4,26,21.1,15.8,3.2
1923,평일,5,2529,마포,상선,11.6,17.4,21.1,46.6,76.8,77.3,45.4,30.1,27.7,22.6,23.4,26.9,25.4,28.4,29.8,33.1,32.3,31.1,32.6,38,41,48.2,55.8,75.3,86.3,93.3,65.5,46,46.1,39.9,38.2,40.5,38.1,37,31,24.6,21.2,16.1,3.6
1924,평일,5,2530,공덕,상선,10.5,18.9,22.1,48.9,74.8,80,46.3,32.1,30,23.4,24.3,27.5,26.2,28.5,30,32.8,32.4,30.8,32.5,38.4,40.9,48.7,55.5,72.8,85.4,87.3,63.9,46.4,45.9,39,37.1,38.2,36.2,35,29.6,24.2,21.6,16.4,4.5
1925,평일,5,2531,애오개,상선,11.2,18,18.8,40.1,58.2,63.8,36.8,28.1,26.6,20.4,22.7,25.6,24.9,27.3,27.9,30.6,30.8,30,32.7,37.2,40.9,47.6,55.9,76.1,86.6,89.7,65.5,46.3,46.5,38.9,36.3,37.3,35,34,28.2,22.9,19,14.3,4.6
1926,평일,5,2532,충정로,상선,15.2,17.7,18.1,38.5,56.1,61.1,33.9,28.4,26.6,20.1,22.4,25.6,24.5,26.7,27.4,30.9,29.8,29.7,32.4,36.5,40.1,49.5,55.7,77.3,82.8,94.7,62.8,48.3,45,39.3,36.4,38.5,35.7,34.6,29.2,23.7,19.8,14.7,3.2
1927,평일,5,2533,서대문,상선,14.6,17.3,19.7,39.5,55.9,60.5,34.4,28.7,25.2,20.1,21.5,24.6,23.7,25.8,26.5,29.6,28.8,28.8,31.4,35.9,38.8,47.5,55.7,73.3,78.2,87.3,57.4,45.7,42.3,37.3,35,37,34.6,33.5,28.2,23.1,19.4,14.3,3.2
1928,평일,5,2534,광화문,상선,13.9,18,23.8,47.9,64.5,74.5,42.9,33.1,30.5,21.6,22.5,25.1,23.9,25.6,27.2,30.5,29,29.7,30.8,33.5,36.6,43.1,49.9,63.5,62.5,71.4,50.5,41.6,38.9,33.6,31.3,33.7,31.4,30.5,25.2,21.8,19,14.2,3.7
1929,평일,5,2535,종로3가,상선,16.5,22.4,30,55.7,80.3,95.5,69.2,48.6,43,29.3,28.4,29.8,27.3,27.9,29.4,30.4,29.8,29.1,29.1,29.9,33.1,35.7,43.5,49.6,48.4,44,37.6,32.7,29.6,25.1,22.7,23.4,22,23.1,20.7,17.9,15.4,11.5,3.7
1930,평일,5,2536,을지로4가,상선,15,23.2,31.7,58.4,75.5,86.4,66.2,48.5,45.1,30.8,31.8,31.1,27.8,28.6,27.9,28,27.9,25.3,25.3,25.2,27.8,30.1,37.3,41.9,37.2,33.8,31.7,28.2,24.5,20.2,18,17.5,16.7,17.3,16.2,13.8,11.9,8.5,3.6
1931,평일,5,2537,동대문역사문화공원,상선,15.7,23.4,31.9,57.4,75.6,88,64.4,49.1,42.3,29.8,30.8,28.8,26.1,27,25.5,26,24.6,23.1,22.5,23,24.4,26.2,33,36.2,30.8,27.1,26,24.5,21.1,17.3,15.2,15,14.3,15.2,13.5,12.5,9.6,6.3,2.1
1932,평일,5,2538,청구,상선,17.2,24.3,33.8,59.1,75,88.6,66.4,54.6,49.1,34.9,34.4,33.6,30.4,29.8,29.2,28.7,27.5,25.2,24.2,24.3,25.1,27.9,34.2,36.1,30.1,26.4,27.9,26.8,22.2,18.4,15.7,14.7,13.9,14.4,13.2,13.1,9.7,6.4,2.4
1933,평일,5,2539,신금호,상선,20,25.5,36.7,60.3,77.5,89.7,68.8,59,53.1,38.9,36.7,37.4,33.5,32.6,33.5,32.5,28.8,28.1,26.8,27,28.1,30.8,37.7,40.7,32,29.9,32.9,30.3,25.1,20.1,17.6,17,16.3,16.2,15.8,15.5,11.8,7.5,2.6
1934,평일,5,2540,행당,상선,18.8,24.9,35.6,58.4,78.8,85.2,64.5,57.6,49.9,38.4,36.2,36.9,32.3,32.4,33.4,32.3,28.9,28.1,26.8,27.5,28.7,32.5,38.4,41,32.7,31,34.2,31.5,26.3,20.6,18.3,17.7,16.5,16.7,16.8,16.3,12.6,8.2,3.2
1935,평일,5,2541,왕십리,상선,17.3,23.6,34.5,59.3,75.1,80.6,61.5,55,48.1,36.9,35.1,35.8,31.8,31.9,32.6,32.2,29,28.1,27.2,27.8,29.9,33.6,39,43.7,34,32.4,36.4,33.3,28,21.5,19,18.8,17.8,18,17.9,17.4,13.5,5.9,1.9
1936,평일,5,2542,마장,상선,29.9,31,44.6,74.7,101.2,106.9,83.5,79.9,61.3,50.3,43.9,45.6,38.9,41.3,41.3,40.8,35.5,35.1,32.2,32.6,35.3,39.9,46.3,51.6,40.8,37.6,38.9,35.7,28.1,22.9,20,19.6,18.2,18.4,19.1,17.7,14.5,6.1,2.4
1937,평일,5,2543,답십리,상선,29.4,32.3,44.4,76.1,99.7,105.8,80.2,78.8,60.8,48.2,45.7,43,38.4,41.7,39,39.5,34.5,34,31.1,32,34.3,38.5,45.1,50.2,37.6,38.3,38.3,35.5,26.5,22.9,19.7,19,18,18.1,19.2,17.8,13.1,4.6,2.6
1938,평일,5,2544,장한평,상선,26.4,31.2,43.4,71.7,91.7,96.9,72.5,74.6,58.1,45.7,43.8,40.8,36.5,39.9,37.9,38.3,34.2,32.5,30.5,32.2,33.3,37.2,45.2,48.7,37.8,36.9,39.3,37,27.7,23.4,20.4,19.9,18.2,18.9,20.7,17.8,13.6,5.6,3.3
1939,평일,5,2545,군자,상선,23.7,30.7,41.3,67.6,88.8,91,73.3,69.7,56.8,44.4,42.6,40.1,36.1,38.8,35.8,38.3,33.6,31,30,31.3,32.8,37.2,44.4,47.8,36.2,35.6,41.8,38.2,28.3,24.5,21.4,20.8,19.8,20.8,21.5,19.3,14.9,6.8,4.4
1940,평일,5,2546,아차산,상선,35.7,32.1,47.6,79.1,95.1,97.4,81.1,81.7,63.9,56.3,48.8,48.7,43.1,45,43.6,46.2,39.3,36.6,36.6,39.2,42.2,48.2,57.9,62.6,46.9,50.7,62,51.8,37.2,32.9,28.3,27.7,26.8,27.9,28.8,24.5,14.7,10.1,5.1
1941,평일,5,2547,광나루,상선,31.7,29.8,44.3,75,90.7,92.2,77.5,77.4,55.7,53.8,46.8,46.9,39.8,42.9,41.4,44.1,35.9,36.1,34.6,37.4,40.7,49.2,56.2,60.7,45.1,50.8,62.7,51.9,37.8,32.9,28.5,28.3,25.6,27.9,27.6,25.5,15.1,8.6,4
1942,평일,5,2548,천호,상선,30.7,30.5,46.9,73,89.9,87.5,74.8,74.6,55,47.3,48.2,45.6,37.7,43,41.6,41.2,34.7,35.1,32.4,35.3,39.6,47,52.8,60.1,44.1,51.9,58.7,49.6,35.8,31.6,27.8,26.2,24.3,26.5,27.5,25.2,15.4,5.8,4.2
1943,평일,5,2549,강동,상선,25.4,31.9,47.8,51.7,71,85.1,75.9,76.2,59.3,44.3,50.8,42.2,35.2,45.7,39.3,35.6,35.2,36.7,29.7,34.1,40.1,43,44.1,49.4,37.2,44.8,45.9,40,25.6,23.2,21.8,20.8,18.3,22.9,23.6,21.6,11.6,6.8,1.8
1944,평일,5,2550,길동,상선,44,41.7,71.4,66.5,94.6,105,115.6,111.4,79.8,70.3,64,57.5,52.5,56.7,54.3,54.5,49.3,45.7,44,46.1,48.8,57.9,62.1,62.6,43.6,43,58.2,41.9,32.1,27.9,25.6,25.1,23.3,28,23.4,19.4,13.1,5.5,1.6
1945,평일,5,2551,굽은다리,상선,39.4,38.3,66.7,66.6,89.2,101.6,106.1,105.7,77,64.8,60.1,53.6,50.2,53.4,50.8,50.2,46.6,42.6,41.3,43.6,46.2,54.4,60.1,51,34.9,43.5,56,38.7,30.1,25.9,23.3,23.4,22.1,26.5,22.6,18.3,8.7,6.1,2
1946,평일,5,2552,명일,상선,29.1,38,59.1,55.8,91.9,88.4,95.5,88.7,67.5,58.5,54.7,48.5,46,48.3,45.4,45,39.9,38,37.2,40,42.7,50.8,56,46.9,32.1,39.3,54.1,35.8,27.8,23.9,21.4,21.3,19.9,29.2,21.7,17.5,8.5,5.9,2.2
1947,평일,5,2553,고덕,상선,25.2,33.5,54.6,47.4,82.9,79.8,87.8,81.8,62.4,53.4,49.8,44,42,44.2,41.4,41.4,37.1,35.2,34.2,39.9,40.6,49.5,50.7,44.4,30.4,37.3,53.6,34.5,25.1,23.3,20.6,19.8,18.9,25.8,17.1,16.9,8.4,5.9,2.3
1948,평일,5,2554,상일동,상선,21.4,37.4,49.9,41,77.4,72,79.9,74.2,54.1,46.5,43.3,36.4,34.8,36.1,35.1,35.6,32.1,29.8,28.7,32,33.7,36.8,39,35.9,24.9,28,48.1,29,21,19,17.3,16.1,15,18.4,14.6,14.6,7.7,5.5,2.3
1949,평일,5,2555,둔촌동,상선,16.4,16.5,28,37.5,51.3,54.7,42.3,42.5,33.2,29.8,30.8,29.1,26.7,29.3,28.6,29.1,26.2,25.5,26.2,29.7,31.9,36.6,43,41.2,37.7,50,54.5,42.6,32.3,20.6,22.9,23.1,19.8,26,32.3,25.6,11.6,0,6.2
1950,평일,5,2556,올림픽공원(한국체대),상선,14.2,15.5,25.4,33.8,46.7,51.3,39.8,38.7,31.5,27.8,28.8,26.9,24.4,27,26.6,26.9,24.5,23.6,25.1,27.6,29.5,36.1,39.7,38,35.9,47.8,55.5,41,31.4,20.2,22.4,22.7,19.4,24.6,29.8,24.7,11.2,2.2,4.2
1951,평일,5,2557,방이,상선,16.6,16.1,25.4,38.9,51.1,55.1,42.6,42,31.3,27.6,26.5,24.7,21.6,24.5,24,24.8,22.8,20.8,21,23.5,24.5,30.4,32.8,32.1,27.5,49.1,45.6,34.2,26.6,16.9,18.9,20.2,16,21.2,18,14.6,4.7,0,2.8
1952,평일,5,2558,오금,상선,14.6,14.2,22.2,34.3,46.4,48.3,39.7,37.6,27.9,24.3,23.4,21.9,19.2,22,22,22.4,20.5,18.9,19.3,20.9,23.1,29.7,31.4,30,24.4,43.2,40.1,30.3,24.8,14.8,16.9,16.4,13,14.9,14.1,10.7,4.1,0,2.5
1953,평일,5,2559,개롱,상선,17.8,16.3,23.6,39.3,50.8,53,43.6,37.9,25.2,24.1,21.3,19.6,17.6,19.7,18.7,19.6,16.4,16.1,14.9,15.8,15.4,22.5,21.3,17.9,13.1,22.1,16.1,14.3,10.6,8.4,7.6,8.6,6.6,7.3,6,4.9,1.7,0,1.3
1954,평일,5,2560,거여,상선,14.1,12.6,20.2,32,39.8,42,33.9,29.1,19,17.6,15.6,13.8,12.7,15,13.8,13.4,11.8,11.7,10.8,11.4,11.2,13.6,15.2,12.1,8.7,14.9,10.5,9.6,7.3,5.7,5.3,5.8,4.1,4.9,4.1,3.5,1.3,0,1
1955,평일,5,2561,마천,상선,7.3,6.1,9.8,15.3,19,19,14.5,12,7.7,7.5,6.4,5.6,5.4,6.2,5.7,5.5,4.9,4.9,4.2,4.3,3.8,5,5.9,4.3,2.7,7,4,3.3,2.4,2,2.2,2,1.4,2,1.2,1.3,0.6,0.4,0
1956,평일,5,2562,강일,상선,34.2,38,48.6,53.6,67.2,83.1,59.4,53.9,38.4,33.2,29.8,25.1,25.6,26.4,26.7,27,24.8,22.6,21.7,24.3,25,30,29.8,28.9,32.4,41.6,30.6,22.6,16,15.6,14.5,14.6,13.6,16.9,13.6,13.8,7.2,3.6,0
1957,평일,5,2563,미사,상선,29.2,32.2,40,44.4,60.8,63.9,48.8,41.8,31.1,26.7,24.1,20.6,21.1,22.2,22.9,23.1,20.7,19.6,18.8,20.8,22,25.9,25.7,25.6,28.7,37,26.1,19.8,14.8,14.8,13.7,13.9,13.2,16.3,13.5,13.6,7.1,3.5,0
1958,평일,5,2564,하남풍산,상선,17.3,22.9,23.4,23.5,27.6,29.2,25,21.5,17.6,16.4,15.1,13.6,13.8,15,14.8,14.8,14.1,13.5,12.7,12.9,16,18.4,19,16.5,17.4,31.9,18.6,13.2,9.8,9.3,7.8,7.8,6.8,8.6,6.8,4.9,1.9,1.5,0
1959,평일,5,2565,하남시청,상선,15,18.8,19.2,20,23.5,25,21.8,18.1,15.5,14.1,13.1,11.9,11.7,12.8,12.6,12.7,11.6,11.7,10.6,11.1,12.7,14.3,15.3,13,10.9,17.8,12.7,10.5,7.1,8.2,6.4,5.9,5.3,6.7,5,3.6,1.8,1.3,0
1960,평일,5,2566,하남검단산,상선,6.7,7.8,7.7,8.5,10.3,11.4,10,8.2,6.8,6.5,5.7,5.5,5.7,5.6,5.7,5.9,5.7,5.4,5.4,5.3,6.3,6.8,7.6,6.2,5,7.8,5.7,5.2,3.6,4.2,3.2,2.9,2.5,4.9,2.9,1.8,0.7,0.6,0
1961,평일,5,2511,방화,하선,3.1,2.6,4.3,6.2,6.8,5.9,4.7,4.4,3.8,3.6,3.4,3.3,3.1,3.5,3,3.5,3.3,3.2,2.7,3.1,3,3.3,3,2.2,1.7,2.8,2.4,2.1,1.5,1.3,1,1,0.9,0.9,0.6,0.5,0.5,0.2,0.1
1962,평일,5,2512,개화산,하선,6.5,4.4,7.2,11.1,12.6,11,9.2,7.6,6.7,6.5,5.7,5.4,5.4,5.9,5.1,5.8,5.4,5.4,4.8,5.5,5,5.9,5.3,4.2,4.3,6.9,5.9,4.5,3.1,2.6,2,2.2,1.8,2.5,1.6,1,0.7,0.4,0.2
1963,평일,5,2513,김포공항,하선,5.4,7.2,10,17.8,22.7,26.2,26.4,19.3,18,14.2,12.5,12.1,11.8,12.3,11.9,12.2,12.8,12.7,11.9,13.7,13.8,15.1,14.6,12,11,15.7,23.9,17.5,11.4,10.2,8.8,8.7,8.8,9.9,8.8,6.9,4.5,2.3,2.5
1964,평일,5,2514,송정,하선,7.7,8.6,11.4,19.6,26.3,29.3,31.3,21.7,20.5,16.4,14.8,13.5,13.9,13.8,13.8,14,14,14.1,14,14.4,15,16.5,16.8,13.2,12.3,16.7,25,18.9,13,10.8,9.5,9,9,10.3,8.8,7.8,3.9,3.6,2.4
1965,평일,5,2515,마곡,하선,8.7,9.7,12.7,22.7,29.8,31.7,29.6,22,20.4,17.6,16.8,15.2,15.7,15.8,15.3,16.1,16,16.1,16.8,18,18.6,21.5,21.8,19.4,16.6,25,29.9,24.6,16.3,14.1,12.5,12,11.6,12.9,10.3,9,4.8,4.2,2.3
1966,평일,5,2516,발산,하선,10.5,10,13.4,25.1,32.7,32.7,24.9,21.8,19.7,19.4,18.7,17.6,19.1,19.9,18.6,20.5,20.5,20.8,22,25.9,25.5,30.7,31.1,32.1,26.1,41.2,43.7,34.4,24.3,21.8,19.7,20.4,18.5,21.7,16.7,14.3,8,5.7,2.1
1967,평일,5,2517,우장산,하선,15.8,14.4,20.9,33.6,43.3,43.2,31.9,27.6,23.7,23.8,23,21,22.2,22.9,21.7,23.2,22.3,22.1,23.5,26.9,27.7,32.9,33.5,34,27.7,38.2,45,35.5,25.6,22.1,20.1,20.6,17.9,22.5,16.8,14.2,7.8,5.4,1.7
1968,평일,5,2518,화곡,하선,21,23.2,31.6,53,68.7,70.2,51.5,41.7,33.8,33.2,30.6,27.3,27.6,29.6,28.3,28.8,26.7,25.8,26.4,29.7,30.2,35.9,36.7,37,29.4,39.3,45.8,36.4,26.4,22.4,21,21.2,17.9,22.4,16.7,14,7.7,4.9,0
1969,평일,5,2519,까치산,하선,28.7,26.7,35.6,59,80.7,84.6,62.9,49.5,38.2,37.1,33,29.2,28.7,30.4,29.7,29.3,26.3,25,23.9,26.1,25.7,29.9,31.3,30.3,23.6,29.1,35.7,28.9,20.7,18.2,16,17,13.6,16.6,13.4,10.9,6.3,3.7,4.3
1970,평일,5,2520,신정,하선,35.8,29.6,42.4,68.8,91.7,98.7,74.3,57.7,45.3,41,36.5,32.8,31.1,33,32.3,32.8,28.2,26.6,25.5,25.9,25.7,30.2,31.9,31.5,24.5,27.3,34.8,28.8,21.3,17.9,15.7,16.1,13.1,16.5,12.8,10.9,6.5,3.4,3.9
1971,평일,5,2521,목동,하선,39.8,33.6,44.5,78.1,104.9,111.5,83.3,65.4,49.9,45.7,41,36.9,35.5,35.9,35.6,35.8,30.4,28.9,28.1,28.4,27.8,33.2,34.3,33.9,25.7,28.5,35.4,29.8,22.4,19.6,17,17.5,14.4,18,13.8,11.6,6.8,3.5,3.9
1972,평일,5,2522,오목교,하선,41.8,36.1,48.5,82.4,113.4,120,88.7,69.1,53.8,49.2,44.5,40.6,37.8,39.2,37.7,39,33.2,31.2,31,31.3,31.3,36.9,37.7,40.4,29.3,34.3,39.6,34.8,25.8,25.8,21,22.4,18,23.7,16.5,13.6,7.6,3.9,4.3
1973,평일,5,2523,양평,하선,46.6,36.2,50.1,86.8,118.7,123.5,88.9,71.7,55.9,50.4,45.6,41.9,38.9,40.4,39.4,40.4,34.3,32.2,32.1,32.2,32.5,38,39.6,43,31.9,37.2,42,36.4,27.3,26.2,21.9,23.1,18.3,24.2,17.6,13.9,7.9,4.9,4.1
1974,평일,5,2524,영등포구청,하선,36.1,27.6,36.7,64,93.4,103.6,70.6,55.1,42.7,38.3,34.9,33.1,29.7,31.6,31.2,30.9,28.3,25.2,24.1,24.2,24.9,26.8,29.3,31,22.8,26.3,29.4,26.9,20.3,18.4,15.7,16.2,13.5,16.7,13,10.1,6.3,3.8,3.2
1975,평일,5,2525,영등포시장,하선,37.4,28.2,37.6,66.5,97.9,109.6,72.3,55.8,43.7,37.9,35.2,32.9,29,31.2,30.5,30.3,27.2,25.5,23.9,24.7,25.4,28,30.6,33.9,25.6,28.7,30.8,27.8,21,19.1,16.8,16.8,13.9,16.5,14,10.4,6.9,3.7,2.7
1976,평일,5,2526,신길,하선,44.6,33.2,42,77.5,113.7,127.7,92.1,64.7,50.7,41,38.4,36,31.5,32.8,33.1,32,30.1,27,25.2,25.2,26.9,29.4,32.6,34.8,27.3,29.7,33.2,29.8,21.8,19.2,16.9,16.6,14.6,16.6,14.1,10.8,7.1,3.7,2.4
1977,평일,5,2527,여의도,하선,36.7,27.7,31.7,53.8,80.6,104.9,72.3,53,42.6,35.9,35,35.3,30.8,30.4,32.5,33.5,31.5,28.8,28.1,28.8,31.3,36.1,41.1,58.9,51.2,55.2,52,47.4,34.5,29.4,26.9,26.2,23,24.1,19,14.3,8.7,4.6,2.4
1978,평일,5,2528,여의나루,하선,35.8,26.9,28.8,49,73.1,98.3,73.2,51.3,43.2,34.3,34.2,35.1,30.9,30.1,32.6,34.4,31.7,29.6,29,30.3,33.1,37.4,44,65.7,60.4,62.8,61.3,53.2,40.5,35,31.4,29.5,26.1,26.1,21.9,15.9,10.3,5,2.5
1979,평일,5,2529,마포,하선,34.8,25.3,28.9,48.3,70.4,96.2,70.6,49,42.6,33.8,35,35.7,31.6,30.9,32.7,35,32.7,30.5,29.6,30.3,34,38.4,45.4,63.8,61.7,64.3,60.6,52.2,41.4,35.6,32.3,30.6,27.4,27.8,22.3,16.3,10.3,4.8,2
1980,평일,5,2530,공덕,하선,30.3,24.7,29.8,48.7,71.2,98.1,74.8,49.8,42.3,34,36.5,37.1,31.7,31.6,33,35.2,33.2,30.3,29,29.7,32.1,35.6,39.4,55.7,52.3,51,52.3,45,35.7,30.5,27.9,26.2,24.4,24.7,20.7,15.3,10.9,3.8,3.8
1981,평일,5,2531,애오개,하선,22.4,22.1,29.7,49.7,73.1,99.1,81.7,49,43.5,34.3,36.1,37.6,32.6,31.1,33.1,35.6,33.3,30.3,28.7,29.6,31.4,34.8,39,55.2,51.4,50.2,51.9,45,35.1,29.8,27.1,25.9,23.6,23.6,19.7,14.6,10.4,3.6,3
1982,평일,5,2532,충정로,하선,22.3,22.1,29.2,44,68.3,91.7,78.9,45.4,41.5,32.1,35.8,36.3,31.1,30.4,32.2,33.6,32.2,29.5,28,28.8,30.6,34.2,37.7,49.4,52,49.3,50.5,44.1,34.4,28.3,27.7,25.2,23.1,23.2,19.4,15.3,11,4.3,5.6
1983,평일,5,2533,서대문,하선,23.9,20.5,25.7,37.2,54.4,70.6,62.8,40.8,38,30.9,34.6,37.7,31.5,31.6,32.4,33.4,31.5,30.5,29.2,31.7,33.5,38.8,42.7,58.4,59.8,60.5,56.8,48,37.4,31.3,30.6,29,25.7,24.3,23.3,16.4,11.5,4.3,5.2
1984,평일,5,2534,광화문,하선,22.2,16.1,18.1,25.6,35.9,44.9,30.1,25.5,25.4,24.8,28.8,31.9,27.9,31.1,29.8,32.7,30.8,32.3,31.9,36,38.4,46.5,51.8,73.5,73.4,81.1,67.3,59,47.6,40.3,39.7,40.4,35.3,33.3,28.5,20.1,13.4,5,5.5
1985,평일,5,2535,종로3가,하선,9.5,18.9,15.8,22.3,31.3,38.7,22.4,19,17.6,17.5,20.1,22.2,20.8,25.3,24.3,27,26.3,28.7,28,33.8,36.4,42.7,50.6,65.4,69.6,76.5,61.6,56.6,47.8,40.1,39.2,41.5,37,35,30.4,23.8,15.3,5.6,6.1
1986,평일,5,2536,을지로4가,하선,9.5,17.6,13.9,19.5,26.7,31.8,17.8,15.6,15,14.9,17.6,19.4,18.5,22.7,22.2,23.8,24.2,25.7,26.5,31.7,34.3,41.3,48.6,65.2,71.6,77.7,64.3,57.9,47.6,40.6,39.8,40,38,35.1,32.7,24.1,16.2,7.1,5.8
1987,평일,5,2537,동대문역사문화공원,하선,15.1,20,14.5,20,26.8,32.6,18.1,14.7,14.3,14.5,17,18,18.6,23.2,23.1,25.2,25.3,27.9,28.9,34.6,38.1,46.1,52.2,70.7,76.1,79.6,66.9,55.8,51.1,44,42.2,40.8,40.3,40.8,34.9,27.4,18.1,8.2,6.9
1988,평일,5,2538,청구,하선,20.8,22.4,16.9,23.8,32.1,38.4,19.1,16.1,15.5,15.9,17.6,19.9,20.2,24.5,25.3,27.1,28.3,28.7,32.3,37.5,39.2,49.6,58.3,70.6,83.3,82.5,68.6,60,54.4,47.3,44.9,43.4,43.3,43.9,38.5,30.2,20.6,9.3,7.6
1989,평일,5,2539,신금호,하선,23,25.8,17,25.1,33.4,41.4,22.7,16.4,16.2,16.4,17.8,19.8,20.5,24.7,25.3,26.8,27.9,28.5,32.2,37.6,38.1,49.4,58.8,66.4,81.2,78.7,69.7,58.4,53,46,44.1,43,41.2,42.6,37,28.5,22.4,8.1,9.1
1990,평일,5,2540,행당,하선,26.7,27.1,18.2,25.3,36,46,26.2,17.9,17.5,17.5,18.8,20.8,21.2,24.5,26.3,27.3,28.4,27.9,31.7,37.2,37.5,45.8,57.7,64.6,81.8,74.9,66.6,55.8,52.6,43.9,42.3,41.3,39.5,40.8,37,29.3,21.2,7.6,8.5
1991,평일,5,2541,왕십리,하선,17.5,30.6,20.5,25.8,38.3,47,29.2,17.9,18.6,18.2,22.3,22.5,25.2,28.5,30.4,31.9,34.3,34.3,38.7,44.4,47.7,57.7,72.1,83.9,104.6,93.6,86.9,69.1,75.2,58.3,55.8,58.3,55,56.4,53,41.9,34.4,13.9,12.9
1992,평일,5,2542,마장,하선,10.5,29.3,20.4,26,38.8,47,29.8,17.7,18,17.9,21.7,21.9,23.6,28.1,29.9,31.5,33.7,34.3,37.1,44.3,47.7,55.2,72,81.7,101.1,88.1,88.8,67.9,73.8,57.4,54.8,57.6,54.9,54.6,52,41.1,33.6,13.6,12.5
1993,평일,5,2543,답십리,하선,17.5,30.8,22.2,29.3,41.3,49.8,30.1,18.3,18.6,17.8,21.5,21.5,23.3,28,29.6,30.6,32.9,33.8,36.1,40.4,47.9,54.2,68.2,80.6,94.8,87.8,85.8,62.3,69,55.9,50.8,52.9,53.4,51,48.4,38.2,31.4,12.4,11.1
1994,평일,5,2544,장한평,하선,24.4,30.1,22.2,30.4,43.9,53,32.6,19.6,18.4,18.2,19.9,21.9,22.8,26.5,30,30.6,33.4,32.7,36.3,38.4,47,54,64.5,81.3,93.1,90.5,84.3,59.1,60.8,56.6,49.5,48.4,50.4,49.9,46.6,38.3,27.7,13.6,7.2
1995,평일,5,2545,군자,하선,23.1,46.1,35,47.5,65.5,83.8,47.1,27.3,24.3,22.9,25.2,28.7,28.5,31.8,38,36.6,40.4,38.1,43.5,46.6,53.5,63.2,74.8,88,112.5,93.6,91.2,71.1,67.8,64.4,59.8,54.8,58.2,56.5,51.9,43.2,32.1,14.9,5.9
1996,평일,5,2546,아차산,하선,26.8,46.9,35.8,49.3,64.4,91.2,48.1,27.4,25.3,21.4,24.7,26.7,28.2,30.9,36.7,37.4,39.4,37.4,42.5,44.3,49.9,60.7,75,79.6,107.9,89.5,85.7,64.9,65.8,60.5,56.5,53.5,53.2,53.4,48.5,40.2,28.8,17.6,16.3
1997,평일,5,2547,광나루,하선,27.3,48.3,35.9,46,63.1,84.2,46.7,27.7,24.2,20.8,23.6,25.9,27.6,30.2,34.5,37.1,40.9,35.3,40.6,44.2,48.8,55,74.7,77.4,104.6,90.9,83.4,61.2,67.2,55.1,54.4,52.2,51.1,47.7,50.4,38.4,27.2,16.8,15
1998,평일,5,2548,천호,하선,20,38.2,26.3,33.6,49.9,59.3,41.9,20.4,18.1,17.3,19.3,21.9,24.8,28.9,29.8,33.1,38.8,33.8,36.6,44.4,49.1,49,62.1,80.6,85.1,88.1,81.5,61.2,60.7,56.8,47.4,54.4,49.1,44.3,44.8,38.7,28.5,17.5,11.4
1999,평일,5,2549,강동,하선,6.8,19,20.7,28.2,40.3,63.9,46.4,23.8,19.6,19.4,21.4,25.7,28,32.1,34.5,34.5,40.5,36.4,39.3,44.3,54.4,53.1,65.5,54.2,73.5,80,89,56.7,59.7,56.9,46.4,48.6,53,43.2,43.4,36.4,26.3,16.6,9.9
2000,평일,5,2550,길동,하선,13.5,15.8,32.6,37.9,32.5,58.9,35.3,21.5,19.1,20.3,23.5,30.7,31.7,35,40.2,42.3,44.3,44.6,51.7,54.4,62.5,72.1,80.6,101.3,131.3,125.2,114.1,76.9,83.1,77.4,69.5,66.2,65.7,64.7,60.4,49.5,36.1,17.4,9.8
2001,평일,5,2551,굽은다리,하선,14.2,15.9,31.4,37.3,31.9,56.6,31.5,18.1,20,18.1,20.5,26.3,28.5,32.3,36.9,38.8,40.1,40.6,46.5,49,57.3,61.2,72.8,88.7,110.6,113.1,104.2,74.3,70.9,68.9,62.2,59.6,60.5,58,53.5,43.8,32.2,13.6,13.4
2002,평일,5,2552,명일,하선,15.1,16.3,30.9,31.6,35.1,55.4,31.9,18,19.6,16.9,19.5,24.8,26.7,30.6,34.3,35.3,36.8,37,40.9,44.6,51.7,55.9,65.9,80.9,99.7,101.8,92.5,66.1,63.8,65,56.9,54.1,54.8,52.5,48,39.2,28.7,12.3,11.7
2003,평일,5,2553,고덕,하선,10.8,11.4,21.2,24.4,26.2,45.1,24.1,14,16.3,13.5,16.7,21.6,22.8,26.8,28.8,29.6,30,30.5,34.5,39.3,44.7,46.1,58.2,72,89.9,96.8,82.1,58.6,57.4,58.4,51,48.6,49.1,48.1,42.8,34.7,25.6,11,10.2
2004,평일,5,2554,상일동,하선,8.9,8.8,14.5,18.4,21,38.9,19.4,14.8,11.4,11.2,13.9,17.6,18,20.4,21.6,22,22.1,22.4,24.9,28.3,32.9,34.5,42.5,51.9,61.1,71.1,60.8,43,40.3,41.6,39.6,33.1,34.4,35.3,30.8,24.4,19.8,11,5.9
2005,평일,5,2555,둔촌동,하선,6.8,13.5,14.1,21.9,46.7,68.4,58.9,25.4,17.3,15.9,16.2,20,20.5,21.8,24.9,26.2,26.5,23.8,26.5,27.4,31.9,32.4,39.9,23.6,25.6,39.3,40.6,26.4,28.3,28.2,25,24.9,25,24.2,21.4,17.7,13.1,6.7,7.3
2006,평일,5,2556,올림픽공원(한국체대),하선,5.7,12.3,11.2,16.2,36.8,54.9,47.2,19.3,13.7,12.7,12.5,16.5,17.7,18.4,21.4,22.9,22.8,20.7,23.9,26.8,31.3,32.1,39.8,23,26.8,40.6,42.7,27.1,30,29.4,25.5,26.3,25.2,25.8,22.8,21,14.8,6.8,6.5
2007,평일,5,2557,방이,하선,6.1,11.1,10.7,16.2,28.4,48.4,42,17.7,12.9,11.5,11.3,15.1,15.3,17,18.3,20.5,19,17.9,20.5,22.3,26.9,27.8,33.3,23.3,23.1,36.3,37.8,24.8,25,26.1,22.6,25,22.8,27.1,22.3,17.1,12.8,5.8,5.6
2008,평일,5,2558,오금,하선,1.7,5.5,5,5.8,8.2,20.8,19.8,8.2,7.4,6.8,8.1,9.8,12.1,12.5,15.4,16.5,16.5,15.8,19.3,22.4,26.3,29.3,31.7,22.6,22.6,35.9,40.6,26.2,26.4,26.3,23.8,26.5,22.9,26.5,22.8,17.6,13,5.9,5.6
2009,평일,5,2559,개롱,하선,1.1,4.2,3.3,4,5,14.6,15.2,5.6,5.1,4.8,5.6,6.9,8.8,9.1,11,12.2,11.9,11.3,13.7,17.1,19.4,21,23.2,15.8,17.3,27.1,30.7,19.9,19.5,19.4,17.6,19.6,16.9,19.4,16.7,12.9,9.4,4.4,4.3
2010,평일,5,2560,거여,하선,0.4,1.7,1.3,1.2,1.7,5.1,6,2.1,2,2,2.5,3,3.8,3.7,4.5,5.1,4.9,4.6,5.4,7.4,8.6,9,10,6.5,6.9,10.5,12.4,8.5,8,7.7,7.5,8.3,7.2,7.5,6.6,5.5,4.1,2,2.1
2011,평일,5,2561,마천,하선,0,0,0,0,0,0,0,0,0,0,0,0,0,0,0,0,0,0,0,0,0,0,0,0,0,0,0,0,0,0,0,0,0,0,0,0,0,0,0
2012,평일,5,2562,강일,하선,7.2,7.6,12.2,15.7,16.6,29.6,30.5,18.9,17.3,14.7,12.7,16,15.8,17.1,18.8,19.4,19.3,19.5,21.6,24.5,27.9,29.4,37.3,41.6,52.8,61.6,51.8,45.5,34.1,35.6,33.5,27.9,28.4,28.9,27,21.3,18,9.2,10.2
2013,평일,5,2563,미사,하선,6.1,4.9,6.2,10.8,12.3,21.9,23.4,14.8,12,8.7,8,10.1,10.7,10.9,12.5,13.2,13.3,12.8,14.5,17.1,18.5,18.3,22.4,23,26.5,29.8,21.4,20.7,15.5,17.8,16.8,14.2,14.9,16.5,14.2,11.5,9.5,5.1,5.9
2014,평일,5,2564,하남풍산,하선,0,4.5,4.5,6.6,9.4,12.5,12.8,9.9,8.3,7,6.6,8.5,9.2,9.8,10.6,11.3,11.5,10.7,12.3,15.2,16.5,16.5,19.4,19.4,21.4,26.3,19.2,16.7,9.5,14.7,14,11.8,12.5,13,11.8,9.4,7.7,4.2,4.7
2015,평일,5,2565,하남시청,하선,0,2.4,2,3,4.4,4.4,7,5.1,4.2,3.3,3.9,4,5,5.2,5.9,5.3,5.2,5,5.9,6.9,7.6,7.9,9,8.8,9.2,10.9,8.2,5.9,5.6,6.3,6.5,5.4,5.7,5.7,5.1,4.1,3.2,1.6,2.1
2016,평일,5,2566,하남검단산,하선,0,0,0,0,0,0,0,0,0,0,0,0,0,0,0,0,0,0,0,0,0,0,0,0,0,0,0,0,0,0,0,0,0,0,0,0,0,0,0
2017,평일,6,2611,응암,상선,12.5,10.3,10.4,14.8,16.4,20.3,17.7,15.1,15.3,15.6,14.7,14.8,15.1,16,16,16.4,16.5,16.6,16.1,18.8,21,24,27.2,25.6,31.6,41.4,47.9,28.8,23.5,19.9,17.2,20,19.7,20.8,18.3,10.7,13.3,5.5,5.4
2018,평일,6,2612,역촌,상선,0,0,0,0,0,0,0,0,0,0,0,0,0,0,0,0,0,0,0,0,0,0,0,0,0,0,0,0,0,0,0,0,0,0,0,0,0,0,0
2019,평일,6,2613,불광,상선,0,0,0,0,0,0,0,0,0,0,0,0,0,0,0,0,0,0,0,0,0,0,0,0,0,0,0,0,0,0,0,0,0,0,0,0,0,0,0
2020,평일,6,2614,독바위,상선,0,0,0,0,0,0,0,0,0,0,0,0,0,0,0,0,0,0,0,0,0,0,0,0,0,0,0,0,0,0,0,0,0,0,0,0,0,0,0
2021,평일,6,2615,연신내,상선,0,0,0,0,0,0,0,0,0,0,0,0,0,0,0,0,0,0,0,0,0,0,0,0,0,0,0,0,0,0,0,0,0,0,0,0,0,0,0
2022,평일,6,2616,구산,상선,0,0,0,0,0,0,0,0,0,0,0,0,0,0,0,0,0,0,0,0,0,0,0,0,0,0,0,0,0,0,0,0,0,0,0,0,0,0,0
2023,평일,6,2617,새절,상선,8.7,9.9,8.7,11.9,13,16.4,15.4,11.1,14.5,14.7,13.9,13.9,14.5,15.9,15.8,16.7,17.6,18.3,18.1,21.5,25.6,30.9,34,33.8,41.5,55.6,66,41.2,34.3,28.9,25.5,29.1,28.6,30.6,25.2,20.7,13.8,8.9,4.4
2024,평일,6,2618,증산,상선,7.2,10,8.3,11.4,11.8,16.4,14.2,12,15.6,15,14,14.5,15.4,16.6,17.2,18.9,19.9,20.4,20.7,25,29.6,34.5,40.2,39.2,50.2,73.5,78.7,51.1,42.8,35.5,31.4,35.3,35,37,31,25.8,16.9,11.2,7.4
2025,평일,6,2619,디지털미디어시티,상선,6.2,9.7,8.2,10.7,10.8,16,13.8,12.4,16.4,15.9,14.5,15.7,16.6,17.5,18.4,20,21.3,22.1,22.8,29.1,33,38.4,45.2,44.2,57,82.5,91.1,58.9,48.6,41,37.8,40.5,40.8,42.6,36.1,30.3,20,13.1,9.1
2026,평일,6,2620,월드컵경기장,상선,8.7,11.4,8.7,12,15.4,21.9,18.3,15,17.5,14.9,13.7,14.7,15.9,16.9,17.9,20,20.8,21.7,22.6,28.2,33.3,38.9,45.2,42.6,56.8,81.6,88.1,58.5,49.9,41.2,38,41,41.7,43.4,35.9,31.2,20.6,12.6,9.9
2027,평일,6,2621,마포구청,상선,8.9,11.6,9.3,12.5,15.7,22.6,17.8,15.6,18.8,15.8,15.5,16,17.1,18.3,18.8,20.9,22.1,22.6,23.1,28,33.1,39.1,45.2,42.2,57.3,82.1,90.2,59.7,49.6,41.3,38.3,41.1,41.9,43.3,36.3,31.5,19.9,10.3,10.1
2028,평일,6,2622,망원,상선,8.4,12,9.8,12.8,16.6,23.6,21.9,17.3,22.1,17.5,17.7,17.6,19.2,20.7,21.9,23.7,25.3,25.5,26,33.3,37.1,43,48.1,48.7,64.3,95.3,96.2,65.6,53.8,46.4,42.9,45.5,46.5,49.7,40.5,34.6,22.9,13.6,8.4
2029,평일,6,2623,합정,상선,7.4,11.8,10.3,13.3,17,24.3,24.8,20.7,28.2,21.1,22.4,21.9,24.2,25,26.8,29.2,30.9,30.2,30.8,39.2,44.2,49,55,53.2,70.7,101.1,100.1,72.7,59.4,48.7,46.2,47.4,48.9,51.7,43.1,35.1,21.9,14.9,9.6
2030,평일,6,2624,상수,상선,5.1,6.2,6.9,9.3,12.5,18.6,18.4,15.8,21.1,15.1,16.7,16.3,17.2,18.3,19.6,22,21.6,21.6,21.1,28.2,31,34.7,39,36.5,46.1,66.2,60,43,34.9,29.5,28,29.3,30.1,31.6,26.3,22,13.4,9.8,7.5
2031,평일,6,2625,광흥창,상선,4.4,6.1,7,9.5,12.5,19.6,20,19,30.3,17.5,21,18.2,19.5,19.6,21.7,23.3,24,22.6,22.3,28.4,31.9,35.1,39.7,37.6,49.3,73.5,58.4,44.6,34.7,29.5,27.7,28.2,28.9,30,25.3,20.9,13.3,10,8.1
2032,평일,6,2626,대흥,상선,3.6,5.8,6.7,8.9,12.2,19.8,20.3,20.5,28,17.6,20.7,17.6,18.1,19.2,21.6,22.8,23.9,22,21.5,27.8,30.8,35,38.2,37.4,48.7,71.3,57,44.3,34.9,30,28.4,28.5,29.7,31.1,26.8,22,13.1,11.2,8.7
2033,평일,6,2627,공덕,상선,4.3,6.3,7.2,9.6,13.6,22.1,25.5,22.2,32.4,25.5,22.6,18.6,20.9,19.8,23.2,24.6,25,22.2,23.7,27.9,31,34.5,38.7,37.1,49.8,71.5,60.9,46.7,36.4,30,29.1,28.6,30.9,29.3,27.9,21.1,13.6,12,4.8
2034,평일,6,2628,효창공원앞,상선,7,10.6,12.7,19.9,29,42.5,40.3,34.2,41.3,29.2,24.2,21.6,22.7,22,26.6,27.1,27.2,24.1,25.8,30.5,34,37.5,42.8,41.7,53.1,74.4,59.1,49.5,38,32.1,30.5,29.9,34,31.6,32.2,22.1,15.3,13.7,6.2
2035,평일,6,2629,삼각지,상선,6.7,10.6,12.7,19.8,29.7,43.7,42.6,37,40,30.1,24.7,21.4,23.8,21.7,26.8,26.8,26.4,24.2,26,30.3,33.3,38.8,42.7,41.6,53.1,71.9,60.2,48,37.7,32.9,31.3,32,34.3,33.9,31.9,22.9,16,14.4,7
2036,평일,6,2630,녹사평,상선,7.3,11,14,21.4,28.7,41.2,36.2,34.6,33.7,24.8,21.3,18.3,19.3,20.4,22.9,22.6,22.8,20.7,22.3,26.3,29,33.5,37.9,34.5,42.2,55.2,46.2,38.5,31.5,27.5,25.9,26.6,28.7,29.9,27.4,18.9,12.6,13.7,6.2
2037,평일,6,2631,이태원,상선,8.4,10.9,14.1,21.4,29.5,42.2,36.4,34.4,33.6,24.8,19.9,18.1,19,20.3,22.2,23,22.8,20.3,22.1,27.1,28.4,32.4,36.9,34.4,42.1,53,43.3,37.3,30.4,25,25.4,24.4,26.6,28.2,25.9,16.8,11.4,11.2,3.2
2038,평일,6,2632,한강진,상선,8.1,11.7,15.1,22.3,31.1,44.9,36.6,38.1,37.3,26.5,20.4,19.4,20.1,21,23,23.6,22.9,20.1,22.2,26.7,27.6,30.5,33.9,34.2,41.2,50.7,41.3,36.2,29.1,23.4,23.7,23.3,25,26.4,24.7,15.3,10.5,10.9,2.3
2039,평일,6,2633,버티고개,상선,11.2,13.1,16.7,24.1,34.6,48.7,41.3,42.5,40.4,29.2,23.6,22.6,21.2,22.7,24.6,25.3,25,21.6,23.9,27.2,27.8,30.9,32.9,31.5,38.6,45.7,39,32.5,24.6,19.6,20.8,20.2,21.8,20.7,19.9,13.6,10.1,10.5,2.7
2040,평일,6,2634,약수,상선,11.3,13.6,17.6,25.2,34.6,48.9,39.9,42.1,38.6,28,23.6,22.6,21,23.5,24.9,25.3,24.2,22.6,24.1,27.4,28,33.4,31.5,31.6,38.8,45.5,38.6,32.9,25,19.8,21.2,20.6,22.2,21.1,19.7,13.8,10.4,10.7,2.9
2041,평일,6,2635,청구,상선,16,19.1,22.4,33,47.7,68.1,58.9,59.9,50.9,35.3,28,26.1,24.8,28.6,28.4,29.1,27.5,25.4,26.9,31.8,30.3,35.2,33.3,34.2,38.4,44.1,33.7,27.3,21.7,18.5,18.6,19.1,20.3,20.2,18.6,12.7,9.9,10.3,2.7
2042,평일,6,2636,신당,상선,16.7,18.3,22.6,34.2,51,71.6,61.3,60.4,49,33.5,27,24.7,24.1,28.1,27.4,29.4,27.6,25.1,26.4,32.1,30.2,35.1,33.7,34,37.8,42.2,30.9,24.1,19.5,17.3,18,18.2,19.5,20.3,17.7,12.2,9.5,10.2,2.6
2043,평일,6,2637,동묘앞,상선,19.9,21.6,28.9,42.9,65.4,92.9,78.5,77.7,62.3,42.1,32.8,30.5,28.7,33.7,33.1,35.1,32.6,29.3,30.9,37.8,33,40.4,40.3,39.3,44.1,47.6,32.7,26.1,22.2,19.1,19.1,19.9,21.1,21.4,18,12.9,9.6,10.8,2.6
2044,평일,6,2638,창신,상선,20.5,24.8,34.1,47.7,76.3,103.6,89.6,85.6,61.4,45.9,36.5,33.2,30.7,36.9,35.2,37.2,33.3,29.5,31.4,38.7,33.3,42.4,40.5,40.3,46.1,46.8,32.5,25.6,22.1,19.3,19.4,20.8,22.5,22.7,18.1,13,9.5,10.5,2.7
2045,평일,6,2639,보문,상선,19,23.7,33.2,50.8,73.5,101.2,79.6,86,55.6,44.8,35.5,32.4,30,36,34.4,36.5,32.7,29,31.4,37.9,32.7,44.2,37.2,39.7,45.6,46,30.9,25.5,21.7,18.9,19.1,20.4,22.4,21.7,17.8,13,10.3,9.1,2.8
2046,평일,6,2640,안암,상선,17.7,21.6,29.5,44.5,65.1,91.6,71.3,74.9,50,41,30.6,31,28.5,34,32.3,34.8,31.4,27.4,33.5,34.8,31.9,43.4,35.3,37.7,44.2,41.4,29.2,24.8,20.1,18.8,18.3,19.8,22,21.6,16.6,12.1,10.2,8.8,3.1
2047,평일,6,2641,고려대,상선,21.9,22.7,30.4,44.1,65.8,92.4,74.7,76.2,52,43,29.9,28.7,25.9,29.8,29.8,31.5,27.8,23.1,26.2,27,24.9,30.3,26.2,28.8,29.1,30.5,22.5,17.8,14.7,12.9,12.2,14,15.1,14,10.5,7.2,6.5,5,1.7
2048,평일,6,2642,월곡,상선,20.5,21.6,30.2,44,67.8,86.9,72.6,67.8,48.1,41.9,28.2,26.2,24.4,27,27.4,27.6,24.7,20.6,22.8,23.9,22.1,25.9,21.2,25.4,23.6,25.3,19,15.7,12.9,10.5,10.5,10.9,10.8,11.1,8.9,5.9,6.2,3.8,0.9
2049,평일,6,2643,상월곡,상선,16.8,20.2,26.3,39.4,60.9,77.1,67.5,60.5,42.6,38.4,25.8,23.7,22.4,25.2,25.1,24.8,21.4,20.2,20.4,21.7,20,23,19.4,23.2,20.8,21.9,17.9,14.4,11.8,9.3,9.5,10,9.2,10.2,8.5,5.5,5.9,3.8,1.1
2050,평일,6,2644,돌곶이,상선,17.8,18.5,24.9,37.1,55.5,71.1,63,56,40.3,36.5,24.3,22.1,20.9,24.5,22.8,23.2,20.3,18.9,19.2,20.4,19.1,21.6,18.5,22.2,19.9,20.8,18,14.2,11.4,9.5,9.5,10,8.6,9.8,8,5.4,6,4,1.3
2051,평일,6,2645,석계,상선,14.6,16.3,22.3,31.6,47.2,63.9,57.1,49.1,36.9,31.1,21.5,20.4,19.5,22.5,21,21.6,19.2,17.5,18.1,19.5,18.1,19.8,17.3,19.6,19.8,19.4,18.8,14.5,11,9.9,8.9,9.8,8.5,9.4,7.8,5.3,6,4.3,1.5
2052,평일,6,2646,태릉입구,상선,13.1,14.9,20.6,30.8,44.8,59.6,51,45.5,34.3,29.3,20.3,21.1,19.9,22.6,20.6,21,19.7,17.8,18.4,18.9,19.6,20.7,18.7,20.6,22.1,22.4,20.2,17.7,12.7,11.8,10.3,11.4,9.3,10.9,9,5.9,6.4,4.4,1.7
2053,평일,6,2647,화랑대,상선,8.4,9.9,14.7,22.5,31.8,36.7,31.1,27.5,20.2,18,13.1,12.2,12.3,13.7,11.8,12.2,11.6,10.3,10.2,12,12.1,11.5,10.8,11.6,13,13.4,9.5,7.6,5.3,5.2,4.2,4.9,3.5,4,3.3,2,2,1.3,0.3
2054,평일,6,2648,봉화산,상선,4.3,4.9,7.5,11.8,18.1,18.7,16.8,13.9,12.8,8,6.9,6.6,7.4,7.1,6.2,5.6,6.3,4.9,5,4,6.9,5.2,4.1,5.1,6.5,7.7,5.4,4.8,2.7,3.6,2.1,2.8,1.6,2.1,1.9,1.1,1.1,0.9,0.2
2055,평일,6,2649,신내,상선,3.9,3.8,8.9,8.3,21.3,16.2,15.3,15.1,11.5,6.3,7.7,7.5,6.6,6.5,7,6.1,4.1,5.8,5.5,4.8,8,6.6,4.6,8.3,7.4,10.5,5.9,6,4.5,2.9,2,2.6,1.6,1.5,1.4,0.8,0.5,0.5,0.1
2056,평일,6,2611,응암,하선,27.9,20.6,27.7,45,57.9,66,41.7,31.8,28.9,24.5,21.6,21.3,19.9,21.7,20.8,21.2,19.7,18.1,17.4,17.2,21.8,24.5,25.9,25.4,19.8,24,18.6,12.1,11.1,10.7,9.2,10.1,8.9,11,7.5,5.7,3.7,1.5,1
2057,평일,6,2612,역촌,하선,10.1,10.5,12.4,18.1,20.8,23.4,19.3,16,17.2,16.5,15.4,15,15.7,16.3,16.1,16.8,17.1,16.2,15.8,18.2,20.1,22,25.7,23.9,28.2,37.9,41.9,25.8,20.9,17.7,15.6,17.8,17.6,18.4,15.9,12.1,8.4,3.4,4.4
2058,평일,6,2613,불광,하선,4.5,4.2,6,8.1,10.3,10.9,7.7,6.6,7.4,8,7.7,8.3,8.8,8.9,8.5,9.5,10.3,10.1,10.5,11.3,13.8,15.1,17.6,15.9,17,22.4,26.7,17.9,13.7,11.5,10.6,11.6,11.3,11.6,9.9,7.5,5.7,2.6,3
2059,평일,6,2614,독바위,하선,4.8,5.2,7.6,11.3,14.2,14.5,9.8,8,8.4,8.6,8.6,8.7,9.2,9.4,9,9.4,10.2,10.1,10.4,10.8,13.1,14.3,17.2,14.8,15.2,19.8,22.9,15.1,11.6,9.8,8.9,9.7,9.3,9.7,8.1,6.2,4.8,1.7,2.9
2060,평일,6,2615,연신내,하선,12.1,11,16.5,26.6,33.8,35.1,23.5,18.4,18.2,16.4,15.2,16.1,15.2,16.7,16.7,16.7,16.8,16.6,16.5,18.8,21.2,24.7,27,25,21.5,25.6,27.4,17.8,15.4,13.7,11.8,12.8,11.3,12.5,9.6,7.7,5,2.5,2.7
2061,평일,6,2616,구산,하선,18.3,13.8,20.7,33,39.8,45.7,30.3,23.6,22.4,20,17.9,18.7,17.5,19,18.4,18.2,17.9,16.9,16.1,18.7,21.2,23.6,25,24,19.2,22.7,21,13.7,12,11.3,9.8,10.5,9.2,11.3,7.4,6.3,4.3,1.9,1.6
2062,평일,6,2617,새절,하선,27.2,25.8,35.6,56.9,60.2,81.2,51,38.7,36.1,28.2,26.2,24.5,22.6,24.4,23.6,24,21.6,19.9,19.3,18.8,23,26.8,28.8,29.2,22,24.9,20.8,12.9,11.1,10.7,9.2,10.4,8.9,11,7.4,5.9,3.5,1.5,1.8
2063,평일,6,2618,증산,하선,32.6,30.1,41,63.4,70,91,61.6,43.9,40.6,32,29.5,26.9,24.9,26.4,25.8,26.4,24.3,22.1,20.9,20.5,23.9,26.5,31.4,30.7,23.2,26.6,21.2,13.2,11.5,11.2,10.1,10.7,9.1,10.8,7.5,6.1,3.6,1.5,1.7
2064,평일,6,2619,디지털미디어시티,하선,28,28.2,36.8,64.9,69.8,89.9,62.4,45.2,41.6,33.2,30.3,27.6,25.6,26.9,26.4,26.7,25.4,22.1,20.7,20.1,23.4,25.2,31,34.2,27.5,34.8,28.2,17.1,12.6,11.6,10.4,10.6,9.7,10.4,8.5,6.2,4,1.7,2.1
2065,평일,6,2620,월드컵경기장,하선,27.8,28.2,34.1,62.5,69.3,92.2,64.5,45.5,44.3,32.3,31,27,25.4,26.7,26,26.4,24.8,22.1,21,20.7,24.1,27.1,33,36.5,29.3,36,28.5,17.4,12.9,12,10.6,10.8,10.1,10.9,9.1,6.5,4.8,2,2.1
2066,평일,6,2621,마포구청,하선,31.6,31.1,38.8,69.2,78.2,102.8,71.3,52.1,49.6,36.1,36.5,31.6,29.5,30.8,30.4,30,28.4,25.8,24.1,24.3,27.4,30.9,36.1,40.9,32.6,39.3,35.8,20.1,14.2,13.3,11.8,12.1,11.1,12,9.5,6.9,5.1,2.1,1.9
2067,평일,6,2622,망원,하선,39.3,32.2,41.1,74.9,82.1,106.7,76.8,54.1,50.7,38.3,38.5,33.9,32.7,32.8,33.7,33.7,31.2,29.2,27.8,28,30.3,34.4,39.4,45.7,36.2,45.2,39,23.9,17.4,16.6,15.3,16.1,14.9,15.4,12.1,9.1,6.5,2.3,2.4
2068,평일,6,2623,합정,하선,23.3,19.6,21.3,38.3,44.7,58.8,46.2,30.7,35.2,24.6,26,22.3,22,21.5,23.2,23.3,22.5,20.2,19.8,19.5,21.9,22.1,25.6,30.2,25.3,33.4,28.8,18.5,13.2,13,12.6,12.9,13.3,14.1,11.9,9.1,7.3,2.7,2.7
2069,평일,6,2624,상수,하선,25,20.3,21.7,39.4,45.3,58.6,43.7,28.8,29.3,22.9,22.5,21.4,20.2,21.1,22.2,23.1,21.4,20.4,20,20.4,22.2,24.4,27.2,32.8,27.6,33.8,30.7,19.6,13.6,14.6,14.5,15.8,16.3,18.2,15.4,12.2,9.7,3.4,2.8
2070,평일,6,2625,광흥창,하선,25.6,20.9,22.4,38.4,46.7,56.1,44.8,28.9,28,22.9,23.5,21.5,20.7,21.8,22.6,22.8,21.1,20.4,20.2,20.1,21.6,24.3,27.3,34.1,28.3,35.9,30.8,20.3,13.8,14.5,14.4,15.9,16.1,18.2,15.5,12,9.7,3.2,2.6
2071,평일,6,2626,대흥,하선,26.5,21.2,22.9,39.5,47.1,57.2,45.3,29.6,27,23.1,23.1,22.1,20.7,22.2,22.9,24.1,22.2,21.8,20.7,21.8,22.5,27.7,30.2,36.4,31.4,40.4,31.9,21.7,14.6,15.6,16,17.7,18.5,21.5,16.7,12.9,10.5,4.2,2.5
2072,평일,6,2627,공덕,하선,17.3,22.4,23.4,38,48.2,55.2,42.8,30.4,29.3,27.3,27.7,27.4,24.2,25.3,27.3,27.8,26,25.5,23.7,25.7,27.3,33.4,37.4,49,49,62,56.5,33.1,21.1,22,23.1,24.2,25.5,26.7,22.6,17.8,13.3,6.7,2.3
2073,평일,6,2628,효창공원앞,하선,16.4,22.6,24.2,37.8,50.4,57.2,44,31.3,29.3,27.1,28.3,28.1,24.8,26,27.5,28.1,27.2,25.8,23.7,26.1,27.6,32.4,38.4,50.2,49.9,64.8,57,34.6,21.8,22,22.8,24.1,24.8,26.1,22.2,17.4,13,6.5,4
2074,평일,6,2629,삼각지,하선,13.1,18.5,18.4,28.1,38,41.5,33.2,24.5,25.6,23.6,24.3,24.8,22.1,22.6,25.6,24.4,23.4,23.2,20.8,23.3,24.4,29.1,33.6,43.6,46,58.5,51.6,31.6,20,20.1,21.3,22.4,23,24.2,21.3,17,12.8,6.4,3
2075,평일,6,2630,녹사평,하선,13,17.3,17.5,26.7,36,39.3,31.5,23.8,23.7,24.1,23.4,24.3,21.2,21.3,24.4,23.5,22.5,22.1,21.1,22.7,23.9,28.8,33.4,40.5,46.7,53.7,54.5,33.5,21,19.5,21.5,22.3,23.5,24.5,22.3,17.2,14,6.3,2.7
2076,평일,6,2631,이태원,하선,13.8,14.8,15.7,24.1,34.8,36.2,29.5,21.7,21.3,22.2,21.3,23.5,20.1,20.5,23.4,22.9,22.5,22,20.9,23.2,24.3,28.9,34.9,42,47.1,55,53.9,33.7,20.9,20,21.7,22.7,24.1,25.7,23,18,15.1,7.5,4.1
2077,평일,6,2632,한강진,하선,8.9,12.8,13.1,18.3,28.8,31.4,24.7,18.2,17.8,19.3,18.2,21,18.8,19,21.6,21.5,20.6,21.1,20.1,23.8,23.9,29.5,36.3,44.9,48.6,58.9,54.8,35.6,22.6,22.7,23.8,25,26.3,30.5,26,19.4,15.2,7.4,3.4
2078,평일,6,2633,버티고개,하선,9.2,13.1,13.2,18.6,29.3,32.1,24.7,18.7,18,20.3,17.9,21,19.2,19.3,21.2,22.3,20.7,21.2,20.2,23.9,24,29.6,36.4,43.5,51.1,56.6,54.5,35.6,23,21.9,23.6,24.9,26,30.2,25.7,19.1,14.9,7.3,6.6
2079,평일,6,2634,약수,하선,6,13.7,13,16.6,25.5,29.7,25.3,17.7,17.7,23.1,18.8,24.2,22.7,21.8,24,26.8,23.7,24.9,24.6,27.7,28.8,35.5,42.2,50.9,63.4,68.4,75.1,50.9,32.3,28.5,31,31.6,33.2,35.2,33.5,22.8,17.5,8.1,7.9
2080,평일,6,2635,청구,하선,5.8,12.5,12.5,14.8,24.5,29.4,26.2,17.9,18.8,25,19.1,25.6,25.6,21.4,25.1,28.3,23.5,24.3,25.7,27.2,28.5,33.8,40.4,49.8,64,71,77.6,51.9,32,27.8,30.3,30.1,32,33.5,31.2,22.5,16.7,7.5,7.3
2081,평일,6,2636,신당,하선,8.4,14.1,13.6,14.9,23.9,29.6,29.8,18.4,19.4,27.8,20.2,27.4,29.5,24.1,28.5,32.8,27,27.4,30,31.8,32.9,39,47.4,60.2,77.9,87.9,95.9,63.8,41,33.8,38.2,38.2,40.8,43.6,40.8,28.9,20.7,9.4,10.4
2082,평일,6,2637,동묘앞,하선,10,15.4,14.2,15,24.1,29.1,28.8,18,19.7,31.9,19.8,28.1,31.2,24.3,28.6,33.2,27.6,28.4,31.3,31.2,36.9,42.4,51.1,67.2,87.2,89.3,109.5,76.7,46.6,35.9,41.2,41.5,43.6,45.9,44.8,32.2,23,12.3,11
2083,평일,6,2638,창신,하선,10.5,15.1,13.9,14.5,22.5,28.8,28.3,17.5,19.6,31.6,18.3,26.9,30.8,23.9,27.3,32.2,27.1,27.9,31.2,30.4,36.2,41.7,50.1,58.6,85.6,87.7,106.7,74.6,45.2,35,39.8,40.7,42.4,44.4,43.4,31.1,22.3,11.9,10.6
2084,평일,6,2639,보문,하선,10.7,15.4,13.8,14.7,22.2,26.9,29.9,17.6,18.8,29.7,18.2,24.8,30.4,23.8,26.4,32.5,26.7,27,29.7,29.4,34.4,39.8,46.7,54.2,78.8,81.1,93.9,65.5,40.9,31.2,35.2,36.9,37.4,39,39.2,28.9,20.3,10.7,9.3
2085,평일,6,2640,안암,하선,6.8,13.7,11.6,11.2,16.6,21.1,19.4,12.5,12.9,16.9,13.4,20.2,20.8,20.2,21.2,23.5,22.4,23.5,24.6,28.1,32.8,37.9,45.9,53.4,79.1,78.2,89,62.3,38.7,29.5,33.6,35.6,34.9,37.4,36.6,27.6,18.7,9.8,8.3
2086,평일,6,2641,고려대,하선,7,12.9,10.3,10,14,18.4,15.6,10.5,10.9,12,11.8,17.9,18.6,18.5,19.2,20.7,20.8,21.2,22.4,26.7,30.3,35.9,44.1,51.7,73.5,74.8,84.8,62,37.8,27.7,31.4,33.4,32.8,35,33.6,25.1,16.8,8.8,7.5
2087,평일,6,2642,월곡,하선,7.5,11.7,10.5,10.3,14.8,18.7,13.2,9.8,9.5,10.3,10.9,15.4,16.6,16.9,17.2,18.4,18.3,19.4,20.2,23.9,26.7,32.7,39.2,44.9,62.3,68.3,73,53.5,34.2,24.2,27.2,29.6,28.8,30.5,30.2,22.5,15.1,8.3,6.2
2088,평일,6,2643,상월곡,하선,8.2,12,10.7,11.3,15.5,19.1,13,9.6,9.2,8.4,11.2,15,15.7,16.6,16.3,17.6,17.4,18.8,19.1,21.9,25.1,31.2,38.6,40,58.8,65,67.9,49.6,31.6,22.5,24.5,27.1,27.4,28.6,27.2,20.4,13.6,7.3,6.3
2089,평일,6,2644,돌곶이,하선,9.3,10.4,10.1,11.2,17.1,21.1,13,9.9,8.6,8.3,10.6,14.5,14.9,15.4,14.9,16.7,16,17,18.2,20.2,22.9,28.8,35.6,37.5,53.9,58.3,61.2,46.1,29.1,19.9,21.6,24.3,24.2,25.8,23.6,18.7,12.7,6.2,5.3
2090,평일,6,2645,석계,하선,11.9,11.6,11.3,13.9,20.7,25.5,15.3,11.2,9.8,8.8,10.8,14.6,14.4,16.3,15.3,17.1,16.8,16.8,18.9,20.6,22.7,24.6,34.9,37.1,50.8,54.1,58.4,43.5,28.3,19,19.9,22.6,23.3,23.2,22.2,17.5,11.7,5.8,5
2091,평일,6,2646,태릉입구,하선,5.8,6.2,5.5,6.8,11.4,15.4,7.9,5.6,5,4.8,5.5,6.9,7.7,7.9,8.2,9.1,9.1,9.1,9.9,11.2,13,14.3,18.2,20.5,28.5,30,33.5,24.6,16.6,10.7,12.1,12.5,13.7,13.6,13.2,9.7,6.8,3.2,2.9
2092,평일,6,2647,화랑대,하선,3.9,3.9,3.6,4.3,7,8.4,3.9,2.5,2.4,2.3,3,3.7,3.8,4.5,4.8,5.4,5.5,5.6,5.9,6.9,8.1,8.6,11.3,12.2,15.3,17,19.4,14.5,9.5,5.8,6.7,6.8,7.5,7.4,7.2,5.5,3.8,1.9,1.4
2093,평일,6,2648,봉화산,하선,2.6,2.5,2.1,2.7,2.8,3.6,1.8,1.5,0.9,0.8,1,2.1,1.1,1.6,1.2,2.8,1.4,1.5,2,3.6,2.1,1.9,3.6,6.6,3.8,6.9,8.2,3,1.6,2.3,2.2,1.5,1.5,1.5,2.7,1.7,1.4,0.3,0.2
2094,평일,6,2649,신내,하선,0,0,0.5,0.5,2.5,2.8,3,5.2,4.6,4.7,3.7,1.8,2.6,2.8,2.8,3.1,3.3,3.6,3.7,3.5,4.4,4.5,5.6,6.6,7.9,5.8,6.1,8,4.5,4.8,4.2,2.4,3.2,3.2,2.7,1.1,0.8,0.3,0.3
2095,평일,7,2711,장암,상선,0,0,0,0,0,0,0,0,0,0,0,0,0,0,0,0,0,0,0,0,0,0,0,0,0,0,0,0,0,0,0,0,0,0,0,0,0,0,0
2096,평일,7,2712,도봉산,상선,0.4,0.7,0.7,0.7,0.3,0.5,0.3,0.2,0.7,0.3,0.7,0.5,0.8,0.5,0.7,0.3,0.6,0.3,0.4,0.3,0.5,0.4,0.8,0.6,1.1,1.3,1.1,0.6,0.4,0.5,0.3,0.2,0.6,0.2,0.4,0.2,0.1,0.3,0
2097,평일,7,2713,수락산,상선,8.1,6.8,8.2,9.4,12.1,14.3,8.1,6.6,4.7,5.3,6.3,7.8,7.9,8.3,8.5,8.7,8.3,8.4,8.4,10,11.1,13.2,15,16.3,19.8,25.9,22.8,14.7,10.9,12.7,10.8,12,12.7,12.9,10.9,8.4,5.8,4.5,2.5
2098,평일,7,2714,마들,상선,8.6,8.5,9.8,10.3,13.1,16.8,11.1,7.4,6.6,7.1,8.2,10.7,10.8,11.5,11.6,11.2,11.2,11,11.4,13.5,15.7,18.2,20.9,23,27.5,35.6,32,21.9,16.5,18.2,16.5,17.5,18.7,18.6,16.5,12.4,8.8,7.6,4.8
2099,평일,7,2715,노원,상선,8.7,9.1,10.7,12.7,15,18.1,11.5,8.4,7.8,8.2,9.9,12.8,13.1,13.8,14.5,14.1,14.4,14.1,14.9,17.6,20.6,23.8,28,31.1,36.4,48.3,43.5,30.4,22.7,25.1,22.7,24.2,26.2,25.4,22.8,17.6,12.4,11.2,7.4
2100,평일,7,2716,중계,상선,12.3,12.9,16.1,19.3,24.7,29.3,22.6,14.6,13.5,13.3,14.7,18.8,18.7,19.7,20.3,20.7,21.1,20.6,21.4,26.3,28.8,33,39.7,43.5,54,62,57.2,37.4,28.8,29.3,27.1,29.6,31.7,29.6,27.4,19.6,14.3,14.7,8.9
2101,평일,7,2717,하계,상선,12.1,13.8,16.3,21,26.3,32.1,23.7,15,14.3,13.8,15.4,19.5,19.9,21.1,21,21.7,22.2,21.9,23.2,28.2,31.4,35.6,43.4,48.6,61.5,69.7,66.2,44.1,35.4,34.2,33.1,34.6,37.9,34.4,33.3,23.8,17.3,17.9,11.5
2102,평일,7,2718,공릉,상선,12,14.6,18.2,22.8,27.9,34.4,24.2,15.5,15.6,14.9,16.3,20.2,20.7,22.7,23.4,24.5,25,23.6,25.4,30.5,33.3,38.8,47.4,54.5,70.3,80.4,78.3,51.6,42.7,40.1,38.3,41.8,45.5,41.1,40.8,29.3,21.6,20.8,11.9
2103,평일,7,2719,태릉입구,상선,11.1,14.6,20.1,23.3,30,36.7,26.1,16.6,17.2,15.8,17.8,21.2,21.8,25.1,24.5,26.2,26.8,24.3,27.1,30.9,37.5,42.3,51,59,77.1,88.2,83.2,55,46.6,43.8,40,44.8,49,43.8,44.7,32.2,25.2,20.7,6.8
2104,평일,7,2720,먹골,상선,23.5,16.4,20.7,23.8,32.3,40.2,24.7,16.9,17.7,15.9,17.4,23,22,24,24,25,25.6,23.8,25.8,29.5,36.4,41.4,49.2,56.3,75.3,85.4,79.6,53.3,48,42.7,39.9,44.4,48.4,44,45.2,32.7,25.4,20.9,9.3
2105,평일,7,2721,중화,상선,16.7,17.6,20,22.8,30.4,38.4,24.9,16.5,17.4,16.2,17.6,23.1,22.1,24.4,24.4,25.4,26.4,24.4,27,31.1,38.4,43.5,52.1,59.4,79.7,89.6,82.4,57.3,50.1,45.9,43.7,47.3,51.7,48.1,45.6,32.2,27.9,22.8,10.4
2106,평일,7,2722,상봉,상선,16.2,18.4,20.8,23.8,32.2,38.3,23.4,16.4,17.1,16.9,18.3,24.1,22.4,25.7,24,27.2,26.1,26.2,27.8,35,41,48.5,55.6,65.5,89.1,93.9,85.2,60.1,53.7,47.6,48.3,51.1,55.7,51.4,49.3,34.8,30.2,25.1,11.9
2107,평일,7,2723,면목,상선,15.9,21.2,23.1,25.6,31.7,37.4,23.9,16.8,18,18.6,19.8,25.9,23.7,27.1,26,29.4,28.6,28.9,31.4,39.2,46.2,53.6,62.2,74.3,104,109.6,103.5,70.4,64.1,54.9,55.9,58.4,63.6,58.9,56.9,40.1,34.2,28.5,14.6
2108,평일,7,2724,사가정,상선,13.2,21.9,22.3,24,30.2,37.2,23.7,17,18.4,18.7,20.4,25.7,24.1,27.2,26.7,29.4,29.4,29.8,32.9,40.8,48.6,55.4,66.2,78.1,110.4,115.5,110.2,74.3,69.8,59.5,59.3,65.5,69,63.9,62.3,43.8,37.4,31.3,16.8
2109,평일,7,2725,용마산,상선,11.2,21.6,21.6,22.3,28.7,37.7,22.7,16.7,18.1,19.5,21.2,25.8,24.5,27.7,27.9,30.1,30.6,30.8,34.7,43.6,52.5,59.1,70.9,82.5,113.8,129.9,119.4,80,75.7,63.8,65.2,70.6,70.9,74.5,62.8,41.8,43.9,34.2,18.9
2110,평일,7,2726,중곡,상선,10.4,21.3,21.2,22.9,28.4,37.6,21.9,17.2,18.1,19.6,22.2,25.5,24.9,27.9,29.1,30.9,30.7,31.3,38.1,45.8,54.1,63.2,75,91.4,117.5,132.8,119.5,81.8,78.2,65.9,67.3,73.6,72.5,77.3,65.2,43.4,42.8,29.8,14.7
2111,평일,7,2727,군자,상선,12.3,22.9,22,24.3,32.2,39.9,24.2,18.6,19.4,20.9,23.5,26.2,25.8,29.2,30.7,32.2,32.2,32.4,40,47.8,57,65.6,78.1,94.3,121.6,136.8,122.5,85,82.5,68.7,70.9,77.7,76.1,81,68.5,45.6,45.4,31.7,16.1
2112,평일,7,2728,어린이대공원,상선,9.4,23,21.8,22.9,30.9,34.6,23.3,17.4,18.1,19.5,22.2,23.6,24.6,28,28.6,31.4,31.7,33.2,41.2,49.5,58.3,66.4,76.4,96.2,127.1,133.2,123.6,88.1,86.3,70,73,81.8,79.2,85,70.8,48.3,48.8,35.9,17.2
2113,평일,7,2729,건대입구,상선,8.5,22.9,21.8,23.6,32.7,36.9,30.5,19.7,23.1,28.9,25.9,26.7,30.5,30.3,30.3,36.8,32.2,36.6,43.2,52.4,57.4,67.7,77.2,97.5,129.2,131.8,120.8,86.9,87.1,70.1,73.1,81.1,79.4,84.6,64.5,47.2,48,36.2,9
2114,평일,7,2730,자양(뚝섬한강공원),상선,7.6,25.5,22,23.6,35,41.5,34.5,22.9,26.4,29.5,26.7,25.5,28.7,28.3,29.6,33.7,29.8,32.2,37.5,44,47.5,54.7,64.7,82.8,107.8,114.1,101.5,74.1,69.9,55.8,57.7,62.9,60.5,62.8,48.5,35.5,35.4,26.3,9.1
2115,평일,7,2731,청담,상선,6,25,20.5,25,35,40.7,30,22.8,25.9,29,26.3,25.2,28.6,28.1,29.5,33.5,29.9,32.3,37.7,44.6,48,55,65.6,84,109.2,117.7,100.5,75.2,70,56.7,60,63.8,61.9,64.2,49.5,36.2,36.2,18,9.8
2116,평일,7,2732,강남구청,상선,11.5,32.9,24.3,29.1,41.9,48.5,38.4,30.6,32.4,30.2,28.4,26.5,29.5,27.9,32.5,31.9,31.3,32.7,37,42.7,47.4,52.8,61.6,85.6,93.8,106.8,87.6,69.1,61.5,52.8,56.2,59.2,57.1,58.6,42.7,33.8,35.4,17.9,9.9
2117,평일,7,2733,학동,상선,24.8,37.3,29.1,35.6,53.6,62.5,52.3,45.7,47.1,37.4,33.8,29.7,32.2,29.5,34.4,33.5,33.6,33,36.5,39.8,43.6,47.8,56.7,75.3,83.5,92.3,72.2,60.5,53.1,46.2,48,52.2,46.8,50,37.3,29.1,31.7,16.1,9.4
2118,평일,7,2734,논현,상선,26.8,41.5,34.2,44.4,66.1,78.2,73.5,60.1,61.2,44.9,39.5,32.3,34.3,30.1,35.9,34,35.4,32.8,35.8,36.9,41.8,43.7,52.9,65.3,72.5,72.2,60.8,51.5,47.3,41.3,43,48.2,42.8,44.8,34.5,26.8,28.8,9.7,9.1
2119,평일,7,2735,반포,상선,28.3,47.4,37.7,51.9,77.8,91.6,81.8,71,69.3,46.8,39.1,32,31.2,31.9,31.8,34.8,32.3,31.8,30.8,35.8,35.3,38.8,47.5,56.2,56.3,54.1,47,38.6,34.3,31.1,33.2,36.5,32.5,32.3,26.2,21.1,21.2,8.4,4.5
2120,평일,7,2736,고속터미널,상선,29.3,54.4,39.4,52.7,78.1,93.7,82.3,72.7,68.1,46.9,39.2,32.1,31.4,31.8,31.8,34.6,32.2,31.5,30.4,35.2,34.4,37.2,45.7,54,55,52.5,45.1,38,33.7,30.1,32.3,34.9,31.8,31.1,25.5,20.8,21.2,8.6,4.6
2121,평일,7,2737,내방,상선,39.8,73.1,54.6,85.1,104.3,129.5,98.1,89.8,82.1,57.2,45.2,40.7,38.5,37,39.6,39.3,36.4,34.8,34.3,34.8,35.6,38.7,45.8,51.2,52.3,48.7,41.1,34.1,28.6,25.1,26.8,30.2,26.1,25.1,20.6,19.3,19.4,8.3,2.4
2122,평일,7,2738,총신대입구,상선,80.1,70.6,55.7,85.5,105.7,133.1,99.2,93.1,84.7,57.3,45.2,40.2,37.9,36.2,39,38.3,36.1,33.6,33.5,33.2,34.4,36,43.5,45.8,48.5,41.5,37.7,32.2,27.4,23.4,25.1,27.7,24.5,23.2,20.1,18.8,19.6,8.4,3.2
2123,평일,7,2739,남성,상선,87.5,61.9,54.3,81.5,104.8,125.1,91.1,83.3,69.8,52.4,40.8,36.4,34.3,32.7,34.8,34.5,32.7,29.4,30.4,30.7,30.6,33.2,40.7,41.3,44.5,35.9,33.1,29.3,24.3,20.2,21.8,22.9,20.6,19.1,16.3,14.8,15.3,6.6,3.1
2124,평일,7,2740,숭실대입구,상선,81.7,58,52,78.6,99.1,116.4,83.7,75.8,65.4,48.9,36,35.3,29.2,33.6,30.1,35.3,27.7,29.9,27.7,31.1,27.9,36.3,37,43.4,43.8,36.2,32.9,29.9,23.1,20.3,22.1,21.3,21.6,18.6,14.1,16.4,13.1,5.2,3.6
2125,평일,7,2741,상도,상선,77,54.4,48.5,71.8,91,108.7,76,72.4,57.1,48.5,33.8,33.5,28.5,31.4,28.4,33.2,25.3,27.7,24.3,27.8,25.3,30.8,32.6,39.4,37.7,35.7,31.9,29.2,22.1,19,20.4,19,19.3,16.7,12.8,14.9,12.4,5.2,4.2
2126,평일,7,2742,장승배기,상선,73.5,51.5,44.8,68.9,84.4,102.2,72.5,69.5,55.6,47.6,33.1,32.4,28.3,30.2,27.9,32,24.3,26.9,23.7,25.3,24.3,29.7,30.5,38.3,35.5,34.5,31.8,29.8,20.1,19.1,20.3,17.9,18.3,16.1,12.5,14.6,12.5,5.6,3.9
2127,평일,7,2743,신대방삼거리,상선,63.2,50.8,43.9,68.5,81.5,95.2,68.8,66.4,50.6,42.8,32.5,29.5,28.9,27,29.8,28,25.6,24.4,24.6,23.8,25.1,29.7,31.8,38.1,36,34.8,31.8,30.6,20.6,19.4,20.5,18.6,17.3,15.6,13.5,14.7,13.2,6,4.5
2128,평일,7,2744,보라매,상선,55.5,46.7,39.4,60.7,73.3,79.5,63,59.5,45.8,38.6,30.5,27.2,27.1,24.7,28.1,26.1,24.8,23.2,23.9,22.9,25,28.2,31.6,38.4,37.4,36.9,33.7,31,21.1,20.1,20.8,20,18.4,16.4,14.4,16,14.8,6.7,5.5
2129,평일,7,2745,신풍,상선,52.1,42.3,40.8,60.5,74.5,82.9,64.6,58.1,45.4,37.5,29.4,25.8,26.2,23.6,26.9,25.1,24.1,21.7,22.5,20.9,23.3,25.7,30,36.6,35.6,36.3,34.2,31.6,20.6,21,20.3,19.5,18.2,15.8,14.4,16,11.7,8.5,6.1
2130,평일,7,2746,대림,상선,65,39.8,41.1,57.2,70.5,76.9,60.6,55.1,40.6,35,25.2,27.8,22,26,24.1,26.3,21,24,20.6,23,22.3,28.4,30,39.7,35.6,39.6,36.3,33.8,22,22.1,21.6,20.7,19.7,16.7,15.8,17.6,12.7,9.1,7.1
2131,평일,7,2747,남구로,상선,66.8,46.1,49.7,74.1,87.8,94.1,74.3,69.1,51.6,44.4,32.6,34.5,28.2,32.6,29.9,32.7,26.3,28.9,24.9,28.1,26.3,33.9,35.8,49.4,41.5,47.5,43.8,37.5,24.6,25.1,24.3,22.7,20.3,17.9,14.6,17.7,11.5,8.4,5.7
2132,평일,7,2748,가산디지털단지,상선,52,44.9,50.1,78,94.5,100.7,86.8,70.6,57.4,45.7,33.2,35,28.4,32.6,30,32.9,26.7,29.1,25,28.3,26.6,34.3,36.4,49.4,41.3,45.2,43,36.9,24.3,25,23.9,22.9,20.8,18.2,14.9,18.4,8.6,8.7,6
2133,평일,7,2749,철산,상선,63.5,50.5,61,101.8,129.2,140.7,128.1,98,79.8,50.1,38.5,33.6,34.9,29.4,34.4,28.2,30.1,23.5,25.4,23,26.6,26.3,35.1,30.1,24.8,22.7,25.2,21.2,16.2,17.3,17,16.5,15.7,14.8,13.7,15.7,6.8,5.6,5.1
2134,평일,7,2750,광명사거리,상선,57.7,45.7,50.8,86.4,114.6,123.6,116,90.2,66.9,44.8,34.3,29.6,31.5,25.2,31.3,24.9,28.4,20.9,23.9,21,24.9,23.4,32.8,27,24.6,20,26,20.7,15.7,16.3,15.8,13.2,14.1,15,12.4,14.5,6.5,5.5,5.1
2135,평일,7,2751,천왕,상선,44.4,36.2,54.6,69.7,101.3,112.2,96.6,85.1,58.1,34.4,30.1,31.4,22.1,27.2,24,26.1,20.1,21.6,17.6,22.5,18.8,24.7,23.9,27.6,20.7,19.8,24.8,18.4,14.4,15.2,14.6,11.3,13.6,14.4,11.7,14,6.4,5.4,0
2136,평일,7,2752,온수,상선,35.2,33.7,53.7,64,88.3,103.6,82.7,69.6,55.9,30.5,27.4,30.1,18.2,26.6,19.9,24.5,17.3,20.4,15,22.1,15.6,24.1,20.5,27.5,17.4,19,26.7,18.3,14.1,14.7,14.8,10.5,13.5,14.8,11.4,14,6.5,5.3,0
2137,평일,7,2711,장암,하선,3.6,5.1,7.1,11.3,16,9.6,6.9,4.4,3.4,2,1.5,1.2,1.2,1.3,1.4,1.3,1.5,1.5,1.5,1.6,1.6,1.8,1.6,2.1,2,2.3,1.7,1.2,0.8,0.6,0.6,0.6,0.6,0.6,0.3,0.3,0.3,0,0
2138,평일,7,2712,도봉산,하선,12.8,11.1,16.4,22.4,22.3,23.3,25.5,23.8,16.7,11.5,10.6,9.1,9.1,9.1,10.8,8.3,10.1,8.9,9.5,9.8,9.2,11.4,11.1,9.2,7.8,10.5,10.8,6.1,6,3.9,4.4,4.1,4.4,4,3.2,2.4,2.1,1,0
2139,평일,7,2713,수락산,하선,19.9,16.1,22.8,28.5,31.4,32.1,33.3,32.5,23,16.4,14.7,12.8,12.9,12.9,14.8,12.2,13.7,12.6,13.1,13.6,12.8,15.1,15,11.9,10.1,13.9,12.5,7.6,7.2,5.2,5.6,5.5,5.8,5.2,4.1,3.5,2.5,1.1,0
2140,평일,7,2714,마들,하선,30.3,23.3,30.2,39,43.7,44.9,43.9,43.7,33,22.3,19.1,17.6,16.5,18.6,17.8,18,16.7,16.8,15.1,15.5,17.5,17.6,18.6,14,11.4,15.8,15.1,9.1,8.4,6.5,6.7,6.4,6.6,6.4,4.8,4.1,2.9,1,1.7
2141,평일,7,2715,노원,하선,35.3,27.3,35,45.6,51.6,53.9,51.9,50.9,38.4,27.6,23.3,22.8,21.5,24.4,23.9,25,22.2,22.4,20.4,21.9,24.3,25.6,26.2,20.5,17.9,25.3,22.6,15.7,15.1,13.7,13.4,13.1,14.7,18.2,11.6,9.3,7,4.3,4.8
2142,평일,7,2716,중계,하선,42.1,32.4,41.6,54.9,60.8,64.1,59.6,60.2,46.7,34.1,27.1,26.3,24.7,26.8,28.5,27.8,25.8,23.8,23,24.1,25.6,27.5,29.5,23,19.5,27.2,22.9,16.1,15.3,14.2,14,13.9,16.3,19.6,12.1,10.1,7.6,4.5,4.8
2143,평일,7,2717,하계,하선,49,38,47.3,66.4,72.1,75.4,68.7,69.8,52.5,39.5,30.5,30.2,28,30.7,31.5,30.4,28,26.4,25.2,27.1,28.9,31.5,35,27.4,22.5,28.2,25.4,17.6,16.8,15.9,15.1,15.7,16.3,22.3,14.2,10.4,7.9,4.6,4.6
2144,평일,7,2718,공릉,하선,60.7,40.7,51.7,70.9,78.5,81.3,72.4,74.5,54.3,41.7,31.8,31.9,29.5,32.6,32.8,32.4,29.5,28.3,26.2,28.7,30.7,34.4,39,29.6,24,30.4,26.2,18.4,17.3,16.6,16.1,17.1,17.5,23.7,16.3,11.9,8.9,4.7,4.7
2145,평일,7,2719,태릉입구,하선,45.8,40.6,49.5,70.1,78,78.1,71.1,75,52.6,41.2,31.7,30.1,28,31.5,31.7,31.7,28.9,27.7,26,30.1,30.4,34.4,39.9,31.1,26.1,31.5,28.6,20,18.6,17.4,16.8,17.3,18.2,23.9,17,12.4,9.4,5,5
2146,평일,7,2720,먹골,하선,51.2,43.3,49.4,73.2,82,84.5,75.7,82.1,58.9,46.1,34.4,32.3,29.3,32.2,33.3,33.1,29.9,29.5,26.4,30.7,29.5,33.7,39.5,32.5,26,30.2,31.3,20.3,17.9,17.8,16.6,17.4,17.6,23.6,16.4,11.8,9,4.7,4.7
2147,평일,7,2721,중화,하선,57.7,46.4,53.4,78.9,87.5,89.8,80.6,85.8,62.3,48.7,35.8,33.9,30.7,33.7,34.5,34.4,30.8,30.3,27,31.7,30.1,34.8,40.7,34.1,27.2,30.2,31.4,20.8,18.1,17.9,16.8,17.7,17.7,23.4,16.1,11.7,8.8,4.5,4.3
2148,평일,7,2722,상봉,하선,76.1,55.7,62.9,95,109.5,107.5,98.1,104.4,74.1,56.4,41.7,38.5,35.9,38.6,38.9,38.1,34,33.5,29.4,34,33.1,37.9,44,36.9,30.1,31.2,35.9,23,19.1,18.6,17.6,18.6,18.2,22.8,16.1,11.9,8.9,4.8,3.5
2149,평일,7,2723,면목,하선,89.5,61.6,65.8,96.9,120,118.3,102.7,113.9,84.5,63.6,46.5,40.6,38.2,39.6,40.5,40.8,35.1,33.7,31.4,33.9,34.7,38.3,44.5,40.5,31,31.8,35.9,23.4,19.1,18.5,17.1,18.8,17.8,21,18.8,12.2,8.6,4.1,4.4
2150,평일,7,2724,사가정,하선,100.9,66.1,71.7,106.3,134.6,123.8,111.1,122.7,89.5,67.9,48.9,42.6,39.8,41.6,42,42.3,35.9,34.8,32,34.7,35,39.2,44.8,40.7,32.5,30.8,34.9,23.4,19.3,18.4,17.3,18.8,17.6,20.7,18.3,12.6,9.1,5.7,4.2
2151,평일,7,2725,용마산,하선,105.7,68.8,74.8,111.6,135.5,127.8,113,125.7,91.6,69.6,50,43.5,40.6,42.4,42.6,43,36.3,35.4,32.3,35,35.1,39.8,45.3,41,32.6,29.3,36.2,25.3,20.1,18.4,17.2,18.6,17.4,20.4,17.9,12.3,8.9,5.6,4
2152,평일,7,2726,중곡,하선,112.6,72.2,78.4,117.2,139.4,138.2,114.8,130,103.2,73.1,52,46.2,42.9,45,44.6,45.1,37.8,37.4,34,36.9,36.8,43.8,48.2,45.5,35.4,32.9,37.6,26.6,20.9,19.4,17.7,19.4,18,21.5,18,12.4,8.8,5.5,3.7
2153,평일,7,2727,군자,하선,108.7,70.5,72.8,113.3,135.3,138.3,119.5,136.7,117.7,78.9,58.3,48.3,44.8,43.5,46,46.9,39.3,36.8,36.2,34.6,36.9,41.8,45.1,45,37.2,33.5,38.3,26.2,20.9,19.6,17.5,19.9,18.3,21.9,18.7,12.2,8.2,5.4,3.2
2154,평일,7,2728,어린이대공원,하선,117.7,77.7,73.2,109.9,133.3,139,116.7,136.1,114.2,72.6,56.5,48.3,42.3,44.6,45.5,46.4,40.1,38.4,38.8,38.9,39.5,47.9,50.8,50.5,43.9,38,42.3,29.4,22.9,22.2,19.8,23.1,22.5,24.6,23,15.1,9,5.9,2.6
2155,평일,7,2729,건대입구,하선,53.3,60.6,59.9,92.8,108.2,110.7,91.5,107.4,93.4,57,43.9,38.4,33.7,35.8,36.1,37.9,32.9,33.4,33.3,34.5,35.7,44.2,46.4,48.2,42.8,39.2,42.3,30,23.9,25,22.5,26.8,27.1,31.4,28.7,19.7,14.4,6.7,1
2156,평일,7,2730,자양(뚝섬한강공원),하선,57,62.4,61.3,88.3,110.7,112.1,96.1,109.9,99.7,62.8,47.5,38.4,34.9,34.6,36.8,36.6,35.8,32,33.1,34,34.4,40.8,47.4,47.3,41.9,38.2,41.4,30.3,23.6,24.8,22.3,25.5,26.6,30.8,28,19.2,13.9,6.4,1.5
2157,평일,7,2731,청담,하선,35.3,57.3,53.8,80.1,97.3,98.8,82.4,93.9,89.5,58.2,44.7,37.5,34.3,34.5,36.3,36,34.8,32.4,33.5,36.3,35.8,44.1,51,56.8,47.6,47.7,46.8,36.1,26.3,27.5,24.2,28,28.5,32.8,29.2,19.7,13.8,5.6,4
2158,평일,7,2732,강남구청,하선,30.4,48.5,43.9,61.7,80.9,79.5,67.6,71.1,73.1,50.5,41.9,34.3,32.8,31.5,34.5,34.6,34.7,32.7,34.4,37.4,39,45.7,53.3,63.5,55.3,60.9,59.8,49.4,35.3,33.8,30.1,35,35,40.1,34.1,23.2,15.5,6.4,8
2159,평일,7,2733,학동,하선,28.4,43.8,40.1,56.4,70.6,66.9,51.6,53.6,57.1,43,36.5,32.4,31.5,31.4,33.7,34.4,34,33.6,35.5,40.5,41.6,50.8,58.1,74.7,66.6,82.1,73,62.1,41.9,39.6,37.3,38.6,40,44.6,43.6,29.6,18,6.8,7.9
2160,평일,7,2734,논현,하선,11.7,41.8,31.1,45.6,52.8,49.6,32.2,32.6,35.7,33,29.1,28.7,27.6,28.2,30.3,31.3,29.5,31.6,33.3,38.8,40.2,50.3,57,76.4,70.3,92.5,77.4,67.8,45.7,43.3,41.3,43.1,45.2,51.7,48.3,33.8,21.7,9.7,8.7
2161,평일,7,2735,반포,하선,11.9,38.5,29.9,44.7,52.4,49,33.5,31.3,34.5,32.2,28.2,28,26.8,27.6,29.6,30.9,28.9,31.2,33.1,38.8,40.4,51.9,58.9,78.4,71.9,89.4,77.5,71.3,49,43.7,41.8,42.9,46.3,50.6,48.2,33.7,21.4,9.6,8.5
2162,평일,7,2736,고속터미널,하선,13.5,31.1,25.3,36.5,45.6,45.3,29.5,26.1,30.4,30.3,25.4,25.7,28.8,27.2,30.5,32.6,31.1,33.9,38.3,45.5,49.4,59.1,71,94.1,89,107.7,96.4,89.1,62.3,58.3,58.2,56.3,60.4,67.3,62.3,42.9,26.2,11.1,10.4
2163,평일,7,2737,내방,하선,9.1,27.5,24.1,35.3,42.4,45,25,22.4,26.2,28.7,24.1,25.2,28.1,27,29.4,32.2,30.1,34,38,45.8,49.3,59.8,71.7,96.9,94.1,108.1,99.7,92.6,66.8,56.7,58.7,57.4,60.8,68.1,62.1,42.4,25.5,10.6,9.9
2164,평일,7,2738,총신대입구,하선,8.9,22.7,19.6,28.9,37.1,42.1,24,19.5,23,28.2,21.9,21.7,26.6,24.2,26,28.2,27.5,29.4,34,39.5,43,52,62.5,76.3,87.4,92.6,91.4,82.3,59.7,50.7,54.6,52.4,57.7,62,65.5,47.7,27.2,14.9,11.4
2165,평일,7,2739,남성,하선,10.2,23.4,20.4,30.7,39.2,44.3,24.3,19.4,22.9,27.6,21.2,20.7,25.5,23.5,25,27.4,26,28.1,32.1,37.4,40.3,49.2,59,72.3,82.1,87.5,83.8,77.1,61.3,47.6,50.9,49.3,54.4,56.6,60.7,44.2,26.5,12.2,16.6
2166,평일,7,2740,숭실대입구,하선,10.7,20.1,20.7,30.1,40.3,44.8,24.5,18.1,20,20,18.8,18.4,20.2,21.9,22.7,24.2,24.4,26,29.6,35.8,37.5,47.9,56.2,68.7,78.3,78.1,79.8,70.5,56.7,44,47.5,46.5,51.2,52.4,55.7,39.9,23.8,11.2,14.2
2167,평일,7,2741,상도,하선,11.6,20.5,20.4,30.1,42.2,46,23.8,18.3,19.1,18.4,17.2,17.4,18.2,20.5,21.2,22.8,24.1,23.1,27.8,34,36.3,43,54.4,63,74.4,74.7,74.7,66.8,53.1,40.6,45.5,42.2,49.9,49.3,51.9,36.9,21.9,10.3,12.2
2168,평일,7,2742,장승배기,하선,13,18.7,21.2,31.6,43.1,47.8,26.7,19,19.1,18.7,17.2,17.5,18,20.5,20.8,22.5,23.2,22.7,26.9,33,35,42.2,53.2,62.1,71.4,70.2,72.4,64.5,52.1,39.2,43.3,40.3,47.8,47.3,47.5,36,23.1,9.6,10.9
2169,평일,7,2743,신대방삼거리,하선,16.1,20.7,22.7,31.9,46.2,54,31,20.1,20.5,18.6,17.3,17.7,17.8,20.2,20.5,22.2,22,21.8,25.3,31,32.5,39.7,49.8,58.3,65.8,64.8,65.1,57.2,46.2,35.2,38.7,36.5,42.9,42.4,43.6,33.9,21.1,10.3,8.1
2170,평일,7,2744,보라매,하선,17.5,21.4,22.6,31.7,44.9,52.1,30.6,20.1,20.7,17.7,17.5,17.3,17,19.5,19.5,21.3,21.4,21.1,24.2,29.6,32.1,37.1,48.1,55.7,65.8,66.4,64.7,54.1,46.4,34.5,36.9,35.7,39.7,40.9,40.9,32.1,19.1,9.5,6.7
2171,평일,7,2745,신풍,하선,16.7,23.8,24.6,33.4,50.2,56.8,33.9,21.7,22,18.5,18.3,18,17.5,20.2,19.7,21.5,21.4,21,23.7,29.2,31.2,37,46.5,53.7,65,63.5,62.9,49.9,43.5,32.7,34.7,33.5,37.2,38.3,38,29.8,17.4,8.7,5
2172,평일,7,2746,대림,하선,25.3,27.6,29.6,36.2,56.1,62.9,43.5,24.4,25.2,20.8,20.6,20.5,20.6,23.5,23.4,25.4,25.9,25.4,28.8,35.2,38.2,44.1,56.3,65.7,80.2,80.8,80.7,63.9,55.8,41.5,42.5,41.3,46,45.9,50,38.6,22.2,10.8,11.5
2173,평일,7,2747,남구로,하선,34.7,30,31.3,38,55.4,59.3,44.6,22.9,24.2,20.1,20.8,20.1,20.8,22.7,24.4,24.8,26.2,25.5,28,33.8,38.1,42.7,53.6,64.9,84.6,90.7,87.7,66.5,57.1,42.5,42,42.6,42.5,44.5,48.4,40.5,25.1,10.6,10.6
2174,평일,7,2748,가산디지털단지,하선,32.9,23.9,31,28.5,33.8,33,16.1,11,12.4,14.8,17.5,18.8,20,22.6,24.9,26.3,26,28.4,32.3,38.1,45.4,53.2,66.3,96.4,125,139.5,120.9,84.1,71.2,53.5,51.8,53.8,51.5,53.3,55.2,47.2,32.9,13.3,12
2175,평일,7,2749,철산,하선,30.6,22.3,30.5,28.8,34.3,34.1,16.1,10.7,11.2,13.9,16.2,17.6,18.9,21.9,21.8,24.9,24.2,25.1,27.9,34.1,39.5,45.5,56.9,82.9,111.6,124.3,109.5,70.1,63,47.6,45.4,47.3,44.6,46.3,45.9,39.7,27.6,11,9.9
2176,평일,7,2750,광명사거리,하선,27.5,20.4,28.2,28.9,34.7,34.1,15.6,9.8,9.6,12.3,13.9,14.9,16,18.7,18.6,21.7,20.6,21.9,24,29.5,33.8,39.8,50.7,72.8,96.3,115.4,98.5,61,54.7,41.9,40.4,40.2,39.8,40.6,39.6,33.9,23,9.1,8.1
2177,평일,7,2751,천왕,하선,27.1,22.1,27.8,29.7,36.1,35.3,16.7,9.7,9.2,11.8,13.3,14.1,14.8,17.2,16.9,19.9,18.5,19.7,21.6,26.7,30.5,35.8,46.3,67.1,87.6,106.6,88.9,54.1,49.7,39.2,34.9,35.6,35.1,35.8,34.4,29.3,20.1,7.9,6.8
2178,평일,7,2752,온수,하선,14.4,15.7,8.1,14.7,25.1,38.1,15.1,11.4,7,10,15.2,10.7,14.9,13.3,18.6,14.9,21.8,14.6,23.7,17,34.5,25.1,49.7,55.4,75,93,90.1,47.8,54.9,36.2,26.1,41.7,26.3,34.9,32.2,45,16.6,16.9,7.6
2179,평일,8,2810,암사역사공원,상선,1.8,2.8,2.2,2.8,4.5,8,5.5,5.9,6.7,6.9,7.2,7.4,8,8.5,9.7,10.5,11.3,11.9,12.8,14.9,17.9,20.4,24.1,26.7,33.6,42.2,50.3,35.8,29.7,24.1,25.3,26.7,28,29.9,30.2,25.8,17.6,13.3,8.9
2180,평일,8,2811,암사,상선,2.7,4.3,3.5,4.1,5.8,9.7,6.5,7,7.6,7.8,8.3,8.6,9.4,10.5,11.6,12.4,13.7,14,16.3,18.1,21.9,26.3,29.1,31.7,39.5,48.7,58.1,43,32.5,28.6,29.9,32.2,34.8,34.9,36.4,31.3,21,15.6,5
2181,평일,8,2812,천호,상선,3.9,6.3,5.3,6.3,8.4,16.9,13.8,11.5,13.2,12.3,13.5,14.1,15.8,17.2,19,20.5,22.2,22.4,26,30.5,35.6,41.1,43.9,46.4,58,71.7,81.9,63.6,49.2,41.2,44,46.8,50.6,52.7,50.9,45.3,30.6,21.7,8.6
2182,평일,8,2813,강동구청,상선,10.4,13.2,10,13.5,22.8,37.1,29.2,26.6,27.5,23.9,26.4,27.7,27.5,29.3,32.8,35.5,36.5,35.6,42.9,48.5,59.2,68.6,64.4,71.6,93.1,111,131.3,95.9,65.5,65.6,65.2,70.2,72.8,76.6,70.7,59.8,37.9,28.7,8.9
2183,평일,8,2814,몽촌토성,상선,9.8,12.5,10.7,15.2,26.7,39.2,33.4,28.5,27.3,23.9,26.8,27.7,26.7,31.9,34,36.6,38.5,35.3,44.4,50.5,61.2,74.6,64.3,79.8,98.1,125.3,131.7,99.8,71.1,69.8,69.7,74.7,78,82,76.8,65,41.7,31.4,9.8
2184,평일,8,2815,잠실,상선,10.8,14.7,11.9,15.9,28.4,42,39.9,31,30.2,26.4,28.6,29.3,28.4,33.9,35.2,38,40,38.4,45.5,51.1,62.2,69.2,67.6,79.6,99.4,124.7,134.4,102.6,73.6,71,70.9,75.6,79.4,82.9,78.4,66.6,42.7,31.7,6.7
2185,평일,8,2816,석촌,상선,24.3,20.1,25.9,42.3,80.9,110.5,93.8,75.7,68.8,52.5,51.9,48,44.5,47.4,48.7,52.3,48.3,45.3,46.9,56.9,60.5,67.6,66,85,85,122.7,102.4,76.3,53.1,48,50.3,53.6,50.3,53.7,50,36.3,23.7,17.7,4.4
2186,평일,8,2817,송파,상선,28.2,22.9,30.4,50.8,94,127.6,105.9,87.4,80.3,59.2,57.1,51.2,47.9,51,52,56.2,49.4,47.5,48.4,61.3,60.7,69.8,68.3,87,86.7,125.5,101.7,75.1,51.8,45.6,49.7,52.9,46.7,46.4,47.4,32.3,21.3,16,4.1
2187,평일,8,2818,가락시장,상선,26.1,21.6,29,47.2,85.1,119,93.8,81.6,67.3,55.5,53.3,47.8,45.4,48.6,49.7,53.6,46,47.8,47.4,59,58.3,70.1,66.5,82.5,90.6,130.6,95.2,74.9,51.7,45.1,49.8,52.7,46.7,45.7,48.1,32.4,21.5,11.8,2.8
2188,평일,8,2819,문정,상선,41.8,22.7,29.7,52.1,97.2,125.7,99.4,82.7,67.2,52.3,48.5,43.8,42,44.6,45,48.2,41.7,44.3,42,51.7,51.1,61,60.1,78.1,81.2,114.3,79.7,63.4,42.8,40.2,42.9,44.6,39.7,36.4,37.8,24.8,17.7,9.4,2.9
2189,평일,8,2820,장지,상선,34.7,21.5,29.9,51.5,95.1,128,109.2,83.8,68,49.6,43.7,37.5,36,37,38.9,39.3,34.2,35.3,33.6,41.5,41,47.2,49.5,52.7,52.6,64.7,54.8,46.6,31.3,30.1,31,31.3,28.2,25.2,29.7,17.7,13.9,7.4,2.4
2190,평일,8,2821,복정,상선,31.4,18,24.5,41.6,80.2,112.3,95.5,71.6,60.2,42.9,37.7,32.8,30.6,32,33.2,31.7,29.6,29.3,28.2,34.5,32.9,38.5,42.9,42,42.3,52.7,47.2,36.3,26.7,24.5,25,25.9,21.5,22.4,27.8,16.1,14,7.3,2.3
2191,평일,8,2822,산성,상선,24.6,14.7,19.9,35,58.7,80.1,56.5,47.4,34.3,24.2,19.7,17.9,16.9,19.5,19.9,19,15.9,15.7,15.3,17.7,19.4,20,21.3,20.3,17.8,21.3,16.7,11.7,9.9,9.4,9.1,10.4,7.8,8.7,8.1,5.2,4.1,2.6,1.3
2192,평일,8,2823,남한산성입구,상선,21.3,12.6,17.5,30,51.2,65.6,46.9,38.5,28.5,20.2,16.3,15.5,14.7,17.2,17.4,17.1,14.2,14.1,13.9,17,18.1,19.1,20.5,19.1,17.1,20.7,16.5,11.5,9.5,9.5,9.4,10.4,8,9.7,7.9,5.5,3.8,1.9,1.2
2193,평일,8,2824,단대오거리,상선,13.4,8.1,11.1,19.2,32.7,42.7,33.2,26.2,19.6,14.7,12,11.5,10.8,12.6,12.1,12.6,11.1,10.9,10.8,13,14.9,15.3,16.2,13.9,13.5,16.6,15.7,11.3,9.5,8.8,9.4,9.9,8.5,9.4,8.7,6,4.3,2,1.1
2194,평일,8,2825,신흥,상선,5.8,3.8,5,8.6,15.7,21.6,17.4,15.2,11.6,9.7,8.4,8.3,8.1,9.5,8.4,9.5,9.1,9,9.8,11.9,13.3,12.8,14.3,10.1,10.9,14.4,13.1,10.3,8.7,8.1,8.7,9.1,7.6,9,9.2,6.2,4.1,1.6,1
2195,평일,8,2826,수진,상선,3.5,2.3,2.8,4.5,9.5,13.6,12.9,10.3,8.9,7.6,6.8,6.9,7,8.1,7.8,8.7,8.5,8.5,8.8,11,12.7,12.1,13.4,9.1,10.7,13.8,13.7,10.6,8.3,8.2,8.7,9,7.6,9.1,9.3,6,4,1.6,0.9
2196,평일,8,2827,모란,상선,1.6,1.3,1.4,1.8,4.4,7.8,9.1,7.4,7.1,6.4,5.9,6,6.4,7,7.4,8,8.2,8.1,8.6,10.5,12.3,11.6,12.3,8.4,10.7,13.9,15.1,10.7,8.3,9.1,8.3,8.8,7.9,8.8,10,6.4,4.5,1.5,0.8
2197,평일,8,2828,남위례,상선,28,15.8,21.4,38.5,67.2,89.8,66.5,53,38.7,28.1,23.6,21,19.6,22,22.8,21.9,18.3,18.5,17.4,20.6,22.5,23,24.7,25,21.8,27.1,20.1,14.1,11.6,11.4,11,12.9,10.1,11.3,11.3,7.5,5,3.1,1.5
2198,평일,8,2810,암사역사공원,하선,21.9,26.4,35.1,45.2,60.4,70.9,51.8,45.6,28,21,19.2,18,16.1,17.3,16.1,16.3,14,13.3,12.2,12.6,13,15.3,16.7,17.7,15.2,14.2,10.3,6.9,4.9,5,4.4,5.3,5,5.4,5,3.9,4,2,1.1
2199,평일,8,2811,암사,하선,32.4,39.8,53,63.8,88.9,82.1,77.1,68.2,42,32,28.9,28.4,25.4,27.7,26,26.5,22.6,20.7,19.8,19.8,21.1,22.4,24.4,26.6,22.8,23.2,15.5,11.1,7.8,8.6,7.7,8.4,8,8.9,7.3,6,5.1,2.5,1.8
2200,평일,8,2812,천호,하선,39,59.5,75,87.3,120.3,141.1,119.2,111.4,73.5,49.7,42.6,40.8,41,41.5,42.5,39.9,39.8,34.2,35.4,35,37.3,43.1,46.3,54.2,47.7,48.7,37.7,25.4,19.2,18.5,16.2,18.2,20.4,21.7,18,15.7,13.1,5.8,3.2
2201,평일,8,2813,강동구청,하선,44.3,63.9,81.1,93.1,126.9,136.7,132.9,116.6,76.4,52.8,44.7,43,42.6,43.8,43.8,41.6,40.3,35.8,35.9,36.2,38,44.9,47,56,50.9,54.2,38.1,25.4,19,18.8,16.8,18.4,20.3,22.1,17.4,15.3,12.2,4.9,4.7
2202,평일,8,2814,몽촌토성,하선,43.3,61.7,78.1,91.8,130,130.8,147.9,114,76.6,53.7,45.4,43.9,43.3,45.1,44.7,42.8,41.1,38.7,36.7,38.4,40,46.3,51.5,61.4,55.6,58.5,44.5,27.6,19.6,19.7,18.3,19.4,21.1,23.5,18.7,16.5,12.3,5,4.5
2203,평일,8,2815,잠실,하선,32.4,51.9,58.7,70,88.5,98.9,102.3,81.6,62.8,38.7,37.3,37.3,39.2,42.1,43,43.9,44.1,43.6,45.4,49.8,52.6,61.7,70.3,84.7,91,96.7,90.8,60.3,41.8,42.2,38.8,44.3,48,56.4,48.8,39,29.7,12.4,8.9
2204,평일,8,2816,석촌,하선,31.6,45.2,58.3,69.8,89.3,104.6,101.7,80.8,60.9,38.7,36.6,37.7,39.2,43.5,44.1,45.4,44.6,44.6,46.9,52.8,54.8,64.6,74.9,84.3,98.9,105.3,104.1,70.9,51.5,45,43,49.4,54.3,61,56.5,44.8,34.4,14,9
2205,평일,8,2817,송파,하선,32.5,43.3,56.7,62.2,89.6,103.9,100.8,81.5,60.6,38.7,36.4,37.7,38.7,42.9,42.8,43.8,42.7,42.3,44.9,48.8,51.7,60.9,71.2,79.7,91.8,97.1,97.4,64.7,47.3,41.2,40.8,44.5,50.2,56.9,52.1,41.8,39,16.9,7.7
2206,평일,8,2818,가락시장,하선,26.6,33.9,43.1,54.2,74.2,83.1,91,72.9,61.9,35.3,32.7,32.5,33.8,36.7,38.4,39,37.5,36.3,40.6,44.4,46.4,55.1,63.8,76.3,85.9,95,94.8,61.8,45.4,39.6,39.2,43,46.4,54.2,51.7,42.2,37.8,15.9,6.3
2207,평일,8,2819,문정,하선,22.7,29.3,35.6,43.3,48,50.8,41.4,42.5,38.2,25.1,24.5,26.3,27.1,30.6,31.5,32.3,31.1,30.7,35.1,40.1,40.7,48,58.1,76.4,85.9,100.7,90.2,62.1,43,37.6,36.8,40.2,44,50.9,47.3,39.1,33.6,13.9,11.7
2208,평일,8,2820,장지,하선,21,23.3,30.7,37.8,41.8,43.8,33.3,36.8,28.6,21.3,20.9,19.2,22.2,25.1,26.5,26.4,27,26.1,29.6,34.5,35.3,42.2,50,66.7,73.7,91,78.7,53.7,36.9,33.1,34.3,36.7,39,45.1,42.4,35.1,28.5,11.3,9.7
2209,평일,8,2821,복정,하선,7.1,11,13.5,16.5,17.9,22.6,18.4,19.1,18.2,11.8,10.8,10.7,12.7,14.7,15.7,17.2,17.1,16.3,18.1,21.9,24.1,29.3,34.1,41.4,51.7,61.8,63.1,43.7,29.7,25.5,25.4,26,28.5,33.5,32.5,29,24.5,11.1,9.1
2210,평일,8,2822,산성,하선,8.6,8.5,11.6,15.9,15.4,18.4,13.5,14.8,16.3,10.1,9,8.7,10.2,10.9,13.1,14.3,13.6,12,14.1,16.9,20,20.9,26.2,31.4,37,44.6,43.6,31.9,21.6,17.5,18.2,18.4,19.8,23.2,22.9,22.3,17.7,6.2,9.3
2211,평일,8,2823,남한산성입구,하선,12,9.6,11.8,16.4,17,22.2,10.4,10.7,9.6,7.4,7.7,8,8.9,9.5,10.4,11.1,10.8,10.6,12,14.2,16,17.3,20.5,23.2,27.8,32,32.3,22.2,15.7,11.7,12.1,12.1,13,15.4,14.8,14.2,11.3,6.3,6.3
2212,평일,8,2824,단대오거리,하선,14.7,8.6,11.4,16.3,16.9,22.2,10.4,10.5,8.6,7.3,7.3,7.4,8.1,8.7,9.4,9.5,9.2,9.1,9.5,10.8,11.7,12.8,14.1,15.5,16.4,18.4,16.1,10.5,7.4,5.9,6.1,6.1,6.4,7.6,7.4,6.5,5.4,3,3.1
2213,평일,8,2825,신흥,하선,15.4,8.5,12,17.1,17.4,23.2,10.4,10.8,9,7,6.8,6.8,7.3,7.6,8.1,8.3,7.7,7.6,7.9,8.9,9.4,10.2,10.9,12.2,11.5,12.7,10.2,6.5,4.5,3.7,3.7,3.6,3.8,4.4,4.2,3.9,3.4,1.7,1.8
2214,평일,8,2826,수진,하선,20.4,10.8,13.5,19.3,17.9,22.3,11.9,11.7,9.3,7.4,6.7,7,7,8,8,8.2,7.5,7.3,7.4,8.9,8.8,10.3,10.3,11.3,9.4,10.4,5.8,3.6,2.5,2.1,2.2,2.3,2.1,2.5,2,1.5,1.3,0.5,0.5
2215,평일,8,2827,모란,하선,0,0,0,0,0,0,0,0,0,0,0,0,0,0,0,0,0,0,0,0,0,0,0,0,0,0,0,0,0,0,0,0,0,0,0,0,0,0,0
2216,평일,8,2828,남위례,하선,6.8,8.2,11.5,14.6,14.3,18.7,13.3,16.3,15.5,10.6,9.6,9.3,11,12,14.3,15.6,14.6,13.6,16,19.3,22.2,25.3,30.6,37,44.7,54.3,55,40.1,27.4,22.3,22.2,23.1,24.9,28.6,28.4,25.7,21.6,10,8.3
2217,토요일,1,150,서울역,상선,13,19,15.5,15.5,15.2,22,26.4,34.4,39.5,46.5,45.5,45.3,53.9,53.4,53.2,52.9,55.4,50.4,45,49.2,46.1,43.6,48,36.8,39.4,32.4,26.3,23.1,21.5,19.2,19.5,19.4,19.9,18.7,18.3,18.2,11.8,7.1,0
2218,토요일,1,150,서울역,하선,8,10.8,8,9.2,11.3,16.4,18.9,19.4,22.7,28.6,26.4,26.7,28.5,32.4,40,37.3,39.6,46.7,53.2,56.8,58.7,66.5,61.7,54.8,63,64.9,44.7,51.3,41.1,45.7,39.7,40.3,42.1,32.7,29.7,24,14,6.2,0
2219,토요일,1,151,시청,상선,12.2,16.9,13.8,14.6,14.2,19.5,24.3,30.3,36.7,38.1,42.4,37.4,47.6,49,47.5,47.3,49.4,45,41.7,42.4,42.9,40.9,47,35.9,38.9,34,27.9,25.6,24.5,23.2,22.9,22.5,22.8,20.9,20.6,22.5,14.2,17.6,0
2220,토요일,1,151,시청,하선,8.4,12.1,8.7,9.5,13,15.1,17.4,19.8,23.2,26.7,24.2,26.3,26.9,32.3,38.9,37.3,42.2,48.3,53.4,54,55.9,59.2,59.1,52.2,61.3,60.4,42.5,49.8,42.1,37.9,35.1,36,35.4,27.4,24.8,20.6,12.1,4.9,0
2221,토요일,1,152,종각,상선,11.7,15.1,11.9,13.5,12,16.8,22.7,26.6,32.1,34.5,38.1,34.9,42.5,41.1,42.8,43.6,45.9,43.8,40.3,41.7,42.8,40,45.9,38.7,36.4,36.7,31.1,28.4,30.4,27.1,27.4,25.4,28.3,25,24.1,27.1,15.1,18.4,0
2222,토요일,1,152,종각,하선,8.9,13.3,9.1,10,13.4,14.9,20.2,22.7,24.3,27.9,28.9,27.6,31.2,35.7,40.8,40.5,44.5,49,53.1,56.7,55.7,54.1,53.4,47,57.3,53.1,35.1,40.3,34.1,28.6,27.2,28.2,30.2,23.5,21.3,17.4,11.8,4.9,0
2223,토요일,1,153,종로3가,상선,6.9,17,12.7,14.6,12.6,17.6,22,24.5,29.4,33.4,32.8,35,41.6,39.8,44.5,44.4,38.6,47,41.6,45.4,41.5,40.2,46.1,45.2,38.1,40.6,33,30.6,32.9,26.8,31.9,28,30.3,31,26.7,33.3,18.9,19.7,0
2224,토요일,1,153,종로3가,하선,9,12.9,10.5,11.8,15.4,15.5,23.5,25.7,28.6,30.7,31.7,30.3,34.5,38.2,43.6,44.2,44.4,49.2,53.2,55.6,53.8,50.8,51.9,45.4,55.5,44.3,32.2,31.1,27.5,22.9,21.1,21.6,22.8,17.9,16.6,13.2,10.3,4.7,0
2225,토요일,1,154,종로5가,상선,6.8,16,11.4,13.5,11.6,15.4,19.7,21.3,25.7,28.7,27.9,31.8,33.5,34.5,38.7,40.2,34.9,44.7,39,43.9,40.4,39.1,44.9,42.4,39.2,42.3,34.5,31.6,30.8,28.9,32.5,32.6,28.2,31.9,27,33.4,18.6,19,0
2226,토요일,1,154,종로5가,하선,12,15.3,9.4,12.8,17.5,18.6,27.4,27.4,39.7,36.2,38.4,38,37.8,45.7,55.7,52,50.3,54.5,57.2,53.3,62.7,46.5,55.4,45.9,55.1,40.3,27.3,27.5,24.8,18.5,18.2,18.1,18.7,14.3,12.4,11,8.5,0,0
2227,토요일,1,155,동대문,상선,10.8,15,13.1,12,12.7,16.3,18.7,22.6,23.6,27.1,26.2,31.2,30.5,36.5,36,38,38.3,40.6,42.3,40.3,38.8,43.8,42.4,45.5,36.7,42.2,34.7,30.9,30.6,31.7,29.5,33,30.5,29.7,27.9,31.8,19.4,19.6,0
2228,토요일,1,155,동대문,하선,13.4,15.3,11.2,11.4,20.8,19.5,29.3,28.2,41.3,37.4,39.6,38.5,38.3,45.3,54.8,50.4,50.2,51.9,50.2,48.5,57.7,41.7,50.2,41.4,49.5,35.1,22.4,23.3,19.4,14.7,14.8,16.2,15.8,12.2,10.9,9.9,8.4,0,0
2229,토요일,1,156,신설동,상선,10.8,13.5,12,11,10.9,14.3,17.9,19.4,22.3,21.5,20.8,23.1,24,28.9,28.5,32.4,30.6,34.6,37.4,37.4,39.1,34.4,35.5,45.3,37,32.9,35.2,32.3,26.4,31.1,24.4,27.9,26.1,37.4,27.5,24.6,20.2,19.2,0
2230,토요일,1,156,신설동,하선,17.2,20.1,12.5,14.1,19.3,29.7,23.9,29.1,34.3,38.4,39.3,37.1,36.3,42.8,53.7,36.3,45,43.3,49.4,41.7,38.9,37.7,42.9,34.9,38.9,27.7,19,17.9,16.1,12.9,13,14,12.1,10.4,9.5,8,7.7,0,0
2231,토요일,1,157,제기동,상선,10.8,12.7,10.1,10.8,10,13.2,17.2,15.8,18.2,15.9,17.9,18.2,18.7,21.7,22.8,26,23.7,29.1,32.3,27.5,39.5,33,33.2,43.7,35.8,34.4,29.1,33.7,25.8,31.7,23.6,27.1,25.1,33.6,29.4,22,21.6,17.7,0
2232,토요일,1,157,제기동,하선,16.2,18.7,10.6,14.9,18.8,30.3,23.4,27.4,32.3,40.8,34,35.6,36.3,39.9,51.4,36.5,41,40.7,46.6,39,35.6,37.1,38.2,31.7,35,23.7,17.6,16.6,15,12.1,12.3,13.1,11.4,9.6,8.9,8.1,6.8,0,0
2233,토요일,1,158,청량리,상선,10.1,9.6,5.6,8.6,7.4,11.4,13.1,12.1,14.1,13.1,13.5,11.3,15.6,17.6,18.7,18.4,21,22.8,25.4,25.2,36.1,27.4,30.2,34.7,31.4,29.4,25.1,29.8,23.1,24.3,22.5,26.2,21.8,30.3,26.5,19.7,19.1,14,0
2234,토요일,1,158,청량리,하선,16,18.6,10.2,14.7,18.8,24.1,26.8,28,31.7,36.4,27.7,33.5,37,37,42.6,36.4,38.8,37.2,32.1,36.3,31,32.2,30.2,32.8,32.1,18.4,17,13.7,12.6,11,11.4,13,10.3,9.2,8.7,7.9,6.8,0,0
2235,토요일,1,159,동묘앞,상선,10.5,14.1,12.3,11.1,11.9,14.8,16.5,20.1,20.5,23.2,21.9,24.7,25.3,30.1,29,34.1,31.8,35.8,37.1,32.7,37.4,39.8,39.2,38.8,38.3,34.6,32.3,29.6,28.2,29.1,27.8,29.4,29.1,27.9,24,28,16.4,20.9,0
2236,토요일,1,159,동묘앞,하선,13.6,14.9,11.4,11.5,22.1,22.9,25.8,28.9,42.3,38.4,40.3,39.5,41.6,44.7,55.7,46.1,56.4,51.5,49.7,47.2,51,44.5,50.9,35.2,45.5,33.9,21.1,21.8,18.3,13.4,13.9,15.4,13.8,11.2,9.6,9.6,7.7,0,0
2237,토요일,2,201,시청,내선,21.2,20.5,13.4,14.7,17.7,24.8,30.7,37.3,39.9,37.7,40,42,42.9,52.6,55.1,50.5,59.1,57.2,50.5,58.1,51.9,60.6,74.5,60.5,65.8,48.2,49.8,47.6,39.3,41.5,40.2,47.4,48.2,54.1,48.9,66.4,26.8,0,0
2238,토요일,2,201,시청,외선,6.7,8.8,6.9,8.6,11.7,16.6,18.9,23.8,32.8,31.3,36.4,42.6,47,46.9,61.4,50.3,55.9,64.7,57.8,63.3,75.5,72.9,77.6,73.5,76,77.3,68.2,62.2,62.5,64,59.3,57.4,54.7,47.5,46.6,52.1,34,0,0
2239,토요일,2,202,을지로입구,내선,15.8,20.5,12.1,13.4,15.9,22.3,26.1,31.8,33.4,32.3,34.4,38.5,38.6,49.6,51,47.4,56.9,56.3,49.7,61.4,55.5,59.6,75.1,63.4,69.5,54.8,56,53.4,47.4,51.9,48.1,54,52,57.8,54.7,68.9,33.5,0,0
2240,토요일,2,202,을지로입구,외선,6.2,9.9,8.3,9.9,12.3,18,19.7,24.5,33.1,31.6,36.4,42,47.3,45.4,59,49.4,55.2,62.9,57.2,61.8,73.2,68.8,73.4,68.9,71,72.4,61.2,57.3,57.2,58.8,54.9,52.3,51.7,45.5,45,50.1,33.1,0,0
2241,토요일,2,203,을지로3가,내선,16.4,18.2,11.5,13.1,15.8,21.5,25.3,30.1,32.2,30.7,32.4,35.4,39.9,47.6,48.2,46.2,53.8,49.1,52.4,59.2,54.2,57.2,72.5,61.9,65.6,52.6,54.5,51.8,45.3,49.5,46.1,51.8,52.7,58,54.7,69.3,32.7,0,0
2242,토요일,2,203,을지로3가,외선,9.1,10.8,9.6,11.2,14.3,20.7,24.1,30.3,38.6,36.6,41.7,48.7,50.3,49.5,61,52.9,56.9,62.7,60.4,59.9,64.8,64.2,75.7,67.2,69.2,69.6,58.3,51.6,48.3,44.7,43.1,45.6,42.1,39,39,41.8,30.1,0,0
2243,토요일,2,204,을지로4가,내선,16.5,17.6,11,12.7,15.5,21.4,24.9,29.9,32,30.8,32.9,35.6,40.5,46.9,49.2,48,53.3,51.1,55.6,58.7,56.2,59.3,75.5,65.7,66.6,54.7,56.1,53.4,46,51.1,48.1,51,53.8,58.8,55,69.6,31.6,0,0
2244,토요일,2,204,을지로4가,외선,9.4,12.3,10.7,12.1,15.1,21.5,24.7,30.7,39,36.3,41.2,47.1,48.6,51.6,58.3,51.5,58.9,56.7,57.1,59,59.3,59.6,70.2,61.4,64.2,64.8,54.2,46.9,44.8,42.1,41,43.1,40.5,37.6,36.3,37.5,28.5,0,0
2245,토요일,2,205,동대문역사문화공원,내선,20.5,21.2,12.8,14.2,19.9,27.9,31.7,38,39.4,35.4,40.9,44.2,47.1,56.3,56.6,53.7,59.1,57.7,65.3,60.4,66.3,66,84.6,71.5,73.8,57.3,57.6,54.4,48.5,46.6,47.5,51.6,50.5,56.9,50.4,60.8,42.8,0,0
2246,토요일,2,205,동대문역사문화공원,외선,13.6,11.1,12.1,13.3,16.1,23.4,26.2,34.2,41.1,36.9,45.3,48,50.6,54.1,60.7,53,60.8,58.9,58.8,60.5,60.5,61.2,72.8,62.3,65.3,65.1,54.8,47.6,44.9,42.8,41.7,43.7,41.4,38.1,37.6,31.8,33.3,0,0
2247,토요일,2,206,신당,내선,16.2,25.8,14.7,14.4,19.5,28.1,33.2,38.8,40.4,37.9,43,47.5,48,54.5,58.4,56.1,59.1,59.2,67.6,62.4,68,66.8,85,71.4,72.9,55.8,56.4,52.3,47.7,45,45.5,50,47.4,53.3,50.8,55.3,40.2,0,0
2248,토요일,2,206,신당,외선,13.5,11.9,11.2,15.4,17.5,24.8,26.8,37.9,42.3,38.2,48.1,51.7,54.6,58.4,63.8,60.5,67.7,65.7,65.1,66.2,64.5,69.2,75.8,72,72.8,69.2,63.2,54.7,53.3,49.4,51.3,53.4,44.2,48.4,42.8,36.6,37,0,0
2249,토요일,2,207,상왕십리,내선,17.8,26,15.3,14.3,19.9,28.7,33.6,37.8,42.1,37.3,43.9,48.5,48.4,51,59.1,59.8,59.3,57.8,67.4,62.2,68.9,66.3,80.3,70.4,71.2,54.7,54.8,50.9,46,43.8,44.4,46.9,46,50.9,48.8,52.7,37.3,0,0
2250,토요일,2,207,상왕십리,외선,12.7,11.6,11.2,14.9,17.4,23.8,26.2,36.5,40.3,37.1,47.2,50.8,54.6,56.9,63.1,59.5,66.7,65.3,64.8,66.6,64.6,69.7,76.9,77.5,68.8,71.7,65.2,53.9,54.9,51,52.8,55,46.3,50.1,44.3,37.8,41.8,0,0
2251,토요일,2,208,왕십리,내선,14.9,21.3,12.7,11.7,15.6,23.7,29,29.9,35.2,31.2,36.6,40,42.3,45.1,50.9,51.1,46.9,50.5,57.1,49.3,56.9,52.8,61.5,55,53.4,47.7,36,36.9,32.7,28.1,29.4,29.1,29.4,33,31.5,31.6,24.4,0,0
2252,토요일,2,208,왕십리,외선,10.4,11.4,10.7,14.2,16.4,24.4,23.5,34.9,37.8,36.3,44.1,51.2,53.4,59.5,57.5,57.8,67.4,61,64,66.6,62.4,69,76.6,77.4,68.4,72.1,65.7,54.4,55.4,51.1,53.7,55.8,47,51,45.3,39.4,45.8,0,0
2253,토요일,2,209,한양대,내선,14.8,20.9,12.4,11.2,13.7,19.4,24.4,27.5,34,29.4,35,40.2,40.9,42.3,48.7,49.9,46,49.3,55.7,49.1,54.9,52,61.3,55,52.8,49,37.9,37.4,32.4,27.2,29.6,29,30.1,31.2,31.2,31,23.2,0,0
2254,토요일,2,209,한양대,외선,6.9,8.5,8.4,10.3,12.3,18.3,18.5,26,26.1,27.2,31.2,37.7,37.8,43.9,40.4,44.3,49.2,46.4,46.1,56,49.5,59.6,59,62.6,54.5,63.2,54.5,49.6,46.7,44.1,52.5,49.5,41.6,44.8,39.1,32,40.9,0,0
2255,토요일,2,210,뚝섬,내선,14.6,19.8,13.2,9.9,13,18.4,22.3,25.3,30.6,24.7,32.2,37.9,35.5,38.2,43.4,45,42.4,45.6,50.7,48.2,52.7,53.4,58.9,53.9,54.7,51.3,39.7,40,35.1,30.1,32.4,29.9,33.4,34.1,30.5,41.1,18.1,0,0
2256,토요일,2,210,뚝섬,외선,6.6,8.3,8.4,10.3,12.7,19.5,19.7,26.3,26.6,27.1,31,35.2,36.6,43.6,40,43.5,48.7,45.6,45.5,52.7,48.5,57.9,57.4,60.6,52.1,61.3,49.8,46.4,46,43.3,52.1,49.1,41.3,44.1,37.5,31.1,40.8,0,0
2257,토요일,2,211,성수,내선,9,15.2,10.4,9.4,13,17.4,21.5,20.4,27.6,24.3,24.7,30.9,34.6,27.2,37.1,39.1,34,40,37.5,41.1,51.2,53.8,44.3,56.5,57.8,56.3,53.2,45.9,42,39.9,40.6,37.5,42.5,42.8,35.4,49.3,47.7,0,0
2258,토요일,2,211,성수,외선,6,9,8.6,10.2,12.8,19.7,20.5,26.7,26.7,29.3,33.4,36.4,38.2,45,42.3,44.8,49.1,45.3,45.7,50.1,54.8,54.4,54.1,57,48.3,56.5,45.8,42.1,41.7,38,47.2,44.2,37.6,40.3,34.6,29,39.9,0,0
2259,토요일,2,212,건대입구,내선,12.2,21.4,15.2,12.9,15,20.2,27.9,26.7,32.5,30,27.2,35,36.5,29.5,39.7,38.9,34,40.3,37,39.2,50.3,45.1,45.4,46.7,48.4,46.8,43,37.5,33.5,33.4,34.3,31.4,37.4,36.3,31.2,43.8,37.5,0,0
2260,토요일,2,212,건대입구,외선,21.9,16,10,11.7,15.5,22.7,23.7,30,24.2,35.3,40.9,44.3,45.8,55.3,51,51.2,59.8,51.3,50.3,58.6,54.5,54.8,63.7,54,53.8,39.4,42,36,35.1,26.1,40.4,35.7,31.9,35.9,21.4,25.5,9.5,0,0
2261,토요일,2,213,구의,내선,9.9,17.8,14.2,13.1,15.9,21.9,27.7,28.9,33.2,32.2,28.2,36.1,36.9,31.1,39.9,39.7,34,40.3,36.2,38.1,49.4,46.2,43.6,43.9,45.1,45.3,38.6,34.3,29.5,31,30.1,31.1,30.7,30.6,32.2,34,30.7,0,0
2262,토요일,2,213,구의,외선,16.2,13.2,8.7,10.4,14.2,21.6,20.4,24.9,24.7,32.6,36.9,37.1,41.1,47.2,46.1,45.8,52.7,45.8,45.5,55.2,50.9,53.6,64.4,55.5,51.4,42.6,45.1,38.8,38.2,28.6,41.4,37.2,34.5,37.9,19.8,23.8,7.7,0,0
2263,토요일,2,214,강변,내선,11.1,15.2,11.7,11.6,14.1,21.7,27.9,30,34.6,33.5,28.7,37.9,37.6,32,40.6,39.8,34.2,40.2,35.6,36.9,47.7,45.8,42.2,42.6,43.2,43.7,35.1,34.7,27.8,29.2,28.5,29.7,29.1,29.2,29.9,31,26.1,0,0
2264,토요일,2,214,강변,외선,10.6,15.9,9.8,9,12.6,18.7,18,21.2,22.2,29.2,33.7,33.7,38.5,45.3,43.6,42.5,49.5,43.8,43.2,53.1,46.7,49.7,63.1,55,44.2,48.3,46,39.3,38.8,29.2,42.6,38.4,35.6,39.2,20.8,23.9,9.1,0,0
2265,토요일,2,215,잠실나루,내선,10.8,13.3,10.8,12.1,13.7,21.2,27.4,30.9,35.2,34.2,29.4,38.6,38.2,31.8,43.2,39,32.8,42.7,35.3,35.1,51,44.2,46.6,39.9,43.3,42.3,36.6,31.8,30.1,27.4,28.9,28.4,27.4,28.9,28.5,27.2,29.8,0,0
2266,토요일,2,215,잠실나루,외선,12.6,17.5,10.5,10.7,13.9,19,17.4,20.1,19.5,25.3,31.5,29.4,35,42.4,40.5,40.2,47.2,41.3,42.4,51.6,46.3,48.3,62.1,54.4,45,46.8,45,39.2,35.5,32,41.7,39.9,36.6,33.7,24.7,24.7,10.6,0,0
2267,토요일,2,216,잠실,내선,16.2,19.3,11.6,13.5,16.9,24.6,33,35.2,35.3,37.1,30,40.2,39.6,33.4,44.5,40.7,35.9,42.5,37.6,34.9,47.3,46.2,47.2,41.6,45.7,44.2,42.2,33.8,35.7,32.8,36.8,35.6,40.7,42.3,27.4,25.8,15.6,0,0
2268,토요일,2,216,잠실,외선,12.7,20.3,10.9,10.5,13.9,18.1,16.8,19.2,19.1,25,29.9,29.4,34.7,41.3,38.7,40.3,46.4,40.1,45.5,51.7,45.7,49.6,57.3,54.9,45.6,47.1,42.7,41.7,33.1,35.4,42.6,40.9,37.3,34.4,25.1,25.9,11.4,0,0
2269,토요일,2,217,잠실새내,내선,18.6,18.4,11.4,13.6,16.9,23.9,30.6,38.4,32.6,36.7,30.3,38.4,40.5,33.5,42.4,42,36.8,39.6,35.5,35.1,43.6,44.2,45.7,37.1,42.4,42.7,38,31.7,33,30.9,34.3,34.6,38.9,42,27.9,25,12,0,0
2270,토요일,2,217,잠실새내,외선,11.5,22.9,13.2,12.5,13.9,19.4,19.6,23.7,25.8,28.9,36.4,32.3,39.7,43.7,43,43.5,49.6,44,50.8,56.6,50.6,54.7,60.7,60.4,49.9,46.7,41.9,38.4,29.5,30.9,35.6,35.6,30.3,30.5,28.3,27.7,16.5,0,0
2271,토요일,2,218,종합운동장,내선,19.1,17.6,10.7,12.4,16.4,23.9,30.7,39.5,33.9,36.5,32.2,39,40.7,33.5,42.1,41.1,37.5,38.6,34.6,33.5,43.4,43.7,45,36.6,41.9,44.3,38,32.8,30.6,30,34.9,34,39.7,41.6,27.4,25,10.9,0,0
2272,토요일,2,218,종합운동장,외선,9.7,20.8,12.7,11.2,13.3,18,21.9,22.4,25.3,27.1,33.5,30.9,37.3,41.3,40.5,41.4,48.2,41.7,49.7,55.2,49.7,53.8,60.5,60.3,50.6,46.2,42.9,38.4,28.3,31.2,35.3,35.1,29.8,29.5,27.4,26.3,16.8,0,0
2273,토요일,2,219,삼성,내선,13.7,14.6,11,10.2,14.9,21.3,25.6,33.8,28.3,30.9,27.4,33.8,34.4,32.5,39.1,39.1,39.4,38.8,37,38.2,47.5,52.5,53,46.1,50.3,50.8,50.3,41.1,39.3,39.1,49,44.8,46.4,49.8,31.1,28,15.2,0,0
2274,토요일,2,219,삼성,외선,10,21.6,13.8,12.4,13.5,18.2,22.1,21.7,24.8,26.7,32.6,30.7,37.8,39.7,39.6,43.6,48,42,49.9,55.6,45.4,59.8,56.1,62.6,48.6,44.2,40.9,37.6,28,31.5,35.7,34.4,29.5,29.9,25.7,29.6,17.5,0,0
2275,토요일,2,220,선릉,내선,16.1,16.8,13.1,10.7,15.6,23.1,27.6,37.3,32.6,33.7,31.5,40,41.5,40.3,50.8,46.7,48,47.1,47.7,47.2,51.3,62.7,65.4,56.3,61.3,60.7,61,49,47.7,48.2,52.6,53.4,53.2,63.7,40.3,34.5,18.1,0,0
2276,토요일,2,220,선릉,외선,21.1,26.1,16.6,14.7,17.1,23.6,30.3,31.6,33.1,38.4,43.6,40.9,48.7,49,48.4,51.5,55.6,46.2,54.1,56.6,44.9,57.6,54.5,60.4,47.4,40.5,36,32.5,23.5,25.9,26.2,27.4,24.5,26.6,21.3,25.5,15.1,0,0
2277,토요일,2,221,역삼,내선,18.8,16.1,12.9,10.2,14.9,22,25.8,35,31.5,31.4,31.4,39.5,40.9,41.9,48.5,47.4,50.5,46.6,49.1,49.9,53.8,66.9,68.6,59,63.1,64.3,62.3,51.6,50,51.7,55.2,56,58.7,62.5,42.6,36.6,28.2,0,0
2278,토요일,2,221,역삼,외선,40.8,25.3,21,19.6,22.4,34.2,39.6,42.6,44.7,49.8,51.5,51.6,59.2,56.4,58,60.7,62.5,58.7,61.9,59.7,57.5,63.8,66.3,62.8,50.1,46.1,41,35.6,25.2,31.9,30.5,30.5,29.5,29.4,25.8,30.8,19.2,0,0
2279,토요일,2,222,강남,내선,23.2,17.3,13.6,10.6,14.5,20.5,21.7,29.2,26.3,30.4,31.4,39.6,41,46.5,50.9,46,55.7,51.7,56.4,55.1,60.8,80,73.5,67.1,68.4,68,63.4,56.3,50.2,57.4,60.2,63.3,66.9,72.4,54.1,49.2,34.4,0,0
2280,토요일,2,222,강남,외선,42.8,27,23,21.5,24.7,37.4,44.3,46.7,49.8,53.9,57,55.6,63.9,59.2,61.6,62.7,66.4,61,64.2,59.6,58.1,63.3,66.6,62.8,51.9,46.6,39.9,35.4,25.3,30.6,30.4,29.9,29.2,29.3,25.9,31.3,20.7,0,0
2281,토요일,2,223,교대,내선,23.3,18.8,13.7,11.2,15.5,19.9,22.2,28.3,26.1,30.3,33.3,35.2,42.9,47.5,47.9,49.8,58.4,49.2,58.7,57.1,58.9,79.8,74.4,67.5,69.2,69.9,65.7,58.8,54.5,64.2,61.8,69.6,71.6,76.8,57.9,52.7,36.1,0,0
2282,토요일,2,223,교대,외선,51.1,31.3,24.9,24.9,31.6,45,58.8,68.4,63.7,65.1,67.9,60.7,71.4,61.8,67,70.7,69.8,64.2,66.7,58.2,58.2,62.9,66.5,62.4,57.5,49.6,45.5,38.9,28.4,31.2,31.5,29.3,28.7,26.4,25.6,28,21.8,0,0
2283,토요일,2,224,서초,내선,20.7,14.2,12,10.4,14.2,19.8,21.1,26.2,26.4,30.1,32.8,34.2,41.5,47.5,47.2,49.8,57.1,48.9,58.4,57.1,58.1,79.7,74.3,68.2,69.3,68.8,68.9,60.8,55.2,65.6,62.7,70.8,72.1,74.5,63.7,52.4,35.7,0,0
2284,토요일,2,224,서초,외선,52.4,38.6,31.4,31.5,38.6,54.9,72.3,78.3,69.3,70.6,72,64,77.3,62.5,70.6,72.6,69.5,63.8,67,58.4,53.9,67.7,65.7,62.8,53.2,48.5,43.5,37.6,25.8,28.9,28.7,26.4,29.5,25.4,26.4,26.7,23.6,0,0
2285,토요일,2,225,방배,내선,21.1,15,12.1,10.8,13.7,18.6,21.5,26.1,25,29.8,34.2,33,42.4,47,46.2,51.7,57.3,49.2,59.1,58,58.8,78.7,79,70.1,70,69.7,70.1,62.2,57.5,61.2,64.7,74.6,64.3,78.8,66.7,47.7,46.5,0,0
2286,토요일,2,225,방배,외선,54.1,41.6,33.3,32.6,39.7,54.5,68,78,75.4,73,68.7,63.9,76.9,60.8,69.7,71.4,69.1,62.5,65.3,56.7,52.9,66,64.7,59.4,51.6,46.4,41.1,34.1,24.8,27.6,27.6,25.6,28,25.1,26.5,27.2,24.6,0,0
2287,토요일,2,226,사당,내선,17.8,14.5,9.9,9.9,13,17.9,22.1,24.7,24.2,29.1,31.9,28.6,42,42.7,41.6,51.8,52.3,46.1,56.3,54.2,53.5,76.9,73.7,70.6,72.1,64.6,73,65.1,57.8,60.7,65.9,74.2,66.9,83.4,69.5,52.6,52.3,0,0
2288,토요일,2,226,사당,외선,54.6,38.9,33.5,34.2,40.3,57,72.3,79.5,78.2,75,68.5,65.9,73.4,66.4,67.4,77,64.7,58.3,68.2,55.7,53.8,64.5,65.9,54.7,53.3,45.4,39.9,34.2,23.6,27.6,27.1,25.8,29.2,25.9,26.8,28.2,23.6,0,0
2289,토요일,2,227,낙성대,내선,19.5,14.8,10.5,10.3,13.5,18.3,22.3,25.2,24.8,27.5,32,29.8,41.8,42.1,41.9,51.5,49.8,46.9,55,53.1,51.7,75.4,71.1,67.8,68.8,61.1,69.9,61.7,54.4,54.1,63,65.9,69.2,72.7,63.9,55.9,40.6,0,0
2290,토요일,2,227,낙성대,외선,57.1,39.9,36.1,35.8,41.3,55.9,70.7,79.4,75.1,73.7,61.3,65.1,72.3,64,63.8,77,61.4,57.4,62.7,51.8,49.9,64.7,65,49.6,54.4,45.2,40,34.9,24,26.9,26.6,24.2,27.4,25.8,29.2,26.9,27.1,0,0
2291,토요일,2,228,서울대입구,내선,13.7,15,9.9,10.5,12.9,17.8,20.3,23.2,23,26.1,31.4,28.6,39,41.2,39.1,52.5,46.8,43.8,53.5,50.6,47.6,72.9,66.8,59.5,64.3,55.9,62.2,52.2,53,49,56.5,59.6,61.9,65.6,54.4,53.9,40.2,0,0
2292,토요일,2,228,서울대입구,외선,54.3,38.2,33.7,34.6,39,58.1,62.7,75.5,71.1,69.1,57.4,61.6,67.6,59,59.3,71.3,57.7,53.6,59,48.4,47.4,60.7,61.9,47.4,52.5,43.7,39.9,31,26.2,27.2,27.1,24.6,28.3,27.1,30.9,28.3,31.1,0,0
2293,토요일,2,229,봉천,내선,17.7,15.5,10,11,13.1,19.1,20.7,24.6,25.3,26.2,32.7,29.8,41.2,41,39.7,53.5,48.9,43.5,54.1,48.4,48.8,71.8,64.7,57.3,61.6,53.3,58.5,49.9,49.2,48.1,49.6,58.9,58.2,59.2,55.1,50,37,0,0
2294,토요일,2,229,봉천,외선,55.2,34.6,30.4,30.8,34.7,52.2,57.6,68.2,65.5,62.1,51.9,54.8,61,51.8,52.7,62.8,51.8,47.3,53.4,43.3,43.5,54,57.3,47.1,46,40.9,38.4,29.6,25.5,27.7,27.7,25.9,26.2,27.7,31,28.7,27.4,0,0
2295,토요일,2,230,신림,내선,26.5,16.6,10.6,11.9,15.1,22.6,23,27.3,27.6,29,36,32.1,43.3,42.2,42.2,55.2,48.9,43.4,53.1,46.6,45.9,68.1,58.4,55.3,50.8,45.8,51.2,42.4,40.7,39.8,40.1,47.7,46.4,48.3,48.1,36.9,26.4,0,0
2296,토요일,2,230,신림,외선,51.2,32.6,28.5,28.3,32,51.2,53.6,62.6,61.1,58.9,46.9,50.4,56.3,49.6,50.6,59.4,46.6,48.4,50.5,41.1,45.3,49.8,58,47.7,44.1,43.2,39.6,28.2,28.4,28.9,29.4,27.3,27.7,29.1,34.7,30.8,32.1,0,0
2297,토요일,2,231,신대방,내선,35.2,19.4,11.8,13.6,16.3,26,26.4,31.5,33.1,30.5,39.4,34.6,45.8,46.1,45.9,55.4,52.7,45.9,54.7,46.5,47.9,61.7,62.6,53,50.8,44.7,51,43.1,37.5,37.6,37.4,43.9,40.3,45.4,44.3,32.9,26.9,0,0
2298,토요일,2,231,신대방,외선,40.4,26,21.5,22.1,25.7,41.8,39.5,47.9,47.6,49.1,39,42,46.8,40.8,43.3,50.3,40.8,42.3,45.2,36.7,42.6,44.9,57.7,47.2,45,44.8,42.5,31.8,32.5,32,33.8,31.5,32,34.7,41.9,37.3,48.3,0,0
2299,토요일,2,232,구로디지털단지,내선,54.2,26.1,15.8,16.5,19.9,30.8,31.5,37.9,38.7,35.7,45.3,41,52.4,52.5,52.8,61.8,56.8,52.7,59.1,50.4,50.4,66.5,64.7,55.3,53.1,45.9,52.1,43,37.7,36.6,34.9,45,35.6,46.5,38.6,30.2,23.3,0,0
2300,토요일,2,232,구로디지털단지,외선,34.8,22.3,19.7,20.2,23.6,39,35.3,43,43.9,41.9,39.1,41.2,43.9,40.2,42.6,49.5,39.7,41.9,45.1,37.4,45.8,46.1,58.1,51.2,47.1,45.7,48.1,31.8,38.3,36.5,36.8,35.7,37.5,39.4,47.4,42.4,56.9,0,0
2301,토요일,2,233,대림,내선,70.9,31,17.6,18.6,22.1,34,35.6,43.2,43.9,40.7,50.2,42.6,56.9,57.2,58.9,63.6,61.9,57,60.2,54.1,57.1,54.4,69.3,54.3,54.3,45.4,50.7,41.1,36.8,34.2,32.3,40,32.2,36,32.9,25.6,20.7,0,0
2302,토요일,2,233,대림,외선,27.8,20,18.3,18.5,22.1,36.9,33.2,39.2,43.2,40.3,39.1,42.4,41.8,40.1,45.4,50.6,42.2,46.9,44.6,39.8,51.3,52.9,64.4,57.4,52.9,53.4,57,37.3,46,43.5,44.5,43.2,46,48.1,60.3,52.2,72.9,0,0
2303,토요일,2,234,신도림,내선,24,21.6,15.6,20.5,25.9,38.4,41.4,52.1,46.5,47.4,49.9,53.5,71.3,65.3,72.2,71.9,72.2,68.9,64.4,60,63.7,56.9,72.1,53.9,55.7,40.8,50.7,38.4,32.9,30.9,31.9,25.6,27.9,30.7,25.1,26.6,14.4,0,0
2304,토요일,2,234,신도림,외선,18.4,19.8,15.1,16.2,22.3,32.6,30.8,33.2,31.5,39,38.9,41,40.6,40.7,44.6,48.1,44.1,46.6,44.4,38.2,52.8,46.6,60.2,60.8,58.1,49.2,60.1,32.9,50.4,49.9,48.2,50.9,54.7,43.6,51.6,55.7,24.2,0,0
2305,토요일,2,235,문래,내선,24.2,21.7,16.1,19.8,24.3,36.8,40.3,49.7,46.1,45.1,49.1,54.7,63.6,62.8,73.3,65.9,73.8,71.5,59.8,67.4,62.3,66.5,67.9,65.5,64.2,49.6,50.6,39.7,33.4,31.4,32.4,33.4,36.1,40.2,43.5,37.1,28.7,0,0
2306,토요일,2,235,문래,외선,28.1,26.6,12.6,13.8,18.7,24.4,25.1,29.8,27.5,37,33.1,36.8,36.5,38.1,43.6,44.6,43.2,47.6,46.6,48.9,56.3,68.4,63.7,68.3,70.3,58.2,67.1,54.9,59.1,63.3,64,71.8,66.1,64.5,68.2,71.5,33.5,0,0
2307,토요일,2,236,영등포구청,내선,24.1,20,15.9,19.2,23.8,36.1,40.4,49.1,46.3,46,52.1,53.7,60.6,64.1,78.7,66.9,75.2,73.1,63.4,69,63.2,68.5,67.9,65.7,64.1,49.5,50.4,39.9,34.5,30.3,31.8,34.8,32.8,37.9,40.7,35.6,25.8,0,0
2308,토요일,2,236,영등포구청,외선,26.9,23.3,12.2,14.2,19,24.2,26.5,28.9,30.9,35.3,33.8,37.4,37.6,38.7,44.6,45.2,44.3,47.9,47.2,49.5,60.5,67.3,65.4,70.3,71.5,59,68,55.2,58.9,62.4,63,70.2,64.8,63,67.1,69.7,34.3,0,0
2309,토요일,2,237,당산,내선,25.2,19.9,14.5,19,24.4,34.8,42.2,50.7,48.5,49.8,57.1,59.3,67.3,71.3,87.2,74.3,82.7,82.4,69,76.3,69.3,75.2,74.4,71.4,69.9,54,55.9,43.3,36.2,31.4,33.4,36.4,34,39.6,42.4,35.8,26.1,0,0
2310,토요일,2,237,당산,외선,24.4,22.1,11.7,12.7,17.3,23,23.7,25.2,29.4,32,30.1,36.5,35.6,36.6,44.4,43.4,41.5,47.2,46,48.4,64,61.7,73.3,69,71.5,62.3,68.8,55.2,59.8,64.3,66.5,72.3,67.6,68.7,67.7,66.5,41.1,0,0
2311,토요일,2,238,합정,내선,23.1,17.8,13,15.9,20.4,29.6,34.2,45,41.1,45.6,50.8,50.1,56,62.4,73.4,63.2,71.7,70.1,58.8,67.2,58.5,56,68.9,60.3,63,44.2,49.1,37.8,32.3,29.4,29.9,32.3,32.2,34.5,43.7,32.9,25.7,0,0
2312,토요일,2,238,합정,외선,24.7,22.6,11.8,12.7,16.7,22.7,23.9,25.2,28.6,32.6,30,36.1,35.3,36.6,45.3,44.3,42.9,49.5,47.9,53.5,64.8,70,77.7,74.1,76.3,67.2,75.3,63.6,63.8,70.8,73.1,79.9,73.9,75.5,73.6,73,46.3,0,0
2313,토요일,2,239,홍대입구,내선,21.9,18.7,14.2,17.1,20.5,31.7,34.4,45.7,39.1,45.1,45,46.1,45.3,58.5,57.4,53.8,62.3,59.5,50.8,60.7,54.8,54.9,66.5,57.1,64.4,44.9,48.3,40.7,37.4,36.3,37.9,45.4,47.1,51.6,60.2,52.3,39.9,0,0
2314,토요일,2,239,홍대입구,외선,17.2,12.2,8.6,9.6,12.3,17.1,17.2,20,23.2,27.6,26,32.5,33.2,34.9,43.7,40.9,39.6,49.8,44.2,49.6,62.4,62.7,70,70,70,61.4,65.5,57.4,57.9,61.7,63.5,67.7,64.7,62.6,61.9,62.3,43.1,0,0
2315,토요일,2,240,신촌(지하),내선,23.1,18.4,13.6,16.8,18.8,28.8,31.7,39.8,35.6,41.8,41.5,41.4,44.5,57,56.8,51.1,59.8,59.5,50.3,61.3,51.9,58.4,65.9,57.5,61.8,43.7,48.7,40.7,38.2,37.8,39.6,48.7,49,59.6,58.7,56.6,38.5,0,0
2316,토요일,2,240,신촌(지하),외선,11.9,9.1,7.5,8,10.5,14.3,15.5,19.2,26.3,28.5,33.4,38.6,43.3,44.2,57.2,50.9,49.9,62.3,55.6,57.2,71.5,69.6,75,73,72.8,70.3,68.2,62.2,58,60.6,57.8,62.5,53,52.1,49.8,44.2,35.2,0,0
2317,토요일,2,241,이대,내선,23.7,18.6,13.7,16.3,19.2,28.7,31.3,38.5,36.1,42,41.3,42.1,44.8,58.9,57.8,52.1,60.2,60.5,50.9,62.6,52.8,59.4,66.5,58.2,63.7,43.4,49.8,41,38.2,37.7,39.3,48.6,48.6,58.6,57.6,55.3,35.6,0,0
2318,토요일,2,241,이대,외선,9,8.7,7.4,8,10.7,15.1,17.2,21.1,30.4,29.6,35.5,40.1,44.4,46.4,61.4,51.4,52,64.6,56.5,56.4,74.2,67.2,75.7,73.6,75.1,71.1,68.5,61.7,58.2,59.2,52.9,58.2,49.7,45.7,46.4,39.1,35.1,0,0
2319,토요일,2,242,아현,내선,24.7,19.5,14.6,16.9,19.9,28,32.7,39.7,37.2,44.2,42,43.5,45.7,58.4,59.2,51.9,64,59.9,50.7,62.1,49.4,59,71.8,58,64.4,46,48.7,43.2,36.9,38.3,38.8,48.2,48,57.7,56.7,66.8,32.6,0,0
2320,토요일,2,242,아현,외선,7.9,8.7,6.9,8.7,11.6,16.4,18.4,23.1,32.6,30.2,36.3,41.1,45.1,46.7,61.6,51.5,52.9,65.2,57.5,57.3,75.2,67.6,76.5,73.6,72.2,74.2,69.1,62.5,58.9,60.6,53.9,59.6,50.9,47,48.6,40.7,37.1,0,0
2321,토요일,2,243,충정로,내선,22.4,22.6,15.1,16.6,19.7,27.9,32.8,39.6,38.3,42.9,42.6,44.8,45.5,59.5,59.1,54.4,64.6,60.1,53.4,62.5,53.2,60.7,73.9,59.7,65.7,47.2,49.9,45.6,37.7,38.5,39.6,48.8,48.4,55.6,50.3,69.6,31.6,0,0
2322,토요일,2,243,충정로,외선,6.7,8.5,6.7,8.5,11.6,16.2,18.3,23.8,32.1,30.3,36,40.5,44.9,46,60.8,50.8,52.7,64.8,57.8,57.2,75.6,70.1,76.3,74.1,73.3,75.8,68.6,61.3,60.9,62.4,58.1,56.4,53.5,46.3,50.4,45.1,32.4,0,0
2323,토요일,2,244,용답,내선,11.8,11.7,8.4,10.1,8.6,12.6,15.1,15.1,17.9,19,19.9,20.9,20.4,22.9,23.7,23.2,22.7,23.9,24.1,21.6,22.4,22,24,20.8,18.9,16.3,11.6,7.8,7.7,6,4.8,4.6,4.1,3.2,2.7,1.8,1.3,0,0
2324,토요일,2,244,용답,외선,1.6,3.8,4.7,5.2,4.3,6.6,8.1,8.4,10.2,11.7,10.8,12.9,12.5,12.9,13.5,14.6,14.6,14,14.2,13.7,16.3,16,20.9,19.2,17.8,18.5,14.4,15.3,14,13.8,15.3,16.3,13.5,15.5,13.3,9.3,5.1,0,0
2325,토요일,2,245,신답,내선,8,9.9,7.1,8.1,7.2,10.2,12.2,12,14.7,15.9,17.3,18,17.6,20.4,20.9,21.5,20.4,22.4,22.4,20.6,21.3,20.8,22.6,19.9,18.1,15.6,11.3,7.4,7,5.3,4.6,4.6,4.4,4.1,3.4,2.3,1.7,0,0
2326,토요일,2,245,신답,외선,1.8,3.7,4.9,5.3,4.5,7.3,8.9,8.8,10.8,12.3,11.3,13.1,12.7,13,13.4,13.7,14.4,13.4,13.6,13.3,15.7,14.9,18.6,17.6,16.1,16.7,13.3,13.9,11.8,12,12.9,14.2,11.4,13.7,11.6,8,4.3,0,0
2327,토요일,2,246,신설동,내선,5.2,8.1,5.9,6.5,6.3,8.3,8.9,9.9,11.7,13.7,14.3,14.5,13.9,16.3,17,17.3,17,16.9,18.6,17.7,17.7,17.5,21.9,17.3,15.9,15.2,11.2,7.3,6.4,5.2,4.2,4.5,3.8,4.4,3.7,2.4,2.2,0,0
2328,토요일,2,246,신설동,외선,0,0,0,0,0,0,0,0,0,0,0,0,0,0,0,0,0,0,0,0,0,0,0,0,0,0,0,0,0,0,0,0,0,0,0,0,0,0,0
2329,토요일,2,247,도림천,내선,5.1,7.5,5.8,5.7,7.4,11,13.2,11.6,13.5,11.9,12.7,13,15.7,15.3,17,18.3,20.3,21.2,21.7,25.2,29.7,30.7,34.6,32.7,37.9,34.4,32.6,29.5,24.9,24.9,26.3,27.8,29.3,26.6,28.5,28.6,18.7,0,0
2330,토요일,2,247,도림천,외선,23.2,17,18.4,14.1,18.7,22.1,27.2,30,30.9,31.4,33.5,31.8,31.1,35.1,32.4,33,32.7,28.1,26.1,24.4,23.8,25.9,26.1,22.8,21,17.9,15.7,12,9.4,9.9,8.5,7.8,8.3,8.1,7.7,6.5,3.2,0,0
2331,토요일,2,248,양천구청,내선,6.1,7.5,5.2,5.3,6.9,9.7,10.4,9.8,11,11.2,12.1,12.4,14.2,13.7,14.5,15.8,17.3,17.9,17.6,20.3,24.4,25.3,28.5,26.6,30.9,27.5,25.8,23.2,19,19.6,20.6,22.2,22.8,21.8,21.4,21.2,14,0,0
2332,토요일,2,248,양천구청,외선,23.3,16.7,18.4,13.9,18.5,21.9,27,29.6,30.4,30.8,32.3,30.5,30.3,33.8,31.3,32.1,32.5,27.6,25.5,23.6,23.3,25.3,25.3,22,20.6,17.4,15.7,12,9.4,10,8.6,7.7,8.3,8.1,7.8,6.5,3.2,0,0
2333,토요일,2,249,신정네거리,내선,6.5,7,5.4,4.3,5.8,8.3,9.1,9.1,10.2,10.8,10.9,12,12.4,11.2,12.2,13.5,13.3,15.2,13,14.5,17.4,17.5,19.4,17.6,20,17,15.8,15.3,11.7,11.6,13.2,13,13,13.2,11.8,11.7,8.9,0,0
2334,토요일,2,249,신정네거리,외선,19,14,14.4,10.9,14.7,19,20.9,23.7,24.3,24.5,25,22.9,26.5,26,22.7,25.2,21.2,24.5,20.7,19,20.4,20.4,21.5,19.9,15.8,15.7,11.8,11.2,8.8,8.9,7.4,8.3,7.8,8.3,7.7,6.9,3.3,0,0
2335,토요일,2,250,용두,내선,6.3,9.2,6.8,7.2,7.1,9.8,10.4,11.4,13,15.3,15.8,16.6,16.3,19.1,19.6,20.4,19.3,20.1,21.9,20.5,19.9,20.8,22.3,19.4,17.8,16.1,11.6,7.8,7.3,5.6,4.6,5.1,4.1,4.6,3.7,2.7,2,0,0
2336,토요일,2,250,용두,외선,1.8,3.4,3.8,4.6,4.1,6.8,7.8,7.9,9.7,10.5,9.4,11.7,11.1,10.6,11.7,12.2,12.2,11.9,12,11.9,13.8,13.6,16.5,15.7,14.7,14.7,12.4,12.4,10.2,10.6,11.6,12.4,10.6,11.9,9.5,6.9,3.6,0,0
2337,토요일,2,260,까치산,내선,0,0,0,0,0,0,0,0,0,0,0,0,0,0,0,0,0,0,0,0,0,0,0,0,0,0,0,0,0,0,0,0,0,0,0,0,0,0,0
2338,토요일,2,260,까치산,외선,10,8.8,8.3,6.6,10,11.9,13.8,14.6,15.6,15.5,15.9,14.3,17.2,17.1,14.5,16,14.9,15.9,15,13.7,16.4,15.9,18.1,16,13.4,13.8,10.9,10.8,8.9,8.3,7,7.8,8.1,7.5,8,7.2,3.2,0,0
2339,토요일,3,309,지축,상선,16.4,10.7,8.7,11.2,12.8,18.9,14.5,25.9,27.2,22.5,18.9,25.4,23.8,33.2,35.2,37.9,37.9,41.3,44.8,36.5,50.9,60.7,60.7,61.5,44.7,46.5,60.8,45,45.9,32.5,38.7,29.2,31.2,46.1,32.9,42,41.2,0,0
2340,토요일,3,309,지축,하선,39.5,17.7,17.8,21.8,32.1,43.8,35.6,51.7,49.6,51.7,50.1,46.6,60.9,60.7,45.6,47.9,53.2,52.1,48.1,48.8,51.4,53.2,52.8,48.6,43.8,25.2,27.3,26,22.7,13.6,17.4,10.8,17.3,23.1,11.3,8.5,6.5,0,0
2341,토요일,3,310,구파발,상선,16.6,11.6,5.8,4.6,7.8,10.9,8.2,16.8,10.4,16.4,14.5,16.5,13,20.3,14.6,23.3,15.8,25.9,19.1,26.8,21.8,38,25.7,37.4,26,29.4,40.2,22.2,29.3,17.9,30.9,31.1,19.9,24.6,29.3,21.8,0,0,0
2342,토요일,3,310,구파발,하선,4.1,16.6,8.9,15.5,18.6,29.7,33.7,36.3,34.3,36.2,43.6,43.9,30.7,42.6,27.4,34.3,27.7,37.3,25.9,36.2,28.1,39.9,28.9,36.2,24.2,25.7,20.3,13.5,16.2,11,12.7,13.1,15.5,13.9,9.6,9.3,5.5,0,0
2343,토요일,3,311,연신내,상선,16.8,13.5,7.2,7.1,10.7,11.9,14.4,19.7,19.3,18.7,19.9,20.6,20.7,22.1,22.7,24.6,24.3,27.7,28.3,27.3,32.3,37.8,37.5,37.6,37.4,35.3,40.4,32.2,30.3,26.1,30.7,36.5,28.9,28.5,29.4,25.3,8.9,8.2,0
2344,토요일,3,311,연신내,하선,11.1,18.3,13.4,13.9,24.3,31.3,38.9,35.9,39.2,38.8,47.8,48.7,38,36.1,35.5,32.1,36.8,30.9,34.3,29.3,34.4,32.1,35.6,29.3,28,22.5,16.4,15.5,12.8,13.6,9.7,12.4,13.5,12.7,11.1,9.3,9.7,0,0
2345,토요일,3,312,불광,상선,14.7,13.3,7,8,11.2,12.7,18.1,21.4,21.8,20.4,22.4,23.2,23.9,24.8,26.5,28.1,28.4,31.7,33.5,32.1,38.8,44.6,46.6,47.5,48.2,45.4,50.7,40.1,37.9,33.3,39.9,45.4,36.6,36.5,36.9,31.4,15.4,13.8,0
2346,토요일,3,312,불광,하선,15.9,21.6,16.2,17.9,30.7,35.1,44.9,43.6,45.3,44.8,55,56.8,44.3,43.1,43.6,36.3,42.8,37.1,39.6,35.1,39.7,38.1,40.9,34.4,32.3,26,18.9,17.7,14.8,15.3,11.2,13.3,15.3,14.3,12.3,10.2,10.5,0,0
2347,토요일,3,313,녹번,상선,13.7,12.3,6.4,8.2,10.5,12.6,18.1,20.6,21.7,21.4,21.4,23.1,24.3,24.2,27.1,27.8,29.3,31,33.9,31.2,42.9,45.8,48.4,48.7,49.7,48.3,52.3,42.9,36.8,34.2,43.5,47.7,38.7,36.9,36.3,32.8,16.5,0,0
2348,토요일,3,313,녹번,하선,19.7,23.7,18,20.7,33.9,39.5,49.2,48.5,49.5,49.4,55.1,65.6,48.2,47.2,47.2,40.1,46,40.2,42,37.6,41.9,40.5,42.5,36.3,32.9,26.5,18.9,17.8,14.6,15.4,11.2,13.1,15,14,11.8,9.8,9.2,0,0
2349,토요일,3,314,홍제,상선,12.7,10.2,6.9,8.2,10.6,13.3,18.1,21.4,21.6,21,21.1,22.8,24.1,24.2,27.4,28.1,30.1,31.8,35.5,32.7,45.7,48.6,52,52.2,53.7,52.8,56.9,47.1,40.5,37.8,47.7,50.2,42.9,41.1,40.4,32.3,19.6,0,0
2350,토요일,3,314,홍제,하선,24.4,27,18,23.2,34.1,45.7,49.1,54.2,54.7,54.3,56.3,71.6,53.4,56.1,49.6,45.3,46.1,50,42.3,44.7,41.6,48.5,43.7,43.6,33.6,30.3,22.1,18.2,16.6,16,12.6,12.2,15.2,15.7,11.1,9.7,8.2,0,0
2351,토요일,3,315,무악재,상선,10.7,10.8,7.3,8.9,11.1,13.9,19.1,22.1,22.9,21.5,22.6,23.2,25,27,28.2,30.3,31.7,34.7,33.6,41,48.6,52.7,57.9,56.6,58.3,59.2,62.4,47.8,44.5,43.5,55.5,53.4,47.1,45.4,44.3,35.9,22.6,0,0
2352,토요일,3,315,무악재,하선,25.1,27.5,18.4,23.7,34.8,46.9,50.1,55.4,55.9,55.6,57.8,73.5,54.7,57.5,50.3,47.3,47.2,51.2,43.2,45.6,42.5,49.6,44.7,44.5,34.4,30.8,22.5,18.4,16.7,16.1,12.6,12.2,13.3,16.8,10.3,10.7,8,0,0
2353,토요일,3,316,독립문,상선,10.2,10.8,7.4,9,11.2,14,19.4,22.2,23.3,21.6,22.7,23.3,25.2,27.2,28.6,30.6,32.3,35.1,34.2,41.9,49.8,53.8,59.4,58,60,62.4,62.8,48.9,45.7,44.7,56.8,54.8,47.9,47.6,44.5,34.1,23.8,0,0
2354,토요일,3,316,독립문,하선,20.3,27.7,19.4,22.4,32.5,47.1,50.4,56.2,55.8,56.1,62.5,68.6,56.3,59.5,52.4,49,49.1,53.3,46.1,48.6,45.2,52.6,47.4,46.8,36,32.1,23.2,18.8,17.1,16.3,12.9,12,13.5,16.9,10.3,10.7,7.6,0,0
2355,토요일,3,317,경복궁,상선,11.6,10.1,7.7,9.4,11.6,16,20.5,24.3,27.8,24.8,25.4,24.9,27.1,28.8,30.5,32,33.9,36.4,38.9,39.8,51.2,54.6,60.7,58.8,61.4,63.7,64.2,50,46.7,45.7,57.8,54.5,48.9,48.5,45.7,35,24.5,7.7,0
2356,토요일,3,317,경복궁,하선,23.3,23.9,21.1,20.8,32.5,44.2,48.6,55.6,60.4,52.4,64,67.9,65.5,57.6,62.3,52.9,58.6,57.5,64,59,62.9,69.2,72.3,67.1,66.6,52.5,42.1,36.4,26.1,25.8,21.1,20.2,21.7,23.2,14.4,15.2,10.1,0,0
2357,토요일,3,318,안국,상선,11.7,11.3,8.6,11,14.9,19.8,27.9,36,46,38.7,41.8,41.1,46.9,46.2,51,49.3,53.4,52.6,56.9,52.4,68.8,69.9,69.7,69.9,63.6,65.4,62.6,49,44.8,46.8,57.1,53.5,48.5,48.2,45.9,33.6,18.6,0,0
2358,토요일,3,318,안국,하선,23.4,23.2,20.4,20.3,31.5,43.2,46.6,54.3,57,51.5,62.1,66,64.4,59.5,63.9,55.6,61.6,64.3,72.2,71.1,75.4,87.2,90.8,88.5,86.4,72.5,56.4,50.2,36.4,35.1,28.4,28.2,28.7,27.7,21.2,15.6,10.5,0,0
2359,토요일,3,319,종로3가,상선,11.5,12.5,9.9,13.1,18.3,23.9,34.9,45,58.6,50.8,58.8,57.2,65.1,61.3,67.3,64.5,69.8,67.2,70.9,61.6,78.9,77.7,75.3,73.4,66.1,65.3,62.6,47.6,43.3,46.4,58,48.1,47.2,46.9,44.4,33.4,19.1,0,0
2360,토요일,3,319,종로3가,하선,19.5,18.3,14.3,16.7,21.4,34.4,37.2,44.3,43.8,41.2,47.8,50.6,48.5,45.6,48.3,43.4,47.6,51.9,57.3,56.5,60,69.9,72.1,72.2,69.2,62.8,46.5,43,32.9,30.2,26.8,26.4,26.7,25.2,19.2,15.1,10.2,0,0
2361,토요일,3,320,을지로3가,상선,6.8,8.1,6.8,9.5,13,17.7,26.5,32.4,43,37.7,45.8,44.7,52,49.4,53.6,53.2,56.4,54.2,53.8,54.2,63.3,62,60.8,60,54.7,53.7,49,37.5,34.8,37.7,47.6,39.5,37.2,35.8,33.3,26.5,15.9,0,0
2362,토요일,3,320,을지로3가,하선,16.8,15.8,12.3,14.7,17.6,30.6,33.9,37.7,38.9,39.3,41.1,44.8,43,40.5,41.4,39.9,41.7,47.7,49.1,51.1,50.9,57.3,69.3,66.1,60,57,43.8,40.3,34,30.2,29.6,26.6,29.7,27.8,22.4,17.6,12.3,0,0
2363,토요일,3,321,충무로,상선,6.2,7.1,6.4,8.6,11.7,15.9,23.4,28.6,38.1,33.4,41.8,42.1,48.7,46.5,50.1,49.5,52.9,50,50.5,50.9,58.6,57.1,58.4,57.9,53.3,51.4,46.2,33.9,31.4,32.9,42.3,34.5,30.7,29.6,27.3,21.9,13.5,0,0
2364,토요일,3,321,충무로,하선,17.5,22.1,14.9,16.9,21.6,36.7,40,46.9,44.4,44.6,43.5,48.2,46,43.3,42.6,40.6,42.3,48.2,48,51,50.8,58.8,65,64.9,57.3,51.7,39.9,38.4,33,31,30.2,28.1,30.6,27.2,22.4,17.2,11.7,0,0
2365,토요일,3,322,동대입구,상선,7.7,6,6.2,8.8,10.5,15.4,21.7,25.9,31.6,31.7,38.8,43,45.7,48.8,50.6,51.4,54.9,52.2,51.4,52.4,57,60.8,61.4,57,55.2,57.5,46.9,36.1,34.6,35.9,46.9,38.9,32.4,31.4,28.7,22.1,12.9,0,0
2366,토요일,3,322,동대입구,하선,17.4,21.1,13.9,15.5,20.3,33.3,35.8,43.1,39.7,40.6,39.4,44.7,42.4,40.4,39.5,36.1,41.6,46.5,46.5,49.5,49.2,57.4,61.8,62.6,56.2,52.7,41,39,33.8,32.8,33.2,30.5,31.1,30.6,23.6,17.9,13.6,0,0
2367,토요일,3,323,약수,상선,7.5,6,6.4,9.2,11.1,16.4,23.9,27.7,34.3,33.9,40.9,44.6,47.3,49.2,51.6,52,55.8,52.2,49.4,53,56,59.3,60.8,55.8,53.3,52.6,43.4,33.4,32.4,32,42.2,33.1,30.5,28.4,26.8,21.3,12.8,0,0
2368,토요일,3,323,약수,하선,23.2,25.4,17.7,16.6,22.4,36.6,41.6,51.5,47.3,46.6,45.3,51.5,50.2,44.4,45.9,40.2,45.9,51.1,50.6,53.5,54.3,58.7,67.1,65.8,60.8,56,46.8,41.2,35.1,34,33.9,34,30.7,33.3,24.2,18.7,16.8,0,0
2369,토요일,3,324,금호,상선,9.6,5.7,6.8,9.8,12.1,18,26.5,28.5,35.3,36.1,43.2,48,51.9,53.2,56.8,58,60.4,57.5,54.7,58,62.3,66.3,67.9,63.1,60.3,57.4,49.6,38.8,36.6,37.1,46.6,37.6,34.5,34.5,30.7,23.5,14.6,0,0
2370,토요일,3,324,금호,하선,24.8,26,18,16.9,22.8,35.1,41.7,53.7,46.9,48,46.2,50.9,51,44.2,47.1,40.6,46,49.7,52.1,51.6,55.2,56.8,66.5,61.3,64.6,55.3,45.7,40.3,34,33.3,33,33.2,29.7,32.2,23.3,18.2,15.9,0,0
2371,토요일,3,325,옥수,상선,8.7,5.6,7,9.4,12.1,18,25.4,29.7,33.4,37.3,41.8,49.2,50.9,53.4,54.8,56.9,60.4,59.2,51.8,59.6,61.4,67,67.3,64.7,59,57,47.3,40.6,35.6,38.2,47.4,39.2,33.6,35.3,31.3,24.1,15.5,0,0
2372,토요일,3,325,옥수,하선,27.5,26.2,22.4,18.4,25.3,38.2,47.2,59.6,53.5,53.4,51.6,55.2,57.8,48.5,52,44.5,50.6,52.8,55.6,54.9,58,59.4,70.3,64.4,68.7,56.9,47.3,41.1,35.1,33.6,33.3,33.5,31,32.4,23.9,18.3,15.9,0,0
2373,토요일,3,326,압구정,상선,9.2,5.9,7.5,10.3,13,19,25.9,30.2,34.1,38.1,43.2,51,53.1,56.1,57.7,60.1,63.7,63.1,56.4,65.1,66.1,73.5,72.8,70.1,64.1,62.8,52.1,45.1,39.7,42.8,53.9,44,37.4,39.6,34.6,23.8,17.2,0,0
2374,토요일,3,326,압구정,하선,9.3,26.1,21.3,16.6,20.8,32.2,38.5,47.4,43.2,46.7,45.2,50.2,52.8,46.5,49.1,45.4,46.2,53.1,55.6,57,59.9,63.4,71.9,67.7,68.8,58,52.4,43.8,38.6,35.2,39.1,38.1,34.7,35,27.9,19.3,14.8,0,0
2375,토요일,3,327,신사,상선,7.8,6.8,8.6,11.1,14.6,24.4,31.9,39.2,42.4,42.6,48.9,55.6,58.1,57.8,60.7,61.8,65.8,61.7,54.8,62,63.3,68,68.7,65.3,62.4,58.5,45.7,40.7,35.9,38.6,43.9,36.5,33.5,35.5,31.8,22.1,11.9,0,0
2376,토요일,3,327,신사,하선,9.8,22.8,18.6,15.1,17.1,26.9,29.7,31.8,33.4,32.7,35.8,41.2,42.8,38.5,40.8,39.5,37.9,46.9,47.4,49.1,49.1,57.1,59.1,57,57.7,47.3,42,37.2,31.1,31.5,34.8,34,30.8,32.5,26,19.4,13.3,0,0
2377,토요일,3,328,잠원,상선,6.8,6.9,8.1,10.5,13.4,21.9,31.3,40.2,44.1,40.4,46.5,49.6,49.1,51.3,52.9,55.4,55.9,52.2,46.3,53.7,52,55.5,58.8,54.9,52.9,50.5,39.8,33.5,30.1,33.5,37.1,29,24.8,27.1,23.5,15.9,7.3,0,0
2378,토요일,3,328,잠원,하선,10.2,22,18.4,15,17.2,27.2,29.9,32.1,33.7,33.3,36.3,42,43.5,39.2,41.6,40.1,38.4,47.2,47.6,49.4,49.3,57.6,59.7,57.2,57.7,47.3,41.7,37,30.9,31.4,34.5,33.8,30.4,32.2,25.7,19.1,12.9,0,0
2379,토요일,3,329,고속터미널,상선,6.9,8.1,8.7,10.9,13.7,21.7,31.3,40.1,44.1,40.1,46.2,48.9,48.7,50.9,52.4,55.1,55.7,52,46.3,53.4,51.7,55.2,58.4,55,53.1,50.8,40.1,33.7,30.3,33.9,37.6,29.3,25.2,27.5,24.2,16.3,7.9,0,0
2380,토요일,3,329,고속터미널,하선,11,25.1,21.2,15.4,18,28.5,33.1,34.2,37.4,35.1,37,39.7,46.4,40.7,45.6,40.2,40.6,46,45.7,47.3,47,53.9,60.7,52.5,58.3,47,43.3,35.8,32,30.8,34.2,30.9,28.9,31,25.2,17.9,12.4,0,0
2381,토요일,3,330,교대,상선,8.3,8.9,10.7,12.3,15.8,24.1,31.2,35.3,40.9,38.8,43.7,48.2,48.1,49.4,52.5,56.3,55,50.2,48.2,54.3,52.5,57.2,59,57.1,53.9,53.1,40,35.2,30.3,34.1,32.3,30.5,26.7,29.9,23.4,17.1,8.4,0,0
2382,토요일,3,330,교대,하선,14.5,25.9,19.7,15.3,17.3,28.1,29.3,29.6,30.9,30,31.3,32.4,37.3,33.3,37.8,34.4,32,37.6,38.9,38.4,39.1,43.6,47.7,42.1,44.8,37.5,34.4,29.9,25.9,24.9,27.9,24.6,23.2,26.3,21.5,15.7,11.5,0,0
2383,토요일,3,331,남부터미널,상선,6.4,7.4,9.3,10.8,13.6,19.8,25.3,29.6,30.6,33.8,37.3,40.8,41,41.9,44.5,47.7,44.9,40.6,39.6,44.9,42,49,46.8,48,43.9,43,30.9,28.9,24.4,28,24.8,25.2,21.3,23.6,18.2,13.3,6,0,0
2384,토요일,3,331,남부터미널,하선,11.5,18.9,15,11.7,13.9,20.5,23.9,24,22.9,22,22.7,25.8,29.7,25.8,28.8,27.2,23.9,27.5,29.2,30.6,30.7,34.7,39.2,36.2,38.4,32.2,29.5,26,22.5,22.1,25,22.4,19.4,25.6,19.1,13.8,11.6,0,0
2385,토요일,3,332,양재,상선,6.5,7.5,9.1,10.5,13.2,19.7,22.8,26.5,27.1,29.7,33.2,34.2,33.4,34.9,37.3,40.1,37.2,34.9,30.4,36.3,34.5,38.3,37.5,36,34.5,31.5,22.3,20.1,17.2,19.8,18.2,20.5,16.4,18.4,15.5,11.1,6,0,0
2386,토요일,3,332,양재,하선,6.6,13.8,8.4,8.3,8.8,14,16.8,16.7,17.1,15.3,15.8,17.6,20.9,20.5,20.8,22.8,18.8,20.4,24.8,25.1,26.5,28.6,29.4,28.4,31.2,27.6,24.2,22.3,20.5,18.5,20.1,18.7,16.9,22.1,15.2,11.5,11.2,1.9,0
2387,토요일,3,333,매봉,상선,6.3,7,10.4,10,12.5,18.4,21.8,25.1,25.3,28.1,27.6,30.2,28.1,28.1,32.6,33.5,29,26.3,22.8,27,26.9,28.1,29.4,27.8,28,23.2,16,12.6,11,11.9,11.4,12.7,11,13.9,12,8,4.5,0,0
2388,토요일,3,333,매봉,하선,7.2,12.7,7.7,7.8,8,12.7,14.9,15.5,15.2,15,14.6,16.8,19.6,19.3,19.8,22.1,17.9,19.8,23.9,24.6,25.3,28,28.2,27.6,29.9,26.7,23.4,21.4,19.8,18,19.4,18.2,16.4,21.7,16,12.1,9.2,1.5,0
2389,토요일,3,334,도곡,상선,6.3,6.8,10.2,9.7,12.3,18.4,21.4,24.4,25,26.8,26.7,28.8,27.1,26.6,31.7,31.8,28,24.5,21.3,25.3,25.2,26.1,27.8,26.2,26.8,22.1,15.3,11.5,10,12.3,9.8,11.3,9.8,13.4,11.5,7.7,4.5,0,0
2390,토요일,3,334,도곡,하선,6.4,11,6.7,6.8,6.9,10.1,12.4,12.6,12.9,12.3,12.3,13.3,17.1,16.7,16.9,19.2,14.8,16.5,20.2,20.5,20.8,23.1,23.5,22.8,25.5,23.2,21.1,17.3,15.9,15.9,15.6,15.8,15.1,17.1,14.2,10.4,8,0,0
2391,토요일,3,335,대치,상선,5.8,5.5,8.8,8.4,11,16.4,18.6,20.8,22.1,23.1,23,24.3,22.4,22.3,26.7,27.4,23.7,19.1,18.7,21,21.3,22.3,23.1,22.7,21.8,18.5,12.5,9.4,8.2,10.1,7.8,8.8,8.1,11.1,10.1,6.5,3.8,0,0
2392,토요일,3,335,대치,하선,6.6,9.6,5.9,6.3,5.7,7.9,10.1,9.6,10.3,10.7,10.5,11.9,15.3,14.5,15.9,15.1,14.2,15.6,16.9,18.4,20.2,19.4,21.4,24.9,21.6,21.3,19.7,16.3,14.9,15,14.3,16.6,12.9,17.6,13.1,9.5,7,0,0
2393,토요일,3,336,학여울,상선,4.6,5.7,7.9,7.6,10.3,15,18.3,19.8,21.7,21.8,21.5,22.1,20.6,19.9,24.7,24.1,21.9,16.4,16.5,18.1,19,19.2,20.1,18.6,18.3,15.6,10.8,7.5,7,8.1,6.9,6.7,6.2,6.7,8.6,5.7,3.9,0,0
2394,토요일,3,336,학여울,하선,6.9,10,6.4,5.8,5.5,7.6,9.5,8.7,9,9.1,9.4,11,14,13.6,14.8,13.8,13,14.6,16,17.9,19.7,19.2,21.2,25.1,21.5,21.3,19.5,16.1,14.6,14.8,14.1,16.5,12.7,17.3,12.9,9.2,6.8,0,0
2395,토요일,3,337,대청,상선,4.5,7,7.1,7.9,10.3,15.6,18.2,20.8,21,21.7,21.8,22.1,19.8,21.8,22.4,24.2,19.9,14.9,15.7,17.3,17.7,19,16.6,17.4,17.1,14.1,9.1,7.4,6.5,7.9,6.8,6.6,6.1,6.7,8.5,5.7,4.1,0,0
2396,토요일,3,337,대청,하선,7.4,9.9,6.1,5.6,5.1,7.3,9,8.4,8.6,8.8,9.1,10.7,13.7,13.1,13.8,12.7,11.5,13.8,14.6,16.3,18.1,17.6,19.3,23,19.2,18.8,17.4,14,12.7,12.9,12.1,14.4,10.8,15,10.4,7.6,7.2,1.9,0
2397,토요일,3,338,일원,상선,4.1,6.3,6.2,6.8,9.1,13.7,16.3,18.3,18.6,19.2,19.4,19.7,17.4,19.2,20,21.6,17.8,13.4,13.7,15.5,16.2,17.1,15,15.4,15.3,13,8.5,7,6.6,7.3,6.7,6.5,6,6.5,7.7,6,4.6,0,0
2398,토요일,3,338,일원,하선,7.5,8.7,4.9,4.6,4.8,6.1,7.9,7.8,8.4,7.7,9.2,9,13.1,12.7,12.5,12.7,10.8,11.8,14.8,14.7,15.7,17.4,18.6,18.4,18.6,19.4,15.3,13.6,12.6,11,10.3,13.3,10.5,12.5,10.6,6.6,6.5,1.5,0
2399,토요일,3,339,수서,상선,5,5.2,6.4,7,9,13.9,15.9,16.3,17.3,17.9,17.6,16.8,15.4,17.6,17.9,18.9,15.6,12,12.9,14.1,14.3,14.9,13.8,14,13.4,11.7,7.4,6.3,6.7,7.2,6.5,6.1,6.7,6.2,7.7,6,4.9,0,0
2400,토요일,3,339,수서,하선,6.8,5.9,3.7,3.7,4.8,6,7.9,7.8,7.8,8.4,10.6,9.9,12.8,13.7,13.1,14.1,11,10.4,13.6,13.9,15.2,17.2,18.3,17.1,16.4,18,13.7,11.1,11.2,9.3,8.9,12.3,9.3,9.8,10.5,5.9,6.3,0,0
2401,토요일,3,340,가락시장,상선,9.1,14.7,7.5,7.5,8.8,13,15.5,19.6,16.7,15.7,14.4,13.8,15,19.2,14.8,15.5,14.2,10.7,12.8,13.4,12.9,13.2,13.2,13.2,13.1,11.9,8.7,7.1,7,8.8,7.8,7.8,10.4,9,5.7,5.4,4.4,0,0
2402,토요일,3,340,가락시장,하선,0,4,2.7,2.7,3.2,3.9,5.4,4.2,5,4.6,5,5.8,7.1,7.3,7.6,8.1,6.5,5.5,8.4,7.6,8.8,10.9,10.1,9.8,13.2,10.4,9.1,7.3,7.8,6.7,9.7,8.5,7.3,9,9.1,7.8,6.3,0,0
2403,토요일,3,341,경찰병원,상선,6.5,9.5,4.8,4.7,6.6,8.1,10,11.6,10.8,9.6,8.7,8.4,9.3,10.8,9.4,10.1,8.4,6.6,7.3,7.3,7.5,7.7,7.1,7.6,7.6,6.2,4.1,3.1,3.6,3.9,4.1,3.8,6.5,5.1,2.8,2.7,0,0,0
2404,토요일,3,341,경찰병원,하선,0,3.1,2.2,2.1,2.6,2.9,4.3,3.8,3.8,3.9,4.4,4.5,5.7,6.4,6.1,6.2,6.2,4.6,5.9,6.7,8,6.9,9.2,8.9,9.1,7.4,7.8,5.6,6.1,5.6,6.4,6.4,6,7,7.4,5.5,4.4,0,0
2405,토요일,3,342,오금,상선,5.3,8.1,4,3.8,5.5,6.2,8.1,8.9,8.6,7.5,6.9,6.2,7.4,8.3,7.1,7.7,6.1,5.4,5.6,5.8,5.8,6.1,6,6.2,6.7,4.4,3.5,2.6,3,2.9,3.8,4.1,5.4,4.4,2.4,2.2,0,0,0
2406,토요일,3,342,오금,하선,0,0,0,0,0,0,0,0,0,0,0,0,0,0,0,0,0,0,0,0,0,0,0,0,0,0,0,0,0,0,0,0,0,0,0,0,0,0,0
2407,토요일,4,409,당고개,상선,0.4,3.3,2,1.4,2.4,1.1,2.1,2.2,1.1,2,3.8,2.5,2.9,3.4,2.8,1.6,4.1,4.4,1.9,4.9,5.5,3.7,5.7,3.5,8.6,6.1,5.3,7.3,4,3.6,9.5,5.4,6.1,4.8,4.6,8.1,4.5,0,0
2408,토요일,4,409,당고개,하선,4.7,3.2,3.6,5.4,6.7,10.8,12.9,10.1,11.9,13.4,9.4,13.1,8.7,7.5,9.2,10.9,6.8,9.7,7.9,8.6,6.1,9.6,5.7,7.5,9.9,4.3,5.8,3.8,2,3.5,3.2,2.3,2,2.7,2.7,2.8,0,0,0
2409,토요일,4,410,상계,상선,0,5.7,3.2,2.6,3.3,3.6,4.6,5,5.6,4.1,5.3,5.5,4.9,4.5,4.6,5.3,5.1,5.8,5.4,6.7,6.4,8.1,7.7,9.4,8,9.9,8.7,7.9,8.8,8.8,8.7,9.8,8.4,9.1,7.9,7,6.5,0,0
2410,토요일,4,410,상계,하선,9.3,6.2,6.8,9.9,11.7,17.3,20.2,18.7,19,19.7,17.8,19.8,13.8,15.2,14.2,17.2,12.4,15.3,11.9,13.2,11.5,13,11,12.3,13.4,9.7,7.7,6.8,4.1,4.9,4.9,4.5,3.5,5.3,5.8,5.3,0,0,0
2411,토요일,4,411,노원,상선,0,8.7,4.7,3.6,5,6.1,8.3,8.4,9.8,6.9,8.3,8.9,8.4,7.8,8,8.7,8.8,9.3,9.1,11.2,10.7,12.7,12.6,16.1,14.2,15.8,15.2,13.4,14.1,14.3,14.6,15.6,13.9,14.2,13.3,11.5,11.6,0,0
2412,토요일,4,411,노원,하선,11,8.8,9.6,13.1,16.1,23.1,25.2,24.9,24.8,26.7,25.4,27.6,18.4,24.4,20.7,24.4,19.6,21.3,18.3,17.9,19,18.4,20.2,18.8,19,16.5,12,11.7,7.6,8.8,10.5,9.6,7.9,10.8,12.8,12.2,0,0,0
2413,토요일,4,412,창동,상선,0,14.2,7.4,5.6,7.7,10.7,14.3,14.7,15.8,11.9,14.5,13.6,15.4,13.9,15.3,14.9,14.2,15.6,14.4,17.9,16.8,21,20.1,25.7,22.2,25.3,24.4,20.5,21.9,21.2,22.4,23.1,21.1,20.3,19,16.8,17.3,9.5,0
2414,토요일,4,412,창동,하선,19,14.7,13.9,18.2,26,34.2,36.7,43.1,40.2,35.5,45.1,39.6,33.9,36.6,30.8,36.2,28.9,32.7,27.5,27.3,30.6,26.6,32.2,27.9,27.7,28.4,18.8,15.8,13.1,10.9,13.7,13.2,10.2,13.2,16,13.4,15.1,0,0
2415,토요일,4,413,쌍문,상선,0,19.1,11,9,12,16.4,19.6,22.1,22,19,21.4,19.3,21.6,19.6,21.7,21.2,20.7,22.2,22.5,26.3,24.5,31.5,29.6,37.4,31.9,35.4,35.7,30.6,35.9,34.1,33.6,36.2,35.2,31.6,29.9,27.9,25.3,0,0
2416,토요일,4,413,쌍문,하선,25.8,19.3,18.4,23.5,32.7,42.9,45.7,53.2,49,44.7,52.9,47.8,40.3,41.9,37.7,40.7,34.4,36.2,31.2,31.1,34.2,30,34.7,30.4,29.2,29.3,19.3,16.4,13.6,11.1,13.7,13.2,9.9,13.2,14.6,12.7,14,0,0
2417,토요일,4,414,수유,상선,22.5,15.7,11.7,8.9,12,16,19.3,21.2,21.2,18.4,21.4,19.4,22.6,19.6,22.4,22.3,22.7,23.6,25.9,28.3,30,34.2,38,39.3,38.7,42.9,41.9,36.7,43.5,41.1,40.2,44.7,43.3,38.1,37,34.5,31.8,0,0
2418,토요일,4,414,수유,하선,34.4,24.1,22.6,27.5,35.8,45.2,56,57.3,60.5,54.7,56.3,57.2,46.8,47.7,43.7,46.4,41.8,38,39.1,34.9,36,34.7,37.9,31.6,32.6,30.2,20.5,18.5,14.6,11.2,14,13,11.1,13.6,15.3,13.3,12.5,0,0
2419,토요일,4,415,미아,상선,19.1,15.2,11.8,8.9,12,15.3,19.6,20.2,21.6,18.5,21.8,21.2,23.6,20.6,24.3,23.4,25,25.2,29.7,31.4,34.6,38.5,47,45.2,45.6,50.3,47.7,44.7,52.1,48.7,47.6,52.9,52.3,45.4,44.7,41.1,39.4,0,0
2420,토요일,4,415,미아,하선,37.9,25.7,24.4,29.7,38.6,48.1,58.3,60.7,63.5,58.1,59.1,60.7,52.5,47.3,46.1,48.6,44.2,40.3,41.1,36.7,38,36.4,39.5,33.1,33.8,31.3,21.5,19.2,15,11.8,14.8,13.7,11.8,12.9,15.2,12.9,11.5,0,0
2421,토요일,4,416,미아삼거리,상선,18,15.3,12.1,8.8,11.5,15.4,20,20.3,20.3,20,22.5,21.8,24.5,22.4,25.3,24,25.3,26.6,31,33.5,36.5,41.3,49.8,50.7,47.8,50.8,49.4,48.7,52.9,50.3,54.1,55.5,52.9,47.7,44.5,47.7,39,0,0
2422,토요일,4,416,미아삼거리,하선,42.5,28.5,26.8,32.9,42,53,63,66.4,67,62.4,63.1,65.3,56.4,49.9,51.3,51.3,49.9,44.5,45.7,38.6,42.6,39.1,42.9,35.4,36.1,32.3,23.1,19.5,15.5,12.5,16.2,14,12.3,13.5,14.3,13.9,10.4,0,0
2423,토요일,4,417,길음,상선,15.9,15.6,12.6,9,11.8,15.3,20.1,20.3,20.4,20.6,23.2,23.9,22.7,25,26.7,24,27.8,28,34,35.5,40.9,45.3,54,57.2,52.7,55.5,55.8,50.9,57.4,54.5,57,61.2,57.8,52.2,49.1,52.2,43,0,0
2424,토요일,4,417,길음,하선,52.2,29.9,29,32.5,42.1,57.4,62.9,73.9,72.2,67.5,68.2,72.8,62.4,53.2,57.6,52.7,53.3,47.6,49,41.7,45.9,42.9,46.8,38.7,39.6,34.5,26.1,20.7,17.2,13.3,16.1,15,12.5,13.1,14.2,13.7,9.4,0,0
2425,토요일,4,418,성신여대입구,상선,13.4,17.7,10.1,10,11.5,17.2,19.7,22.1,21.1,21.8,23.7,26.2,24.7,26.6,27,26.6,32.8,29.3,38.2,36.9,43.3,49.6,58.1,59.2,55.1,62.2,61.1,58.5,58.8,57.8,64.5,65.3,62.1,56.6,53.6,57.4,47.3,0,0
2426,토요일,4,418,성신여대입구,하선,55.5,33.1,31.6,35.6,45.6,62.5,67.4,80.8,78.6,74.8,75.4,80.6,69.8,58.1,67.3,58.2,61.7,51.1,58.1,45.2,52.8,48.3,53.3,47.1,43,38.9,30.1,23.1,19.3,15.5,18.1,17.8,15,15.4,18.3,16.4,10.1,0,0
2427,토요일,4,419,한성대입구,상선,12,18.3,10.9,10.7,12.5,19,21.9,24.6,23.5,23.9,26,28.2,27.1,28.6,29.4,28.6,36.2,31.8,42.1,40.7,49.3,55.3,64.9,63.6,62.2,68.8,69.2,63.8,65.8,64.1,71.9,71.8,68.7,61.6,59.4,60.1,52.4,0,0
2428,토요일,4,419,한성대입구,하선,44,34.1,32.3,36.7,46.9,64,68.9,82.9,80.7,77.2,77.6,83.5,72.1,60.5,69.6,60.8,63.9,53.7,61.1,48.1,55.9,51.7,57.1,51.4,45.8,41.7,33.5,24.7,20.7,17.4,19.1,19.6,16,16.8,19.6,19,12.3,0,0
2429,토요일,4,420,혜화,상선,11.7,19.8,11.5,11.4,12.9,20.8,22.8,26.5,26,26,29,31.3,28.3,30.7,32.8,28.5,38.9,33.6,44.4,42.4,51.4,57.4,67.4,66,64.7,72.2,71.9,66,67.9,65.9,73.9,73.7,71,63.5,61.7,62.6,45.3,0,0
2430,토요일,4,420,혜화,하선,46.2,35.3,31.7,36.3,43.8,61.8,69.4,80,77.2,78.6,80.5,82.8,77,58.5,72.1,58,68.4,52.9,64.7,56.7,63.2,61.1,69.8,69.5,60,57.9,46.4,36.8,34.4,31.6,36.3,48,36.4,33.4,36,40.2,19.5,0,0
2431,토요일,4,421,동대문,상선,14.8,22.7,14.1,12.5,15.9,23.7,28.1,33.8,29.6,35.1,39,44,45.4,42.6,50.7,45.2,59,51.5,63.3,50.9,70.2,62.5,84.6,72.7,77.8,85,68,76,67.8,66.7,69.9,69.8,69.4,62.2,59,60.4,47.8,0,0
2432,토요일,4,421,동대문,하선,46.7,34.7,30.9,35.6,42.5,60.3,67.4,78.5,75.7,75.5,77.4,80.9,75.4,57.6,70.7,58.8,69.2,54.2,67.7,59.2,66,64.4,73.2,73.5,64.2,62.9,52.2,38.9,37.7,33.9,37,49.6,38.2,34.8,36.9,41.7,20.2,0,0
2433,토요일,4,422,동대문역사문화공원,상선,13.8,20.2,15.3,13.2,16.9,25.4,30.6,37,33.3,39.8,44.2,50.9,50.4,47.7,55.6,47.9,62,53.9,64.5,52,71,62.3,84.6,72.1,77.4,84.5,68,75.3,68.1,66.5,70.5,69.8,68.8,62.4,59.1,62.3,49.2,0,0
2434,토요일,4,422,동대문역사문화공원,하선,34.9,27.2,24.2,28.6,32.8,47.6,54.5,63.6,63.4,62.4,62.3,65.6,65.2,46,59.9,48.6,58.9,46.6,57.7,49.6,56.3,54,61.9,62.2,55.9,57,48.4,37.9,36,32.5,33.5,43.8,33.3,30.5,31.9,33.2,18.4,0,0
2435,토요일,4,423,충무로,상선,10.7,13.8,10.1,12.4,12.8,24.4,26.3,32.5,31.4,37.6,41.3,45.6,44.9,42.4,48.7,44.7,50,48.7,52.9,48.2,59,54.1,72.5,61.8,62.6,67.6,54.6,60.3,53.6,54.2,55.7,52.7,51.4,46.7,43.7,46.9,32.6,0,0
2436,토요일,4,423,충무로,하선,31.6,22.8,20.7,21.7,26.1,34.2,42.6,50,56.5,52,58.7,58.1,63.1,46.9,54.6,48,57.5,46.8,58.5,50.6,56.6,54.6,65.6,63.1,58.7,64.4,55.9,41,42,34.3,33.2,46.3,34.3,30.6,31,33.4,18.1,0,0
2437,토요일,4,424,명동,상선,9.4,13,10.1,12,13.3,25.6,27.9,35.8,35.7,41,45.2,49.3,46.4,44.5,50.9,45.3,51.3,48.6,53.6,48.5,60.3,54.3,70.6,59.6,60.9,61.1,52.3,53.2,49.7,51.5,50.2,49.4,44.4,43.6,38.9,43.2,32.6,0,0
2438,토요일,4,424,명동,하선,30.7,21.1,18.5,19.5,23.4,30.5,37.2,45.1,48.6,47,50.4,50.8,54.4,41.3,47.3,42.1,50.8,42,51.7,46.5,52.5,53,57.2,58.7,53.6,60.5,52.2,40.8,42.2,38,37,50.7,38.6,35.6,35.9,38.4,17.8,0,0
2439,토요일,4,425,회현,상선,9.6,14.6,11.5,12.8,13.8,26.8,29.6,36.9,37.2,42.5,48.4,52.5,50,47.2,54.2,47.7,52.6,50.3,53.3,48.1,58.8,51.6,66.6,56.2,57.7,56.5,47.8,46.1,42.4,41.1,40.4,39.4,35.6,32.8,30,32.5,27.9,0,0
2440,토요일,4,425,회현,하선,15.8,23.4,16.8,17.5,21,26.9,31.5,37.8,39.5,39.3,40.2,41.2,45.6,34.1,41.1,37.6,47.5,39.6,47.6,47.1,52.6,55.8,58.3,64.4,59.3,62.1,55.9,44.5,45.5,41.4,43.4,52.5,39.3,36.1,35.9,44.1,19.8,0,0
2441,토요일,4,426,서울역,상선,9.3,16.4,11.1,13.5,14.6,28,31.7,40.4,42.8,47,52.7,59.4,54.5,53.6,54.4,48.4,53.4,49.8,51.2,44.2,54,46.8,58.1,47,50.6,50.3,43.1,41,38.5,36.9,32.9,37.2,34.4,31.8,31,31,28.1,0,0
2442,토요일,4,426,서울역,하선,13.5,13.6,9.3,9.3,11.5,18,20.5,25.6,28.4,26.4,28.5,30.2,32.9,25.4,29.6,26.5,32.3,27.4,33.5,33.7,39.1,43.8,43.7,48.6,44.8,46,45.2,32.8,33.9,30.5,30.9,36.3,30.1,26.2,27.1,33.7,22.6,0,0
2443,토요일,4,427,숙대입구,상선,11,17.4,9.3,10.5,14.1,19.8,23.9,28.5,29.7,35.9,37.9,42.3,40.8,40.8,39.1,38,40.3,39,43,34.1,40.7,34.5,44.5,34.9,37.7,35.2,30.8,29.2,25.7,22.4,23.1,24.7,22,23.4,20.9,20.9,18.6,0,0
2444,토요일,4,427,숙대입구,하선,15.2,13.6,9.3,9.4,11.2,17.1,19.1,25.2,27.5,26,27.6,29.8,32,26.3,27.5,25.9,31.2,28.1,31.5,33.2,37.6,42.8,42.7,47.9,43.2,45,43.9,32.2,33.4,30.1,30.7,36.3,30.3,26.2,26.6,31.8,21.6,0,0
2445,토요일,4,428,삼각지,상선,9.8,16.8,9,10.2,14,20,24.3,29.2,28.6,35.6,37.5,44.3,36.9,39.5,38.8,38.2,38.8,39.2,39.1,36.7,37.2,38.6,37,35.7,38.7,33.9,30.8,28.5,24.9,21.5,22,23.3,20.7,21.7,19.5,19.5,19.3,0,0
2446,토요일,4,428,삼각지,하선,23,15.9,10.4,10.3,12.6,19.6,21.3,28.9,30.1,27.9,29.3,30.9,32.7,26.6,28.8,25.9,31.5,29.6,31.8,34.4,38.3,43,42.9,50.2,45.7,45.9,46,34.2,35.3,31.9,32.8,39.3,33.7,30.2,29.9,36.8,24,0,0
2447,토요일,4,429,신용산,상선,9.2,18.1,9.3,10.9,15.2,21.1,25.6,30.6,29.5,37.5,40.3,47.7,40.1,43,42.6,41.6,42.3,42.4,41.8,39.4,40.4,41.9,40.9,39.4,42.7,36.8,33.8,29.6,25.3,22.5,23.4,24,22.1,22.3,20.8,21.4,21.4,0,0
2448,토요일,4,429,신용산,하선,22.9,15.7,9.7,8.7,10.8,16.5,18.4,25,27.2,26.3,26.6,27.9,28.4,25.2,25.5,24,28.5,28.4,28.8,33.3,35,41.8,41,47.9,43.7,44.8,45.9,35.6,36.9,33.7,33.4,40.6,36.6,33.9,32.2,39.3,24.5,0,0
2449,토요일,4,430,이촌,상선,9.3,16.3,9.7,13.7,15.1,25.1,25.5,32.7,33,36.8,43.4,50,41.9,43.8,43.1,43.6,42.4,44.1,40.8,41,40.1,40.9,41.9,37.5,42.2,33.4,34.1,26.5,21.7,19.9,19.4,19.5,18.3,17,18.5,18.6,19.8,0,0
2450,토요일,4,430,이촌,하선,26.2,16.3,11.3,10.2,12.5,18.1,21.2,28.6,30.6,30.7,30.2,32,32.2,29.2,27.3,26.5,28.3,31.1,29.7,35.4,37.1,43.7,45.9,52.3,48.6,48.6,49.4,37.6,39.2,35,35.5,43,38.9,37.3,35.2,38.5,30.1,0,0
2451,토요일,4,431,동작,상선,10.3,18.8,10.9,15.3,17.1,27.6,28.3,33.2,38.7,39.5,46.8,50.4,45.1,49.9,42.9,48.8,42.8,46.7,44.2,44.2,41.8,43.8,44.3,41.3,41.5,36.8,34.8,28.6,23.7,22.4,22,21.4,21.4,19.6,21.3,21.5,24.3,0,0
2452,토요일,4,431,동작,하선,0,19.9,12.8,10.6,12.1,17.6,19.9,28.8,33.5,30.6,30.6,32.5,33.8,30.3,28.1,27.7,27.3,31.7,30.2,36.7,35.8,44.4,46.8,52.8,49.2,47.4,52.8,41.5,37.7,36.7,36.6,42.6,42.4,37.4,37,38.9,31.8,0,0
2453,토요일,4,432,총신대입구,상선,18.2,14.6,13.6,14.6,22.4,29.4,28.5,38.5,35.5,47.2,49.3,47.8,47.9,45.4,44.1,51,40.7,52.3,40,45.2,41.1,44,44,39.4,41.8,39.4,34.3,27,24.7,21.4,21.7,23.9,20,20.9,20.1,22,24,0,0
2454,토요일,4,432,총신대입구,하선,0,22.5,14.3,12.3,13.7,19.8,22.6,32.9,39.5,35.6,34.2,37.4,37.4,35.9,29.6,31.5,29.5,34.5,30.5,37.6,36,45.9,45.3,53.5,51.7,48,52.9,42.5,38.3,38,38.3,44.3,43.3,39.2,35.9,42.2,30.6,0,0
2455,토요일,4,433,사당,상선,19.8,15.2,15.9,14.6,23.5,34.3,29.8,43.5,35.2,49.4,59.1,43,52.8,42.8,44.6,55.4,37.8,55.7,42,43.3,46,43.7,45,44.5,46.9,52.3,33.3,29.4,28.6,21.2,23.4,26.1,21.3,23.5,23.1,21.2,26.3,0,0
2456,토요일,4,433,사당,하선,12.5,14.2,10.2,7.8,11.4,19.5,17.2,38.7,36.1,36.4,39.4,26.3,36.4,31.5,20.4,33,21.1,34.7,26.6,27.7,34.1,31.6,35.9,45.4,31.6,42.3,37.7,30.4,36.1,33,26.7,41.9,30.6,41.6,23.5,29.9,43,10,0
2457,토요일,4,434,남태령,상선,22.3,29.3,26.3,30.3,35.3,41.4,66.5,60.2,80.1,75.6,101.4,80.1,73.6,69.7,71,74,71,71.9,63.3,71,73.5,78.8,72.1,80.8,68.7,84.8,79,40.4,36.2,31.4,25,27.4,27.6,23.6,26.1,17.9,7.4,0,0
2458,토요일,4,434,남태령,하선,12.6,28,17.8,17.5,18.8,24.2,36.8,60.2,84.3,60.7,66.7,64.8,60.8,63.1,42.7,47.6,50.6,50,46.4,55.7,59.5,61.7,62.5,74.8,58.8,57.8,76.5,60.5,50.1,56.9,53.2,56.3,78,66.9,55.7,59.5,35,17.7,0
2459,토요일,5,2511,방화,상선,0,0,0,0,0,0,0,0,0,0,0,0,0,0,0,0,0,0,0,0,0,0,0,0,0,0,0,0,0,0,0,0,0,0,0,0,0,0,0
2460,토요일,5,2511,방화,하선,2.3,1.5,1.6,2.1,2.4,3.4,3.4,4,3.8,3.9,4,4,4.2,4.4,4,4,3.7,3.8,3.5,3.4,3.5,3.5,2.9,2.9,2.5,2,1.7,1.3,1.3,1.1,0.9,0.8,0.7,0.7,0.7,0.8,0.5,0,0
2461,토요일,5,2512,개화산,상선,2.4,1.4,0.8,0.7,0.9,1.5,1.8,1.7,2.1,1.7,1.8,2.1,2.3,2.5,2.6,3,3.2,2.9,3.1,3.2,3.2,3.6,3.8,3.8,3.9,3.6,3.4,3.2,2.9,2.7,2.8,2.9,2.7,2.8,2.5,2,2.4,2,0
2462,토요일,5,2512,개화산,하선,4.9,2.8,3.1,3.9,4.2,6,6.2,7.1,6.6,6.9,7.1,6.8,7.1,7.6,7.3,6.7,6.4,6.5,6.1,5.6,5.8,6.2,5.4,5.4,4.7,4.4,3.1,2.8,2.3,2.1,1.6,1.8,1.5,2,1.5,1.4,0.6,0,0
2463,토요일,5,2513,김포공항,상선,4,2.7,2,1.5,1.8,3.1,3.4,2.8,3.7,3,3.3,3.7,4.1,4.6,4.6,5.2,5.1,5.1,5.3,5.6,5.6,6.2,7,6.9,6.7,6.2,5.9,5.8,5.1,5.2,4.8,5.1,5,4.9,4.2,3.9,4.2,4.1,0
2464,토요일,5,2513,김포공항,하선,3.5,4.9,4.1,6,7,11.3,13,15.1,14.2,13.7,14.1,15.9,15,16.6,16.3,14.9,15.4,16.3,15.8,15.2,16.6,18.3,16.9,16.6,17,14.8,13.7,12,9.1,9.1,8.4,8,8.8,9.8,9.7,8.1,5.2,0,0
2465,토요일,5,2514,송정,상선,23.4,10.4,7.9,6.3,7.3,8.5,8.6,9.5,10.4,10.2,11.7,12.6,12.8,13.8,13.7,15.3,14.9,16,14.8,15.9,15.8,16.8,16.1,17.1,16.1,14.6,13.7,12.1,10.7,10.3,9.6,9.4,8.6,8.6,7,5.9,4.9,4.8,0
2466,토요일,5,2514,송정,하선,5,5.9,4.9,6.7,8.1,12.9,15.2,17,17.5,16.3,16.6,18.4,18.3,18.3,18.8,16.5,17.7,17.5,17.9,16.8,18.2,19.8,19,17.9,18.7,16.2,14.6,12.7,10,9.3,8.9,8.5,8.7,10,9.9,8.4,5.4,0,0
2467,토요일,5,2515,마곡,상선,24.7,10.5,7.7,6.9,8,9.3,9.5,10.7,11,10.8,12.5,13.4,13.9,14.6,14.7,16.5,16.3,16.9,16.2,17.3,17.3,18.9,17.9,19,18.2,16.6,15.7,14,12.3,12,11.4,11.3,10.5,10.3,8.5,7.6,6.6,6.8,0
2468,토요일,5,2515,마곡,하선,6.7,6,5.5,6.9,9.6,14.6,16.3,18.5,19.2,18.1,18.6,20.4,21.1,21.8,21.2,20.2,20.9,20.2,20.5,20.5,20.9,23.9,21.4,20.7,20.1,18.9,15.6,13.8,11.7,11.3,9.8,9.8,9.9,11.3,11.1,9.6,5.5,0,0
2469,토요일,5,2516,발산,상선,30.1,14.5,9.5,7.7,9.1,10.4,12.1,12.7,13.5,12.2,15,15.4,15.9,15.8,17.5,18.7,18.7,18.7,18.4,18.8,19.4,20.6,21.4,21.6,21.7,19.1,17.7,15.5,14,13.4,12.9,13,11.6,11.9,9.9,8.5,8.2,8.1,0
2470,토요일,5,2516,발산,하선,7.8,6.1,6.2,7.9,10.6,15.3,17.3,20,20.7,19.3,21,22.4,23.1,26,25.2,27.4,25.7,27.5,26.5,27.9,27.9,30.6,28.7,27.3,24.2,24.1,20.6,18.1,16.5,16.2,14.9,15.5,14.6,17.9,16.2,13.4,9.7,0,0
2471,토요일,5,2517,우장산,상선,30.9,17.1,11.3,8.9,11.5,14.2,16.9,17.6,20.5,17.4,22.4,22.6,23.4,21.6,24.5,25,25.2,23.6,23.7,23.9,24.8,26.4,30.1,29.2,29.6,25.6,23.4,19.9,16.3,15.9,15.6,14.6,13.5,13.3,11.6,9.9,10.2,0,0
2472,토요일,5,2517,우장산,하선,11.1,7.7,8,9.8,13.7,18,21.1,25.4,25.2,24.3,26.2,27.9,28.3,30.8,30.3,32.4,31,32.3,29.9,31.4,31.1,32.7,30.7,29.5,26,25.4,21.1,18.8,16,16.9,15.5,15.4,14.8,18.4,15.1,13.2,9.1,0,0
2473,토요일,5,2518,화곡,상선,29.3,16.9,11.4,9.6,12.7,15.8,18.5,19.7,22.1,19.3,23.1,22.7,23.8,22.8,26,26.7,26.8,25.8,25.5,26.3,28.2,29.6,34.4,34,34.4,30.4,27.2,24.1,20.1,19.9,19.3,19.1,17.8,17.6,15,13.6,14,0,0
2474,토요일,5,2518,화곡,하선,15.6,12.2,12.8,15.9,21.5,28.7,31.2,37.6,36.2,35.1,37.2,39.1,38.8,42.4,41,43,40.6,40.9,37.7,38.3,38.1,39.8,37.1,35,30,28.4,23.1,20.5,17.5,17.4,16.3,16,15.2,18.2,15.5,13.1,6.4,0,0
2475,토요일,5,2519,까치산,상선,21.8,15.8,10.1,9.9,12.8,16.9,19.8,20,22.6,20,23.1,24.8,25.6,25.7,27.1,29.8,30.2,29.3,30.3,32.1,35.4,36.9,44,43.6,45.5,40.9,36.9,34.8,30.1,28.8,29.4,29.2,28.2,27.3,23.6,21.4,22.8,14,0
2476,토요일,5,2519,까치산,하선,22.7,14.9,15.1,19.2,24.4,32.8,37.6,44.2,42.1,39.9,41.5,43.2,42.2,45.9,45,45.3,42.6,41.6,38.2,37.6,36.5,39.1,35.9,32.9,28,25,19.9,17.8,14.7,15,13.7,13.4,11.6,14.2,12.8,11.2,10.2,0,0
2477,토요일,5,2520,신정,상선,14.4,12.5,8.7,7.9,9.9,12.5,14.7,15.9,17.5,16.3,19,20.8,21.9,22.5,25.2,27,26.8,29.3,29.7,32.5,36.5,40.2,44.7,46.5,44.5,47,41.4,39,33.7,33,34.8,35,33.5,32,27.8,27.1,28,19.8,0
2478,토요일,5,2520,신정,하선,27.7,17.5,17.8,21.7,26.6,37.5,43.4,49.9,47.9,45.3,46.1,47.8,47.7,48.9,49.4,49.5,46.8,44.1,42.4,40.3,38.4,41.1,38.1,34.7,30.3,26.6,20.8,17.9,15.4,14.5,13.5,13.2,11.4,13.7,12.4,10.6,9.3,0,0
2479,토요일,5,2521,목동,상선,12.7,12.2,8.7,7.6,9.6,12.4,14.1,15.2,17.1,16.8,18.8,20.5,22.1,23.3,25.9,27.6,27.9,29.1,33.6,34.6,39.5,43.2,48.6,51,48.4,50.4,45.3,42.8,37.3,36.4,39,39,38.1,35.6,31.7,31.3,31.9,23.9,0
2480,토요일,5,2521,목동,하선,30.7,19.6,20,24.3,29.8,41.7,47.3,54,52.2,51.1,50.9,53.9,52.9,55.2,55.2,54.6,52.3,49.3,46.8,45.4,43.3,45.9,42.4,38.9,33.4,29.5,22.3,19.8,17.1,15.9,14.6,14.2,12.2,14.8,13.8,11.2,9,0,0
2481,토요일,5,2522,오목교,상선,11.2,12,9.2,8.3,10.7,13.6,15.8,17,19.1,17.8,20.3,22.1,23.9,25.6,28.6,29.5,31.7,31.9,37.4,38.7,42.8,51.3,54.9,57.1,54.9,57.3,52.3,49.2,42.2,41.1,44.6,44.2,43.6,39,35.7,35.9,36.8,29,0
2482,토요일,5,2522,오목교,하선,34.7,20.8,20.5,24.7,30.3,42.6,46.9,54.9,51.4,53.4,53.7,57.5,56.8,59,61,61.1,57.3,55,52.3,50.8,48,51.8,49.7,44.6,39.1,33.5,26.4,23.4,20.2,19.8,19.9,18.3,15.2,18.6,16.3,13.2,10,0,0
2483,토요일,5,2523,양평,상선,10.8,12.4,9.8,10,13.3,18.3,20.5,21.9,24.2,22.5,24.4,25.5,28.5,30,33.1,33.6,37,34,40.5,44.2,47.8,54.7,62.1,62.8,60.2,62.8,56.8,51.8,44.8,44,45.1,46.9,45.3,41.1,38.4,38.9,37.5,0,0
2484,토요일,5,2523,양평,하선,35.4,21.6,20.7,25.3,31,43,48.5,56.9,53.1,55.4,55,59.4,58.9,61.3,63.2,64.4,58.9,56.7,55.8,51.3,49.7,54.2,51.6,46,41.7,34.7,26.9,23.9,20.7,20.2,20.4,19,15.9,19,16.5,13.2,9.9,0,0
2485,토요일,5,2524,영등포구청,상선,11.4,13.3,10,10.2,13.3,18.5,20.6,23.3,24.5,22.6,24.6,26.1,29.7,30.5,34,34.4,37.7,35,41.8,45.9,49.4,56.1,63.8,64.4,64,62.7,58.4,52.2,46.1,45.4,46.8,48.5,44.8,44.6,40,40.7,39.4,0,0
2486,토요일,5,2524,영등포구청,하선,28.2,16.6,16.5,20.6,22.8,33.2,37.3,44,41.6,43.7,43.2,47,47.8,47.8,49.6,50.6,46.5,45.9,43.3,40.1,39,40.4,39.4,34.5,31.1,26.4,20.2,17.7,14.7,14.5,14.1,13.5,11.1,13.9,12.4,10.7,8.1,0,0
2487,토요일,5,2525,영등포시장,상선,6.6,9.2,7.4,7.1,9.8,13.5,14.8,16.4,17.6,17.6,19.1,20.4,22.8,25,27.2,27.6,29.8,28.9,34.1,37.1,40.4,46.3,52.5,52.4,52.6,50.8,46.7,41.4,36.3,35.3,35.9,38.3,34.8,34.1,29.3,28.9,28.1,0,0
2488,토요일,5,2525,영등포시장,하선,28.8,16.9,16.4,20.2,23,33.4,36.7,42.7,40.3,43.1,42.9,46.8,46.8,47.1,48.7,50.1,46.1,46.7,44.2,40.6,42.4,43.1,42.5,37.4,33.2,28.6,21.9,19.1,16.5,15.4,14.8,14.9,12,14.3,13.1,10.8,7.7,0,0
2489,토요일,5,2526,신길,상선,7.4,8.8,7.6,7.8,10.3,14.5,15.2,18.3,17.8,19.4,21.5,23.2,25.5,27.6,29.9,30.8,32.7,30.7,36.6,37.2,41.9,46,52.3,51.4,52.6,48.8,46.1,40.9,36.9,33.8,36.3,38.8,34.5,35.7,27.9,30,29.7,0,0
2490,토요일,5,2526,신길,하선,34.4,19.9,16.8,20.2,23.6,36.2,38.7,46.2,45.3,45.4,48,52.7,51.3,49.7,55.5,55.1,52,49.8,49,43.9,47.8,47.6,48.1,42.3,37.7,31,24.6,20.3,17.6,16.3,14.9,15.4,12.7,15.9,14.4,11.7,7.3,0,0
2491,토요일,5,2527,여의도,상선,6.1,9.3,7.9,8.3,10.5,14.3,15.3,18.5,18.4,20,21.7,24.8,26.8,28.6,31.7,33.4,33.8,34.1,40.4,42.1,46.1,56,57.4,57.4,58.1,55.8,51.1,45.7,41.5,39.6,42,43.9,38.6,38.9,30.6,30.4,20.9,0,0
2492,토요일,5,2527,여의도,하선,28.9,18.5,13.8,16.1,19.3,29.4,31.2,38.5,38.9,38.5,41.2,46.9,46.9,46.2,52.7,52.8,51,50.3,50.4,46.6,50.6,53.2,52.9,46.4,45.3,37,30.5,25.8,23.4,22.5,22.2,21.4,17.3,19.8,16.7,13.9,9.4,0,0
2493,토요일,5,2528,여의나루,상선,8.6,11.4,8.9,9.5,11.8,15.8,16.8,21.7,21.3,22.4,25.3,29,30.8,30.6,34,36.6,35.3,36.3,41.7,42.1,46.5,55.4,56.1,56.7,55.7,52.4,48.4,40.9,36,34.9,35.5,37.9,33.6,33.2,27.4,28.3,18.2,0,0
2494,토요일,5,2528,여의나루,하선,28.5,18.3,13.4,15,17.7,26.3,30.1,37.3,37.1,35.6,39.1,44.8,44.9,44,49.8,51.1,48.9,48.2,49.5,46.9,51.3,55,55.9,49.9,48.7,41.7,35.4,29.9,27.5,27.3,29.2,26.5,21.1,23.8,19.5,16.6,10.1,0,0
2495,토요일,5,2529,마포,상선,8.5,11.7,9.8,10.5,13.2,17.7,18.6,24.7,23.7,26.9,32.2,34.1,35.5,36.8,40.1,42.2,42.1,42.6,47.5,47.4,53.3,61.5,61.3,61.7,58.1,54,47.8,40.4,33.9,32.8,31.8,34.9,30.9,28.6,26,26.6,18.5,0,0
2496,토요일,5,2529,마포,하선,27.8,17.2,12.9,13.8,17.8,26.1,28.9,35.9,36.6,37,39.7,44.4,45.6,45,49.4,52.7,51,48.8,50,49.1,49.7,55.5,55.6,49.2,47.7,41.7,35.5,29.9,27.1,27.7,28.7,26.7,20.9,23.6,20.9,17.3,9.5,0,0
2497,토요일,5,2530,공덕,상선,7.6,12.4,10.2,10.7,13.2,17.9,18.7,24.5,23.4,27.9,32.2,34.3,35.9,37,39.9,40.9,41.8,40.9,46.3,48.3,53.4,60.4,63.4,62.8,60,55.3,48.1,40.2,34.3,33.1,31,33.9,30.1,28.3,26.3,27.1,19.9,0,0
2498,토요일,5,2530,공덕,하선,24.5,16.6,12,13.7,17.3,25.4,27.4,36.8,38.4,38.1,41.8,46.3,46.8,46.3,51.1,53.1,53.6,49.4,50.5,47.4,49.8,54.4,52.1,47,43.5,35.6,30.6,26.3,23.9,22.4,23.5,22.9,18.7,19.7,18,16,7.7,0,0
2499,토요일,5,2531,애오개,상선,7.6,11.8,9.5,10,11.6,15.6,17.5,21.4,21.7,25.6,28.4,30.3,33.4,33.9,35.3,37,38.4,36.9,43.8,47.5,51.1,57.7,62.7,62.9,59.2,56.8,50.8,40,36.5,34,32,33.8,30.1,27.1,25.9,25.5,19.5,0,0
2500,토요일,5,2531,애오개,하선,17.3,16.2,12.6,13.6,16.9,24.1,27.4,34.5,40.3,38.4,41.4,47,48.2,46.2,51.7,53.5,53.8,50.2,50.3,47.6,50.6,53,53.1,46.9,43,35.6,30.9,25.7,23.3,21.8,23,22.3,18.1,19,17.1,16.4,7.5,0,0
2501,토요일,5,2532,충정로,상선,10.5,12.1,8.2,9.6,11.8,15.3,17.1,20.5,21.4,24.8,27.6,29.5,31.5,33.8,34.6,36.1,37.8,36.5,45,47.2,51.2,59.3,62.8,63,59.4,56.3,50.6,40.3,36.8,34.5,32.1,34.9,30.5,28,25.3,26.2,20.3,4.9,0
2502,토요일,5,2532,충정로,하선,17.1,16.3,13,13,16.8,23.9,27.3,32.1,39.7,37.6,40.6,46.7,46.9,45.4,51.1,52.3,52.9,49.3,49.4,46.7,48.8,51.7,52.2,46,42.9,35,29.9,25.6,22.4,21.1,22,21.7,17.6,18,16.6,15.9,9.5,0,0
2503,토요일,5,2533,서대문,상선,9.8,11.9,8,9.4,11.6,15.4,16.7,19.8,21,24,25.9,30.5,30.7,32.9,33.9,36.3,35.9,35.3,44.5,46.9,50.3,57.9,61.6,61.1,58.3,55.6,49.6,39.5,34.7,33.7,31.2,34,29.2,27.7,24.5,26.1,16.7,5.7,0
2504,토요일,5,2533,서대문,하선,19,16.1,12.6,12.4,15.4,22.6,25.5,31.2,37.6,36.5,39.2,46.3,46,43.3,49.2,49.5,49.9,49.1,51.2,49.8,50.9,54.2,54.6,48.4,44.5,37.1,32.4,26.6,23.1,21.3,23.1,22.1,18,18.4,17.6,15.9,9.1,0,0
2505,토요일,5,2534,광화문,상선,8.9,12.4,8.5,10,12.5,16.2,18.3,20.9,23.3,24.8,27.1,31.4,31,33.7,36.1,38.4,37.5,35.8,43.2,45.1,48.8,57,60.1,59.2,56.5,54,47.4,38.1,34.1,32.4,31,33.8,29.2,27.7,24.6,26.6,14.2,0,0
2506,토요일,5,2534,광화문,하선,17.9,12.4,9.6,10.6,13.7,18.8,21.7,27.1,29.3,29.9,32.6,36.7,38.2,37.9,41.9,42.7,43.4,44.5,46.8,49.1,49.9,55,56.2,53.8,53.1,51.5,47.7,38.6,32.5,31.9,32.6,31.6,25.4,23.7,21,18.3,9.4,0,0
2507,토요일,5,2535,종로3가,상선,10.9,15.9,11.9,12.8,15.3,19.4,22.9,26.2,30.8,30.2,36.6,40.3,41.1,40.5,44.9,47.6,46,43.9,50.2,49.3,53,59.7,62.1,57.7,52,42,35.5,28.3,24.9,24.2,23.6,26.6,23.7,23.7,22,24.3,13.8,0,0
2508,토요일,5,2535,종로3가,하선,6.8,15.2,8.8,9.4,11.5,15.8,17,20.5,21.2,22.4,23.8,26.3,26.7,28.3,32.4,32.4,33.3,36.2,38.3,42.8,46.4,52.6,54,51.3,52.3,49.6,47,40.8,34.5,34.6,34.7,34.6,29.2,28.7,26.6,24,13.9,0,0
2509,토요일,5,2536,을지로4가,상선,10.1,15.4,12.3,13.1,16.2,21.1,26,31.2,36.3,33.6,42.1,44.3,44.5,42.7,47.7,47.3,47.9,42.9,47,44.9,48.4,52.1,53.1,47,43.1,33.6,28.6,22.2,19.4,18.7,18.1,21.5,18.6,18.5,18.2,17.4,11.4,0,0
2510,토요일,5,2536,을지로4가,하선,6.8,14.4,8.2,8.4,10.4,14.4,15.4,18.9,20,19.6,20.9,22.6,24.6,24.4,29.4,29.4,28.9,33,35.3,39.4,43.8,47.9,51.7,48.3,49.8,47.6,46.2,39.2,33.6,34.6,33.6,33.6,28.3,27.7,26,23.7,14.2,0,0
2511,토요일,5,2537,동대문역사문화공원,상선,10.5,15.3,12.2,13.6,16.3,21.3,25.9,30.7,34.1,32.9,40.1,42.4,41.9,41.7,45.4,44.4,42.9,41,42.6,41,44.2,47,48.4,41.8,37,29.4,24.7,19.1,16.8,15.9,16.2,18.9,16.1,16.8,16.1,16.3,10.3,0,0
2512,토요일,5,2537,동대문역사문화공원,하선,10.5,16.1,8.6,8.4,11.6,14.8,15.9,20.2,20.5,19.8,20.7,22.1,23.9,25.1,29.4,29.4,30,32.9,35.7,41.1,46.5,51.8,55.4,53.9,52.2,48.9,47.5,42.1,35.8,37,37.2,38.3,32,31.1,30.4,28.2,16.6,0,0
2513,토요일,5,2538,청구,상선,12.6,15.9,13.3,15.4,18.3,26.7,31.1,35.4,39.9,39,43.8,47.5,48.6,46.6,50.1,49.6,48.5,45.9,46.7,43.8,44.9,46.5,47,41.8,37.5,29.4,25,18.2,16.2,15.7,17.2,17.8,16.4,20.2,16.8,15.5,8.8,0,0
2514,토요일,5,2538,청구,하선,17.5,20.7,11,10.4,13.3,16.7,18.4,23,23.2,22.6,23.5,25.4,27.5,27.6,32.2,33,33.3,35.3,40.3,44.8,51.2,56.3,60.3,58.1,55.9,53.5,49.9,44.3,40.9,39.4,41,40.2,35.1,34.9,33.3,32.6,23.1,2.7,0
2515,토요일,5,2539,신금호,상선,13.6,16.4,14,17.1,20,29.2,34.9,39.5,43.4,42.8,48.3,52.9,52.7,51.7,56.5,54.9,54,51.8,52.6,48.3,50.8,51.7,51.6,46.6,41.7,33.7,26.6,21.9,19.4,17.8,20,21.4,19.2,23,19.7,17.3,12.4,0,0
2516,토요일,5,2539,신금호,하선,18.6,21,11.5,10.5,13.6,17.1,18.7,22.2,23.4,23,23.7,25.7,27.5,28.2,32.4,33.6,34.9,33.8,39.9,45.5,48.3,52.6,60.7,57.3,55.6,52.5,48.7,43.5,39.9,38.7,39.2,39.2,34.1,34,32.2,31.5,22,2.1,0
2517,토요일,5,2540,행당,상선,12.9,16,13.7,16.8,19.8,31.1,33,38.4,42.8,42,47.4,51.7,52,51.8,56,54,53.5,51.1,50.5,49,50.3,52.5,50.1,46.4,42,34,26.5,21.7,19.9,18.1,20.5,20.6,21.2,23.5,20.4,18.1,13.1,0,0
2518,토요일,5,2540,행당,하선,21.2,21.8,11.9,11,13.7,17.8,19.9,23.6,24.7,24.3,25.2,26.5,28.5,29,32.8,34.6,35.3,34.1,38.7,45.4,48.1,52.2,60,58.7,53.4,51.5,48.9,42.4,38.9,37.6,37.7,38,34,33.1,31.2,31.1,22.7,1.5,0
2519,토요일,5,2541,왕십리,상선,12,15.4,13.3,16.6,19.4,30.1,31.5,39,41.7,40.3,45.9,50.1,50.8,50,54.8,52.6,52.4,50.2,50,49.2,48.9,52,50.3,46.4,41.4,33.8,27.3,22.5,20.6,18.2,22.4,21.5,22.7,24,21.3,19,9.5,0,0
2520,토요일,5,2541,왕십리,하선,15.1,26.5,13.7,12,15.4,19.7,22.7,24.6,27.6,26.7,28.8,29.5,33.5,33.7,37.3,39.3,43.4,41.3,47.4,54.1,59.1,61.5,72.7,72.5,66.5,61.9,63.4,53,51.1,48.3,50.6,51.2,48.9,47.3,48.1,43.1,33.5,0,0
2521,토요일,5,2542,마장,상선,22.1,20.2,17.6,23.1,28.1,40.6,42.4,52,55,53.4,59.7,64.8,64.1,62.4,67.8,67.9,64.5,63.3,59.4,59.8,59.5,63.5,60.3,56.6,50.6,40.1,32.6,26,22.6,20.9,25.1,23.1,26,28.4,24,20.2,11.5,0,0
2522,토요일,5,2542,마장,하선,8.3,25.4,13.5,11.9,15.5,19.5,22.5,24.8,27.4,26.9,28.2,29.4,33.1,33.2,36.8,38.6,42.7,40.8,45.7,53.6,58.5,60.7,70.9,71.2,64.6,60.6,61.8,53,49.7,47.6,51.5,49.2,48.3,46.6,47.3,42.3,32.7,0,0
2523,토요일,5,2543,답십리,상선,21.8,18.8,17.9,22.5,27.7,39.8,41.7,52.6,52.2,52.2,59.4,63.9,62.2,61.3,66.6,66.9,62.4,61.9,58.5,58.3,58.7,62.7,59.5,56,48.8,38,32.8,25.5,21.3,21.1,24.7,22.7,25.8,28.2,22.8,20.3,11.8,0,0
2524,토요일,5,2543,답십리,하선,14.1,26.3,14.9,13.2,16.2,20.9,23.4,27,29.3,27.6,28.9,29.4,33,34,36.8,38.6,43.2,40.4,45.4,50.7,58.6,59.1,68.9,69.5,63.5,58.4,59.3,50.7,47.3,42.9,50.3,46.6,45.9,44,44.3,39.5,35.6,6.9,0
2525,토요일,5,2544,장한평,상선,19.3,18.5,17.1,21.9,26.5,37,40.6,48.8,47.9,50.7,56,60.6,59.2,61.4,61.9,64.6,60.7,58.9,57.2,55.2,56.9,58.6,58.1,54.7,48.3,37.6,32.3,24.7,21.9,21.8,25.8,23.7,27.4,28.4,23.1,19.3,11.8,0,0
2526,토요일,5,2544,장한평,하선,19.5,25.8,14.4,13.1,16.6,22.3,24,28.2,30.6,28.9,29.1,30,33.3,33.3,37.1,39.2,42.3,40.7,45.3,49.6,56.5,60.3,67.9,63.8,67.4,57.2,57.5,52.7,46.1,41.1,47.4,44.5,42.6,40.1,42.8,31.7,37.6,5.2,0
2527,토요일,5,2545,군자,상선,17.4,18.7,17.7,21.2,26.9,37.5,40.1,47.2,46.1,50.8,54.6,57.9,58.2,59.4,60.2,63.4,59.5,56,56.4,54.2,54.6,56.3,57.9,51.7,45.3,38.3,32.4,24.1,23.2,22.4,26.8,24.5,28.8,29.5,24.4,20.1,14.2,0,0
2528,토요일,5,2545,군자,하선,18.5,35.6,21.3,19.4,22,32.3,33.9,40.1,43.6,39.7,39.8,41.2,45,44.3,49.6,50.8,52.9,50.7,56.1,60,69.2,70.9,81.5,72.7,77.7,67.7,61.7,56.1,55.5,45.2,53.6,51.8,46.6,44.5,45.7,39.9,42.3,0,0
2529,토요일,5,2546,아차산,상선,26.7,21.3,20.2,24,32.1,45.6,49.6,58,53,60.2,61.6,66.9,68.8,66.4,67.4,75.2,65.4,64.7,67.3,65.5,64.6,70.9,73.1,62.9,56.7,50.8,40.7,31.7,30.8,28.6,35.2,31.3,36.9,38.1,32.1,24.8,17.2,4.3,0
2530,토요일,5,2546,아차산,하선,20.5,35.4,20.9,19.7,22.1,32.9,33.2,37.7,39.6,38.5,36.5,36.1,43.3,42.1,47.3,48.6,51.1,49,54.8,58.9,65.2,69.5,78.4,70.4,73.7,68,58.8,53.4,52.8,46,46.9,49.6,47.1,39.6,43,37.6,39.5,0,0
2531,토요일,5,2547,광나루,상선,24.8,17.5,18.7,22.6,31.6,44.3,46.1,54.2,53.8,57,59.9,65.1,67.2,63.5,66.7,72.2,60.6,64.3,63.9,61.2,60.6,69.4,66.7,58.8,54,48.5,36.8,31.2,29.8,27.6,36.4,30.4,37.7,37.7,31.9,24.4,13.3,0,0
2532,토요일,5,2547,광나루,하선,20.9,38.6,20.9,18.3,19.7,29.7,31.9,35.5,37.1,36.6,35.8,34.4,42.4,40.7,45.2,47.1,50.2,48.5,53.8,57.1,63.1,68.8,77.3,72.3,69.6,66.6,60,51.1,51.2,46.3,45.4,46.6,47.8,38.4,41.4,36.1,44.2,8.2,0
2533,토요일,5,2548,천호,상선,23.8,17.2,18.3,22.2,33,43.7,44.8,55.9,53.9,55.3,61.5,65.6,62.4,61.4,67.4,67.5,58.4,63.1,57.3,56.1,59.9,65.8,60,58.4,52.5,44.7,35.7,30.5,26.4,25.6,33.4,28.9,38.4,34.2,29.2,22.3,13.8,0,0
2534,토요일,5,2548,천호,하선,16.6,29.6,16.5,15.4,16.6,24,25.5,29.1,28.7,27.6,30.3,28.2,33,36.8,38.1,40.2,44.5,43.3,43.2,48.2,58.5,56.6,66.5,69.3,57.9,59.2,56.9,47.2,41.3,43.1,42.9,38.3,41.7,40.9,37.5,30.6,36,6.3,0
2535,토요일,5,2549,강동,상선,21.5,16.5,16.1,20.5,32.4,40,39.7,56,49.8,48.9,61.7,60.4,52.1,61,66,57.9,55.7,60.2,51.7,49,57.4,58.8,49.7,55.8,43.8,35.2,31,26.7,19.3,21.3,28.1,23.4,34,29.6,26.1,17.3,7.3,0,0
2536,토요일,5,2549,강동,하선,7,17.5,14.5,17.8,19.4,29,29.9,33.7,28,29.7,31.7,31.8,34.5,39.3,40.7,42.7,44.6,45.6,44.6,49.9,59.4,59.1,64.6,70,51.1,56.1,57.3,46.9,40.4,37.5,46.4,36.6,40.1,40,35.3,28,32.1,4.2,0
2537,토요일,5,2550,길동,상선,32.8,24.4,24.9,32.7,45.8,60.3,63.5,73.3,71.5,75.7,77.9,83.4,78.7,81.9,79.4,85.2,73.3,74.6,67.6,69.5,68.3,76.4,72.2,65.8,53.8,47.9,37.5,29.7,26.5,26.6,23.5,23.2,22.9,24.2,27.1,18.1,11.4,2.6,0
2538,토요일,5,2550,길동,하선,11.3,11.8,24.7,18.7,19.2,27.7,30.1,35.2,35.4,33.8,34,33.7,37.6,41.9,42.4,47.6,50,47.3,52.9,54.7,63.6,65.4,71.4,75.2,75.8,72.7,67.1,61.8,56.9,48,56.5,53.1,53.4,49.1,47.4,34.2,53.2,12,0
2539,토요일,5,2551,굽은다리,상선,29.1,21.8,22.9,30.2,42.7,55.6,62,69.8,67.6,70,72.8,76.9,74.4,75.9,73.6,77.7,68.2,68.5,62.6,63.9,63.6,70.9,68,61,50.2,44.1,35.4,28.3,24.7,24.3,22.2,21.4,21.1,26,25.4,17.1,7.4,0,0
2540,토요일,5,2551,굽은다리,하선,11.5,11.6,23.2,18.5,17.4,26,27,31.7,34.2,31.7,31.3,30.6,33.9,38.3,37.8,43.6,45.2,42.4,45.9,48.9,57,56.2,62.6,66.7,66.5,64.3,59.1,54,50.3,42.9,48.3,49.2,47.5,42.6,43.3,29.3,49.3,9.7,0
2541,토요일,5,2552,명일,상선,23.4,17.9,19.4,28.6,37.5,48.3,55.2,61.3,60.1,62.1,66.8,68.7,65.8,70.7,66.9,68.3,61.2,60.8,56.1,57,58,63.6,59.2,55.8,46.2,39.3,29.6,25.7,22.5,21.8,19.9,19.4,19.4,24.1,23.5,16,7.6,0,0
2542,토요일,5,2552,명일,하선,12.4,11.6,21.9,19.1,16,23.7,25.3,31.1,32.6,30.5,30.1,30.3,30.2,35.4,37.4,37.8,41.7,39.1,42.4,45.2,52.5,51.4,56.9,60.2,58.5,60.5,53.2,51,45.7,39.6,44.5,45,43.3,39,39,36.9,30.7,7.9,0
2543,토요일,5,2553,고덕,상선,21.7,13.6,21.6,25.1,34,45.4,52.3,56.1,55,56.2,61.1,61.9,60.3,64.2,61.3,61.7,53.4,55.4,51.1,53.5,54,59.4,56,52.5,43.4,37.6,28.3,24.4,20.8,21.4,18.4,19,18.3,24.5,20.3,15.6,8.2,0,0
2544,토요일,5,2553,고덕,하선,8.9,8.3,14.3,16.1,14,18.8,21.6,26.4,29,25.2,26.5,26.7,26.4,31.8,33.7,34,37.2,35.5,38.2,39.7,46.8,48.6,48.8,55,52.9,54.9,47.3,46.1,41.1,35.7,39.6,40.2,39.8,36.5,36.3,32.9,27.6,6.2,0
2545,토요일,5,2554,상일동,상선,14.8,15.6,19.8,22.4,31.1,41.3,48.1,51.3,51.2,52,54.7,54.8,52.5,55.3,53.6,52.9,46.2,48.8,45.8,46.3,45.8,49.2,45.5,44.1,37.1,31.6,25.6,21,18.6,18.7,16.8,17,16.3,20.8,19,14.2,8.2,0,0
2546,토요일,5,2554,상일동,하선,7.2,6.8,10.3,12.5,11.4,16.5,18.6,23.6,25.3,22.1,23,23.4,24.5,23.8,28.4,28.1,29.7,28.9,30.8,31.8,36.9,37.7,38.5,42.2,40.1,43.3,37.7,35.8,31.7,28,30.2,30.3,28.7,27.2,26.1,24.1,18.7,0,0
2547,토요일,5,2555,둔촌동,상선,11.4,10.5,11.2,13.3,17.9,23.3,26.5,29.8,30.8,33.7,35.7,37.6,37.2,40.1,41.1,43,38.3,38.3,37.4,38,38.7,40.1,39.7,38.8,34.9,33.1,25.7,19.8,18.1,21,35.9,34.6,51.7,38,28.1,21.2,7.3,0,0
2548,토요일,5,2555,둔촌동,하선,7.4,12.9,9.2,15,18.6,24.3,28.2,28.2,20.1,24.9,24.6,25.4,28.5,30.6,32,33.9,34.3,35.5,32.9,37.8,41.1,44.9,52,48.9,26.8,36.3,29.1,26.4,23.7,21.6,21.4,21.6,20,18.5,17.5,16.5,16.6,0,0
2549,토요일,5,2556,올림픽공원(한국체대),상선,10,11,10.7,12.3,18,22.4,24.4,26.6,29,30.7,32.6,34.4,33.7,36.2,37.3,41.5,35.8,34.8,34.6,34.5,35.2,35.7,36.4,35.6,32.9,31.4,24.1,17.9,18.1,19.9,33.4,36.4,51.4,36.2,24.9,18.8,7.6,0,0
2550,토요일,5,2556,올림픽공원(한국체대),하선,6.5,9.7,8,12.4,16.4,21,23.7,22.7,16,18.1,17.5,18.9,21.8,23,24.2,25.1,24.8,24.9,24.1,26.9,28.7,30.3,32.4,33.6,22,31.8,28.8,25.5,22.4,21.9,24.8,25.4,26.5,20.1,18.4,17.2,15.4,0,0
2551,토요일,5,2557,방이,상선,11.4,10.6,10,13.2,18.3,23.5,24.9,29,29.8,31.4,33,35.2,32.8,35.1,35.1,40.6,34.1,31.7,30.5,30.9,31.5,31.8,33.8,31.6,26.1,27.3,19.1,14.7,13.6,13.2,12.5,14.6,12.9,18.5,16.4,11.2,5.8,0,0
2552,토요일,5,2557,방이,하선,6.5,8.7,7.1,11.4,14.5,18.5,21.2,19.4,13.5,16.8,15.3,16.7,18.3,19.4,20.4,23.5,21,21.7,20.9,22.9,24.7,27.5,28.2,29.8,18.7,28,24.6,22.8,19.7,20.1,21.8,24,26.8,21.7,16.4,15.2,13.3,0,0
2553,토요일,5,2558,오금,상선,10.1,9.5,9.2,11.5,16.5,21.7,23.2,26.6,26.8,28.3,29.4,31.6,29.5,31.6,32.5,36.1,31.9,28,25.5,26.8,28.4,27.9,30.4,27.9,23.5,23.6,16.7,12.6,12.1,11.3,10.5,11.2,9.3,11.3,13.2,9.2,5.5,0,0
2554,토요일,5,2558,오금,하선,2.1,4.1,5.1,5.8,8.9,13.3,14,11.9,9.6,10.9,11.5,11.2,13.3,13.7,15.4,17.3,17.9,17.1,17.6,19.6,21.2,23.3,25.5,26.7,19.5,27.3,24.2,22.6,19.6,19.1,17.7,21.1,19.7,18.8,16.3,14.8,14.2,0,0
2555,토요일,5,2559,개롱,상선,13.8,10.3,9.9,13,17.4,22.1,24.3,27.2,26.6,27.6,27,28.2,25.1,27.8,26.5,29.6,25.9,23.9,20.4,20.5,20.9,21.2,19.4,19.1,15.8,14.5,10,8.1,7.2,6.8,5.4,6.2,4.9,6.1,5.6,4.1,1.7,0,0
2556,토요일,5,2559,개롱,하선,1.6,3.1,3.8,3.4,5.7,8.8,8.6,7.2,7.5,8.1,8.2,8.2,9.2,10,11.7,12.4,12.5,11.6,12.3,13.6,14.6,16.4,17.6,19.3,14.2,19.6,17.7,16.7,13.9,13.6,12,15,14.3,13.5,12,10.9,10.3,0,0
2557,토요일,5,2560,거여,상선,11.1,8,7.9,10,13.5,16.9,18.6,20.5,19.6,21,19,20,18.2,19.7,18,19.9,18.1,17.3,15.3,15.4,14.9,15.9,14,13.9,11.6,9.4,7.5,5.9,5,4.9,3.8,4.3,3.7,4.9,4.3,2.8,1.1,0,0
2558,토요일,5,2560,거여,하선,0.6,1.3,1.7,1.5,2.4,3.3,4,3.6,3.9,4.4,4.1,3.8,4,4.8,5.7,5.9,5.8,5.2,5.3,6,6.4,7.4,7.4,8.4,6.3,7.5,7.4,7.7,6.1,5.2,5,6.3,5.5,5.4,5,4.8,4.3,2.4,0
2559,토요일,5,2561,마천,상선,5.7,3.7,4,5.1,6.3,8,8.7,9.1,8.3,8.6,7.9,8.1,7.7,8,7,7.5,7.2,7.4,7,6.8,6.8,7.1,6.1,5.7,5,3.9,3.2,2.6,2,1.8,1.6,1.9,1.2,2,1.7,1.2,0.5,0,0
2560,토요일,5,2561,마천,하선,0,0,0,0,0,0,0,0,0,0,0,0,0,0,0,0,0,0,0,0,0,0,0,0,0,0,0,0,0,0,0,0,0,0,0,0,0,0,0
2561,토요일,5,2562,강일,상선,27.4,22.1,15.4,16,24.6,32.4,36.4,38,38.2,38.2,39.9,40.6,38.3,40.2,40,40.3,35.3,38.1,34,36.1,37.5,39.9,36.9,35.6,30.7,26.3,22.1,18.4,15.6,16.6,15.6,15.8,15.7,20.3,18.8,12.7,5.4,0,0
2562,토요일,5,2562,강일,하선,6.1,7.7,7.4,11.1,10.4,15.2,17.2,21.7,23.9,19.6,22.6,21.9,22.7,21.8,26.2,25.6,27.2,26.3,27.8,27.9,31.8,33,33.1,36.8,35.4,38.1,32.5,31,27.2,24.9,25.4,25.8,23.4,23.2,21.7,20.2,33.9,0,0
2563,토요일,5,2563,미사,상선,23.5,18.8,13,13.3,20,26.6,30,31.1,31.9,31,32.7,34.2,31.5,33.7,34.8,35,30.7,33.2,30.7,31.9,32.7,35.5,33.5,31.8,26.8,23.9,19.5,18.3,15,15.6,14.9,15.7,15.6,19.9,18.6,13,5.8,0,0
2564,토요일,5,2563,미사,하선,5.3,4.1,4.4,7.5,7.3,11,11,14.5,15.7,13.6,16.5,14.7,15.3,14.2,16.5,16.7,16.8,17.4,16.9,18.2,19.6,20.9,19.8,20.6,20,21,17.6,16.5,14.4,13.3,14.3,14,13.4,13.5,12.2,11.5,19.1,0,0
2565,토요일,5,2564,하남풍산,상선,14.3,11.7,8.1,8.6,12.2,14.8,18.3,18.8,19.9,19.4,20,20.4,19.5,19.5,21.1,22,18.9,20.5,18.9,19.7,19.3,21.6,21.3,20.2,18.8,17.3,14.1,12.2,11.1,10.3,9,9.5,8.8,11,8.2,5.6,2.6,0,0
2566,토요일,5,2564,하남풍산,하선,0,4.1,3.6,4.5,6,9.2,9.4,10.8,13.9,11.9,14.3,12.7,13.2,12.5,13.2,14.8,13.8,14.9,14.6,15.7,17.3,17.2,17,17.6,16.9,17.8,14.8,14,12.5,11.3,12.7,11.5,10.9,11.8,10.2,9.4,15.2,0,0
2567,토요일,5,2565,하남시청,상선,12.1,10.3,6.7,8.1,10.7,12.7,15.4,15.8,17.5,16.9,17.1,17,16.7,16.9,17.9,17.7,16.3,17.5,16.2,16.8,16.3,17.9,18.3,16.8,16.2,14,12,10.6,9.3,8.8,7.7,7.6,7.6,10.2,7.1,5.1,2.2,0,0
2568,토요일,5,2565,하남시청,하선,0,2,1.8,2.3,3.2,4.3,5.5,6.6,9.1,7.9,8.9,7.8,8.1,7.9,8.2,8.3,8.1,8.3,8.3,7.9,8.6,8,8.4,8,7.7,7.7,6.6,5.9,5.5,4.6,5.1,4.7,4.3,5,4.1,3.7,0,3,0
2569,토요일,5,2566,하남검단산,상선,5.5,3.9,2.1,3.1,4.7,5.5,6.8,7,7.5,7.7,7.3,7.8,7.2,7.7,7.8,8.1,7.6,8.2,8.2,9.2,8.5,9.6,10.1,9.4,8.6,7.9,6.6,6,5.2,4.7,4.6,5.2,4.2,7.4,4.5,2.7,1.3,0,0
2570,토요일,5,2566,하남검단산,하선,0,0,0,0,0,0,0,0,0,0,0,0,0,0,0,0,0,0,0,0,0,0,0,0,0,0,0,0,0,0,0,0,0,0,0,0,0,0,0
2571,토요일,6,2611,응암,상선,10.5,8.3,7.5,6.7,15.6,17.4,16.1,29.3,25.4,16.3,29.3,22.5,17.2,30.4,23.5,17,31.8,22.5,17.4,30.6,25,19.4,37.7,27.5,21.4,35.8,26.1,16.8,25.2,18.2,12.8,25.2,21.2,20.8,19.1,16.2,13.6,0,0
2572,토요일,6,2611,응암,하선,20.1,11.6,10.9,14.6,18.2,25.4,27.5,32.1,31.7,32,32.5,32.5,33.7,33.1,35.8,35.9,36.2,34.2,32.4,32.8,33.8,37.9,36.5,33.9,29.4,26.7,22,18.7,15.8,14.5,12.5,11.9,11.3,12.5,9.5,7.6,4,0,0
2573,토요일,6,2612,역촌,상선,0,0,0,0,0,0,0,0,0,0,0,0,0,0,0,0,0,0,0,0,0,0,0,0,0,0,0,0,0,0,0,0,0,0,0,0,0,0,0
2574,토요일,6,2612,역촌,하선,8,7.8,7.9,9.8,12.8,18.7,22.3,24,26.8,23.4,23.3,23.6,23.5,23.2,24,23.9,24.6,23.1,23.2,23.1,24.5,25.3,26.9,25.8,26.5,24.8,23.9,20.6,17.2,16.7,15.3,17,18.7,18.4,17,13.7,12.1,0,0
2575,토요일,6,2613,불광,상선,0,0,0,0,0,0,0,0,0,0,0,0,0,0,0,0,0,0,0,0,0,0,0,0,0,0,0,0,0,0,0,0,0,0,0,0,0,0,0
2576,토요일,6,2613,불광,하선,3.9,3.3,3.7,4.2,4.9,7.7,9.2,9.8,10.9,10.8,11.7,12,12.6,12.6,13.1,13.4,14.1,15.1,15,14,16.1,18.7,20.1,18.9,19.1,17.2,16.1,14.8,12.9,11.8,10.7,10.9,13,11.4,11.1,9.2,7.7,0,0
2577,토요일,6,2614,독바위,상선,0,0,0,0,0,0,0,0,0,0,0,0,0,0,0,0,0,0,0,0,0,0,0,0,0,0,0,0,0,0,0,0,0,0,0,0,0,0,0
2578,토요일,6,2614,독바위,하선,3.8,3.8,4,4.6,5.7,8.6,10,10.7,11.4,11.4,12.1,13.1,13.4,13.5,13.9,14.3,14.2,15.4,15.2,14.4,16.2,18.5,19.6,18.3,18.3,16,14.8,13.4,11.5,10.5,9.5,9.5,11.2,10,9.7,8.1,5.8,0,0
2579,토요일,6,2615,연신내,상선,0,0,0,0,0,0,0,0,0,0,0,0,0,0,0,0,0,0,0,0,0,0,0,0,0,0,0,0,0,0,0,0,0,0,0,0,0,0,0
2580,토요일,6,2615,연신내,하선,7.8,6.6,6.8,8.7,11.1,14.6,17.3,20.8,20.5,20.8,20.9,24.4,24.4,25,26.4,26.5,25.7,27.8,27.6,27,29.9,32.5,32.9,30.9,29.8,25.4,23.5,19.6,16.6,15.6,13.6,14.6,14.3,14.1,11.8,9.1,6.5,0,0
2581,토요일,6,2616,구산,상선,0,0,0,0,0,0,0,0,0,0,0,0,0,0,0,0,0,0,0,0,0,0,0,0,0,0,0,0,0,0,0,0,0,0,0,0,0,0,0
2582,토요일,6,2616,구산,하선,11.8,8.3,8.1,10.7,13.9,18.7,20.5,24.8,23.9,25,24.5,28.5,27.6,28.9,29.8,30,29.3,31,28.4,29.6,30.8,33.9,33.5,31.1,28.6,25,21.5,18,15.5,14,12.2,12.1,11.5,12.7,9.5,7.6,3.9,0,0
2583,토요일,6,2617,새절,상선,8,8.8,7.3,8.3,11.1,16.2,19.7,20.9,24.3,21,20.6,20.9,22,21.9,24,23.1,24.1,23.4,25.7,25.9,29,31.7,35,35.2,35.9,35.4,35,29.8,25.8,24.8,24.6,27.6,30.9,29.5,27.1,23.2,20.8,10.4,0
2584,토요일,6,2617,새절,하선,19.4,14.2,12.7,17.8,22.8,31.2,34,39,37.8,38.8,38.1,38.4,39.1,39.7,40.8,41.2,40.3,38.6,36.9,36.3,37.2,42.4,40,37.4,31.5,28.4,23,19.5,16.5,15,12.7,12.7,11.1,12.5,11.1,8.4,3.6,0,0
2585,토요일,6,2618,증산,상선,6.9,9.5,7.7,9,11.4,17.1,20.1,20.9,24.2,21,21.2,21.4,23.2,22.8,24.6,26.1,26.2,26.1,29.3,29.2,33.2,37.6,40.5,41.1,42.6,41.7,40.3,35.5,31.2,29.7,30.4,33.2,37.2,35.3,33.2,28.1,26,14.1,0
2586,토요일,6,2618,증산,하선,23.3,16.4,14.2,20.6,26.6,35.3,38,44.8,44,43.1,43.2,42.6,44.4,44.4,46.5,44.2,44.3,42,41.1,39.9,40.7,44.3,43.4,41.3,34.8,30.1,25.4,20.6,17.2,16.2,13.5,13.1,11.6,12.8,11.4,8.7,5.4,0,0
2587,토요일,6,2619,디지털미디어시티,상선,6.3,10.1,8,9,11.3,16.6,20.1,20.8,24.3,21.3,21.2,22.1,24.5,24,25.7,27.6,28,28.1,32.4,32.4,37.3,42.3,45.6,47,48.3,47.5,46.1,41.4,35.9,34.2,35.4,38.4,43.2,41,38.4,32.4,26.2,0,0
2588,토요일,6,2619,디지털미디어시티,하선,19.8,14.8,12.5,17.8,24.8,33.9,37.3,43.1,43.9,42.3,46.3,43.7,45.9,46.4,48.6,45.7,48.8,46.5,45.1,41.3,44.2,45.6,46.7,43.4,36.6,31.4,26.3,21.9,16.9,16,13.4,13,11.5,11.8,11.7,8.9,5.7,0,0
2589,토요일,6,2620,월드컵경기장,상선,9.3,10.8,8.7,9.4,11.7,15.5,18,18.1,20.8,18.6,20.6,21,23.6,23.8,25.2,28.4,28.5,28.2,33.9,34,38.4,43.1,46.8,47.9,52.3,51.3,51.8,43.4,36,35.5,36.1,40.6,42.9,43,37.8,33.5,27.6,0,0
2590,토요일,6,2620,월드컵경기장,하선,19.5,14.5,12,17.4,23.5,32.6,36.2,42,40.7,40,44.8,42.5,44.4,46.2,47.1,44.9,46.3,44.4,44.4,41.9,45.7,49.4,53.2,51.5,56,57.3,58.1,33.1,21,18.2,15.3,14.3,12.9,12.7,12,9,5.8,0,0
2591,토요일,6,2621,마포구청,상선,9.5,11.4,9.8,10.1,14.8,19.8,20.5,21,28.2,26.4,27.8,27,30.4,28.9,32.2,38.6,43.4,46.9,49.8,46.2,51.1,50.5,46.7,45.9,46.7,45.9,41.7,40.1,34.8,34.9,35.7,40,42.3,42.5,37.3,32.3,27.6,0,0
2592,토요일,6,2621,마포구청,하선,22.8,15.7,13.2,19.5,24.6,35.1,40.9,46.6,46.7,45.8,49.9,49.8,51.5,53.4,52.7,51.1,53.6,48.3,49.3,47.6,49.3,54.7,59.2,57.1,60.4,59.8,64.2,36.8,24.9,20,16.3,15.6,14.6,14,13.3,9.6,5.6,0,0
2593,토요일,6,2622,망원,상선,8.8,11.7,10.4,11.2,16.8,20.9,21.1,23,30.9,27.9,29.5,28.5,31.9,31.2,35.5,42.3,48.1,49.8,52,50.7,54.9,52.8,51.6,50.5,51.2,49.2,46.3,41.9,39.5,38.3,40.4,44.3,47.7,47.4,42.2,36.3,31.5,0,0
2594,토요일,6,2622,망원,하선,29.1,17.6,13.2,20.5,26.3,37.4,42.8,50.4,48.3,49.1,52.5,52.9,54.1,57.3,56.6,56.5,57.8,54.4,54.4,54.3,55.5,63.3,66,65.3,66.9,67.2,69.9,44,31.6,27.8,23.4,23.3,21.8,22.2,17.9,15.9,8.6,0,0
2595,토요일,6,2623,합정,상선,8.1,12.1,10.8,11.9,17.1,22.1,23,25.6,34.6,33.6,37.6,38,43.3,41.3,48.8,53.3,60.7,60.8,64,61.2,66.1,62.2,63.3,60.3,61.8,58.1,53,45.2,43.5,41.3,42.1,45.9,50,48.5,43.8,39.7,28,0,0
2596,토요일,6,2623,합정,하선,18.1,12.3,8.4,12.1,16.2,21.8,25.8,30.8,30.3,28,30,30.5,33.8,35.8,36.8,35.4,39,34.4,36.8,35.9,35,39.4,42.4,41.4,43.3,41.8,45.7,31.8,23.6,21,19.3,20,18.3,20,17.2,17.6,11,0,0
2597,토요일,6,2624,상수,상선,6.8,6.9,7.6,7.4,10.2,13.5,14.3,16.3,21.6,21.6,25.3,25.4,29.6,28.5,34.3,35.9,39.8,40.4,40.7,40.2,44.1,44,46.2,45.1,45.6,41.4,37.9,31.9,29.3,28.1,27.3,31.6,32.7,32.8,28.9,26.5,20.9,0,0
2598,토요일,6,2624,상수,하선,23,14.6,9.4,12.9,17,22.7,25.8,30.2,28.8,27,28,29.4,31.6,34,34,34,36.1,34.3,35.3,35.8,34.6,40.1,41.5,41.9,41.9,41.7,44,32.1,25,23.7,22.2,24.9,23.3,27,22.3,25.4,13.5,0,0
2599,토요일,6,2625,광흥창,상선,5.4,6.7,6.9,6.9,9.9,14.1,14.7,18.8,23.5,23,27.1,28.7,33.4,32.6,39.5,39.3,44.2,44,44.6,44.2,48.4,47,50.1,49.7,51.6,45.4,41.9,34.7,30.9,30.1,28.6,31,32.8,32.1,28.6,25.2,22.5,0,0
2600,토요일,6,2625,광흥창,하선,23.2,14.7,9.5,12.6,16.7,23.4,26.5,30.1,29.2,27.6,29.4,31.3,33.5,34.1,35.2,36.4,35.9,34.9,36.8,35.3,34.7,40.7,41.3,42.8,40.5,42.9,43.2,32.3,25.7,23.9,22.1,23.8,22.7,26.5,21.8,25,12.7,0,0
2601,토요일,6,2626,대흥,상선,4.5,6.5,6.6,6.5,9.5,13.6,14.2,18,22.8,22,26.1,27.3,32.1,31.5,38.7,38.8,43.9,43.5,44.5,43.9,48.4,46.9,50.3,50,52.2,46.4,42.7,35.8,31.8,30.9,28.8,33.7,31.3,33.6,30.3,26.3,16,0,0
2602,토요일,6,2626,대흥,하선,24.1,14.6,9.5,13.1,17,22.7,26.6,29.6,30.4,28.9,31.1,31.9,34.6,35.6,37.3,38.6,38.1,36.3,38.2,37.1,37.2,42.9,43.2,44.2,41.6,44.8,45.1,33,25.8,25.7,22.9,24.4,24.5,28.2,22.4,25.9,16.8,2,0
2603,토요일,6,2627,공덕,상선,5.6,6.7,6.7,7.1,10.3,14.1,15.9,20.5,24.7,23.4,28.3,30.1,33.5,33,39.7,40.3,46.5,44.4,45.3,48.1,50.4,48.5,52.4,51.4,53.7,47,44.2,36.9,31.3,31.8,30.3,35.8,32.3,34.5,31,27,19.8,0,0
2604,토요일,6,2627,공덕,하선,15.5,16.2,10.4,13.7,18.3,26.3,28.9,33.1,34.1,34.9,37.3,39.6,42.4,43.3,45.9,49.2,46.3,45.9,46.6,46.4,46.9,51.8,53.5,53.5,51.2,53.5,50.8,39.9,31.9,32.7,30.9,31.9,30.7,34.9,28.3,31.4,20,0,0
2605,토요일,6,2628,효창공원앞,상선,10.2,10.7,9.2,10.8,13.7,18.9,20.1,25.1,28.7,28.8,35,37.3,38.8,38.1,45.1,45.2,51.9,48.3,52.1,54.3,57.3,55.2,61.8,62.3,61,54.4,48.2,40.1,35.4,35.1,35,40.9,38.2,41.5,36.8,34.5,23.8,5.7,0
2606,토요일,6,2628,효창공원앞,하선,15,18.1,11.1,13.7,18.3,26.2,29.9,34.7,36.2,36.1,39.3,41.5,43.4,45.5,47.9,49.6,47.4,46.8,47.2,47.5,47.7,51.3,54.6,55.3,51.9,53.3,52.2,39.8,31.7,32.2,31.1,31.5,30.5,34.1,29.8,29.9,23.5,0,0
2607,토요일,6,2629,삼각지,상선,10.1,11,9.3,11,13.7,18.7,20.3,24.4,27.6,27.8,33.8,35.9,37.9,36.8,44.3,44,51.4,47.3,52.4,54.3,56.9,55.3,61.8,62.8,61.4,55,49.3,41.1,36.4,35.7,35.8,42.2,39.2,42.6,37.5,34.3,21,7.2,0
2608,토요일,6,2629,삼각지,하선,11.7,14.6,9.2,11.1,15.3,22,24,26.7,28,28.5,32.2,36,37.9,40,43,43,44.7,43.8,43.7,44.8,45.6,47.5,50.8,53.9,50.5,49.5,48.6,38.6,32.2,32,31.2,32.5,31.3,35.2,31.1,31.4,24.6,0,0
2609,토요일,6,2630,녹사평,상선,12.7,11.8,9.7,10.9,13.9,18.3,18.4,23,25.5,24.9,30.7,30.9,33.7,35.4,37.7,37.6,43,40.1,45.1,47.9,48.6,48.9,57.2,56.2,55.2,50.2,42.2,37.9,32.3,34.1,34,39.7,35.5,42,34,30.9,21,8.7,0
2610,토요일,6,2630,녹사평,하선,11.7,13.8,9,10.8,15,21.6,23.1,26.1,27,27.8,30.6,34.4,35.1,37.4,39.9,40.1,40.9,40.5,40.6,42,42.9,45.6,48.4,51.8,47.8,47.4,46.3,37.8,32.1,32.2,31.1,33.6,32.5,37.1,32.4,32.7,23.9,0,0
2611,토요일,6,2631,이태원,상선,12.7,11.2,9.8,11.2,13.9,18.2,18.4,24.6,25.4,26.6,31.2,30.9,34.2,36.7,38.8,39.9,44.6,41,47.3,47.1,48.7,49.1,57.9,55.2,52.5,48.6,41.4,35,29.9,31.6,31.9,35.8,35.5,34.7,30.7,27.8,16.1,0,0
2612,토요일,6,2631,이태원,하선,22,15.1,10.2,10.9,14.6,21.1,22.6,26,25.2,27,30.5,30.6,32.2,33.9,37,37.4,39.6,37.5,38.2,39.5,41.7,44.4,46.4,47.2,43.9,43.7,42.5,34.2,29.6,27.5,27.6,30.7,29.7,35.1,30,30.8,16.6,0,0
2613,토요일,6,2632,한강진,상선,6.5,9.4,8.8,10.3,13.5,17.9,19,24.9,26.5,27.4,33,32.5,36.7,38.8,41.2,42.4,47.3,42,49.1,47.7,49.5,48.5,60.2,56.9,54.5,50.3,43.8,37,32.7,32.7,33.1,36.4,36.2,33.8,31.3,26.3,19.9,0,0
2614,토요일,6,2632,한강진,하선,14.5,14.1,10.6,10.2,13.5,19.5,20.8,24.1,21.6,23.1,24.1,25.3,25.9,28.4,29.6,30,31.9,32.6,33.2,36,37.6,42.5,47,49.1,44.6,44.4,42.8,37.4,32.7,34,33.7,36.9,36.5,41.4,32.3,31.6,21.9,0,0
2615,토요일,6,2633,버티고개,상선,8.8,10.4,9.7,11.8,14.8,19.7,21.1,26.5,29.5,32.1,39,38.4,43,44,47.3,51,53.9,47.6,55.8,51.7,52.1,52.7,59.8,53.4,55,47.9,41.5,31.9,29,25.5,26.3,29.7,26.6,25.3,26.6,25.3,19.7,4.8,0
2616,토요일,6,2633,버티고개,하선,14.6,14.3,10.6,10.2,13.6,18.2,21.7,24.5,22.1,22.7,24.3,25.2,26.5,28.9,29.6,30.4,32.1,31.5,34,36.1,37.5,41.6,47.2,49.4,45.4,44.4,43.3,38,32.3,33.9,33.3,36.5,35.5,41,35.3,31,24.4,0,0
2617,토요일,6,2634,약수,상선,8.8,10.4,9.7,11.8,14.7,19.5,21.2,26.2,29.4,31.9,39.1,38.1,42.7,43.7,47.3,50.9,53.8,47.5,56.1,51.7,52.3,52.9,59.9,53.7,55.4,48.1,42.1,32.2,29.2,25.8,26.6,30,26.7,25.5,27,25.5,19.9,5.2,0
2618,토요일,6,2634,약수,하선,10,15.7,10.8,10.5,15.1,19.8,22.9,24.5,22.9,23.3,26.7,28.4,31.1,31.3,34.5,33.9,36,36.1,39.3,39.1,41.3,43.3,50.1,51.3,49.2,45.6,44.5,40.5,35.4,35.7,36.8,40.2,38.3,42.2,38.7,32.8,25.7,0,0
2619,토요일,6,2635,청구,상선,12.5,14.3,13,16.2,20.8,29.6,32.8,40.9,38.6,39.8,45.9,44.6,46.7,47.2,51.6,51.7,53.9,48.3,56.9,51.4,52.2,52.1,57.2,53.2,53.4,45.7,36.7,29.1,26,22.6,24.6,26.6,23.4,22.7,23.6,21.7,15.4,5.7,0
2620,토요일,6,2635,청구,하선,8.1,13.8,10.2,9.7,14.9,20.1,23.2,24.7,23.1,23.6,27.4,29,31.5,32,34.8,34.3,36,35.9,39.3,38,39.8,40.7,46.7,48.2,46.4,42.5,41.9,36.6,32.7,32,33.6,37.5,34.3,37.2,34.7,28.8,22.9,0,0
2621,토요일,6,2636,신당,상선,13,13.7,13.1,16.6,21.2,29.7,34.7,39.4,37.2,37.8,45.1,42.2,42.9,45.4,47.7,49.5,48.5,45.1,53.3,48.4,49.6,51.9,52,50,47.5,41.6,32.7,25.6,22,20.3,22.1,23.3,20,19,20.2,19.3,12.8,5.1,0
2622,토요일,6,2636,신당,하선,7.6,14.6,11.1,10.2,15.9,20.4,24.1,26.2,24.6,25.1,28.5,30.7,35.6,33.7,37.7,38,38.6,39.5,42.4,42,43,46.1,51.5,52.1,51.6,46.8,48.3,42.1,41,38,42.1,45.4,44.5,46.3,45.1,36.5,29.2,0,0
2623,토요일,6,2637,동묘앞,상선,15.6,16.6,16.4,20.7,26.3,37.1,43.9,48.9,46.4,46.4,55.3,51.9,52.3,54.9,56.8,57.6,57.4,51.8,62.5,55.5,56.2,58.1,59,54.2,52.4,45.8,35.4,26.6,22.3,20.1,22.3,21,17.6,17.8,18.2,18.8,8.3,0,0
2624,토요일,6,2637,동묘앞,하선,7.4,14.9,10.4,10.4,16.1,20.9,22.9,23.9,22.4,21.5,24.1,26.8,31,28.8,33.1,34.1,34,36.9,39.8,41.7,44.6,48.9,55.8,55.3,56.3,50.9,52.4,45.4,45.1,40.2,44,46.9,45.9,48.6,47.1,38.1,29.4,0,0
2625,토요일,6,2638,창신,상선,15.9,18.9,18.2,24.5,29.6,43.2,48.2,54,51,53.1,61.2,58.6,57,59.3,60,60.5,59.8,54.1,62.9,52.6,52,55.5,56.2,50.2,46.5,41.1,30.6,24.3,19.7,18.2,23.9,20.3,16.3,16.8,17.4,17.6,7.4,0,0
2626,토요일,6,2638,창신,하선,7.8,14.6,10.3,10.2,16.1,20,22.2,23.7,22.6,21,23.8,24.6,31,28.6,33.7,32.3,33.4,35.7,38.2,40.8,43.5,46.6,54.5,53.8,55.2,49.8,50.4,46.6,44,38.6,42.6,45.8,45,46.8,45.6,37,35.4,7.3,0
2627,토요일,6,2639,보문,상선,14.8,18.1,17.6,23.6,28.4,41.7,47.2,52.1,49.4,51.5,59.7,56.7,55.3,57.5,58.4,58.7,58.7,52.9,61.9,51.6,51.1,54.3,54.9,49,45.5,40.2,30,24.1,19.3,18,23.5,20,16.2,16.7,17.4,17.5,7.5,0,0
2628,토요일,6,2639,보문,하선,8.2,14.4,10.4,9.1,15.2,19.6,21.2,21.7,21.2,20,22.5,23.8,30,27.7,31.7,30.3,31.4,34.1,35.7,38.3,40.9,43.6,51.1,50.4,51.3,45.5,45.6,41.5,39.5,34.6,37.9,40.9,39.8,39.3,44.9,32.3,33,5,0
2629,토요일,6,2640,안암,상선,12.7,16.4,15.9,20.7,27,38,42.3,46.2,42.1,45.3,53.5,52.1,50.1,55.4,52,52.4,52.1,48.8,57.4,46.9,46.3,48.9,48.4,45.4,42,35.5,27.2,22.4,17.1,17.2,21.9,18.5,15.2,15.2,17.5,16.2,7.6,0,0
2630,토요일,6,2640,안암,하선,5.3,12.9,8.7,7.4,11.8,16,18.1,17.7,17.8,17.5,18.8,19.4,23.4,23.3,26.7,24.8,27,29.4,31.4,33.7,36.3,38.1,43.7,44.2,46.2,40.5,40.2,38.8,35.2,31.4,34.9,36.8,35.6,35.6,40.4,29.8,29.5,0,0
2631,토요일,6,2641,고려대,상선,16,16.1,15.7,20.2,26.4,36.5,41,43.8,40,41.7,47.2,47.3,45,49.3,46.9,46.3,46.5,43.2,47.4,39.3,39.6,42.4,42,38.4,35.8,29.8,23.1,19.1,13.5,13.7,13.7,12.8,11.2,10.2,11.1,8.4,4.8,1.1,0
2632,토요일,6,2641,고려대,하선,5.6,12.1,7.7,6.4,8.5,12.9,14.9,15.7,15.3,14.4,16.3,16.2,18.6,19.2,22,22.4,24.6,24.4,28.3,30.3,31.4,33.6,40.2,39.8,42.8,36.7,37.4,36,32.4,30.1,32,33.2,32.6,32.2,36.2,26.9,26.5,0,0
2633,토요일,6,2642,월곡,상선,14.8,14.5,14.8,19.3,26.6,33.7,38.5,42.1,37.8,39.7,40,42,42.6,45.1,42.3,42.9,40.4,38.5,34.7,34.7,34,38.2,35.4,33.1,29.9,25.3,20.3,14.6,11.8,11.4,11.5,11.5,10.1,9.1,9.9,6.6,3.7,1.4,0
2634,토요일,6,2642,월곡,하선,5.3,11.1,7.7,6.3,8.5,12.7,14.4,15.6,15.2,14.2,15.8,15.7,17.8,18.5,20.9,21.2,22.7,22.7,25.3,27.5,28.3,30.3,36,35.2,37.7,32.9,32.8,31.9,28.5,26.2,28.1,28.8,28.3,28.5,31,23,22.6,0,0
2635,토요일,6,2643,상월곡,상선,12.4,12.6,14.1,17,24,30.3,35.8,37.6,33.7,36.2,35.7,38.2,36.7,40.1,36.9,40.4,36.5,34.3,30.7,31.5,31.3,35.9,32.3,29.7,27.5,23.8,18.1,13.7,11.4,11.2,11.3,10.4,9.1,8.3,9.4,6.4,4.1,1.7,0
2636,토요일,6,2643,상월곡,하선,6,11.2,7.7,6.6,8.8,12.1,15.1,15.9,16.9,14.1,16.2,15.5,17.8,18.4,20.1,20.9,22,21.2,24,26.2,26.3,28.6,33.5,32.8,35.3,30.9,32.1,28.3,26.3,23.7,25.6,26.3,26,25.6,28.2,20.9,20.7,0,0
2637,토요일,6,2644,돌곶이,상선,13.9,11.5,12.7,15.5,21.8,27,33.4,33.9,30.7,32.9,33,35.1,33.5,36.9,34.7,37.5,34.5,32.5,29.1,29.6,29.8,34.2,31.4,28.4,26.8,23.1,18.1,13.7,11.3,11.3,11.3,10.4,9.3,9.3,9.1,6.6,3.6,0,0
2638,토요일,6,2644,돌곶이,하선,7.1,9.4,6.9,7.1,8.6,12.3,14.7,16.5,17.3,14.8,16.5,15.8,17.5,18.3,19.2,20.3,20.5,20.8,22.7,24.5,24.3,26.7,30.5,30,32.3,28,28.7,25.2,23.3,20.7,22.9,22.9,22.7,22.5,24.6,18.6,18,0,0
2639,토요일,6,2645,석계,상선,11.2,10.2,11.8,13.2,19.5,24,30.2,29.4,27.6,28.7,29.6,32.4,30.9,32.7,31.8,33.4,29.5,29.7,26.3,28.6,26.2,31.3,27.7,27,24.1,20.2,16.7,13.5,11.6,10.6,11.2,10.4,9.6,9.4,9.6,6.8,4.2,0,0
2640,토요일,6,2645,석계,하선,9.8,9.9,8.7,6.8,9.9,13.6,17.5,17.6,18.7,16.7,18.1,17.3,19,19.8,21,20.9,22.5,21.5,24.4,24.7,25.3,26.7,30.8,29.4,32.6,28.1,28.7,25.1,22.1,20.9,22.5,22.9,21.5,22.1,24.4,18.7,17.5,7,0
2641,토요일,6,2646,태릉입구,상선,10,9.7,11.3,13.1,18.7,22.3,28.2,28.1,27.5,27.9,29.7,32.9,31,33.2,32.7,34,30.1,30.6,27.3,29.5,27.3,32.1,29,28.3,25.5,21.3,17.9,15.3,13,12.2,12.4,11.4,10.7,11,9.9,6.7,4.7,0,0
2642,토요일,6,2646,태릉입구,하선,4.6,4.8,4.3,3.4,5,6.3,9.1,8.5,10.2,8.8,9.2,8.7,9.8,9.3,10.3,10.9,12.2,11.6,12.1,13,14.3,13.8,16.6,15.7,17.2,15,15.5,13.7,12.9,11.4,12.7,12.8,12.4,12.4,13.6,9.7,8.7,4,0
2643,토요일,6,2647,화랑대,상선,5.7,5.2,6.9,9.3,12.3,13.5,18.1,20,17.3,18.5,18.6,19.9,17.7,20.4,18.6,18.3,15.8,16.7,15.3,15.5,14.7,17.3,15.3,15.2,12.5,11.1,8.7,7.2,4.9,5.2,4.8,4.1,3.7,3.8,3,2.3,1.1,0,0
2644,토요일,6,2647,화랑대,하선,2.9,3,2.7,2.3,3.6,4,5.3,5.2,6.1,5,5.3,5.2,5.6,5.7,5.8,6.3,7.9,7.1,7.5,8.1,8.9,8.6,10.2,9.6,10.6,8.9,9,7.8,8.1,6.5,7.6,7.6,7.1,6.7,7.6,5,4.3,1.8,0
2645,토요일,6,2648,봉화산,상선,2.9,2.8,4.6,5.4,6.5,7,8.8,10.9,9.3,11.9,10.6,9.7,9.8,9.9,10.1,9.8,7.5,9,9.1,8.2,8.1,8.2,8.1,8,6.8,6.3,4.9,4.7,3.2,3,3,2.5,2.1,1.9,1.9,1.2,0.7,0,0
2646,토요일,6,2648,봉화산,하선,1.8,2,1.1,2.3,1.4,2.3,2,3,3.2,4.5,2.7,3,1.9,2.6,2.4,1.6,3.5,3.1,4.6,3.4,3.6,2.6,3.8,3.5,2.6,3.3,3.3,4.2,2.9,2.2,1.7,2.2,1.9,2.8,2,1.1,1.1,0,0
2647,토요일,6,2649,신내,상선,1,1.4,4.1,3.8,6,4.4,10,10.5,10.1,13.4,12.9,9.4,13.7,10.7,11.1,13.9,9,8.7,9,9.8,8.5,12.8,9.7,10.6,11.6,8.7,6.5,5.4,5,4.9,4.9,3.3,2.5,1.5,1.8,1.4,0.8,0,0
2648,토요일,6,2649,신내,하선,0,0,0.4,1.6,2.5,4,4.3,5.3,5.7,5.8,4.9,5.6,4.5,5.1,4.5,3.6,5.4,5.3,5.6,5.5,6.4,6.1,5.8,7.1,5.8,6,5.2,5.2,5.1,3.7,3.1,3.5,3.5,3.6,1.8,3.2,1.5,0,0
2649,토요일,7,2711,장암,상선,0,0,0,0,0,0,0,0,0,0,0,0,0,0,0,0,0,0,0,0,0,0,0,0,0,0,0,0,0,0,0,0,0,0,0,0,0,0,0
2650,토요일,7,2711,장암,하선,1.9,0.9,0.9,2.2,3.5,3.3,2.9,3.2,2.4,2.4,2.4,1.8,2.1,2.4,2.5,2.4,2.9,2.9,3.6,4.2,3.7,4.1,3.6,3.2,3.1,2.8,2,1.8,1.4,1.2,0.8,0.9,0.9,0.7,0.4,0.5,0.2,0,0
2651,토요일,7,2712,도봉산,상선,0.4,0.6,0.4,0.7,0.5,0.9,1.3,1.4,2.1,1.3,1.3,1.8,1.3,1,1,1.3,0.7,0.7,0.9,0.7,0.5,1.1,1,0.6,0.9,0.8,0.5,0.5,0.5,0.4,0.4,0.4,0.4,0.3,0.1,0.4,0.2,0,0
2652,토요일,7,2712,도봉산,하선,11.9,7.7,6.2,8.6,11.5,17.5,17.6,15.7,15.9,14.8,15.2,13.6,14.7,13.4,14.7,12.7,14.1,13.7,16,16.6,16.6,16.1,17.5,14.6,13.7,11.4,9.7,7.5,6.5,5.3,4.9,4.3,4,4.4,2.8,3.2,4.2,0,0
2653,토요일,7,2713,수락산,상선,7.8,6.4,6.2,6,7.8,8,10.3,11.9,15.3,14.2,14.3,13.6,12.3,12,12,11.6,12.1,11.9,11.6,11.8,12.7,13.6,15.4,14.6,14.4,13.3,12.4,11.2,10.8,10.1,11.2,12.1,10.4,10.8,9.5,7.9,7.6,5.3,0
2654,토요일,7,2713,수락산,하선,17.2,10.4,8.4,11.6,16.1,23.6,24.1,21.7,23.9,19.1,20.3,19.6,18.9,19.3,19,18,18.8,19.8,22,21.2,21.5,20.6,23.2,18.2,17.8,14.7,12.4,9.9,9,6.9,6.6,5.8,5.3,5.5,3.6,4.2,4.7,0,0
2655,토요일,7,2714,마들,상선,8.7,8,7.8,7.1,9.3,10.4,13.2,14.5,19.8,18.1,18.1,16.8,15.8,16.2,15.2,15,15.3,14.8,15.2,15,16.5,18.1,20.9,20,19.6,18.7,17.7,16.3,15.1,14,16,16.8,14.8,15.1,13.9,11.3,11.2,8.6,0
2656,토요일,7,2714,마들,하선,23,14.4,11.8,14.7,22.3,28,33.4,29.3,29.8,26.2,26.3,27.3,24.8,27,25.4,24.9,23.8,26.4,25.3,25.9,25.5,25.7,28.4,22.5,20.8,16.8,14.7,11.1,10.5,8.1,7.9,6.4,5.9,6.2,4.3,4.7,5,0,0
2657,토요일,7,2715,노원,상선,9,8.9,9.3,8.8,10.8,12.5,15.6,16.6,22.2,19.4,20.5,19.1,18.1,19.5,18.7,18.4,19,19.1,19.6,20.1,21.8,23.3,27.9,26,25.9,23.7,23.5,21,19.8,18.5,21.2,22.3,19.9,19.9,17.8,14.9,15.7,12.5,0
2658,토요일,7,2715,노원,하선,27.4,21.2,14.1,18.8,27.9,32.4,37.6,34.8,33.3,29.5,32.7,32.3,30.6,33.6,31.6,33,31,34.3,32.3,33.6,33.4,34.5,37.4,31,28.7,25.7,21.2,16.7,16.4,13,15.9,12.4,11.3,13.5,10.1,12.8,12.5,0,0
2659,토요일,7,2716,중계,상선,11.3,11.6,12.2,11.7,13.5,17.7,22.1,25.2,30.8,25.5,27.1,26,26.9,26.9,27.2,26.6,27.9,26.6,27.7,28.2,30.8,30.9,38.2,34.3,36.6,33.2,32.4,28.3,25.3,23.8,25.8,27.6,25.3,24.3,22.5,18.9,19.8,15.4,0
2660,토요일,7,2716,중계,하선,32.3,24.3,16.3,21.8,32.8,38.2,42.5,40.4,38,35.5,37.9,37.8,35.1,37.8,37.5,36.8,35.3,36.3,34.5,36.7,36.1,36.7,39.8,33.3,31.6,27.7,22,18.3,17.3,14,16.4,13.1,11.5,14.3,10.4,13,12.3,0,0
2661,토요일,7,2717,하계,상선,11,12.5,12,12.1,14,18.9,25.1,26,32.1,25.8,26.7,26.9,27.4,27.6,28.6,29.2,29.5,28.6,30,30.5,32.9,34.2,41.9,38.3,40.6,36,38,32.6,29.3,27.3,29.8,32.6,28.3,29,27,22.6,23.8,18.6,0
2662,토요일,7,2717,하계,하선,42.1,27.2,18.9,25.4,35.6,43.4,48.1,46.2,42.7,41.7,43.9,43.1,40.3,43.5,42.8,42.4,40.1,40.8,38.6,41.8,40.8,41.8,45.3,38.5,35.6,33.1,25.6,20.3,18.6,15.6,17.7,14.8,12.4,15.5,10.8,13.2,12,0,0
2663,토요일,7,2718,공릉,상선,10.9,13.9,13.5,12.7,14.7,19.8,25.8,28.3,32.2,28.1,28.5,28.3,30.4,29.7,32.6,32.2,33.3,31.8,33.6,35.3,37.1,40.8,46.6,42.4,47.7,40.3,42.1,36.3,33.7,30.8,35.4,37.1,33.3,33.9,32.3,27.6,26.5,0,0
2664,토요일,7,2718,공릉,하선,45.8,29.3,20.3,27.4,36.7,45.9,50.8,49.6,46.9,46.4,45.8,47,44.7,46,45.5,46.6,43.4,43,42.8,43.4,44.5,44.5,47,41.9,39.6,32.3,26.5,21.3,19.2,16.2,18.2,15.2,13.8,16.9,11.6,13.7,11.7,0,0
2665,토요일,7,2719,태릉입구,상선,10.4,14,13.9,13.5,16.1,20.3,26.6,28.6,33,28.3,29.3,28.8,31.5,30.6,33.4,34.3,34.7,32.6,34.9,37.2,39.7,43.2,49.9,46,49.3,45.2,45.9,39.6,36.5,34.7,38.3,39.3,35.9,36.4,35.6,30.1,30.3,0,0
2666,토요일,7,2719,태릉입구,하선,34.7,31.6,21.6,27.5,37.1,45.9,52.1,51.4,46.5,46.5,45.9,45.3,44.4,45,44.9,45,42.7,41.4,41.6,41.7,43.9,44,46.4,41.1,40.1,33,27.3,21.8,19.9,16.6,18.1,15.9,14,17.5,11.8,14.6,12.7,0,0
2667,토요일,7,2720,먹골,상선,20.6,15.5,14.4,13.9,16.6,20.2,25.6,28.4,31.3,27.4,28.5,27.6,30.1,30.3,32.6,33.6,33.2,31.6,35.5,36.1,38.6,42.8,48.6,45.7,48.8,44.9,46.4,38.5,36.5,35.3,38.8,40.1,36.1,37.2,36.1,30.3,30,9.3,0
2668,토요일,7,2720,먹골,하선,38.8,33.3,23.1,27.9,39.9,49.6,54,55.1,51.2,48.3,48.1,48,46.6,47.1,47.7,47.2,44.4,43.6,42.2,43.6,44.9,45.8,47,42.4,40.3,33,27.1,22,20.2,17.1,18.2,16,14,16.4,11.5,14,11.6,0,0
2669,토요일,7,2721,중화,상선,15.5,16.6,14.5,14,16.4,21.8,25.6,28,31,26,28.8,26.7,30.6,31,32.7,32.7,36.1,32.3,36.8,37.6,39.6,46.9,51.1,47.2,53.7,49,47.8,41.1,39,36.8,41.1,43.7,39.5,38.7,38.7,32.4,32.6,11.6,0
2670,토요일,7,2721,중화,하선,43.7,36,24.7,28.6,41.7,52.8,57.2,61.6,53.3,51.4,51.1,51.2,49.4,49.8,50.6,50.8,46.3,46.4,43.6,45,46.9,47.4,48.2,43.9,41.6,34,28.3,22.4,20,17.4,18.2,16.2,14,16.3,11.6,13.8,11.1,0,0
2671,토요일,7,2722,상봉,상선,15.5,17.2,15.6,14.2,16.5,22,25.6,28.6,30.8,26.8,28.2,28,30.7,31,33.2,33.4,36.3,32.8,38.2,39.9,41.1,50,54.2,49.8,57.2,50.4,48.8,44.7,41.9,38.9,44.1,46,42.4,41.6,38.6,37.8,35.2,14.2,0
2672,토요일,7,2722,상봉,하선,51.8,42.2,29.1,31,45.4,58.2,66,67.5,61.1,60,58.2,59.1,56.7,57.4,58.8,58.6,51.1,52.6,49.9,51.8,53.8,55.2,56.1,52,48.3,41.2,33.7,26.6,22.9,21,20.7,18.6,15.9,18,12.6,15.1,11.9,5,0
2673,토요일,7,2723,면목,상선,15.3,20.4,17.9,18.8,19.8,25.8,30.2,33.9,34,31.8,32.3,32.5,34.1,35.7,37.7,38.7,43.2,40.2,43.2,45.5,47.1,55.9,59.5,57.8,63.1,55.5,54.4,50.4,47.6,42.8,52,52,47.5,46.3,44.1,41.6,39,19,0
2674,토요일,7,2723,면목,하선,60.9,49.9,33,34.4,49.6,62.7,70.8,73.8,60.7,68,62.1,62.8,59.7,60.5,62.1,62.1,53.7,55.7,53.4,52.9,56,57.5,57.6,55.2,48.8,42.1,35.3,27.5,23.9,20.9,20.6,18.5,15.8,17.5,13.8,14.7,11.3,4.4,0
2675,토요일,7,2724,사가정,상선,13.4,20.6,17.1,18.8,20.1,26.9,29.3,33.6,33.5,31.4,31.5,33.2,34.7,36,38.3,41.6,42.2,40.6,44.7,47.7,52.3,57.7,63.5,61.5,68,58.6,58.8,54.5,51.1,45.9,56.4,56.6,51.8,50.2,47.7,45.1,35,0,0
2676,토요일,7,2724,사가정,하선,68.3,53.2,35.4,37.2,52.5,66.8,72.7,79.4,64.2,72.7,67,65.8,63.1,64.5,65.8,66.4,58.2,58.9,56.4,55.6,58.8,59.3,59.5,57,49.5,42.6,36.5,27.9,24,21.3,20.7,18.7,16.5,16.5,14.4,13.8,11,3.9,0
2677,토요일,7,2725,용마산,상선,11.8,21,17.3,18.6,19.8,26.6,29.6,33.3,33.2,31.4,31.6,33.9,35.1,36.7,38.8,42.2,43.2,41.8,46.7,50.6,55.5,61.1,68,68.8,71.3,63.3,64.6,56.9,52.9,50.6,61.9,60.6,54.9,55.4,51.4,48.7,38.4,0,0
2678,토요일,7,2725,용마산,하선,71.6,55.3,36.6,38.1,52,68.9,74.6,83.2,68.2,74.7,68.1,67.4,65,65.4,66.9,67.7,59.3,58.8,58.9,56.6,59.8,60.8,62.1,57.4,50.2,43.1,36.8,29.1,24.2,21.3,20.7,18.7,16.4,16.3,14.1,13.6,10.6,3.6,0
2679,토요일,7,2726,중곡,상선,11.3,20.9,17.3,18.7,19.8,26.5,29.8,35.2,34.5,32.1,32.2,34.9,35.3,37,39.6,43.7,44,42.6,47.6,52.4,57.5,62.8,70.9,70.5,70.6,66.3,66.3,58.5,54.5,52.3,63.5,61.2,57,57.5,52.1,51.6,40.2,0,0
2680,토요일,7,2726,중곡,하선,76.4,57.9,38.2,39.9,53.3,69.4,76.4,87.4,71.4,77.3,73.4,71.5,68.2,68.5,70.7,70.4,62,61.5,61.1,57.6,62.5,62.9,64.2,59,52.8,44.2,37.7,29.6,24.5,22.4,20.7,18.6,17.5,16.6,14.3,13.7,10.2,3.3,0
2681,토요일,7,2727,군자,상선,10.4,20.8,17.6,19.2,20.2,28,30.2,35.5,34.6,33.1,32.1,35.8,36.5,38.3,40.8,44.9,45.4,43.6,51.1,54.5,60,65.9,75.7,71.5,73.9,69.3,69.7,60.9,56.7,57.2,66,64.2,60,62.3,50.5,54.2,42.6,0,0
2682,토요일,7,2727,군자,하선,75.6,56.2,35.8,38.6,53.3,68,76.7,90.2,73,74.3,73.7,71.9,69.8,68.4,71,71.4,62.4,64.8,64.6,58,63.1,65,64.5,59.7,55,44.8,39.3,31.6,26.4,22.9,21,20.2,19.6,18.8,15.9,14.2,9.5,3.3,0
2683,토요일,7,2728,어린이대공원,상선,10.9,22.3,18.1,17.1,17.9,24.5,25.9,31.2,31.4,29.7,31,36.1,35.6,39,42.8,45,46.2,45,51.3,57.1,61.9,67.5,76.4,70.7,78.7,69.4,69.7,62.7,57.6,59,67.2,63.4,61.7,61.8,52.9,57.7,45.1,0,0
2684,토요일,7,2728,어린이대공원,하선,78.3,61.6,41.4,38,51.4,65,77.7,90.2,78.1,75.2,74.9,74.9,73.5,67.9,70.6,71.6,64.6,65.4,67.2,60.4,67.6,67.9,68.9,65.1,60.1,48.7,42.4,33.3,29.6,24.6,23,22.5,20.5,19.6,18.2,14.4,8.5,2.4,0
2685,토요일,7,2729,건대입구,상선,9.7,22.4,18.7,18.3,21.2,26.1,27.2,33,33.4,31.6,33.9,36.1,40.5,41.9,46.4,47.8,49.1,48.1,54.2,58.7,63.7,71.2,76,70.6,77.9,69.5,68.2,64.3,57.9,59.1,67.7,63.6,62.3,62.7,53.9,58.5,46.8,0,0
2686,토요일,7,2729,건대입구,하선,38.2,46.9,30.7,30.4,40,54.2,64.4,76.4,60.4,57.6,56.5,59.4,55.5,51.5,52.8,53.5,49.8,51.2,51.7,48.5,55,58.2,59.5,57.5,52.9,47.1,41.4,37.7,36,30.5,28.7,28.5,26.6,27.4,24.7,20,12.8,0,0
2687,토요일,7,2730,자양(뚝섬한강공원),상선,7.8,22.5,17.2,16.2,21.5,26.9,25.8,32,31.9,32.8,37.4,37.6,44.7,43.6,48.9,51,50.1,50.3,52.7,56.5,59,64.9,68.1,62.3,66.9,59.5,56.6,50.9,44.5,45.5,54.2,49,42.8,42.8,36.8,39.1,24.2,0,0
2688,토요일,7,2730,자양(뚝섬한강공원),하선,40.7,48.1,31.1,30.7,37,53.3,63.9,76.9,62.8,58.5,57.5,57,59.1,51.6,52.8,53.3,50.7,49,51.5,47.8,53.4,56.7,57.6,55.1,50.3,43.7,37.5,31.5,30.7,30.9,34.1,31,27.6,27.9,25.2,20.3,12.7,0,0
2689,토요일,7,2731,청담,상선,6.4,22,16.8,16.7,22.5,27,26,31.1,31.1,32.6,36.3,37.1,44,44.1,49.2,51.2,50.4,50.4,53.2,57,58.5,67,68.6,67.1,63.3,61.2,56.8,52.2,44.4,43.3,45.7,44.9,41.1,40.1,36.4,37.9,24.3,0,0
2690,토요일,7,2731,청담,하선,25.5,42.1,30.4,26.5,33.9,47.6,56.5,68.4,60.2,55.9,55.3,54.3,57.2,52.2,52.3,53.5,51.8,49.4,52.2,49.6,55.3,60.3,59.5,59.1,51.1,45.3,40.5,33.7,32,32.5,36.8,31.6,28.3,27.9,28.9,20.5,16.1,0,0
2691,토요일,7,2732,강남구청,상선,11.7,28,19.2,17.3,23.4,28.7,29.6,35,34.1,34.7,39.4,41,44.8,45,50.1,50.1,51.4,49.5,52.7,55.6,57.5,64.6,65.3,64.7,62.4,59.4,55,47.7,42.3,40.7,43.7,42.7,37.7,38.8,34.8,37,24.5,3.2,0
2692,토요일,7,2732,강남구청,하선,24.2,37,25.5,21.9,28,41.7,45.5,56.4,50.4,47,49.8,50,53.4,49.8,50.9,52.2,51.3,50.1,52.9,51.1,56.1,63.5,61.7,62.4,56.5,49.8,44.4,38.7,35.9,35,41.2,35.8,32.4,32.1,32.7,22.3,16.7,0,0
2693,토요일,7,2733,학동,상선,20.2,32.6,21.2,18.7,24.3,31.5,34.6,42.5,42.6,42.7,45.1,45.5,49.7,49.8,53.5,53.4,54.8,51.7,56.4,56.1,59.1,64,64,65.1,59.4,56.7,51.5,43.7,36.3,37.2,38.3,36,34.4,33.8,30.4,34.1,23.7,4.4,0
2694,토요일,7,2733,학동,하선,23.8,37.4,24.4,20,24.6,36.4,41,52,48.3,42.3,46.3,47.5,51.8,48.3,51.2,52.7,51.3,50.3,53,54.2,59.4,67.3,63.7,62.2,61.5,52.8,48.6,42.7,38.8,38.3,44,38.6,34,33.9,33.8,22.8,16.6,0,0
2695,토요일,7,2734,논현,상선,20.9,35.9,23.5,20.1,25.6,35.4,37.2,46,46.9,47,48.5,49.3,53.5,51.8,55.2,56.4,55.9,52.7,58,55.4,58.2,64.1,64.2,64,59.1,54.1,48,40.6,34.2,34.5,36.3,33.1,32.6,32.6,29.5,32.5,17.8,4.7,0
2696,토요일,7,2734,논현,하선,12.4,34.9,21.7,17.2,21,30.7,31.6,37.9,36.7,34.9,38.6,40,44,42.7,44.6,46.7,45.3,45.6,47.5,51.3,52.6,65.1,59.9,58.2,56.8,51.2,44.6,41,36.6,37,42.7,39.3,36.2,34.7,36.3,25,20.2,0,0
2697,토요일,7,2735,반포,상선,20.9,38.2,21,20.6,25.9,36.4,39.8,49.6,50,48.5,48.3,48.3,52.3,49.4,53.4,54.2,53.4,48.8,53.1,49.4,51.6,54.8,58.6,56.5,53.1,47.8,43.6,35.6,31,29.1,31.1,28,26.7,26.3,23.9,25.5,12,0,0
2698,토요일,7,2735,반포,하선,12.4,32.1,20.9,16.7,20.4,30,30,35.4,36,34.2,37.6,39.1,45.1,41.5,44.5,46.5,44.6,45.2,47.4,52.3,53.2,67.5,62.3,58.2,57,51.8,44.8,41.7,37.3,37.3,43.2,40.1,36.5,35.5,36.3,25,19.7,0,0
2699,토요일,7,2736,고속터미널,상선,21.4,44.6,21.3,22,25.9,36.6,40.2,53.9,51.1,48.7,48.4,49.5,51.5,48.4,53.3,53.3,50.7,49.4,52.3,47.9,51.5,53.6,56.6,54.9,52.6,44.4,41,34.3,30.2,28.2,30.3,26.9,26,24.7,23.4,25.1,12.3,0,0
2700,토요일,7,2736,고속터미널,하선,13.6,23.2,15.2,12.4,17.1,26.6,26.5,26.9,28.7,28.4,31.5,34.5,40.7,40.2,44,45.5,44.8,46.1,49.3,56.7,59.4,72.9,73.3,66.3,70.2,60.4,55.4,50.5,47.1,47.2,57.1,54,47.4,48.8,46.4,30.3,22.3,0,0
2701,토요일,7,2737,내방,상선,28.1,59.2,31.7,29.8,36.3,49.4,56,75.2,64.3,62.3,62.2,62.3,60.6,58.6,64.1,61.4,58.5,57.1,55.1,50.5,54.6,55.9,57,56.3,51.8,39,36.4,28,23.7,20.9,20.7,21.4,19.7,18.6,21.1,22.3,11.7,0,0
2702,토요일,7,2737,내방,하선,9.2,20.5,14.7,12.3,15.5,23.1,26.3,26.3,27.3,27.8,30.8,33.5,39.9,40.1,42.6,44.6,45.1,46.2,50,53.9,61.1,68.6,73,66.7,68,60.3,55.6,50.1,47.3,46.3,56.9,54.1,48.3,47.5,45.7,29.8,19.2,0,0
2703,토요일,7,2738,총신대입구,상선,56.2,54.5,32.1,31.2,36.2,49.6,61,75,62.8,63.4,61.7,60.8,60.1,59.4,62.2,59.6,57.5,54.7,52.6,49.1,53.2,53.7,55.2,55.7,48.3,37.6,34.8,26.6,21.9,21,20.6,20.5,18.3,18.7,21.1,22.2,12.4,2.6,0
2704,토요일,7,2738,총신대입구,하선,8.5,16.4,12,10.6,13.8,21.4,23.3,22.3,21.6,21.3,24.9,27.8,31.9,33.5,35.9,37.5,37.9,38.4,42.7,46.6,52.5,60.4,63.9,58.7,61.9,52.7,50.9,43.9,42,40.6,48.9,49.1,44.8,44.2,43.8,31.5,28.1,0,0
2705,토요일,7,2739,남성,상선,71.1,43.9,30.2,28.3,33.5,49.1,58,71.1,60.5,60.7,55.9,54.5,54.9,55.1,56.3,54.2,51.9,48.5,45.8,44.1,44.3,45.4,49.3,49,38.2,31.5,26.9,21.1,17.7,16.2,15.7,14.5,13.5,13,14.6,15.2,7.7,3.6,0
2706,토요일,7,2739,남성,하선,9.2,16.4,11.7,10.1,13.5,21.5,22.9,22.7,21.4,21.2,24.4,27,30.5,32.8,34.4,36.5,38.3,35.9,40.6,44.3,49.6,57,60.2,55.3,57.7,49.2,48,41.4,38.9,38,45.7,46.6,42.4,42.3,40.3,31.3,23.9,0,0
2707,토요일,7,2740,숭실대입구,상선,67.1,41.6,28.3,26.2,30.7,47.5,54.5,64.4,55.9,56.4,50.3,52.4,52.1,50.8,53.4,52.4,46.2,44.4,43.3,41.1,41.2,44.2,49,43,38,31.1,24.9,19.9,17.6,16.6,13.9,14.9,13.5,13.5,14.6,15.7,7.1,0,0
2708,토요일,7,2740,숭실대입구,하선,9.3,14.6,11.3,9.7,11.8,19.1,19.6,19.6,20.2,20.1,23.9,25.9,29,29.7,31.6,33.1,34.1,33.7,38.2,40.8,44.6,53.8,57.4,54,53.6,45.7,44.4,37.9,35.7,35,41.4,43.4,38.9,38.8,36.4,28.1,20.1,0,0
2709,토요일,7,2741,상도,상선,63.2,39.7,27,23.8,30.3,45,51.3,64.6,53.9,51.1,46.1,50.2,44.3,44.9,49,48.6,41.4,42.3,40,37.8,38.1,43.1,41,35.1,34,28.7,22.1,19.6,16.9,15.8,13.6,14.6,13.2,13,14.1,15.5,7.8,0,0
2710,토요일,7,2741,상도,하선,9.9,14.4,10.9,9.8,11.4,16.9,17.4,19.7,19.8,20.7,22.9,25.8,28.4,29,30.6,32.5,33.5,31.7,37.2,38.4,43.2,52.9,55.8,52.4,50.4,45.3,42.1,34.9,34.5,33.1,38.9,40.8,36.8,36.3,33.8,25.9,17.5,0,0
2711,토요일,7,2742,장승배기,상선,60.8,37.9,21.4,24,31.3,43.8,49.8,61.1,51.6,46.8,43.3,47.1,42,41.1,44.5,43.8,38.6,39.4,37.8,34.6,37.7,39.2,38.3,32.9,32.7,26,21.5,19.2,16.9,15.8,13.5,14.4,14,12,14.1,15.9,8.7,0,0
2712,토요일,7,2742,장승배기,하선,10.6,13.3,11.7,10,11.3,17,17.2,19.1,19.8,21.2,23,24.7,28.4,28.9,30.7,32.2,32.5,32,36.5,38.1,42.4,50.6,55.6,51.1,48.4,43.6,40.9,33.9,33,31.7,36.3,38.8,36.1,34.3,34.1,27.2,16,0,0
2713,토요일,7,2743,신대방삼거리,상선,52.1,37.3,20.9,23,29.9,41,50,59.2,46.4,44.4,43.4,43.7,38.2,41.6,42.9,39.6,38.7,39.5,35,33.3,37.5,37.4,34.7,33.9,32.2,24.5,21.9,19.4,16.3,15.2,13.9,14.9,13.7,12.2,15,15.6,9.3,0,0
2714,토요일,7,2743,신대방삼거리,하선,12.6,14,12,10.4,11.5,17,17.5,19.9,20.3,21.6,23.7,25.5,28.8,29.2,31.2,32.7,32.2,31.5,34.6,37.6,41.3,46.8,52.7,49.8,45.2,40,38,31,30.3,29.7,32,36.2,33.3,31.4,30.3,24.6,14.3,4,0
2715,토요일,7,2744,보라매,상선,47,34.8,18.7,22.4,26.2,36.7,45.6,54.2,40.5,42.4,40.1,39.9,35.2,39.7,38.6,36.5,36.6,37.6,32.1,33,36.7,35.8,34.2,35.2,30.1,24.6,23,20,16.2,16.4,15.5,14.9,14.5,13.2,16.2,14.7,10.4,0,0
2716,토요일,7,2744,보라매,하선,13.6,14.5,11.9,10.7,11.2,15.5,16.6,19.7,19.3,20.6,22.2,24.9,26.5,28.6,30,31.7,31,31.2,32.9,37.4,40.4,45.4,51.8,48.2,43.5,38.7,36.4,30.4,28.8,28.7,31.2,34.6,33,29.7,28.8,23.1,12.7,2.7,0
2717,토요일,7,2745,신풍,상선,44.2,34.2,18,21.6,25.6,37.5,48.7,50.1,40.1,42.2,37.3,36.8,35.2,38.1,35.4,36.2,36.5,34,30.4,33.1,33.1,33,33,33.8,26.8,24.5,22.4,19.1,15.7,16,15.2,14.7,13.4,14.1,16.1,15.1,11.2,0,0
2718,토요일,7,2745,신풍,하선,12.9,15.8,12,11.7,11.7,16.9,17.3,20.3,20.1,20.8,23.6,25.7,26.7,29.3,30.6,31.6,31.5,31.3,33.2,36.6,39.4,43.4,49,46.8,44.3,36.9,34.9,30.6,27.4,27.2,29.6,33.9,30.5,27.2,27.7,22.6,13.3,0,0
2719,토요일,7,2746,대림,상선,55.2,29.8,17.2,20.3,24.4,39.1,44,44,39.6,40,34,37.4,35.5,35.6,34.1,36.5,33.9,31,31.4,32.6,31.3,35.3,35.7,32,27.7,26.3,21.6,18.4,17.3,16.8,14.9,14.3,15.1,14.8,17.2,16,12.4,0,0
2720,토요일,7,2746,대림,하선,20.3,19.1,15.1,14,13.7,17.3,19.7,22.3,23.5,22.9,25.6,28.2,29.9,31.5,34.4,34.7,36,36.3,37.9,42.6,45.1,48.1,56.8,54.8,53.4,44.9,42.5,39.7,36.1,33.9,36.3,41.9,38.4,36.3,34.8,34,16.9,0,0
2721,토요일,7,2747,남구로,상선,54.7,33.7,19.6,22,31.3,44.7,49.7,53.2,51.4,47.6,44.7,49.1,47.2,44.2,45.5,46.2,42.9,39.6,40.7,39.7,39.8,45,45.4,40.3,36.7,32.4,26.5,21.7,19.6,18.7,15.1,16.6,15.5,15.6,17.6,14.8,11.6,0,0
2722,토요일,7,2747,남구로,하선,28,21,16.1,15.1,14.6,17.2,19.8,22.4,24.5,23.5,25.9,28.5,30.7,31.1,34.8,35.1,36.4,35.9,38.3,41.8,44.1,46.6,54,49.9,51.2,43.8,41.2,38.5,36.1,33.5,34.7,39.6,37.2,33.9,32.9,32.7,15.9,0,0
2723,토요일,7,2748,가산디지털단지,상선,41.1,31.1,18.3,20.8,29.9,43.1,46.8,52.1,50.1,46.9,44.5,50.2,45.3,43.7,45,45.7,40.2,41.7,40.8,38.3,42.3,47.5,45.5,41.7,38.4,31.9,26,22.6,21.4,17.9,15.4,17.2,16.3,16.3,18.2,15.4,12.5,0,0
2724,토요일,7,2748,가산디지털단지,하선,28.1,19.7,17.4,14.8,14.5,18.3,20.7,22,25.6,24.5,26.8,29.3,31.5,32.3,33.4,37.6,37.9,38.1,39.6,45,50.1,49.3,63.7,58.1,57.3,56.1,48.8,45.7,41.9,37.8,39.7,43.4,44.9,37.3,37.1,39.6,20.4,8,0
2725,토요일,7,2749,철산,상선,48.1,29.2,21.6,22.6,37.8,44.2,49.1,58.9,52.5,47.1,52.3,55.1,46.6,50.6,52.8,46.5,43.5,47.6,42.2,39.2,42.9,49,40.6,42.5,37.1,30,23.3,23.2,17.7,15.1,15.9,17.6,14.7,15.9,18.2,13.6,10.2,0,0
2726,토요일,7,2749,철산,하선,25.9,17.8,16,14.6,12.5,16.8,18.5,19.8,22.9,23.2,25.2,27.1,29.7,31,30.9,35.1,34.7,35.5,35.7,41.4,44.7,45.2,57.1,51.6,50.1,50.6,43.6,38.8,35.8,33.9,34.9,36,38.9,32.3,31.4,34,16.8,6.1,0
2727,토요일,7,2750,광명사거리,상선,44.2,23.4,21.1,23.2,32.9,35.7,49.1,54.3,43,46.1,49.6,45.5,40.2,46.4,42.6,36.4,42.7,42.2,34.6,36.7,41.3,41.3,36.4,40.4,31.1,24.7,23.1,22.2,16.6,13.8,16.4,14.4,13.4,14.4,16.2,12.3,9.6,0,0
2728,토요일,7,2750,광명사거리,하선,22.5,14.8,13.6,13.1,11.4,14.2,16.4,17.2,19.5,20.4,22.1,24.1,25.2,25.9,26.6,30.7,30.2,31.3,32,37.2,39.5,40.7,49.5,46.9,43.5,43.9,38.9,34.6,31.7,30.2,30.6,31.1,33.5,29.7,28.2,27.9,13.9,4.1,0
2729,토요일,7,2751,천왕,상선,35.2,20,18.6,19.8,25.1,34.5,48.5,44.2,37.7,44.4,41.1,36.5,38.5,41.7,33.3,34.8,40.8,33.5,29.1,35.5,32.4,30.5,34.4,35.7,24.1,23.8,22.3,16.5,12.8,13.3,15.3,13.1,10.7,16.5,15,11.9,9.4,0,0
2730,토요일,7,2751,천왕,하선,23.2,15.7,12.7,12.7,11.2,13.7,15.1,17.6,18.9,19.3,22.1,23.5,23.9,24.7,25.4,27.9,28.2,29.3,29.6,35,35.9,39,43.6,42.9,41.7,38.1,33.8,33,28.5,27,27.5,29.1,28.6,26.4,25.4,24.8,11.9,2.8,0
2731,토요일,7,2752,온수,상선,26.5,20.9,17.1,18.4,21.3,38.9,39.6,32,38.4,41.4,31.3,37.2,41.5,32.7,29.1,38.4,32.2,26.3,30.3,35.5,25.4,31.5,37.7,30.3,20.7,25.9,18,13.1,14.3,15.1,14.3,10.4,12.4,17.2,14.2,11.9,4.8,0,0
2732,토요일,7,2752,온수,하선,8,13.7,13.9,7.1,14.4,10,13.5,15.7,22.3,13.5,20.3,26.1,17.4,24,29.2,26.4,22.4,32.2,29.3,25.4,34.6,44.4,34.5,41.4,49.3,39.3,30.5,32.4,36.2,23.1,27.1,35.8,25.5,29.7,25.6,27.7,20,0,0
2733,토요일,8,2810,암사역사공원,상선,1.8,3.5,3,3.7,4.2,5.9,8,9,10.7,9.8,10.9,12.8,13.4,13.2,16,17,18.8,19.2,20,20.6,23.6,25.6,29,26.5,28.8,26.3,25.9,22.4,21.6,20.9,22,22.5,22.5,25,23.4,19.8,21.6,0,0
2734,토요일,8,2810,암사역사공원,하선,12.2,11.4,10,12.4,16.9,23.5,27.3,30.1,27.5,30,29.8,32.4,30.1,28.7,31.4,29.1,27.6,26.8,26.7,27.7,29.2,28.6,28.8,25.4,21.8,17.7,14,10.6,8.4,7.2,7.3,7.3,6.6,5.8,5.3,4.2,2.4,0,0
2735,토요일,8,2811,암사,상선,2.7,5.4,4.6,4.6,4.9,6.6,8.5,9.9,11.7,11.2,12.1,13.8,14.9,14.8,18,19.4,21.2,21.5,22.7,24.2,27.3,29.5,33.4,31,33.3,30.9,29.6,26.4,25.2,24.5,26.3,27.2,26.5,28.6,28.8,24.1,13,0,0
2736,토요일,8,2811,암사,하선,20.2,20.6,17.2,21,26.4,39.6,40.9,48.3,42.8,45.8,46.1,48.9,45.7,44.6,47.2,45.4,42,40.9,40.8,38,40.9,38.6,40.8,36.5,32.6,26.4,20.4,16.4,13.6,11.3,12,11.1,10.3,9,7.3,5.7,3.8,0,0
2737,토요일,8,2812,천호,상선,3.7,8.1,6.5,7.1,7.7,12,15.4,16,17.9,16.3,18.8,20.2,23,23.9,28.1,27.8,30.6,30.9,32.8,36.9,41.5,44,48.9,47.8,51.3,46.1,43.7,40.5,36.2,35.7,38.3,39.7,36.4,41.1,42.8,34.2,24.9,0,0
2738,토요일,8,2812,천호,하선,24.8,36.3,27.9,31.9,34.5,53.9,56.1,66.7,60.4,64.8,65.9,63.7,68.1,65.6,63.7,70.7,64.6,61.4,63.3,63,65.5,68.7,71.4,66.4,58.9,52.6,43.6,35.1,30,25.8,25.4,23.9,22.6,22.3,19.2,14.8,10.4,0,0
2739,토요일,8,2813,강동구청,상선,9.5,16.7,13.9,14.7,16.9,23.1,25.9,32,36.1,34.5,36.5,39.7,43.9,41.7,47.7,50.9,51.8,49.7,55.7,57.8,62.9,67.4,75.7,69.9,71.7,69.4,63,56.9,48.6,50.1,51.9,55.7,51,56.2,57,42.6,32.1,0,0
2740,토요일,8,2813,강동구청,하선,27.9,38.6,29.8,34.3,37.1,57.6,60.1,71.5,64.7,69.7,69.1,67.2,71.1,68.7,67.1,74.6,67.4,63.8,64.8,65.4,67.1,70.9,72.5,68.3,60.1,53.9,44.2,34.8,30,25.5,25.7,23.9,22.2,22.6,19,14.6,9.7,0,0
2741,토요일,8,2814,몽촌토성,상선,9,17.3,14.9,14.5,17.3,23.7,26.5,31.6,35.8,33.5,36,41.6,43,42,50.2,50.1,53.2,53.2,56.3,59.6,67.8,69.3,79.5,75.3,73.1,73.2,66.3,60.2,52,54.4,55.2,59.6,54.5,59.9,56.6,45.5,35.4,0,0
2742,토요일,8,2814,몽촌토성,하선,27.5,36.9,33,32.9,37.5,55.7,63.1,73.2,68,67.4,70,67.3,71.2,70.6,69.5,72.4,68.7,65.5,67,69.2,72.6,72.7,74.6,71.7,63.6,56.5,48.1,35.8,30.4,27.4,26.6,25.7,24,25.3,19.6,15.7,9.8,0,0
2743,토요일,8,2815,잠실,상선,9.6,19.8,16.1,15.1,18,24.2,27.4,32.4,37.8,35,38.9,43.9,46,43.8,53.6,52.4,56.6,55.3,58.8,61.4,70.1,70.2,82.5,76.9,76,74.7,67.5,61.5,53,54.5,55.7,60.4,54.6,59.7,57.5,46,36.3,0,0
2744,토요일,8,2815,잠실,하선,21.4,30,24.7,25.7,30.3,42.9,44.2,55,51.5,50.7,53.5,51.1,58.6,58.1,57.6,61.2,61.1,61,65.3,69.4,76.5,78.9,87.3,84.5,86.8,79.9,73.5,62.6,58,57.1,59.9,57.3,59.8,61.4,44.8,37,24.3,0,0
2745,토요일,8,2816,석촌,상선,23.1,22.9,22.8,23.8,30,41.7,46.4,57.8,58.2,63.5,72.4,75.8,75.8,77.5,82.5,81.3,81.7,75.8,77.1,78.4,83,79.1,87.5,82.9,78.2,71.4,56,52.2,40.6,40.5,37.4,39.2,36.7,36,34.8,31.5,19.5,4,0
2746,토요일,8,2816,석촌,하선,20.9,27.6,25,26.2,28.6,40.5,40.8,47.1,53.2,50.2,51.2,49.3,56.9,52.7,57.8,60,60,60,64.3,67.7,75.2,78.9,88.3,83,88.3,81,75.3,65.4,60.5,60.7,64.2,65.1,64.2,66.8,50.1,40.9,24.3,0,0
2747,토요일,8,2817,송파,상선,23.4,24.4,24.8,26.8,34.6,46.5,54.1,67.4,65.3,72.1,78.1,82.6,81.9,84.2,90.1,88.1,87,79.3,81.7,82.9,85,87.3,89.2,84,79.7,69.6,55.4,48.1,39.4,39.8,34.4,36.3,31.3,31.9,30.9,26.9,17.5,4.3,0
2748,토요일,8,2817,송파,하선,22,25.4,24.2,26,28.7,39.8,39.9,46.8,51.8,50,50.9,49.7,56,52.4,56.1,59.7,58.4,58.5,61.9,65.2,71.6,75.7,83.7,78.8,82.9,76.6,71.2,62.1,56.4,56.8,60.4,61.6,59,65.9,52.6,39.4,26.7,0,0
2749,토요일,8,2818,가락시장,상선,22.3,23.7,24,25.2,32.4,43.5,51.1,64.1,62.1,68,73.6,76.5,77.1,78.7,85.3,83.4,83.4,75.2,78.4,79.8,82.2,83.6,86.9,81,78,67.8,54.6,47.3,39.1,39.5,34.3,36.3,31.3,31.7,30.7,25.1,9.6,0,0
2750,토요일,8,2818,가락시장,하선,17.9,19.9,20.6,20.4,24.8,30.5,34.3,38,43.6,42,44.2,43.4,47.5,44.7,48.3,53.5,52.9,50.5,58.3,58.4,62.4,67.7,72.8,69.1,70.5,66.8,63.2,55.6,52.2,51.9,55.4,58.5,55.8,62.5,52.1,38.3,23.4,0,0
2751,토요일,8,2819,문정,상선,34.6,24.9,23.2,26.2,31.3,44.4,50.2,63,63,62.3,67.8,71.5,70.5,72,76.3,75.1,75.4,69.9,70.8,72.8,72.9,78.4,79.9,75.2,69,58.8,46.1,42.5,32.3,32.1,28.2,30.3,25.8,24.7,21.9,18.9,8,0,0
2752,토요일,8,2819,문정,하선,16.3,17,17.3,18.2,21.5,27.1,29,33.6,38,33.8,34.4,35.9,38.1,37.9,39.6,43.5,44.5,44.1,49.4,51.4,53.2,59,62.6,60.2,60.6,60,56.6,50.1,47.1,47.2,50.9,54.8,50.4,57.6,47.6,34.9,31.1,0,0
2753,토요일,8,2820,장지,상선,33.3,24,21.9,24.2,29.4,41.4,47.2,58.1,58.5,57.1,62.4,65.3,64.6,64,67.6,64,64.8,58.8,61.6,61.4,62.7,68,70.4,65.6,60.5,49.8,39.4,36.7,26.3,25.6,21.8,25,21.3,19.3,18.3,15,7.5,0,0
2754,토요일,8,2820,장지,하선,14.6,13.6,14.5,14.5,17.3,23,23.9,27.5,29.9,27.3,29.7,30.5,32,31.5,32.3,35,37.8,36.9,40.6,41.8,46,50.3,54,53.1,52.4,51,48.2,45.8,42.1,42.5,45.6,50.3,46.1,52.7,41.5,30.2,27,0,0
2755,토요일,8,2821,복정,상선,30.2,17.9,19.2,19.9,27.6,36,41.9,50,51.4,48.8,53.3,58.2,57.2,55.3,60.3,55.7,55.4,50.3,55,51.4,51.9,56.3,57.3,52.3,50.5,38.4,30.2,26.8,19.6,20.3,17.1,17.5,16,13.5,16.2,13.8,7.9,0,0
2756,토요일,8,2821,복정,하선,5.1,8.5,8.4,8.2,9.2,11.5,13.5,14.4,17,16.7,17.1,16.4,18.5,17.9,19.9,21.6,25.9,22.9,25.6,24.8,28.9,31.5,34.4,34.5,36.4,35.7,33.6,33.2,28.3,28.3,30.3,35.1,30.2,34.7,30.8,22.9,22.8,0,0
2757,토요일,8,2822,산성,상선,22.4,14.9,12.6,15.7,22,27.3,32.4,34.4,33,31.8,29.8,34.1,32.8,33.1,33.1,32,28.8,28.9,27,27.5,26.9,28.2,25.8,26.4,21.9,18.2,14,10.8,8.4,8,6.9,6.8,6.1,6.1,5,4.8,2.6,0,0
2758,토요일,8,2822,산성,하선,5.5,5.8,6.3,6.5,7.3,8,10,10.6,11.4,10.3,12,12.2,13.9,13.6,14.8,15.5,18.3,17.4,17.4,18.2,22,22.5,25.6,24.6,26.9,26.6,26.4,23.9,21.3,20.9,21.5,26.6,22.2,26.5,23.9,19.2,16.6,0,0
2759,토요일,8,2823,남한산성입구,상선,19.9,12.8,11,14.2,19.2,24.2,28.5,29.2,28.7,28.1,25.9,29.5,27.4,28.3,27.9,28.1,24.8,24.8,22.9,23.7,21.8,24.9,22.3,21.8,17.9,15.6,11.9,9.9,7.8,7.3,6.6,6.6,6,6.3,5.6,5,3.3,0,0
2760,토요일,8,2823,남한산성입구,하선,7.9,6.3,6.7,6,7.8,9.6,12.1,11.4,11.7,10.6,11.5,12.4,12.9,13.9,14.5,14.6,16.1,14.9,15.7,15.2,18.2,18,19.5,19,20.8,19.5,19.2,16.6,15.3,14.4,14.4,17.4,14.3,17.6,15,12.2,10.7,0,0
2761,토요일,8,2824,단대오거리,상선,13.5,8.3,7.6,9.4,12.4,16.6,18.8,19.9,20,19.2,19,21.1,20.1,20.7,20.4,20.9,18.4,19.3,18,18.1,16.4,19.3,17.4,17.7,15.1,13,11.6,10.2,7.5,7.2,6.9,7.2,6.6,6.9,6.8,5.3,4.5,0,0
2762,토요일,8,2824,단대오거리,하선,9.5,5.5,6.4,5.9,7.3,9.9,12.4,12.6,11.8,11.2,11.8,11.8,12.4,12.7,12.9,13.3,14,12.8,12.1,11.4,12.9,12.8,12.9,12.8,13.6,11.9,11,9.3,8.5,7.8,7.5,8.7,7.8,8.8,7.2,5.8,5.1,0,0
2763,토요일,8,2825,신흥,상선,6.5,4.3,4.5,4.9,6.5,9.8,10.6,11.6,11.8,11.3,11.3,12.6,12.3,13.1,13.7,13.8,12.9,12.9,13.4,13.2,12.3,14.7,13.9,13.9,13.1,11.2,11.1,9.7,7.3,7,6.8,7.1,6.3,6.4,6.6,4.9,5.2,0,0
2764,토요일,8,2825,신흥,하선,10,5.2,6,5.7,6.9,10.1,12.1,12.4,11.3,10.6,11.3,11,11.1,11.2,11.1,11.5,11.4,10.5,9.7,9.5,10.3,10.6,10.4,10.1,9.9,8.6,7.8,6.3,5.8,5.3,4.8,5.2,4.7,5.2,4.1,3.2,2.8,0,0
2765,토요일,8,2826,수진,상선,4.1,2.5,3.2,3.6,4.5,6.7,7.5,8.4,9,8.4,9.4,9.4,9.2,11.1,11.2,11.3,11.3,10.5,11.7,10.7,10.6,12,11.6,11.8,11,9.9,10.7,9.2,6.3,6.4,6.7,6.9,6.1,5.6,6.7,4.6,5.6,0,0
2766,토요일,8,2826,수진,하선,14.1,6.3,6.2,6.3,7.1,9.8,12.6,13.6,12,11,11,11.6,11.1,11.2,10.9,10.9,10.7,11,9.3,9.6,9.6,10.2,9.6,9.1,8.7,7.2,6.3,5.4,3.8,3.8,3.1,3,2.5,2.3,2,1.3,1,0.3,0
2767,토요일,8,2827,모란,상선,2,1.4,2.4,2.4,2.8,4.2,5,6.1,6.7,6.3,7.3,7.6,7.4,8.9,9.8,9.9,10.3,8.6,10.4,8.7,8.9,10.2,10.8,10.3,10.2,9.5,11.2,9.1,6.2,6.5,7.1,7.7,6.6,5.5,7.2,5.3,6.3,0,0
2768,토요일,8,2827,모란,하선,0,0,0,0,0,0,0,0,0,0,0,0,0,0,0,0,0,0,0,0,0,0,0,0,0,0,0,0,0,0,0,0,0,0,0,0,0,0,0
2769,토요일,8,2828,남위례,상선,22.7,15.5,13.6,16.7,23.7,30,34.7,38.7,36.7,35.9,33.5,38.8,37,38.3,38.1,37.3,33.4,33.5,31.9,32.7,32.1,34.3,31.5,31.1,25.3,21.3,16.4,12.9,10.1,10.1,8.7,8.6,8.1,7.6,6.9,5.8,2.7,0,0
2770,토요일,8,2828,남위례,하선,4.7,6.3,6.8,7.3,8,10,12.1,12.7,14.2,13.5,14.4,13.7,15.7,15.1,16.4,17.9,20.7,19.3,21.3,21.2,24.5,27,29.3,29.4,30.7,31,29.7,29.3,25.4,24.9,26.7,31.7,26.6,31.3,28.9,23.2,20.1,0,0
2771,일요일,1,150,서울역,상선,5.1,8.6,10.8,12,13.6,15.6,20.7,25.5,32.2,41.7,36.8,35.4,42.9,35.4,36.7,40.2,40.5,37.6,29.9,33,29.4,25.9,27,22.2,23.9,21.7,18.9,18.8,18.5,17.2,17.5,18.6,16.6,15.4,13,15.6,9.7,5,0
2772,일요일,1,150,서울역,하선,5,6.7,5.1,5.9,8.1,11.1,14.1,15.2,18,23.6,20.8,20.8,21.9,24.9,30.5,31.4,33.3,37.8,42.4,43.8,43.5,42.9,39.1,39.1,45.6,46.7,31.2,37.2,29,34.2,26.5,26.2,27.3,21.3,17,12.9,8.1,4.1,0
2773,일요일,1,151,시청,상선,5.1,8,9.8,10.8,12,13.6,18.6,22,29.5,32.8,33.9,29.9,37.2,33.6,35,39.2,39.3,36.7,29.6,30.2,30.6,26,28,23.4,25.4,23.2,19.6,20.6,19.6,19.4,18.1,19.8,17.5,16.3,14.8,19.1,10.1,12.2,0
2774,일요일,1,151,시청,하선,5.5,7.7,6,6.8,9.6,10.8,14.1,16.5,19.3,23.4,20.4,21.6,21.4,25.9,30.3,32.2,33.7,39.1,42.1,42.9,42,39.4,39.1,37.9,43.8,41.5,27.3,32.9,27.6,27.1,22.1,21.3,21.3,16.3,12.1,9.9,5.9,2.5,0
2775,일요일,1,152,종각,상선,5.4,7.6,7.8,9.3,8.6,11.1,17.5,20,26.6,30.2,31.2,27,34.9,30.7,32.6,37.3,37.3,35,30.8,30.5,32.2,27.1,28.7,26.4,25.4,25.6,21.7,20.9,22.8,21.9,20.5,20.5,20.6,18.2,16.2,20.8,10.4,12.3,0
2776,일요일,1,152,종각,하선,5.6,8.2,6.3,7.5,10.3,10.9,15.9,18.3,20.6,24.6,24.8,21.6,24.5,26.8,31.4,31.6,32.4,37.7,40.2,43.1,39.6,36.3,36.9,34.3,41.2,37.7,24.5,29.2,23.9,22.9,19.5,17.2,19,14.2,10.2,8.2,5.9,2.5,0
2777,일요일,1,153,종로3가,상선,3.6,8.6,8.3,10.2,9,11.7,17.4,18.8,24.9,29.5,27.6,28,33.7,30.2,36,37.9,31.7,38.9,32.5,35.2,32,29.6,30.7,32.2,27.9,30.6,24.7,23.7,25.6,22.3,25,22.7,22.8,21.5,18.7,23.4,14.1,12.9,0
2778,일요일,1,153,종로3가,하선,5.3,7.6,7.1,9.1,12.8,11.8,18,19.5,22.6,26.2,26.9,22.6,26.3,27.7,32.7,33,31.9,36.8,39.4,41.3,37.6,34.1,35.1,31.7,38.5,31.8,23.1,24.2,21.1,19.8,16.3,14.3,15.4,11.8,8.7,6.9,5.8,2.3,0
2779,일요일,1,154,종로5가,상선,3.5,8.2,7.7,9.7,8.6,10.8,16.4,17.4,23,26.8,24.9,26.4,28.9,28,33,35.3,29.7,39,31.9,34.8,31.6,29.1,30.5,30.9,29,33,25.5,23.9,23.5,23.9,25.2,25.9,20.8,21.7,18.8,23.1,13.8,12.6,0
2780,일요일,1,154,종로5가,하선,6.8,9.2,6.2,9.1,13.4,13.5,20.4,20.4,30.6,30.8,31,28.4,28.9,32.9,42.7,39,37.2,41.4,44.4,40.8,44.1,32.3,37.6,31,41.9,28.2,20,22.7,19.4,17.1,14.8,12.7,13.2,10.2,7.3,6.3,5.2,0,0
2781,일요일,1,155,동대문,상선,5.1,7.1,8.3,8.8,9,11.3,15.2,18.6,20.5,24.3,23.5,25.4,25,31.2,30.3,34.3,33,36,35.2,33,29.9,33.2,29.7,33.3,27.2,33.8,25.8,23.8,23.3,26.2,23,26.3,23,20.7,19.7,21.8,14,12.3,0
2782,일요일,1,155,동대문,하선,7.4,9.1,7.2,7.8,15.6,13.5,21.1,20.7,32.4,30.5,31.7,28.5,28.8,32.4,42.4,38.1,38.5,40.1,39.2,38.4,41.6,30,34.8,28.8,39,26.3,16.7,20.5,16.8,14.4,12.5,11.9,11.9,9.3,6.8,5.9,5.2,0,0
2783,일요일,1,156,신설동,상선,5.6,6.5,7.8,7.8,7.3,10,14,14.9,17.5,17.5,16.3,17.5,17.6,23.3,23.9,26.9,26.9,31.5,29.7,32.6,31.9,27.8,25.7,35.3,29.8,26.2,28.3,24.2,20.6,25,18.8,21.7,19.7,26.2,19.4,16.4,13.5,12.8,0
2784,일요일,1,156,신설동,하선,10.3,13.9,8.5,9.7,14.2,19.8,17.8,21.2,27.9,33,31.4,28.3,27.1,33,40.2,27.5,33.5,33.5,37.4,30.8,27.6,25.4,29.5,25.6,29.7,22.6,14.8,17,15.3,14.6,11.5,10.4,9.4,7.8,6.4,5,5.6,0,0
2785,일요일,1,157,제기동,상선,5.6,6.4,6.5,8.2,7,9.4,14,13,14.8,13.8,14.1,14.5,14.5,17.5,19.2,22.4,21.8,25.9,26,23.2,33.3,26.6,24.1,33.9,28.7,27.5,22.9,25.8,20.2,26.1,17.8,20.7,18.9,23.7,20.4,14.7,14.2,11.9,0
2786,일요일,1,157,제기동,하선,9.6,12.9,7.1,10.3,13.2,20.7,17.3,19.9,26.5,34.5,26.9,26.8,28.7,29.7,38.3,27.8,30.4,31.4,35.5,28.5,25.6,24.9,26.5,23.9,27,19.7,13.6,16,14.7,14.2,10.9,10.1,9.2,6.7,6.2,5.4,5.3,0,0
2787,일요일,1,158,청량리,상선,5.2,4.7,3.7,6.9,5.9,8.5,11.1,10.5,11.8,11,10.9,9.1,11.7,13.9,16.3,16.6,19.2,21,21,21.2,31,22.4,22.4,27.4,25.2,23.7,20.1,23.4,17.9,19.8,18,20.4,16.3,21.7,18.6,13.8,12.9,9.7,0
2788,일요일,1,158,청량리,하선,9.5,13,6.8,10,12.9,16.2,19.2,20.8,25.9,30.8,22.1,25.2,30.1,27.5,33.5,28.5,29.2,29.5,25.6,26.3,22.3,21.8,21.4,25.1,24.7,15.8,14.9,12.6,12.8,13.2,9.9,10.1,8.4,6.5,6.2,5.3,5.3,0,0
2789,일요일,1,159,동묘앞,상선,5.5,6.8,8,8.1,8.3,10.5,13.2,16.3,17.2,20.3,18.3,19,19.2,24.7,24.5,29.4,27,31.2,30.5,27.6,29.6,31.2,28.4,29,30.3,27.4,25.2,21.9,21.5,24.1,21.6,23,22,19.6,16.8,18.8,11.2,13.8,0
2790,일요일,1,159,동묘앞,하선,7.7,9,7.5,7.9,16.2,15.2,19.1,21.5,33.4,32.4,32.2,30,31.3,33.2,42.7,35.6,42.2,40,38.5,37.3,37.4,32,35.6,26.4,35.9,27.3,16.3,20.2,16.8,14.1,12,11.2,10.4,8.3,6.2,5.6,4.9,0,0
2791,일요일,2,201,시청,내선,15.2,11.7,9.3,9.6,12.6,17.8,23.3,28.2,33.1,30,33.9,33.4,32.6,41.2,45.6,40.3,45.1,45.3,36.4,42.6,39.5,39.4,49.6,41.1,42.3,33.9,34.2,33.8,31.1,32.1,31.1,34.3,36.4,36.6,28.3,41.5,15.3,0,0
2792,일요일,2,201,시청,외선,5.7,9.8,8.1,7.5,8.7,12.3,13.6,16.1,23.9,26.8,30.3,34.1,36.1,34.7,47.8,39.6,42.1,48,42.9,44.4,58.2,46.5,52.1,48.8,48.5,54.7,46.6,46.9,40,43.9,46.6,37.7,37.2,30.9,29.9,33.6,17.7,0,0
2793,일요일,2,202,을지로입구,내선,11.1,10.9,8.4,8.6,11,15.5,19.3,23.8,27.7,26.8,29.4,31.3,29.6,39.2,41,38,44.8,43.8,36.4,45.2,39.6,39.2,53,43.1,45.7,36.6,36.9,37.1,34.4,37.8,36.9,37.2,38.3,37.7,34.2,42.9,19.6,0,0
2794,일요일,2,202,을지로입구,외선,5.3,9.7,9.5,8.5,10,13.7,14.5,17.7,25.3,26.9,30.2,33.8,35.5,33.2,45.3,37.8,40.7,45.7,41.4,41.6,54.7,43,48.1,44.3,44.5,50.9,41.2,43.9,37.3,41.9,44.2,35.5,35.7,29.5,28.8,31.5,16.9,0,0
2795,일요일,2,203,을지로3가,내선,11.5,9.9,7.7,8.1,9.9,14,16.5,21.3,25.1,25.5,28,28.4,30.6,38.3,38.5,37.5,42.8,39,39.2,45,39.2,39.7,53.2,43.3,44.5,37.4,37.1,37,34.4,37.4,36,35.5,38.7,37.2,34.3,42.2,18.8,0,0
2796,일요일,2,203,을지로3가,외선,7.6,10.1,9.9,9.8,11.9,16.2,17.8,22.2,30.9,30.8,34.2,37.7,37.2,34.7,46.8,39.8,40.9,44.8,41.4,40.2,46,43.1,45.2,42,42.2,48.3,38.4,38.1,33.7,35.4,33.5,31,29.3,25.3,23.6,25.6,15.4,0,0
2797,일요일,2,204,을지로4가,내선,11.5,9.7,7.5,8.1,10,14.1,16.7,20.9,25.7,26.2,28.6,29.1,32.5,36.5,39.5,38.7,42.7,40.3,41.6,44.1,40.3,41.2,54.9,44.9,45.9,37.7,39,38,35,38.2,36.5,36.1,39,37.2,34.1,41.9,18.1,0,0
2798,일요일,2,204,을지로4가,외선,7.3,10.6,10.6,10.1,12.4,16.3,19.4,23.6,31.3,30.3,34.1,37.6,36.3,36.4,45.1,38.8,41.9,43.1,40.5,40.5,42.5,39.1,42.6,39.1,38.6,44.9,36.7,35.3,31.8,33.8,32.3,30.2,28.2,24.4,22.6,23.7,15.4,0,0
2799,일요일,2,205,동대문역사문화공원,내선,12.3,10.7,8.5,9.4,11.8,17.5,20,26.2,30.8,29.6,34.6,35.5,38.4,40.5,47,42.2,45.8,47.5,47.4,45.9,50.6,45.1,55.8,50.2,48.9,41.1,40.8,37.2,35.5,35.8,34.7,36,36.6,36.2,31.4,36.2,26.9,0,0
2800,일요일,2,205,동대문역사문화공원,외선,10.5,9.1,11,10.5,12.8,17.9,19.5,26.4,32.1,30.1,36.8,37.4,37.4,37.7,46.4,39.9,43.2,44.5,41.4,41.5,43.3,40.2,44,39.5,39.3,45.4,37.3,35.9,32.3,34.5,33.1,30.8,29.1,25.1,22.9,22.3,16.4,0,0
2801,일요일,2,206,신당,내선,10.5,13,9.4,9.6,11.2,18.4,21.1,26.2,32.5,30.7,35.3,38.3,38.5,39.5,48.2,44.1,46.8,48.9,49.5,47.4,52,46.1,56.6,50.3,49.1,39.8,40.4,36.1,33.4,34.4,32.5,34.5,33.6,34.2,30.4,32,24.7,0,0
2802,일요일,2,206,신당,외선,10.3,10.1,9.3,12.1,13.1,18.1,20,27.7,32.6,30.6,38,39.5,38.7,40.9,47.4,47,46.6,48.5,46.2,47,46.7,46,46.3,49.2,46.3,50.1,44.8,43.4,40.9,41.5,39.4,39.9,33.9,28.9,25.4,24.1,18.8,0,0
2803,일요일,2,207,상왕십리,내선,11.5,13,9.5,9.6,11.4,18.9,21.2,26.4,31.7,29.2,36.1,38.9,39,38,48,46.7,47.2,47.5,50.9,47.3,51.9,45.2,55.1,47.8,49.3,38.7,39.1,34.7,32.1,33.3,30.5,33.8,32.1,32.6,29.1,30.3,23,0,0
2804,일요일,2,207,상왕십리,외선,9.6,9.8,9.5,11.8,12.9,17,19.2,26.2,30.7,29.4,36.8,38.7,38.8,40.3,46.7,46.3,46.1,48.6,46,47.1,46.9,46.1,47,50.7,45.5,50.6,47.1,43.3,42.3,42.7,40.3,41.5,36.3,30.6,27,25.3,22.4,0,0
2805,일요일,2,208,왕십리,내선,9.3,10.3,7.6,7.8,9.4,17.9,17.5,20.6,26.3,24.6,31.2,33.6,33.4,34.4,42.5,39.7,39.9,40.6,43,37.4,44.5,36.9,43.4,37.9,38.8,32.9,25.7,25.8,22.7,22.5,21,21.6,21.6,21.6,18.7,18.8,16.7,0,0
2806,일요일,2,208,왕십리,외선,7.8,10.4,9.1,11.4,12.3,17.2,17.7,24.8,28.2,29.7,35.8,37.5,37.8,42.4,42.5,45,47.1,45.3,45.1,48.1,44.8,45.7,46.9,50.7,45.9,51.1,47.7,43.9,43,43.5,41.3,42.4,37.2,31.4,27.9,25.4,24.3,0,0
2807,일요일,2,209,한양대,내선,9.3,9.9,7.4,7.2,7.5,11.8,15.3,19.6,25.7,24.3,30.1,35.6,33.3,31,40.7,40.1,37.7,39.7,42.2,38,42.9,36.1,43.1,37.7,37.1,34.6,27.7,25.9,22.5,22,21.1,21.1,22.2,20.5,18.3,18,16.1,0,0
2808,일요일,2,209,한양대,외선,5.2,7.4,7.1,8,8.7,12.7,13.2,18.7,19.5,21.5,24.7,28.5,26.8,31.3,31.3,32.3,36,34.5,34.2,42.2,37.3,37.9,39.8,42.1,39.3,45.8,41.8,40.7,37.1,40,37.6,39.2,31.4,28.2,24.1,22,22,0,0
2809,일요일,2,210,뚝섬,내선,9.1,9.3,7.6,6.7,7.2,11.2,14.1,17.9,23,21.8,26.1,33,29.2,28.2,36.8,36.1,34.5,36.8,41,35.9,43.4,35.6,42.3,41.3,36.2,38.1,28.6,27.9,24.4,24.4,22.7,22.5,24.1,20.9,20.3,21.6,13.1,0,0
2810,일요일,2,210,뚝섬,외선,5,7.4,7.1,8,9.1,15.9,13.4,18.3,19.3,21.4,24.8,24.5,25.5,32,31.3,31.9,35.9,34.3,33.9,38.6,36.9,37.3,39.2,42.8,37.1,45.3,37.6,39.6,36.8,39.7,37.3,39,31.2,27.9,22.4,21.5,21.9,0,0
2811,일요일,2,211,성수,내선,5.5,7.5,6,6.5,7.6,10.9,13.7,14.5,19.6,21.1,19.5,26.2,26.8,21.2,30.1,31.4,26,33.7,30.2,31,41.8,35.7,34.1,40.6,40.8,41.1,38,34.3,29.8,32.5,29,28.9,29.6,25.7,22.7,25,35.3,0,0
2812,일요일,2,211,성수,외선,4.6,7.5,7.2,7.9,9,15,14.3,18.4,19.9,23.2,25.6,25.6,27.2,33,33.1,32.5,36.8,34.8,33.9,37.4,41.3,34.5,37.1,39.3,33.8,40.8,33.9,35.3,32.7,35.2,33.7,35.1,28.5,26,21.2,20.4,21.7,0,0
2813,일요일,2,212,건대입구,내선,7.9,10.2,8,8.3,9.5,13.2,16.4,18.6,23.1,25.2,20.3,29.5,28.2,22.9,31.4,32.3,27.2,33.7,30.8,30.4,38.3,36,31.1,34.7,37.3,36.3,31.8,29.8,26.2,25.2,27.5,24.7,25,22.3,20.1,22.4,26.1,0,0
2814,일요일,2,212,건대입구,외선,18.9,11.8,8.1,9,11.1,16.1,15.8,20.7,18.4,27.8,32.2,31.6,33.1,41.6,38.1,37,45.4,37.6,36.8,43.1,36.5,33.6,44.7,35.7,36,28,29.9,30.3,27.2,24,28.7,29.6,24.1,23.7,14.4,18.2,6.1,0,0
2815,일요일,2,213,구의,내선,6.5,10.6,8,8.3,10.2,14.3,17.2,19.9,24.2,25.8,22.4,30.7,30.8,22.8,31.4,31.5,28.1,33.5,29.6,29.9,36.9,34.5,30.4,31.2,34.5,34.5,28.7,27.2,24.1,22.2,24.8,22.3,21.2,20.2,17.7,17.9,20.6,0,0
2816,일요일,2,213,구의,외선,14.9,9.7,7,7.7,9.5,14.1,13.4,16.6,17.9,24.7,27.5,26.7,29.1,35,34,32.8,40,33.8,33,40.1,34,32.5,43.8,36.9,36.5,30.7,33.7,33.4,31.4,26.7,33.9,34.1,27.6,25.2,14,16.8,4.8,0,0
2817,일요일,2,214,강변,내선,6.7,8.8,6.6,7.7,9.4,14.4,17.6,20.7,26,25.8,22.4,32.6,30.7,23,31.4,31.1,27.2,32.9,28,28,33.9,32.3,28.5,28,32,32.6,26.2,26,22.9,22.4,24.1,23.1,21.9,20.9,17.7,17.1,17.7,0,0
2818,일요일,2,214,강변,외선,11.1,9.3,6.5,6.8,8.2,12,11.7,13.8,15.7,21.4,24.4,24.7,26.3,32.6,31.6,30.8,37.6,32.2,30.8,39.4,32.1,33.6,40.8,37.8,32.6,34.7,34.7,34.2,32.3,27.6,35.2,35.4,28.6,26.1,14.7,17,5.7,0,0
2819,일요일,2,215,잠실나루,내선,6.7,8.4,6.2,7.9,8.8,14.5,17.5,21.5,26.8,27.3,22.8,31.9,31.5,22.5,33,30.4,26.9,33.8,28.3,26.1,37.1,30.1,30.4,26.8,30.8,31.2,27.5,25.6,22.7,23.1,23.1,21.5,19.6,21.5,17.1,15.6,16.7,0,0
2820,일요일,2,215,잠실나루,외선,10.5,9.4,7.1,7.3,8.8,11.5,11,13.1,13.5,19.2,22.8,21.8,24.4,31,29.8,29.6,37.1,31.2,30.5,38.5,32.8,33.4,40.7,38.8,31.7,34.6,34.2,33.5,29.2,26.7,34.5,32,25.4,21.3,15.4,15.6,6,0,0
2821,일요일,2,216,잠실,내선,9.2,11,6.5,9.3,9.5,15.6,20.1,22.6,24.6,25.9,22.2,30,29.1,23.9,32.9,32.3,29.2,36.8,30,27.1,36.2,31,30.6,27.8,31.6,33,30.6,28.5,26.9,27.7,31.2,30.2,26.4,26.5,16.4,14.5,9.5,0,0
2822,일요일,2,216,잠실,외선,9.8,9.4,6.9,7,8.6,10.7,10.7,12.5,13.5,19,21.7,21.1,24.5,30.7,28.9,31.1,35.8,30.9,31.3,38.6,32.7,34.8,39.8,40.1,31.2,35.4,33.2,35.2,27.4,29.6,35.1,32.6,25.8,21.9,16.1,15.4,6.4,0,0
2823,일요일,2,217,잠실새내,내선,10.9,10.7,6.7,9.6,10.3,14.9,19.7,25.8,23.5,26.6,22.7,30.2,29.5,24.9,32.4,31.2,29.5,34,29.3,26.1,33.6,28.5,28.6,25.5,29.7,30.4,28.1,27,25.4,26.2,29.6,29.5,25.6,26,16.8,14.4,7.6,0,0
2824,일요일,2,217,잠실새내,외선,7.5,9.5,7.9,7.9,8.8,12.4,13.6,15.4,19.5,23.7,25.7,24.6,29.2,33.7,31.4,33.2,38.1,31.7,32.2,38.2,33.9,35.6,41.1,41.5,31.9,35.6,32.4,35.9,24.3,24.1,26.6,25.2,21.7,19.9,17.7,15.2,7.8,0,0
2825,일요일,2,218,종합운동장,내선,11,10.1,6.6,8.5,10.1,14.7,18.7,24.9,24.2,26.2,22.3,30.2,28.6,24.8,31.5,29.3,28.3,30,26.8,23.8,32,28.1,28.3,24.9,30.2,31,31.7,35.1,26.4,25.9,30.7,29.2,27.4,24.7,16.7,14.7,7.1,0,0
2826,일요일,2,218,종합운동장,외선,5.7,9.1,7.6,7.2,8.3,12.2,12.7,14.8,18.8,22,23.6,23.2,27.9,31,30.2,32.3,37.4,31.1,31.6,37.3,33.4,35.5,41.6,41.6,33.1,35,32.6,36.9,21.7,25.2,25.9,24.9,21,18.2,16.6,14.5,8,0,0
2827,일요일,2,219,삼성,내선,8.2,8.5,6.8,7.5,9.2,12.2,14.9,21.4,20.7,21.6,18.4,25,24.1,22.6,27.5,29.4,28.9,30.6,28.2,27.4,33.3,33.4,33.3,28.7,35.2,38.6,38.2,40.8,31.6,32.5,40.5,36.6,32.6,30.5,19.1,16.1,9.4,0,0
2828,일요일,2,219,삼성,외선,5.8,9.5,8,7.6,8.7,12.2,13.4,15,19.1,22.4,23.6,22.6,29.6,28.8,29.6,33,41.8,33.7,34.4,39,33.6,36.9,39.9,41.1,30.9,32.3,31.1,29.5,20.5,25,25.7,24.6,21.2,18.4,14.8,16.8,8.4,0,0
2829,일요일,2,220,선릉,내선,9.9,9.9,8.7,8.4,10.8,13.4,18.1,23.3,23,25.3,21.8,26.8,28.6,26.5,31.1,34.3,33.1,34.1,35.6,31.1,35.5,40.9,38.2,35.6,41.9,45.8,43.2,46.6,35.5,37.5,41.5,42.9,36.5,36.7,25.5,19.8,11.5,0,0
2830,일요일,2,220,선릉,외선,11.6,11.7,9.6,9.2,11.5,15.7,19.5,22.5,22.8,29.5,31.5,31.2,37.8,33.9,34.7,36.1,46.6,37.2,35.9,39.3,32.8,34.9,37.7,38.5,28.1,28.2,27,25,17.6,20.8,18.7,20.4,17.9,15.7,13,14.2,7.6,0,0
2831,일요일,2,221,역삼,내선,11.5,9.6,8.9,8.4,10.5,13,16.5,22.6,22.3,24.4,21.2,27,28.5,28,30,35.2,34.7,34.1,36.8,33.5,36.9,42.9,40.3,37.3,43.6,49.3,44.2,48.2,36.6,39,43,44.8,39.4,37.6,27.4,20,17,0,0
2832,일요일,2,221,역삼,외선,19.2,11.9,12,11.7,14,20.1,24.4,27.8,28.9,36.8,35.3,35.9,46.2,38.5,41.5,40.4,50.7,44,40.1,43.5,38.5,38.6,41,42.5,30.6,31.6,30.7,28.9,20.4,24.1,23.1,23.2,20.9,17.9,15.4,17,9.7,0,0
2833,일요일,2,222,강남,내선,15.9,10.5,10.2,8.9,11,13.4,16.3,24.3,22.5,25,21.6,26.8,29,29.2,29.6,33.9,36.1,35.6,38.3,35.2,38,45.2,42.5,41.1,41.7,52.4,44.3,50.2,39.6,42.7,47.3,51.2,45.9,46,34.7,26.6,20.2,0,0
2834,일요일,2,222,강남,외선,19.9,12.8,12.9,12.8,15.5,22.2,27.1,30.2,32,40,38.9,38.1,49.3,39.6,43.3,41.4,53.3,45,41.4,43.1,38.8,38.4,40.8,41.9,31.1,32.5,29.9,29,20.8,24.5,23.5,23.5,21.3,18.2,16.2,17.9,10.9,0,0
2835,일요일,2,223,교대,내선,15.5,11.3,10.8,10,12.5,13.5,16.1,25.7,26.6,24.4,23.7,26.2,31.3,30.7,29.7,33.6,38.1,35.6,39,35.2,38.2,46.6,43.6,43.5,43.5,55.2,46.4,52.4,44.7,46.9,52.9,56,50.2,50.7,39.1,29.5,22.2,0,0
2836,일요일,2,223,교대,외선,22,14.7,14.1,15.6,18.7,25.7,32.3,36.6,37.4,43.9,42.5,40.7,52.3,41.5,47.4,49.6,54.4,46.9,47.9,40.3,41.4,45.3,40,44,35.4,33.8,33.1,30.9,22.8,25.2,23.6,22.2,19.8,15.9,16.5,14,11.4,0,0
2837,일요일,2,224,서초,내선,15.4,10.8,10,7.8,9.1,12.5,14.2,19.9,20.6,22.2,22.4,23.9,26.5,29.1,29,34.6,38.8,33.5,38.3,35.8,38.9,47.6,43.3,43.8,43.9,54.5,50.1,54.4,46.9,48.2,54.1,57.5,51.1,51.9,41.3,29.5,21.8,0,0
2838,일요일,2,224,서초,외선,24.1,18.3,16.6,18.9,22.3,31.4,37.7,43.1,42.9,48.5,45.1,47.5,54.9,43.6,49.1,53.7,56.7,45.9,51.1,42.6,40.8,50.5,41.5,43.8,34.8,34.5,32.6,31.4,22.5,24.7,22.8,20.6,20.1,15.9,16.5,13.8,11.1,0,0
2839,일요일,2,225,방배,내선,15.8,11.9,10.3,8.1,9,12,14.5,20.1,19.8,22.3,23.3,22.8,27.2,28,30,35.2,40.8,33.6,38,37.5,38.3,48.4,46.3,43.7,44.3,51.1,52.6,51.5,47.1,47.2,54.2,56.8,53.3,52.7,42,30.7,25.4,0,0
2840,일요일,2,225,방배,외선,24.7,19.2,17.3,20.5,24.6,32.4,36.6,43.9,50.4,49.5,44.8,46.2,52.7,43.4,48.3,51.1,51.4,45.3,50.3,41.1,38,46,42.1,40.6,33.3,33.6,29.5,27.6,19.8,23.2,21.4,19.4,18.7,14.9,16.3,13.8,11.6,0,0
2841,일요일,2,226,사당,내선,14.2,12.5,9,7.6,8.5,12,14.3,16.6,19.4,22.7,23.5,19.7,28.5,26.7,26.8,36.4,38.1,31.9,40.5,36.8,38.3,50.6,49.2,45.4,48.7,51.9,61,51.8,48.5,50.3,49.3,63.6,55.6,56.4,46.5,34.7,29.8,0,0
2842,일요일,2,226,사당,외선,24.9,17.7,18.6,20.8,25.1,31.6,39.4,46.6,53.3,50.5,45.3,47.8,53.1,43.6,47.1,54.1,48.6,46.4,49.1,37.8,40,45.3,43.1,39.4,32.7,35,28.8,27.4,20.1,23.5,20.9,20.2,18.7,15.1,17.6,13.7,13.7,0,0
2843,일요일,2,227,낙성대,내선,15.5,12.5,9.7,7.7,8.8,12.2,14.3,16.7,19.5,21.5,23.6,20.3,28.4,27.2,27.1,36.6,38.3,32.2,39.6,36.3,36.4,48.9,46.6,42.9,45.7,49,58.7,47.3,44.3,45.2,45.7,59.6,51.2,50.4,41.8,34.4,24.3,0,0
2844,일요일,2,227,낙성대,외선,26.3,20,21.8,22.5,26.2,32.5,41.3,51.9,57,55.9,43.2,49.1,53.4,44.2,48.7,57.1,46.4,46.1,47.6,38.2,38.7,45.6,42.9,34.8,34.5,33.8,27.7,27,21.4,23.2,21.5,20.6,18.4,16,17.8,15.2,16.1,0,0
2845,일요일,2,228,서울대입구,내선,10.6,13,9.5,7.6,8.5,11.9,13.6,16.6,18.8,21.2,23.2,19.4,27.5,26.9,26.5,34.7,36,29.8,38.2,34.8,32.2,47.5,42.6,38.2,41.2,41.1,50.6,39.8,40.2,39.6,39.8,51.8,44.6,44.3,36.8,29.8,22.6,0,0
2846,일요일,2,228,서울대입구,외선,25.1,19.6,20.6,22.5,23.9,36.5,37.5,49,52.8,54.6,40.9,47,49.4,40.6,44.6,52.1,43.2,42.5,44.5,35.9,37.1,43.5,41.1,33.7,33.6,33.6,27.8,25.6,22.9,23.8,22.1,21.7,19.7,17,19.1,16.8,19.2,0,0
2847,일요일,2,229,봉천,내선,13.2,13.7,9.5,7.8,8.9,12.1,14.8,18.2,20.4,21.5,24.6,20.8,29.5,27.4,27.4,35.8,36.4,30.9,40,33.9,31.8,46.2,41,36.4,39.4,39,47.1,37.5,39,35.8,37.8,45.9,41.4,38.5,37.6,27.6,20.4,0,0
2848,일요일,2,229,봉천,외선,25.1,18.7,19,20.1,21.3,32.6,33.7,43.3,47.5,48.8,37.1,41.6,44.7,35.3,39.7,45.7,39.1,38,40.1,32.4,34.3,39.8,38.7,31.8,32.2,32.9,28.5,23.8,23.2,24.7,21.9,22.2,18.2,18,19.3,17.3,17.4,0,0
2849,일요일,2,230,신림,내선,18.5,15.5,10.2,9,10,14.7,17,21,21.7,24.1,26.7,23.8,31.9,29.2,30,38.2,36.6,31.4,40,33.6,30,43.4,37.1,34.2,31.8,32.9,37.9,32.9,31.4,29.5,29.5,35.7,32.6,29.6,31.1,20.1,13.4,0,0
2850,일요일,2,230,신림,외선,23.1,18.1,17.9,18.5,19.6,32.6,31.2,40.6,43.9,43.9,36.5,37.7,39.7,35.1,38.3,42.5,38.2,35.4,38.5,32.2,33.7,39.4,39.9,31.9,31.6,34.3,30.1,23.8,25.1,25.7,23,23.6,19.6,20.6,19,18.6,20.4,0,0
2851,일요일,2,231,신대방,내선,22.3,17.4,11.1,10.4,10.8,16.5,19.6,24.3,26.3,26,29.9,26.8,34.6,32.7,33.6,39.3,38.7,33.5,40.5,34.4,31.8,41.6,37.4,34.5,32.2,31.2,35.9,32.1,29.3,27.6,26.9,32,28.7,27.8,27.8,17.5,13.5,0,0
2852,일요일,2,231,신대방,외선,17.4,15.6,14.4,14.7,15.6,25.1,25.7,32.6,36.4,36.9,31,31.1,33.2,28.2,32,36.5,33.8,30.6,34.3,28.6,31.3,36.7,38.7,32.2,32.6,35.9,32.7,26,27.8,28.2,26,27.9,23,24.8,23.5,22.5,31.9,0,0
2853,일요일,2,232,구로디지털단지,내선,31,21.6,14.5,12.5,13.3,20.1,22.6,29,31.7,31.1,36.6,31.5,39.8,37.8,38.1,44.7,42.4,37.5,43.1,37.5,34.1,45,40,37.7,34.6,33.5,37.3,32.3,29.2,27.6,24.9,32.4,24.6,29.4,22,15.9,11.4,0,0
2854,일요일,2,232,구로디지털단지,외선,16.3,13.6,13.4,13.8,15.8,22.9,23.7,30.1,33.4,32.2,31,31,31,28,31.8,36.4,33.1,30.6,34.3,29.7,32.7,37.9,39.7,34.9,33.7,39,34.8,28.2,30.7,30.8,29.7,31.3,25.5,28.8,30.9,21,37.8,0,0
2855,일요일,2,233,대림,내선,37.1,24.5,16.2,14.2,15.5,22.1,25,33.1,34.9,34.4,38.9,32.4,41.3,41.7,42.7,44.9,47.9,40.6,44.1,40.9,38.7,39.4,44.5,37.4,33.1,35.3,36.4,31.2,28.6,26,23,28.3,22.2,22.6,19,13.1,10.1,0,0
2856,일요일,2,233,대림,외선,13.8,12.9,13.1,13,15,21.9,22.9,27.8,32.8,31.4,31.5,33.4,28.9,28.2,33.8,39.4,35.9,33.3,39.4,32.4,36.6,40.6,46.4,38.3,38,43.7,39.6,31.9,35.3,35.5,35.6,37.4,30.9,34.7,39,25.4,47.7,0,0
2857,일요일,2,234,신도림,내선,10.3,16.7,15.8,15.5,17.3,24.6,27.9,39.1,32.6,37.9,39,41.5,47.9,51,53.6,51.4,56,47.8,46.4,46.1,42.8,38.9,45.9,34,34.1,27.9,34.6,27.3,24.8,22.8,22.2,18.8,19.7,16.1,14.5,13.4,7.9,0,0
2858,일요일,2,234,신도림,외선,10.5,13.8,11.4,11.8,14.1,21.2,21.3,23.5,24.9,31.4,31.7,36.2,29.5,30.7,32.9,38.2,36.2,32.7,38.9,29.4,38.5,35.5,42.1,38.4,41,39.3,42.8,27.2,39,39,40.3,44.5,36.1,32.2,32.4,30.1,16.8,0,0
2859,일요일,2,235,문래,내선,10.5,15.7,16.6,16,16.7,24.1,28.1,36.7,32.3,38.1,36.8,40.7,47.3,45.7,56.3,52.3,53,50.3,45.9,45.3,43.6,46.6,44.6,42.3,41.8,30.5,35.5,27.1,25.4,23.3,23.2,23.5,25.1,20.7,25.4,18.6,15.9,0,0
2860,일요일,2,235,문래,외선,26.1,22.4,11,10.4,13,16.7,18.7,21.6,23.6,31,26.6,28.1,25.7,27.2,32.3,33.4,32.8,34.4,35.7,35.7,38.4,46.9,45,44.3,47.6,44.5,50,43,47.2,49,50.3,56.8,43.8,44.4,41.5,37.8,19.1,0,0
2861,일요일,2,236,영등포구청,내선,11,15.4,16.8,16.8,16.9,24.6,28.3,34.8,34.2,39.5,38.7,41.7,45.1,47.1,60.6,52.6,53.9,52.9,47,46.1,43.5,48.5,44.6,40,44.1,30.2,34.7,26.8,25.5,22,22.2,24.1,21.9,19.3,24.3,18,14.4,0,0
2862,일요일,2,236,영등포구청,외선,25.5,19.6,10.8,10.6,12.8,16.6,19.5,21,25.7,29.9,27.4,28.9,26.6,27.8,32.6,33.7,33.6,34.5,36.6,35.8,42.1,45.1,45.7,46.2,47.1,44.7,50.6,43,46.8,48.3,49.6,55.8,43.1,43.8,40.8,37.4,19.5,0,0
2863,일요일,2,237,당산,내선,11.6,16.3,16.3,17.6,17.9,24.4,29.7,36.2,36.3,43,43.2,46.4,50,52.1,67.1,58.4,58.6,57.9,51.7,50.1,46.8,52.5,48.5,42.4,47.6,32.1,37,29.1,26.3,22.4,23.8,25.2,23.5,20,25.6,19.1,15.1,0,0
2864,일요일,2,237,당산,외선,24.8,19,9.9,9.7,12,16,18.3,19.3,24.4,27.5,25.4,27.7,25.5,26.6,33,32.4,31,34.6,35.6,36.4,44,42.4,50.7,46.3,47.4,45.7,52.1,43.6,47.9,50.5,54.3,53.9,45,49.5,38.5,33.8,24.1,0,0
2865,일요일,2,238,합정,내선,11.2,10.3,9.1,10.9,14.2,21.2,25.4,31.3,31.5,36.6,38.5,36.8,41.9,46.1,56.1,48.3,50.4,53.1,43.2,44.9,41.8,42.4,46.5,37.6,44.5,25.7,33.1,28,24.1,20.9,22.5,24.1,22.6,21.3,22.2,21.9,12,0,0
2866,일요일,2,238,합정,외선,26.6,19.8,10.4,10,12.1,16.6,18.6,19.4,23.8,27.9,24.7,27.4,26.4,27.2,33.4,33.5,32.6,36.7,36.7,40.9,46.1,48,54.8,50.5,53.6,47.8,56.6,48.7,52.4,55.6,58.5,58.5,48.9,54.2,42,37.3,26.7,0,0
2867,일요일,2,239,홍대입구,내선,14.4,12,10.1,12,14.8,21.5,26.8,32.9,30.1,36.5,35.6,34.2,33.6,42.1,44.4,38.5,46.2,45.1,35.6,43.1,39.8,40.8,45.7,41.6,41.8,31,36,34.1,30.7,31.7,31.7,37.1,36.7,37.9,36.2,36.6,19.2,0,0
2868,일요일,2,239,홍대입구,외선,20,13.2,11,9.3,9.6,12.4,12.7,15.8,18.4,23.4,22,24.7,24.8,25.5,33.1,31.5,30.9,35.2,32.7,36.7,43.6,41.2,45.1,45.1,50.7,43,46.6,45.6,45.1,47.2,50.6,49,43,44.9,35.8,32.9,25.2,0,0
2869,일요일,2,240,신촌(지하),내선,15.6,11.9,9.7,11.9,14.1,20.4,25.6,30.7,26.9,34.8,34.3,33.7,31.9,43.1,43,39,44.9,45,35.7,42.7,39.4,40.5,45.9,41.1,41.1,31,35.8,35,31.3,33.7,32.8,39,40.8,39.2,37.7,38.9,17.7,0,0
2870,일요일,2,240,신촌(지하),외선,11.1,9.9,9.5,7.7,8.1,10.6,11.8,15.2,20,24.3,28.6,30.7,34.4,33.9,45.2,41.1,40.4,45.1,41.7,42.1,52.3,45.8,48.4,48,51.9,45.6,46.6,45.4,39,42,45.8,38.9,34.4,32.6,28.6,23.8,20.3,0,0
2871,일요일,2,241,이대,내선,15.8,11.9,9.7,11.6,14.4,20.3,25.1,29.2,29.2,35.2,34.4,34.4,32.6,45.5,45.4,40,45.7,45.6,36,43.3,39.7,40.3,46,41.4,41.6,31.5,34.6,34.8,30.9,33.3,32.3,38.2,40.1,38.6,36.6,37.4,15.8,0,0
2872,일요일,2,241,이대,외선,7,9,8.9,7.5,8,10.7,12.3,15.9,22.5,25.3,30.2,32.3,35.9,34.5,47.7,39.9,40.9,46.9,42.8,40.6,57,44.2,49.3,48.7,52.2,44.7,47.1,44.4,38.1,39.5,42.7,35.7,32.7,29.5,27.1,22.3,20.9,0,0
2873,일요일,2,242,아현,내선,16.1,12.3,10.2,12,14.8,19.6,25.8,30.5,29.8,36.1,35,35.6,32.5,44.9,47.2,40.8,46.7,45.6,35.3,43.7,40.1,38.8,48.7,40,41,32.8,34.2,33.8,30.6,32.2,31.9,37.4,39.1,37.8,35.8,42.3,18.4,0,0
2874,일요일,2,242,아현,외선,6.2,9.3,8.1,7.7,8.9,12.2,13.5,15.8,24.2,25.5,30.7,32.8,36.3,34.3,47.3,40,41.3,47.7,43,40.9,58,45,49.9,49.2,49,48.1,48,45.2,38.9,40.7,44.5,37.5,34.7,31.1,28.9,23.7,23,0,0
2875,일요일,2,243,충정로,내선,16.6,13.2,10.5,11.7,14.6,19.6,26,30.6,32,34.3,35.7,35.3,34.6,45.8,47.9,42.6,47.4,46.8,37.3,46.3,39.6,39.4,49.5,40.8,41.5,33.5,34.4,33.9,31.7,32.8,31.5,37.3,37.9,38.7,30.5,44.3,18,0,0
2876,일요일,2,243,충정로,외선,5.5,9.1,8,7.5,8.5,12.1,13.2,15.9,23.5,25.9,30.1,32.4,36.5,33.7,46.1,39.4,40.8,47.6,43.2,41,58.4,45.7,51.4,49.1,49.5,50.7,46.3,45.8,38.9,43,45.6,36.5,36.1,30.1,31.4,29.5,17,0,0
2877,일요일,2,244,용답,내선,6.1,6.7,4.9,5.9,5.1,7.7,9.4,11.6,13.8,17.4,20,18.5,17.9,18,21.5,20.8,19.7,19,18.7,18.4,17.6,17.6,19,15.7,15.1,13.4,8,6.1,4.8,4.4,3.3,3.1,2.4,2.3,1.5,1.6,0.9,0,0
2878,일요일,2,244,용답,외선,0.8,2.4,3.2,3.6,3,5.2,5.7,7.4,8.8,10.5,10.6,10.4,9.5,10.2,12.1,11,11.4,11.1,11.2,10.8,12.4,11.1,13.6,14.5,14.1,13.6,12,12.4,14.2,13.4,11.8,13.8,11.9,10,8.3,6.4,3.4,0,0
2879,일요일,2,245,신답,내선,4.3,5.5,4.6,5.2,4.3,6.1,8,9.3,11.7,14.7,16.5,16,15.6,16.1,18.9,19.1,17.3,17.7,17.3,17.6,16.9,16.7,17.7,15.1,14.6,13.2,7.8,6.2,4.8,4.5,3.7,3.7,3,2.7,2.3,2.5,1.4,0,0
2880,일요일,2,245,신답,외선,0.9,2.3,3.5,3.4,3.2,5.6,6,8.1,9.6,11.4,11,10.8,9.9,10.3,11.6,11,11.4,10.8,10.7,10.5,11.4,10.5,12.3,12.9,12.5,12.3,10.4,11.3,11.7,11.8,10.2,11.9,10,8.9,7.3,5.6,2.8,0,0
2881,일요일,2,246,신설동,내선,2.5,4.3,3.5,3.7,3.9,4.3,6,7.5,9.7,12.3,12.4,12.9,12.3,13.4,15.3,16.2,14.1,14,15.4,14.3,13.6,15.4,15.1,13.3,13.5,13.1,7.2,5.8,4.3,4.7,3.5,3.4,3.3,2.9,2.5,2.2,1.5,0,0
2882,일요일,2,246,신설동,외선,0,0,0,0,0,0,0,0,0,0,0,0,0,0,0,0,0,0,0,0,0,0,0,0,0,0,0,0,0,0,0,0,0,0,0,0,0,0,0
2883,일요일,2,247,도림천,내선,3,5.2,4.4,4.3,5.5,8.7,9.2,8.5,9.8,10.2,9.6,9.5,11.7,11.5,12.9,13.9,18.2,17.2,17.8,20.9,24.6,23,25.4,26,30.4,21.6,29,24.8,20,20.5,21.9,19.4,22.6,13.5,19.3,17,8.7,0,0
2884,일요일,2,247,도림천,외선,11.8,11.5,12,8.7,11.7,14.4,20.3,22.4,25.2,25.1,24.8,22.2,22.7,28.4,24.2,22.5,26.4,22.5,19.4,17.6,17.2,17.3,17.2,16.3,15.1,13.2,13.4,10.5,8.6,8.7,8,6.4,6.5,6.1,5.4,4.9,2.4,0,0
2885,일요일,2,248,양천구청,내선,3.9,5,4.1,3.9,4.8,6.9,5.7,7.1,8.8,9.2,8.9,8.8,10.4,10,11,11.6,15.1,14.6,14.5,17,19.9,18.6,20.3,20.7,24,17.1,23.4,20,15.4,16.5,17.3,15,18.3,10.9,15.2,12.6,6.1,0,0
2886,일요일,2,248,양천구청,외선,11.8,11.2,11.8,8.6,11.6,14.4,20.3,22.1,25.1,24.8,24.4,21.9,21.8,27.8,23.6,22.1,26.2,22.1,19.1,17,16.9,16.9,16.8,16.1,14.6,12.8,13.2,10.5,8.7,8.8,8,6.4,6.5,6.1,5.4,4.9,2.4,0,0
2887,일요일,2,249,신정네거리,내선,3.9,4.2,4.1,2.9,3.7,4.4,5.4,6.9,8.4,8.7,8.1,7.9,9.1,8.4,9.3,9.9,12,11.5,10.2,12.3,14,12.8,13.6,13.8,14.9,11.2,13.5,13.1,9.6,9.8,11.2,9.4,11.2,8.2,8.9,6.8,3.9,0,0
2888,일요일,2,249,신정네거리,외선,10.1,9.2,9.5,6.8,8.8,12.9,15.7,18.9,19.7,19.1,18,17.2,17.3,17,17.6,18.9,20.6,17.3,15.9,14.2,14.8,13.6,14.3,12.9,12.1,11.7,10.1,9.5,7.8,8.3,6.8,6.4,6.2,5.9,5.4,4.9,2.4,0,0
2889,일요일,2,250,용두,내선,3.3,5,4,4.4,4.6,5.5,7.4,9.1,11.2,14.2,15.4,14.8,14.5,15.2,17.5,18.1,16.3,16.5,17.6,16.5,15.7,17,17.1,14.8,14.5,13.6,7.9,6.3,4.7,4.8,4,3.6,3.3,3,2.5,2.6,1.5,0,0
2890,일요일,2,250,용두,외선,1,2.2,3.1,3.3,3,5.3,5.7,7.6,9.1,10.9,10.3,10.2,9.9,8.2,10.3,9.3,9.7,9.6,9.4,9.2,9.8,9.4,10.2,11.3,10,11.5,9.3,10.1,10.1,10.4,8.7,10.4,8.7,8.1,6.5,4.8,2.4,0,0
2891,일요일,2,260,까치산,내선,0,0,0,0,0,0,0,0,0,0,0,0,0,0,0,0,0,0,0,0,0,0,0,0,0,0,0,0,0,0,0,0,0,0,0,0,0,0,0
2892,일요일,2,260,까치산,외선,5.9,6,5.6,4.3,6.5,8.4,9.7,11.9,13,11.9,11.5,10.8,11.4,11.2,11.2,11.9,12.1,11.7,11.4,10,11,10.7,11.7,10.8,10.6,10.1,9,8.2,7.2,7.6,6.3,5.8,6.2,5.2,5.4,5,2.1,0,0
2893,일요일,3,309,지축,상선,10.1,7.1,7.1,7.7,9.2,11.8,10.6,19.9,23.5,17.9,14.8,19,18,24.7,26.5,29.4,32.1,33.5,36.1,28.7,37.4,41.6,43.4,43.3,31.2,33.4,43.3,32.1,34.2,23.4,28.1,19.6,20.8,29.9,19.8,21.8,20.3,0,0
2894,일요일,3,309,지축,하선,24.6,12.7,13.4,15.3,21.3,28.7,23.5,37.4,37.9,40.5,35.9,31.4,41.9,42.1,35.3,35.9,41,38,35.8,34.8,33.9,34,33.1,31.2,33.8,20.7,23.1,21.8,20.8,12.2,16.7,9.5,11.9,15.8,9,8.5,4.5,0,0
2895,일요일,3,310,구파발,상선,10.1,7.6,4.5,3,5.5,7.3,6.1,13.3,8.9,12.8,11.6,12.5,9.6,15.4,11,18.7,13.5,21.1,15.6,20.6,16.5,26.4,18.5,26.6,18.3,21.6,28.7,16.1,21.6,12.8,22.7,20.8,13.4,15.8,16.6,10.9,0,0,0
2896,일요일,3,310,구파발,하선,2.3,11.2,6.6,10.8,11.7,19,21.8,25.7,26.3,28.2,30.8,29.7,20.7,29.7,20.8,26.7,21.5,27.5,20.1,26.3,19.4,25.8,19.2,23.5,18.5,20.6,17.4,12.1,14.6,9.7,11.8,11.4,10.4,9.7,7.5,9,3.9,0,0
2897,일요일,3,311,연신내,상선,10.4,8.7,5.2,4.7,7.4,8.2,10.8,15.6,15.2,14.9,15.7,16,15.1,16.4,17,19.7,20.4,22.1,22.6,20.9,24.2,26.5,27.7,26.6,26.3,25.9,29.6,23.6,22.7,19,22.8,24.6,19.8,17.4,16.8,12.8,4.7,3.3,0
2898,일요일,3,311,연신내,하선,5.9,11.1,9.5,9.2,14.8,19.8,24.5,24.6,29.6,30.8,34.4,32.1,25.6,24.7,26.7,24.8,27.9,23.2,25.7,20.4,25.7,19.8,23.3,17.8,21.6,17.6,13.9,15,11.4,12.2,9.6,10.9,9,9.1,8.2,8.8,7.2,0,0
2899,일요일,3,312,불광,상선,9.7,9,5.1,5.5,7.6,8.8,12.5,17,17.1,16.5,17.4,17.4,17.2,18.2,18.9,21.7,23.6,25.7,25.4,24.9,28.9,31.2,33.7,32.8,33.6,33,36.4,29.4,28.2,24.2,29.3,31.5,25.9,23,20.7,16.7,9.1,5.8,0
2900,일요일,3,312,불광,하선,8.7,13,10.9,11.4,18.6,22.3,28.5,30.2,34.7,36,39.7,37.9,30.1,30,32.7,27.9,32.8,27.7,29.3,24.8,29.2,24,26.8,20.9,24.1,19.9,15.6,16.7,13,13.2,10.7,11.8,10.5,10,8.4,9.3,7.4,0,0
2901,일요일,3,313,녹번,상선,8.8,7.9,4.9,5.8,6.8,8.7,12.4,16.3,17.4,17,16.5,16.5,18,17.6,19.2,21.5,23.6,24.9,25.4,24.2,30.4,32.4,33.3,32.9,34.3,34.5,37.2,30.8,27.6,25.3,30.9,32.8,26.3,23.9,20.6,17.3,9.3,0,0
2902,일요일,3,313,녹번,하선,10.5,14.3,11.9,13,20.5,25.1,31.3,34,38,39.8,41.3,44.2,32.9,33.2,35.1,30.5,35.1,29.9,30.8,26.2,30.2,25.1,27.4,21.6,24.3,20,15.7,16.7,13.1,13.2,10.7,11.6,10.1,9.8,8,9.1,6.8,0,0
2903,일요일,3,314,홍제,상선,8.1,6.7,5.2,6,6.8,9.1,12.8,16.9,17.2,17,16.5,16.4,17.9,17.6,19.4,22.1,24,25.5,26.4,25.4,32,34.6,35.4,35.5,36.6,37.4,40.7,33.6,30.5,28,34.2,35,29.1,26.9,23,18,10.2,0,0
2904,일요일,3,314,홍제,하선,12.4,15.8,11.9,14.7,20.8,29.4,31.2,37.5,42.6,42.5,42.1,48.6,37.3,39.5,37.3,35.5,34.1,37,30.4,31.3,29.5,30.4,26.7,26.4,22.6,22.2,18.1,15.8,14.9,13,11.7,10.8,10.3,11.1,7.3,8.9,5.9,0,0
2905,일요일,3,315,무악재,상선,6.8,6.8,5.3,6.3,7.5,9.5,13.3,17.8,18,17.4,17.4,17.4,17.6,18.7,19.9,23,25.2,26.7,27.4,28.9,33.4,37.2,37.5,40.5,39.2,41.2,44.1,34.8,33.6,30.6,40.6,37.9,32,29.7,25.8,20.3,12.2,0,0
2906,일요일,3,315,무악재,하선,12.8,16.1,12.1,15,21.3,30.3,32,38.7,43.5,43.8,43.3,50,38.3,40.5,37.6,37.1,34.9,37.6,31,31.6,29.9,30.8,27,26.6,22.8,22.2,18.2,15.8,14.9,13.1,11.7,10.7,9,11.8,6.9,9,5.8,0,0
2907,일요일,3,316,독립문,상선,6.3,6.9,5.4,6.4,7.6,9.6,13.4,17.8,18.4,17.8,17.6,17.6,17.8,18.8,20.1,23.3,25.6,27.3,28.1,29.5,34.2,38.2,38.6,41.4,40.3,43,44.9,35.7,34.5,31.4,41.6,38.8,32.3,30,25.4,20.2,12.8,0,0
2908,일요일,3,316,독립문,하선,10.3,16.3,13,14.3,20,30.2,32.3,39,43.6,44,47,47.2,39.6,42,39.6,38.7,36,38.9,32.6,34,31.4,32.4,28.6,28.1,23.6,22.8,18.4,16,15.1,13.2,11.8,10.5,10,11.8,6.8,8.9,5.6,0,0
2909,일요일,3,317,경복궁,상선,7,6.4,5.4,6.5,7.8,10.6,15.2,20.1,22.4,21.1,20,19.2,19,19.7,21,24.3,27.2,28.5,28.9,30.2,34.9,38.9,39.3,42,40.9,43.8,45.8,36.3,35.3,32.1,42.4,38.6,32.9,30.7,26.1,20.8,13.2,3.8,0
2910,일요일,3,317,경복궁,하선,11.8,14.2,13.5,13.3,19.6,27.5,31.7,37.7,45.5,41.2,47.9,47.7,45.5,40.3,47.7,40.2,44.9,42,46,41.7,45.5,41.9,46.2,40.9,40.7,32.3,26.9,25.7,19.7,19.9,15.6,15.8,15,15.2,8.8,10.9,7,0,0
2911,일요일,3,318,안국,상선,6.9,7.1,5.9,7.4,10.3,13.7,21.6,30.1,38.2,34.8,33.7,34.2,33.4,32.5,36.9,38.2,40.2,39.4,41,38,45.4,43.7,44,43.4,42.3,44.4,45.2,36.4,33.2,32.9,42.5,38.9,32.9,30.8,26.5,19.7,10.4,0,0
2912,일요일,3,318,안국,하선,11.9,13.7,13,13,19,26.7,30.7,37.3,43.9,41.3,47.2,48,45.7,41.9,48.6,43,47.6,47.1,51.2,50.4,55,54.3,59.4,55.5,54.6,45.7,36,34.1,26.4,26,20.6,20.3,18.8,17.4,13,10.4,6.9,0,0
2913,일요일,3,319,종로3가,상선,6.9,7.8,6.8,9.3,13.8,17,27.5,37.2,48.7,45.2,46.1,46.7,45.6,42.9,48.7,49.1,51.8,49.4,50,45,51.3,48.2,46.9,44.2,43,43.5,45.2,35.3,32.6,33.4,43.7,35.3,32.3,30,25.7,19.7,10.7,0,0
2914,일요일,3,319,종로3가,하선,10.4,11.1,9.3,10.4,12.6,21,23.9,29.5,34.1,33.1,37.3,38.1,35,32.3,37.2,35,36.4,38,41.2,40.6,44.9,43.4,48.2,45.6,43.1,40.8,30,26.9,23.8,22.2,18.7,17.6,16.9,15,10.6,8.6,5.3,0,0
2915,일요일,3,320,을지로3가,상선,4.4,5.5,4.8,7.2,9.8,13.8,19.6,26.6,35.5,33,35.3,36.5,35.9,33.1,37.8,39.1,40.9,37.3,38.7,35,38.7,36.9,36.8,33.9,33.5,35.4,35.5,27.5,26.1,26.8,35.1,28.9,25.9,23.3,20.8,15.1,9.2,0,0
2916,일요일,3,320,을지로3가,하선,9.5,9.7,8.1,9.5,10.7,19.1,20.8,23.8,29.3,30.6,31.3,33.2,30.1,28.7,30.7,31.6,32.3,35.6,34.8,38,39,38.5,43.6,42.7,37.8,36.6,28.1,25.1,24.3,20.9,20.4,17.2,17.4,16.3,11.8,9.7,6.6,0,0
2917,일요일,3,321,충무로,상선,3.9,4.9,4.6,6.7,8.9,12,16.6,22.7,29.5,28.3,30.8,32.4,32.8,30.2,33.8,35.2,36.7,32.5,34.4,31.9,35,33.5,34,31.8,31.9,33.6,34.2,25.5,24,24.7,31.1,25.3,22.6,20.2,18.4,13.3,8.4,0,0
2918,일요일,3,321,충무로,하선,9.8,12.2,9.6,10.8,12.3,22.3,23.4,27.5,29.5,33.2,32.5,37.1,34.2,30,31.5,31.8,33.3,37.1,35.6,38.8,39,39.4,41.4,41.7,36.3,35.9,28.2,25.4,23.7,22.1,20.1,17.6,18.3,16.6,12.1,9.4,6.3,0,0
2919,일요일,3,322,동대입구,상선,5.4,4.9,4.8,7.1,7.6,10.7,15,17.8,23.9,24.4,27.5,31.3,31,29.2,33.5,34.4,35.6,33.3,33.8,33.1,34.1,35.4,35.7,35,34.9,37.7,37.8,28.8,27.1,28.8,36,30.7,25.8,23.7,20,15.2,9.1,0,0
2920,일요일,3,322,동대입구,하선,9.7,11.1,8.6,9.5,10.7,17.8,19.7,25,25.8,29.7,28.1,34,30.4,27.2,29.5,28.5,32.3,35.2,34.5,37.8,38.3,38.6,41,41.2,36.2,37.7,31.6,26.9,24.3,22.9,20.5,19.4,18.6,17.9,13.7,9.4,7.4,0,0
2921,일요일,3,323,약수,상선,5.3,4.9,5,7.5,8.7,12.7,16.4,18.7,25.9,26,29.9,31.4,32.6,29.9,34.4,34.9,36.3,33.6,32.7,32.1,32.7,33.8,34.1,33.4,33,32.7,30.6,25.8,25.3,26.8,35.3,27.4,24.5,21.6,19.2,14.8,9.3,0,0
2922,일요일,3,323,약수,하선,14.2,14.2,10.7,10.1,12.6,19.3,23.2,29.1,29.5,33.9,31.9,37.5,35.2,29.7,34.8,31.7,36.5,37.6,36.7,41.1,42.4,40.7,46.1,44,39.8,39.7,34.6,29.5,25.1,25.6,21.6,21.4,19.4,19.1,14.4,10,9.9,0,0
2923,일요일,3,324,금호,상선,8.5,6.4,6.2,8.5,9.1,13.2,17.1,19.1,26.3,26.9,31.3,33.5,35.1,32.3,37.7,38.2,38.9,36.5,34.9,34.8,36.2,37.5,38.3,37.6,37.1,38.4,32.6,29.7,29.1,31,40.3,31.3,28.6,25.8,23.1,17.1,10.4,0,0
2924,일요일,3,324,금호,하선,14.8,14.4,10.9,10.3,12.9,18.8,23.3,28.8,30.9,32.4,33.2,36.7,35.5,29.7,34.6,32,36.5,36.7,37.6,40.8,41.7,41.5,43.2,42.6,40.5,39,33.9,29.1,24.5,25,21,20.7,18.8,18.4,13.9,9.6,9.3,0,0
2925,일요일,3,325,옥수,상선,7.9,5.9,6.5,7.9,9.2,13.2,16.3,20.3,24.6,26.9,31.1,32.9,33.5,31.7,37.9,37.6,38.3,36.1,34,35.6,35.9,37.4,38.2,38.5,36,41.1,32.7,31.3,27.7,32.7,41.3,32.9,27.6,26.3,23.6,17.5,10.9,0,0
2926,일요일,3,325,옥수,하선,16.2,14.4,13,11,13.9,20.8,26.2,31.7,34.3,35.7,36.7,39.1,40.4,32.6,37.7,34.7,39.8,39.2,40.7,43,43.9,43.1,45.4,44.5,43.6,40.7,35.4,30.2,25.6,25.8,21.5,21.6,19.5,18.6,14.2,9.8,9.4,0,0
2927,일요일,3,326,압구정,상선,8.3,6.1,6.8,8.5,9.7,13.8,16.7,20.5,24.8,26.9,31.5,33.6,34.4,33.1,39.8,39.4,40,38.4,36.4,38.7,38.9,41,41.4,42,40.1,45.3,36.6,35.6,31.1,36.9,47.3,37.2,31.2,29.7,25.3,18.7,11.9,0,0
2928,일요일,3,326,압구정,하선,5.5,14.6,11.9,9.8,11.8,17.6,22.6,27,28.8,31.1,31.9,34.8,36.7,30.9,36.9,34.3,36.2,38.6,41.1,43,43.6,44.1,45.8,45.6,44.8,43.1,38.8,30.7,28.7,26.9,27.2,24.4,22.1,20.7,16.1,10.4,8.7,0,0
2929,일요일,3,327,신사,상선,7.8,6.5,7.6,9.4,11,16.1,20,24.5,27.3,29.2,34.4,37.2,37.1,34.2,40.1,40.5,41.2,38.1,35.3,37.7,37.6,39.3,39.1,39.6,38.2,41.3,32.9,32.6,28.5,33.9,39.4,31.7,28.3,26.2,24,17.9,8.2,0,0
2930,일요일,3,327,신사,하선,6.6,12.7,10.4,9,9.8,14.8,18.9,20.6,23.9,22.9,25.3,28.4,29.8,25.1,29.8,29,29.8,33.9,34.5,35.7,36.3,39,39.1,40.3,38.5,37.1,33.1,27.3,25.2,25,25.8,22.6,21.5,19.7,14.9,10.7,7.8,0,0
2931,일요일,3,328,잠원,상선,6,5.5,6.4,7.9,9.4,13.3,17,21.4,25.1,26.2,30.9,31.6,33.3,31.4,34.7,35.7,36.5,32.8,31,33,34.2,33.8,34.2,34.3,34.2,36.1,29,26.6,24.3,30.3,33.5,26.3,22.1,21.7,18.6,13.6,5.2,0,0
2932,일요일,3,328,잠원,하선,6.8,12.7,10.5,9.1,9.9,14.9,18.4,20.6,24.3,23.4,25.6,28.8,30.2,25.9,30.2,29.5,30.1,34.1,34.4,35.6,36.2,39,39.1,40.2,38.5,37,32.8,27.1,25.1,24.9,25.7,22.4,21.3,19.5,14.7,10.5,7.5,0,0
2933,일요일,3,329,고속터미널,상선,5.9,5.5,6.2,7.8,9.3,13.2,17.5,21.3,25.2,25.9,30.5,31.2,33.1,30.6,34.4,35.4,36.4,32.7,31,32.9,34.2,33.9,34.2,34.3,34.2,36.6,29.2,26.8,24.4,30.6,33.8,26.5,22.4,22.1,19,13.8,5.6,0,0
2934,일요일,3,329,고속터미널,하선,6.9,14,10.9,10.1,10.6,16.2,20,21.9,25.4,23,24.5,26.7,30.3,25.3,30.6,29.1,31,32.3,34.1,33,34.6,37.9,39.3,37.8,38.4,36.6,34.5,30,28,27.7,28.6,24.3,22.9,22.3,17.2,12,8,0,0
2935,일요일,3,330,교대,상선,6.3,5.9,7.2,8,9.4,14,17.9,20.6,25.5,25.3,30,31.6,33.4,31.3,35.2,37.6,37.6,34.4,30.9,34.2,35,36.2,35.4,35.3,35,38.1,28.2,25.5,22.3,26.2,25.4,23.7,20.2,20.6,15.4,11.1,4.8,0,0
2936,일요일,3,330,교대,하선,8.7,14.3,10.2,8.9,9.8,15.4,18.5,18.5,22.3,21,22,20.3,26.2,21.8,25.2,24.7,27.1,27.4,28.1,27.4,30.4,31.9,32,30.6,32.4,31.1,28.7,25.2,23.8,22.3,22.6,18.5,17,17.5,13.5,9.7,6.9,0,0
2937,일요일,3,331,남부터미널,상선,4.8,4.9,6.5,7.2,8.6,11.7,15,19,21.1,23.1,25.5,26.9,26.4,27.4,29.1,32.3,28.8,28,25.4,28.1,28.1,30.3,28.2,29.8,29.6,30.9,21.5,21.3,17.6,22.5,20.4,20.1,16.5,17.1,12.9,9,3.9,0,0
2938,일요일,3,331,남부터미널,하선,7.2,10.8,8.3,7.1,8.1,12.4,15.5,16,18.2,16.2,17.1,16.5,20.6,16.6,18.9,18.3,19.7,19.8,21.3,22.1,22.6,25.1,25.5,25.1,26,25.7,23.9,21.2,19.2,18.8,20,16.6,14.7,17.5,11.9,8.7,6.7,0,0
2939,일요일,3,332,양재,상선,4.8,4.8,6,6.6,8,11.6,13.2,17,18.6,19.9,21.9,22.5,21.8,23.3,25.6,27.7,25.1,23.1,21.2,22.6,23.3,24,22.8,22.7,23.4,22.9,14.9,14.8,12.6,15.9,14.1,15.2,11.6,12.4,9.8,6.6,3.5,0,0
2940,일요일,3,332,양재,하선,4.2,8.6,5,5,5,8.4,10.6,11.7,13.1,12.3,11,11.7,14,13.3,13.7,15.5,14.1,14.3,17.6,18.4,18.5,21.5,19.3,22,22.3,21.8,19.8,17,16.2,15.3,15.3,13.8,12.1,14.4,9,7,6.2,1.1,0
2941,일요일,3,333,매봉,상선,4.4,4.7,6.2,6.2,7.7,10.7,13.4,16.2,17.2,18.7,19.5,20.6,18.9,18.4,23.4,22.5,20.9,18.2,16.3,17.8,17.4,17.7,17.4,16.9,18,15.1,10.9,9.5,8.6,10.1,9.6,10.6,8.4,9.8,7.9,5,3.5,0,0
2942,일요일,3,333,매봉,하선,4.6,7.8,4.6,4.9,4.8,7.9,9.8,10.6,12,11.8,10,11.3,13.4,12.5,13.2,14.9,13.5,13.7,17,17.5,17.9,20.4,18.8,20.8,21.1,20.8,19.1,16.2,15.5,14.7,14.9,13.5,11.7,14.2,9.7,7.1,5.2,0.8,0
2943,일요일,3,334,도곡,상선,4.3,4.5,6,5.9,7.4,10.3,13.3,15.8,16.8,18,19,19.6,18.2,17.6,22.8,21.9,19.9,17.1,15.3,16.5,16.4,16.5,16.4,16,17.5,14.5,10.8,9,8.3,9.9,7.6,9.2,7.3,9.5,7.5,4.9,3.7,0,0
2944,일요일,3,334,도곡,하선,4.2,7,3.9,3.9,4.1,6.3,8.5,8.9,10.3,10.4,8.3,8.3,11.1,10.7,11.4,13,11.5,11.6,14.5,14.8,14.7,17.3,15.6,17.6,18,17.7,16.8,14.2,12.9,12.9,11.9,12.1,10.6,11.3,8.9,6,4.5,0,0
2945,일요일,3,335,대치,상선,4,3.6,5.1,5.2,6.9,8.9,11.6,13.5,14.8,15.2,16.4,16.9,15.6,14.9,19.6,18.6,16.7,14,12.5,13.6,13.7,14,13.5,13.4,14.4,11.8,8.9,7.5,7,8.2,6.3,7.4,5.8,7.8,6.7,4.2,3.6,0,0
2946,일요일,3,335,대치,하선,4.4,6,3.7,3.8,3.8,4.9,7.2,7.3,8.6,9.2,8.2,7.4,9.9,9.2,10.3,10.8,10.3,10.9,12.5,13.1,13.9,14.6,14.8,17.3,15.9,16,15.6,12.8,12.3,11.8,11.3,12.4,10,11.7,8.3,5.3,3.9,0,0
2947,일요일,3,336,학여울,상선,3.2,3.7,4.4,4.5,6.3,8.2,11.3,12.6,14.3,14.1,15.1,15.3,14.3,13.4,18,16.7,15.4,12.2,11.4,12.2,12.3,12.2,11.9,11.1,12.4,10.1,8,6.4,6.2,6.6,5.5,6.1,4.1,4.7,5.9,3.8,3.4,0,0
2948,일요일,3,336,학여울,하선,4.6,6.9,3.6,3.8,3.6,4.8,6.7,6.6,7.8,8.5,7.6,6.9,9.4,8.8,10,10.3,9.9,10.5,12.2,12.9,14,14.6,14.6,17.3,15.8,15.8,15.4,12.5,12.1,11.7,11.1,12.2,9.9,11.6,8.1,5.2,3.7,0,0
2949,일요일,3,337,대청,상선,2.9,4,4.2,5,6,8.5,11.2,14.4,13.5,14.2,15.5,15,13.4,15.1,16.6,16,14.6,11.1,10.9,11.8,11.2,11.9,10.3,10.9,11.7,9.4,7.4,6.3,6,6.4,5.4,6,4.1,4.6,6,3.8,3.5,0,0
2950,일요일,3,337,대청,하선,4.9,6.9,3.6,3.7,3.5,4.7,6.5,6.6,7.6,8.4,7.4,6.9,9.1,8.6,9.4,9.8,8.8,9.8,10.9,11.6,13,13.2,12.9,15.6,13.9,13.9,13.4,11,10.3,10.1,9.7,10.6,8.5,9.8,6.3,4.3,4.3,1.1,0
2951,일요일,3,338,일원,상선,2.5,3.6,3.6,4.4,5.2,7.3,9.9,12.6,11.7,12.4,13.9,13,11.5,13.2,14.8,14.3,13.2,9.9,9.8,10.8,10,10.9,9.4,10.2,11.2,9,7.2,6.1,5.8,6.2,5.5,6,4,4.3,5.6,3.7,3.8,0,0
2952,일요일,3,338,일원,하선,4.9,5.9,3.2,3.2,3.4,4,5.7,5.9,7,7.5,7,6.1,8.8,8.6,9,9.6,8.2,8.7,10.6,11.1,10.7,12.9,13.5,12.9,13.4,13.5,12.4,10.1,10,8.6,8.2,10,7.9,8.8,6.4,3.7,3.8,0.8,0
2953,일요일,3,339,수서,상선,3.1,2.9,3.6,4.3,5,7.9,10.3,11.4,10.9,12.1,13.7,11.1,10.6,11.9,13.1,13.3,11.3,8.7,8.9,9.7,9.6,9.5,8.7,9.3,10.2,8.2,6.4,5.6,6,6,5.7,5.2,4.4,3.9,5.6,3.6,3.7,0,0
2954,일요일,3,339,수서,하선,5,4.1,2.4,2.1,2.8,3.5,5.1,6,6.6,8.4,9.4,7.5,8.7,10.2,9.7,10.9,8.7,7.8,9.9,10.8,11,13,12.1,11.4,12.2,13.2,10.7,8.7,8.7,7.6,7.5,10,7.1,7.4,8,3.8,4.1,0,0
2955,일요일,3,340,가락시장,상선,5.5,8,4.3,4.6,5.3,7.5,9.6,13.2,10.8,11.3,10.8,9.4,10.6,13.3,11.6,12,11.1,8.4,9.6,10,10.2,9.3,9.6,9.8,9.8,8.7,8.1,6.3,6.6,7.6,7.7,8.7,7.3,5.9,3.3,2.7,2.7,0,0
2956,일요일,3,340,가락시장,하선,0,2.9,1.7,1.5,1.6,2.1,3.6,3.7,4.6,5.7,5.1,4.1,4.5,5.2,5.5,6.5,5.2,4.5,6.3,6.2,6.7,8.9,6.8,7.4,9.8,7.8,7.3,5.4,6.7,5.5,7.9,6.8,5.4,6.9,6.7,5.3,4.1,0,0
2957,일요일,3,341,경찰병원,상선,3.8,5.2,2.9,3.1,3.6,4.9,6.3,7.7,7.1,7.1,6.6,6,6.6,7.9,7.7,7.9,6.9,5.1,5.8,5.7,5.6,5.2,5.2,5.5,5.6,4.1,4.1,3.2,3.5,4.2,4.9,5.9,3.8,3.3,1.8,1.6,0,0,0
2958,일요일,3,341,경찰병원,하선,0,2.3,1.3,1.3,1.5,1.7,3.1,3.4,3.4,4.7,5.2,3.3,3.7,4.7,4.2,4.6,5.1,3.7,4.2,5.2,6.4,5.4,6.2,6.6,6.9,5.5,6.4,4.1,5.4,4.4,5.4,5.1,4.4,5.4,5.1,3.8,2.8,0,0
2959,일요일,3,342,오금,상선,3.3,4.4,2.4,2.4,2.9,3.8,5.2,6,5.5,5.5,5,4.5,5.4,6,6,6.5,5.2,4.1,4.8,4.4,4.6,4.3,4.5,4.6,4.9,2.9,3.6,2.7,2.9,3.3,4.6,5.4,3.1,2.8,1.5,1.4,0,0,0
2960,일요일,3,342,오금,하선,0,0,0,0,0,0,0,0,0,0,0,0,0,0,0,0,0,0,0,0,0,0,0,0,0,0,0,0,0,0,0,0,0,0,0,0,0,0,0
2961,일요일,4,409,당고개,상선,0.2,2,1.5,0.8,1.4,0.6,1.6,2,1,1.7,3.1,2.1,2,2.8,2.5,1.3,3.2,4,1.6,4.1,4.5,3.1,4.6,3,6.9,5.1,4.8,5.8,3.4,3.1,7.7,3.8,4.6,3.1,3,4.6,2.2,0,0
2962,일요일,4,409,당고개,하선,2.7,1.9,2.4,3.3,3.9,6.2,8.5,7.5,9.3,11.5,7.6,10.1,6.3,5.6,7,8.3,5.4,7.7,6.1,7.1,4.5,7,4.6,5.6,7.2,3.6,4.8,3.2,2.1,3.2,3,1.9,1.7,2.2,1.8,2.4,0,0,0
2963,일요일,4,410,상계,상선,0,3.8,2.5,1.9,2,2.5,3.4,4.2,5.5,4,4.5,3.8,3.9,3.5,4.2,4,4,5.3,4.6,5.4,5.3,6.5,6.7,7.4,6,8.7,7.5,6.5,7.8,7.1,7,7.1,6.1,6.1,4.9,4,3.1,0,0
2964,일요일,4,410,상계,하선,5.3,3.7,4.4,5.9,6.9,10.2,13.5,13.6,15.3,16.7,14.7,15.3,10.1,12,11.4,12.9,9.7,11.7,9.2,10.8,8.9,9.2,8.4,9.4,10.1,7.9,6.6,5.8,4,4.7,4.5,3.8,2.9,4.1,4.1,4.2,0,0,0
2965,일요일,4,411,노원,상선,0,6,3.7,2.8,3.1,3.8,5.7,6.9,8.6,6.3,7,5.9,6.9,5.6,6.8,6.5,6.9,8,7.8,9.1,8.6,10.5,11.2,12,10.2,14.1,12.3,10.6,12.4,11.3,11.4,10.9,10.1,10,8.2,6.7,6.2,0,0
2966,일요일,4,411,노원,하선,6.3,5.4,6.4,8.1,10.2,14.8,17.7,18.1,20,22.8,20.3,19.9,12.2,17.6,15.9,18.5,14.8,15.9,13.8,13.7,14.4,12.6,14.6,14.1,14.6,13.3,10.6,10.2,7.5,8.1,9.5,8.2,6.4,8,8.8,8.7,0,0,0
2967,일요일,4,412,창동,상선,0,11.6,5.7,4,5,6.2,8.8,10.7,12.4,10.3,11.7,11,10.8,10.1,11.7,11.5,11.8,12.9,12.4,14,13.4,16.2,16.6,18.8,16.2,20.2,18.9,15.7,17.7,16.6,16.6,15.7,14.3,13.8,11.9,10,8.9,5.1,0
2968,일요일,4,412,창동,하선,10.6,9.5,9.4,12.2,15.9,21.8,23.9,30.8,31.8,29.2,34.6,29.1,22.9,27,23.1,28,21.9,24.3,20.4,20.9,21.6,18.7,23.2,21.6,20.6,25,16.4,14.6,13.5,10.4,12.6,12.1,8.8,10,11.8,9.5,11.4,0,0
2969,일요일,4,413,쌍문,상선,0,14.6,8.1,6.2,7.7,11.1,14,17,18,16,17.3,16.5,15.9,14.5,16.1,16.4,17.2,18.1,18.5,20.4,19.4,24,23.6,27.6,23.3,27.4,28.5,23.8,27.2,26.5,26,25.7,24.4,21.5,18.8,15.9,13.7,0,0
2970,일요일,4,413,쌍문,하선,13.9,12.1,12.2,15.2,20.1,27,30.5,38.1,38.4,36.4,41,35.6,27.6,30.9,27.8,31.5,26.6,26.8,23.1,23.5,24.2,20.8,24.7,23,21.7,25.6,17.1,15.6,14.1,10.8,12.6,12,8.7,9.7,11.3,9.4,10.4,0,0
2971,일요일,4,414,수유,상선,16.6,13,8.8,6.6,7.7,11.1,14.4,16.5,17.3,16.4,17.6,16.5,15.9,14.3,17.2,17.2,18.4,19.1,19.8,21.9,24.3,27,27.8,30.7,28.1,31.3,35.3,28.3,32.9,32.3,32.1,31.9,30.6,27,23.9,20.5,17.6,0,0
2972,일요일,4,414,수유,하선,18.3,14.6,15.3,17.7,22.5,28.7,37.7,41.3,45.2,45.6,45.2,41.6,33.3,35.1,33.4,35.8,32.6,28.5,29.3,25.6,26.3,23.5,27,23.9,24.8,26.3,20,17.9,15.4,11.5,13.6,11.8,10.2,9.9,12,9.8,9.4,0,0
2973,일요일,4,415,미아,상선,14,13.1,9.1,6.4,8.3,10.4,15.3,16.5,17.1,17.2,17.7,16.7,16.6,14.7,18.3,17.9,21.1,20.8,21.9,25.6,27.1,31.1,31.6,35.2,32.5,35.2,39,34.3,39.3,37.6,38.4,38.2,38.5,33,30,25.4,23.4,0,0
2974,일요일,4,415,미아,하선,20.4,15.6,16.3,18.7,23.9,30.7,39.8,44.3,47.7,47.7,46.5,43.9,37.5,34.8,36.2,37.1,34.5,30.2,30.6,26.7,27.6,24.6,27.6,24.7,25.4,27.2,20.5,18.6,15.8,11.9,13.7,11.8,10.8,9.5,11.9,9.5,8.6,0,0
2975,일요일,4,416,미아삼거리,상선,12.5,13.5,9.2,6.7,8.3,10.3,15.2,16.4,16.3,17.6,18,17,17,15.7,18.1,17.7,21.2,21.9,23.6,26.6,27.5,34.7,33.3,37,34.6,38.6,39.9,38,40.5,38.4,42.4,44.1,35.6,35.3,29.6,28.9,24.3,0,0
2976,일요일,4,416,미아삼거리,하선,22.8,17.1,17.9,20.5,26.4,34.3,43.6,48.9,50.7,51.8,49.7,48,40,36.1,40.1,39.4,38.7,33.2,34.3,28,30.3,25.8,29.8,26.2,25.5,27.3,22,19.4,16.4,12.7,15.1,12.5,11,10.5,10.2,10.3,8.1,0,0
2977,일요일,4,417,길음,상선,11.3,14.1,9.5,6.8,8.4,10,15,16,16.1,17.7,18.2,18.1,17.6,17.2,18.7,19.5,22.4,23,25.6,28,30.8,37.1,38.4,39.3,38.2,41.7,43.5,41.4,43.8,41.6,44.6,48.1,39.4,38.9,32.7,31.9,26.8,0,0
2978,일요일,4,417,길음,하선,27.5,17.5,19,20.4,25.8,38,41.7,54.4,55.2,55.8,52,55.3,44.9,38.7,44.4,40.9,41.1,35.8,36.6,30,32.4,27.6,31.9,27.9,26.7,27.2,24,20.7,17.9,13.6,15.4,13.4,11.1,10.4,10.1,10.2,7.4,0,0
2979,일요일,4,418,성신여대입구,상선,9.7,13.9,8,8,7.9,11.7,16.1,17.4,15.8,18.5,19.2,18.7,17.5,18.2,20.3,21.3,25.6,23.6,28.4,29.7,36.4,37,41.3,42.1,39.2,48.7,46.3,44.1,48.1,46.4,49,50,46.1,39.5,36.1,35.1,29.8,0,0
2980,일요일,4,418,성신여대입구,하선,29.4,19.5,20.8,22.4,28.3,41.8,45.8,60,60.4,62,57.9,61.6,51.9,42.2,50.4,46,48,39.1,41.8,33,38.3,32,33.6,33.9,29.5,30,26.7,23.1,20.5,15.6,17.2,15.5,13.1,11.7,12.8,11.8,7.5,0,0
2981,일요일,4,419,한성대입구,상선,9.2,14.3,8.6,8.7,8.8,13.3,18.6,19.8,17.7,20.5,21.3,20.7,19.3,19.6,22.2,23.2,28.1,25.8,31.1,32.2,40.7,39.5,47.2,45.9,43.6,53.5,51.5,50.2,54,52,54.4,56.4,51.8,43.7,40.9,40.1,30.9,0,0
2982,일요일,4,419,한성대입구,하선,23.4,20.2,21.4,23.4,29.1,43.1,47.1,62.3,61.9,63.8,59.6,63.9,53.6,44,52.5,48.2,49.9,41.3,43.7,34.9,40.5,33.9,35.5,36.4,31,32.6,27.5,24.2,21.2,17.5,17.1,16.6,13.7,12.3,13.3,13.2,9,0,0
2983,일요일,4,420,혜화,상선,8.6,14.6,8.8,9.2,9.1,14.7,19.8,21.2,19.4,22.5,22.7,22,21.8,20.6,23.9,24.2,29.4,27,32.7,33.5,42.5,40.9,49,47.2,46.7,55.2,53.3,51.8,55.7,53.6,56.1,58.4,53.8,45.6,42.8,41.8,26,0,0
2984,일요일,4,420,혜화,하선,24.9,20.1,20.3,23.7,27.7,41.1,46.1,60.8,60.7,62.6,66.3,63.5,56,43.2,54.1,44.6,51.5,41.7,46.5,43.2,48.9,43.9,48,46.5,42.5,49.7,38.7,32.7,35.7,35,29.6,29.5,26.3,23.7,22.5,24.6,12.6,0,0
2985,일요일,4,421,동대문,상선,11.5,16.2,11.4,11.1,11.1,16.6,22.2,26.2,23.7,30.1,31.2,32.5,36.6,34.4,40.2,42.4,47,38.3,46,40,52.2,45.4,57.6,53.5,53.9,59,52.4,55.6,52.2,53.8,56.5,57.7,48.6,46.3,41,41.4,27.9,0,0
2986,일요일,4,421,동대문,하선,25.6,19.8,19.9,23.5,27.3,40.5,46.4,61.5,60.7,61.1,65.8,62.9,55.4,42.9,53.2,45.4,51.8,42.9,49,45.2,51.6,46.8,51.1,50.1,45.5,53.5,42,33.6,36.5,35.8,31.2,30.5,27.1,24.4,22.8,24.3,11.6,0,0
2987,일요일,4,422,동대문역사문화공원,상선,10.4,15.1,12,11.4,11.9,17.4,24,28.7,26.7,34.5,35.9,38,40.2,38.4,43.7,44.5,49.3,40.1,47,40.4,51.8,44.5,56.7,52.8,53.4,59.2,53.4,56.8,53.9,54.5,57.8,58.4,48.9,47,40.7,45,29.4,0,0
2988,일요일,4,422,동대문역사문화공원,하선,19.5,15.3,15,19,21,31.8,38.2,49.6,50.9,49.1,52.6,52.1,47.9,34.5,44.9,37.7,43.4,36.7,42.6,39.2,45.4,41.9,44.1,45.5,41.3,49.6,39.9,33.5,33.7,33.1,29.7,29.3,25.5,22.2,20.2,20.7,11.3,0,0
2989,일요일,4,423,충무로,상선,7.1,9.3,7.9,9.3,9.3,17.1,20,24.9,25.1,32.2,33,39.9,34.1,35.7,37.3,39.7,41,34.6,39.7,35.6,42.3,40.9,46.1,41.5,45.2,48.4,44.1,47.1,45.6,45.6,46,45.6,39.2,35.8,32.5,33.3,23.4,0,0
2990,일요일,4,423,충무로,하선,18.8,13.2,12.4,15.4,17.5,23.3,32.1,40.7,46.4,43.3,48.9,46.6,47.5,34.2,41.5,36,41,33.7,41.6,38.7,46.1,42.2,45.7,47,43.9,50.2,46,34.4,37.4,31.6,29.2,31.9,25.4,21.9,18.7,19.4,10.7,0,0
2991,일요일,4,424,명동,상선,5.6,8.1,7.5,9,9.9,18.2,21.1,26.3,28.5,34.5,37.1,42.1,36.7,37.8,38.7,39.2,42,35.6,40.8,35.7,41.7,38.9,43.3,38.4,42.3,44.3,39.7,45,41.5,41.8,39.3,40.8,37.4,32.6,30,31,23.3,0,0
2992,일요일,4,424,명동,하선,18.7,12.4,11,13.6,15.4,20.9,28.3,36.9,40,38,40.2,40.4,40.4,30,35.4,31.4,35.8,30.3,37.5,36.2,42.1,40.5,40.2,43.5,39.9,46.8,43,33.7,35.7,32.4,30,33.3,27.1,25,22.1,22.6,10.1,0,0
2993,일요일,4,425,회현,상선,5.8,9,8.5,9.3,10.4,18.8,22.4,26.9,29.9,35.9,40.4,45.5,38.5,40,41.3,41,42.8,35.6,39.6,33.8,39.8,35.8,40.3,35.1,38.5,39.7,35.8,39.2,36.5,34.7,32.7,33,30.3,23.8,21.5,22.4,19.5,0,0
2994,일요일,4,425,회현,하선,11.9,14,10.4,12.8,13.9,19.3,25.6,33.5,34.5,33.9,35.7,36.5,37,26.6,33.6,29.1,35.4,30.1,35.9,35.6,40.3,41,39.5,45,42.1,47.1,44.8,36.4,37.4,33.6,34.3,34.2,27.2,25,21.8,25.5,11.3,0,0
2995,일요일,4,426,서울역,상선,5.4,10,7.9,9.4,10.7,19.2,23.6,28.2,34.2,38,44,44.8,42.4,39.9,42.4,41.8,41.9,36.4,36.8,33.3,36.5,34.7,39.6,33.3,35.2,37,33.6,36,34,32.3,27.7,31.6,29.8,23.4,22.2,21.1,19.4,0,0
2996,일요일,4,426,서울역,하선,7.6,8,6.1,6.1,7.7,11.6,15.4,22.9,23.4,23.6,24.5,26.1,26.7,19.8,24.5,21.4,25.9,21.8,25.5,25.1,29.1,29.8,27.7,31.6,30.3,33,32.2,24.2,26.1,23.2,21.8,23.6,20.2,16.7,16.8,20.3,13.8,0,0
2997,일요일,4,427,숙대입구,상선,6.9,10.8,6.9,7.9,11.3,13.9,18.1,21.1,24.3,28.8,32.6,30.9,30.5,29.3,29.4,30.2,28.6,27.6,29.7,24,26.1,25.8,30.1,24.7,26.1,26.8,25.2,25.4,22.7,20.6,20,19.7,17,16.8,13,11.9,9.1,0,0
2998,일요일,4,427,숙대입구,하선,8.5,7.9,6.2,5.9,7.1,10.8,13.9,21.3,23.3,23.2,24,24.5,25.9,20.2,23.1,21.3,25,21.8,24,24.7,28.2,29.7,27.7,31.3,29.6,32.9,31.7,23.9,25.8,23.4,22,23.3,19.9,16.6,16.6,18,12.7,0,0
2999,일요일,4,428,삼각지,상선,6.2,10.3,6.6,7.6,11.5,13.9,18.1,22.4,22.7,27.8,31.6,32.1,27.6,26.9,29.9,29.5,27.5,27,27.4,26.2,24.4,26.7,27.3,24.1,26.1,26.6,25.3,24.6,22.4,19.2,19.1,18.8,16.2,16.1,12.7,11.8,9,0,0
3000,일요일,4,428,삼각지,하선,17.1,9.6,7.1,6.8,8.1,12.2,15.6,23.9,25.8,24.5,24.5,25.4,25.8,20.3,23.1,22.6,25.9,23.5,24.2,26.7,28.7,32.1,29.1,33.2,31.4,34.2,33.6,25.2,27.2,25,23.3,25,21.5,18.7,18.1,19.4,13.3,0,0
3001,일요일,4,429,신용산,상선,6,13.9,7.7,8.8,12.1,14.3,18.7,23.2,23.3,29.8,34,34.6,29.9,28.7,32.2,31.5,29.3,28.8,28.6,27.5,25.8,28.3,28.7,25.5,28.2,28.5,27.7,25.6,23.1,19.8,20.2,19.9,17,16.5,13.1,13,9.8,0,0
3002,일요일,4,429,신용산,하선,16.9,9.3,6.6,6.2,6.8,10.2,13.6,20.5,24,22.2,22.7,23.5,22.2,19,20.6,20.7,23.7,22.2,22.1,26.4,26.4,31.5,28.1,32,30.7,33.5,34.3,27.2,28.4,26.3,24.7,27.7,23.3,21,19.5,20.5,13.6,0,0
3003,일요일,4,430,이촌,상선,5.8,12.7,7.6,10.5,11.5,17.8,19.3,23.9,26,29.6,34.8,36.3,31.2,29.2,31.4,33.7,28.8,30.4,28.3,27.7,26.2,26.7,27.6,24.8,27.9,24.8,29.2,22.2,18.6,18.4,16.1,15.7,14.5,12,10.9,11.1,9.1,0,0
3004,일요일,4,430,이촌,하선,18.6,9.6,7.5,7,7.6,10.8,15.2,22.6,26.4,25.2,24.7,25.8,24.4,21.6,21.5,22.6,23,24.4,23.4,27.6,28.3,33.7,31.8,36.1,33.3,36.8,37.7,29.4,30.8,27.8,27,29.9,25,22.9,22,19.9,17.1,0,0
3005,일요일,4,431,동작,상선,6.2,14,8.2,11.5,12.6,19.6,21.2,24.1,31,31.6,37,37.1,32.3,34.2,30.7,37.3,30,31.2,30.3,29.5,27.8,30,28.6,27.6,28,28.7,30.9,24.7,20.6,21.1,18.8,16.8,16.8,13.6,12.6,12.7,10.9,0,0
3006,일요일,4,431,동작,하선,0,12.6,8.3,7.3,7.8,10.6,14.3,22.4,29.1,25.9,25.3,25.6,26,22.9,21.4,23.6,22.9,24.7,23.7,28.8,27.5,34,32.5,36.7,34,35.4,40.3,32,30.3,28.5,28.5,30,27.7,23.2,23,20,17.7,0,0
3007,일요일,4,432,총신대입구,상선,11.8,10.6,10.7,10.7,15.4,21.7,20.8,28.5,28.9,37.5,38.1,34.5,33.3,32.9,32.4,37.5,28.3,35.2,28.2,30.9,26.9,29.4,30.4,25.8,29.1,32.9,29.6,24.5,22.4,18.8,18.8,18.9,14.5,13.8,11.6,13,11.2,0,0
3008,일요일,4,432,총신대입구,하선,0,15,9.7,8.6,9.1,13.1,17.4,27.8,35.6,30.6,28.3,28.8,28.6,27.5,22.8,25.3,23.9,27.9,24,28.3,27.7,33.9,31.2,36.2,36.2,34.6,40.6,33.8,30.6,29.9,29.7,30.9,28.5,24.4,21.8,22.5,16.7,0,0
3009,일요일,4,433,사당,상선,12.1,9.5,11.4,10.3,15.4,22.9,21,30.9,27.7,39,43.4,31.5,36.8,30.6,32,40.2,27.3,38.5,29.8,30.2,31.1,30.4,32.2,30.6,33.8,47.4,29,27.3,26.8,19.2,20.9,21.9,15.7,15.6,13.9,11.9,12.4,0,0
3010,일요일,4,433,사당,하선,6.8,9.1,6.9,5.4,7.6,14.5,14.7,36.6,35.1,34.6,34.3,22.5,30.6,25.9,16.7,27.9,17.9,29.2,21.4,20.8,25.4,22.8,25.6,32.4,23,32.1,30.5,24,29.2,24.5,19.9,28.9,19.4,23.6,12.6,15.2,18.1,4.8,0
3011,일요일,4,434,남태령,상선,12,16.8,18.2,21.5,21.4,26.5,44,41.3,60.2,55.5,70.8,54.6,49.8,46.4,51.1,53.9,50.9,50.8,44.9,48.3,52.7,58.4,53.4,60.2,51.6,83,79.6,38.6,38.5,33.1,25.3,25.3,24.5,17.7,17.5,10.6,3.5,0,0
3012,일요일,4,434,남태령,하선,6.9,18.1,12,12.1,12.6,17.1,31.3,56.2,82.3,57.9,58.9,55.4,52,51.6,35.1,39.7,43.3,42.7,37.2,42.9,43.9,45.2,44.6,53.8,42.4,43.5,60.9,47.7,40.5,43.2,39.5,39.7,50,39.5,29.4,30.1,15.1,7.6,0
3013,일요일,5,2511,방화,상선,0,0,0,0,0,0,0,0,0,0,0,0,0,0,0,0,0,0,0,0,0,0,0,0,0,0,0,0,0,0,0,0,0,0,0,0,0,0,0
3014,일요일,5,2511,방화,하선,1.6,1.2,1.2,1.4,1.6,1.8,2.2,3.3,3.2,3.2,3.4,3.2,3.1,3.1,3.1,3.3,3,3,2.4,2.9,2.4,2.6,2.9,2.4,2.1,1.8,1.4,1.1,1,0.8,0.6,0.7,0.5,0.7,0.3,0.4,0.3,0,0
3015,일요일,5,2512,개화산,상선,2,0.8,0.7,0.6,0.9,1,1.2,1.2,1.3,1.6,1.9,1.2,1.5,1.6,2,2.2,2.6,2.8,2.8,2.7,2.8,3.1,3.2,3.2,3.2,2.9,2.6,2.8,2.4,2.1,2.4,2.2,2,2,1.8,1.3,1.3,0.9,0
3016,일요일,5,2512,개화산,하선,3.5,2.2,2.1,2.6,2.7,3.3,4.3,5.5,5.4,6,5.9,5.3,5,5.3,5.5,5.4,5.2,5.1,4.3,4.8,4.4,4.7,4.9,4.1,3.6,3.3,2.6,2.3,1.8,1.5,1.2,1.3,1.1,1.5,1,0.9,0.5,0,0
3017,일요일,5,2513,김포공항,상선,3,1.8,1.6,1.2,1.7,1.7,2.5,2.1,2.9,3.2,3.3,2.4,2.8,3.2,3.7,3.9,4,4.8,4.5,4.6,4.8,5.1,5.5,5.8,5.5,5.2,4.7,5,4.1,4.3,4.1,3.7,4,3.5,3,2.6,2.4,2,0
3018,일요일,5,2513,김포공항,하선,2.4,3.6,2.7,3.5,4.3,6.5,8.8,11,11.8,11.5,10.9,10.2,10.7,12,11.6,11.8,12.4,12.3,12,11.6,13.1,13.1,12.9,11.8,12.2,11.3,10.6,10.2,8.1,7.8,8.4,7.1,6.5,8.7,7.5,6.6,3.5,0,0
3019,일요일,5,2514,송정,상선,18.7,7.6,6.5,4.7,5.2,5.6,6.4,7.6,8.5,9.7,9.9,9.3,9.6,10,10.8,11.3,12.3,12.9,12.2,12.2,12.8,13.6,13.1,14,12.9,11.4,10.8,10,8.8,7.7,7.5,7,5.9,6,4.5,3.3,2.6,2.2,0
3020,일요일,5,2514,송정,하선,3.1,4.3,3.1,4.2,5.1,7.3,10.3,12.6,13.8,13.8,12.5,12.2,12.3,13.1,13.4,13.1,14.4,13.5,14.1,12.7,13.9,14.5,14.1,12.8,13.3,12,11.2,10.5,8.6,8,8.6,7.3,6.5,8.3,7.5,6.7,3.5,0,0
3021,일요일,5,2515,마곡,상선,18.8,7.8,6.3,5,5.4,6.1,7,8.4,9.1,10,10.8,9.7,9.9,10.5,11.2,12,13.2,13.2,14,13.6,14,15.1,14.6,15.6,14.5,13,12.4,11.4,10.3,9.1,8.7,8.8,7.3,7.2,5.4,4.4,3.6,3,0
3022,일요일,5,2515,마곡,하선,4.2,4.4,3.6,4.7,5.7,8.4,10.6,13.8,15.5,15.5,13.9,13.7,14,15.2,15.4,14.6,15.9,15.2,15.6,14.9,14.7,16.4,15.6,14.1,13.6,13.8,12,11.4,10.2,9.2,9.2,8,7.3,9,7.4,7.6,3.5,0,0
3023,일요일,5,2516,발산,상선,19.6,8.5,6.7,5.4,5.9,6.7,8.3,9.4,10.7,10.7,12.1,10.9,11.2,11.8,12.8,13.7,15.1,14.7,15.3,14.9,15.7,16.9,16.6,17.7,16.3,14.7,14,12.5,11.7,10.3,9.9,9.9,8.3,8.4,6.1,5.1,4.6,3.7,0
3024,일요일,5,2516,발산,하선,5.3,4.8,4.2,5.7,6.5,9.5,11.2,15.2,16.9,16.2,15.1,15.2,15.2,17.6,18.3,18.3,19.9,19.4,19.3,20.7,19.4,21.1,20.9,19.8,17.1,17.4,15.7,14.1,12.9,12.9,12.3,11.7,10.8,13.5,10.3,9.7,5.8,0,0
3025,일요일,5,2517,우장산,상선,19.8,9.8,7.7,5.9,7,7.9,10.3,11.8,14.7,14.7,17,15.5,16.9,16.2,18.7,18.8,20.6,19.2,19.2,18.1,20.2,20.1,20.3,21.4,20.4,17.9,17.5,14.8,14,11.5,11.9,11.4,9.5,9.3,7.2,6.1,5.2,0,0
3026,일요일,5,2517,우장산,하선,7.3,5.6,5.5,6.9,8.6,11.4,14.2,18.8,20.4,20.3,18.2,18.5,18.2,20.9,21.9,21.7,22.6,22.2,21.1,22.2,21.6,21.4,21.7,20.8,18,18.2,16.1,14.4,12.9,13.1,12.1,12,10.7,14,10.6,9.5,5.5,0,0
3027,일요일,5,2518,화곡,상선,18.4,9.8,7.9,6.2,7.3,8.2,10.8,12.5,15.8,15.7,17.4,15.8,16.9,16.7,19.4,20,21.9,21.2,20.5,20,23.4,22.4,23.6,25.2,24.2,22,21.3,18.5,17.6,14.6,15.7,14.5,12.6,12.4,9.4,8.2,7.4,0,0
3028,일요일,5,2518,화곡,하선,9.1,8.2,8.5,11,13.7,18.2,20.8,27.9,29.3,29.4,26.4,26.7,25.9,30.1,30.3,29.5,29.8,28.6,27,27,26.2,25.2,25.2,23.7,20.5,19.8,17.4,16.7,13.8,14.1,13.4,12.3,11,13.9,10.7,9.4,3.8,0,0
3029,일요일,5,2519,까치산,상선,13.2,10.5,7.4,6.5,7.3,9,11.5,12.8,16.5,16.7,17.7,17.8,18.4,18,21.7,21.6,24.5,23.9,23.3,24.8,28.8,28.1,30.8,32.6,33.3,30.2,29.4,25.7,24.8,21.7,24,22.4,20.1,19.1,15.2,13.2,11.6,6.9,0
3030,일요일,5,2519,까치산,하선,11.8,10.1,10.1,12.4,15.6,20.7,24.9,32.5,33.7,33.9,30.4,30.9,29.3,33.8,33.8,32.2,31.4,29.5,27.2,26,25.2,24.7,23.3,21.8,18.4,17.2,15,14.2,11.8,11.4,11.3,10.7,9,10.8,9.2,8,5.6,0,0
3031,일요일,5,2520,신정,상선,9.2,9,6.8,5.4,5.8,7.2,8.9,11,12.9,13.8,15,15.1,15.1,15.3,19,20.7,22.3,22.6,23.1,25.3,29.6,29.4,33.3,34.6,34.5,34.5,33,30.1,27.4,25.6,27.9,27.3,24.3,21.7,18.1,16.7,14.9,10.4,0
3032,일요일,5,2520,신정,하선,14.5,11.6,11.8,14,17.3,23.3,28.3,36.5,38.1,38,34.7,34.5,33.4,36.5,37.8,36.2,34.3,31.8,30.2,27.8,26.5,26.5,24.3,23.2,19.7,17.8,15.1,14.3,11.8,11.4,11.4,10.3,8.9,10.3,9,7.7,5,0,0
3033,일요일,5,2521,목동,상선,8.3,9.1,7,5.4,6.2,7.3,8.7,10.7,12.7,14,15.2,15.1,15,15.7,19.4,21.3,23.5,23.7,25,27.1,32.2,32,36,38.7,37.4,37.4,36.1,33.1,30.2,28.6,31.3,30.7,27.6,24.4,20.5,19.2,16.3,12.2,0
3034,일요일,5,2521,목동,하선,16.1,12.8,13,16,19.5,26.3,31.5,38.9,41.5,42,39.4,39.1,37.6,41.4,43.6,40.2,38.3,35.8,33.7,31.3,29.5,29.1,26.3,25.8,21.8,19.5,16.4,15.7,13.3,12.3,12.1,11.3,9.3,11.7,9.3,7.8,4.9,0,0
3035,일요일,5,2522,오목교,상선,7.4,9.3,7.5,6.2,6.6,8,9.5,11.8,14.8,15.2,16.5,16,16.3,17.3,21.6,23.6,26.2,26,28.1,30,35.6,36.8,41.1,43.1,42.6,42.3,41.4,37.8,33.4,33.1,35.6,35,31.7,26.6,23,22.1,18.6,15,0
3036,일요일,5,2522,오목교,하선,18.1,13.2,13.8,16,20.5,27.4,31.6,39.3,40.3,44,41.4,41.1,40.4,44.6,47.3,43.7,41.3,40.5,36.8,34.6,31.6,32,29.5,28.7,25.8,22.8,20,19.3,16.2,15.1,17.4,15.3,11.8,14.4,11.1,8.8,6.4,0,0
3037,일요일,5,2523,양평,상선,6.9,9.4,7.2,7.3,7.7,9.8,13.4,15.8,19.3,18.5,20,19,20.4,21.5,24.9,27.3,29.7,28.7,30.7,35.1,39.7,41.6,46.2,47.1,46.5,45.4,43.5,39.6,35.2,34.6,36.1,35.2,33.1,27.5,24.4,23.7,18.7,0,0
3038,일요일,5,2523,양평,하선,18.8,13.3,14.2,16.3,21.1,27.7,32.3,40.7,41.6,45.3,43.3,42.4,42,46.6,48.9,44.8,43.6,41.6,38.3,35.6,32.3,32.7,30.6,29.5,27,23.7,20.4,19.6,16.6,15.4,17.6,15.9,12.2,14.6,11.4,8.8,6.3,0,0
3039,일요일,5,2524,영등포구청,상선,6.5,9.4,7.4,7.4,7.9,10,13.7,16.6,19.6,18.7,20.4,19.4,21.2,21.8,25.7,27.9,30.1,29.5,31.6,37.2,40.4,43,47.5,48.5,47.9,46.3,45,41,35.5,35.9,37.6,36.7,33.6,28.7,25.3,24.9,19.8,0,0
3040,일요일,5,2524,영등포구청,하선,14.5,9.6,11,13.1,15.9,21.7,25.2,31.2,33.5,35.7,33.7,33.2,34,36.4,39.5,35.2,34.8,34.2,30.2,27.9,26.2,25.2,23.8,22.3,20.1,18.3,15.8,15.1,12.4,11.4,12.9,11.7,9,10.4,8.7,6.8,4.8,0,0
3041,일요일,5,2525,영등포시장,상선,4.1,7,5.6,5.4,6.1,7.3,10,11.7,13.6,15,15.8,15.7,17.1,18.1,21.5,23,24.5,24.9,26,30.2,32.9,35.8,39,40.3,39.6,39.3,34.5,31.9,28.7,28.1,30.4,28.5,25.5,21.9,19,17.9,14.4,0,0
3042,일요일,5,2525,영등포시장,하선,14.9,9.6,10.7,13.1,16.1,22,24.8,30.2,31.8,34.3,33.7,33.1,33.2,36,37.8,35.2,33.8,34.3,30.6,28.7,28.9,27.1,25.7,23.8,20.9,19.5,16.6,16.5,13.4,12.1,13.4,12.3,9.5,10.2,8.7,6.9,4.4,0,0
3043,일요일,5,2526,신길,상선,5.4,6.4,5.8,5.3,6.6,8.3,10.7,13.1,14.1,16.5,17,18.1,19.3,19.3,24.1,24.2,26.9,25.7,27.7,29.5,32.9,34.9,37.8,38.5,39.3,36.7,33.5,31,28.8,27.9,31,28.7,26.3,22.7,18.6,18.8,15.4,0,0
3044,일요일,5,2526,신길,하선,16.1,11.1,11,13.9,16.6,24.5,26.4,33.1,34.6,36.9,37.6,37.1,37.2,38,42.7,38.1,38.3,36.9,34.3,31.4,32.1,29.1,28.2,25.5,23.1,20.5,18,16.9,14,12.7,12.6,12,9.1,10.4,8.9,6.9,4,0,0
3045,일요일,5,2527,여의도,상선,4.7,6.6,5.8,5.6,6.8,8.8,11.2,13.6,15.1,16.8,17.9,19.2,19.2,20.8,25.4,25,27.9,27,30.5,31.5,34.8,39.1,39.6,41.6,41.3,40.2,36.3,32.3,32.2,31,35.6,31.7,27.5,24.3,19.6,17,10.2,0,0
3046,일요일,5,2527,여의도,하선,13.9,10.9,10,12.8,15.4,22.9,23.6,28.5,30.3,34,36.2,36.9,34.7,36.8,41.7,38.5,36.8,37.1,36.5,32.3,32.7,32.1,31.3,28.8,27.4,24.5,21.7,20.4,17.8,16.4,17.2,15.2,12.1,12.5,10,8.1,5.1,0,0
3047,일요일,5,2528,여의나루,상선,6.6,7.6,6.6,6.9,7.8,10.8,13.2,16.7,18.6,19.3,21.4,22.8,22.9,22.7,26.8,25.7,28.7,28.2,31.1,31.3,33.7,37.5,38,39.8,38.9,36.9,31.8,28.5,26.9,26,29.2,25.6,21.5,19.9,16.1,15.3,8,0,0
3048,일요일,5,2528,여의나루,하선,13.6,10.9,10,11.9,12.6,17.2,20.7,26.6,28.8,31.8,35.9,36.1,34.8,34.9,40.3,38,35.1,34.8,36.3,32.5,33.1,33,33.6,31.6,30.6,29,25.9,24.2,22.1,20.9,24.7,20.5,14.6,15.3,11.7,9.3,5.6,0,0
3049,일요일,5,2529,마포,상선,6.7,8.6,7.6,8.1,10.7,15.5,17.3,21.6,22.3,23.4,25.5,26.9,25.4,26.9,31.2,31.3,34.1,32.9,36.3,36.2,39.5,41.6,41.1,42.7,39.1,37,30.6,26.7,24.8,23.6,23,22.7,19.9,17.4,15.3,14.4,8.2,0,0
3050,일요일,5,2529,마포,하선,13.5,10.6,10.1,11.2,13.3,17.1,20.6,26.2,29.3,32.5,36.4,36.9,35.9,35.5,40.2,38.9,36.1,35.3,36.7,33.2,33,32.8,33.7,31.1,30.6,28.4,25.6,23.7,21.9,21.4,23.3,20.5,14.3,15,13,9.5,5,0,0
3051,일요일,5,2530,공덕,상선,6.3,8.9,7.9,8.2,11,16,16.8,20.9,22,24,25.5,26.8,25.6,27,31.1,30.9,33.2,33,36,36.9,39.8,41,42.9,43.3,39.7,37.5,31,26.8,25.5,22.8,24.4,22.7,19.4,17.5,15.6,15,9.1,0,0
3052,일요일,5,2530,공덕,하선,11.2,8.4,7.7,9.7,12.5,17.2,21.4,28.4,33,34.8,38.1,36.2,35.2,36,39.8,38.5,35.9,35.2,35.8,31.6,31.7,31.2,30.2,27.9,26.6,23,22,20.3,18.6,17.9,19.4,17.8,13,13.2,11.5,9.6,4.5,0,0
3053,일요일,5,2531,애오개,상선,5.3,8.9,7.5,7.8,9.2,12.9,14.1,17,18.7,21.2,22.5,23,24,23.6,27.8,28.9,30.1,30.5,33.5,34.7,37.7,38.3,40.9,40.5,38.8,36.5,31.2,26.3,25.5,22.6,23.7,22.1,19.4,16.6,14.9,14.2,9.1,0,0
3054,일요일,5,2531,애오개,하선,8.7,7.8,7.8,9.8,12.2,16.5,21.2,26.8,33.4,34.8,38,36.6,36.8,35.6,40.5,39.1,36.2,35.8,35.6,31.5,33.2,29.8,30.5,27.2,26,22.8,21.1,19.8,18,17.3,17.9,18.2,12.6,12.6,11,9.9,4.5,0,0
3055,일요일,5,2532,충정로,상선,7.2,9.1,6.4,7.6,9.2,13.1,13.8,16.4,18.6,20.7,22.1,22.4,22.9,22.9,27,28.1,29.6,30.3,33.5,34.5,37.3,39.1,41,40.6,39.1,36.5,31.1,26.6,25.7,22.8,23.2,23.1,19.7,17.2,14.2,14.5,9.3,2.1,0
3056,일요일,5,2532,충정로,하선,8.6,7.5,7.7,9.3,12,16.4,21.2,24.9,33.1,34.1,37.2,35.9,35.7,35,39.5,38.9,35.6,35,34.9,30.6,32.4,29.3,29.4,26.5,25.1,22.1,20,18.9,17.8,16.6,17,17.4,12.5,11.9,10.8,9.5,5.7,0,0
3057,일요일,5,2533,서대문,상선,6.8,9,6.2,7.4,9.1,12.8,13.5,15.8,18.2,20,20.5,22.7,22.1,22.3,25.8,28,28.6,29.6,33,33.1,36.3,38.2,39.9,39.8,37.9,35.5,30.2,26.2,24.4,22.3,22.8,22.2,19.1,17,14,13.2,7.8,2.4,0
3058,일요일,5,2533,서대문,하선,8.9,7.3,7.9,9.4,11.3,16.2,20.3,25,32.5,33.4,36.2,35.9,35.1,34,38.8,38.7,35.4,34.9,35.4,31.5,33.2,30.1,30.6,27.8,25.8,22.9,20.5,19.3,18.1,16.9,16.7,17.2,12.4,12,11.2,9.5,5.3,0,0
3059,일요일,5,2534,광화문,상선,6.2,9.1,6.3,7.5,9.7,13,14.2,16.3,19.6,20.4,21.7,23.4,21.7,22.6,26.5,28.6,29.1,29.5,32.3,31.6,35.3,37.9,38.9,38.9,36.4,35,28.8,26.3,24.5,23.5,21.9,22.1,19.4,17.3,14.2,13.4,6.7,0,0
3060,일요일,5,2534,광화문,하선,8.5,6.1,6.6,7.5,9.2,11.9,15.5,19.4,24.4,25.9,28.1,28.3,28.9,28.7,33.9,38.2,36.4,35.4,37.4,33.1,35.7,34.8,36,35.4,32.9,30,26.4,25.3,24.9,21.9,21.3,21.2,16.5,14.7,13,10.5,5.2,0,0
3061,일요일,5,2535,종로3가,상선,7.3,10.2,7.6,9.6,12.3,16.8,19.6,21.8,27.5,29.8,32.1,30.9,29,27.9,32.1,30.7,31.8,32.1,34.1,33.1,33.3,35.2,34.5,33.1,31.2,28,23.4,21.6,18.6,19.1,18.1,18.8,16.6,14.5,13.3,12.7,6.8,0,0
3062,일요일,5,2535,종로3가,하선,4.3,7.1,5.7,6.5,7.4,9.3,12.6,15.2,18.8,20.6,20.9,21.4,21,21.6,26.2,29.3,27.6,29.4,31,29.7,34.2,35.2,36.8,36.1,34.2,32.2,29.2,27.4,26.5,24.5,22.9,23.3,18.6,16.8,15,12.4,7.5,0,0
3063,일요일,5,2536,을지로4가,상선,6.4,9.8,7.7,10.1,13.5,17.4,21.1,24.1,30.7,30.8,34.8,32.5,31.2,29.6,33.6,32,33,32,32.8,30,30.3,29.5,28.4,26.6,24.3,21.1,18.5,17.3,14.8,14.9,14.6,16.9,12.5,11.9,10.9,10.6,6,0,0
3064,일요일,5,2536,을지로4가,하선,4.3,6.9,5.5,6.1,6.9,9,11.6,14.4,17.5,18.3,18.8,18.9,19.6,18.5,23.5,27.2,24.9,26.6,28.7,27.8,32.6,33.4,34.6,34.1,33.4,31,28.5,26.7,25.7,23,22.8,22.6,18.2,16.1,14.4,12.5,7.6,0,0
3065,일요일,5,2537,동대문역사문화공원,상선,6.5,9.7,7.4,10.4,13.1,16.9,20,23.2,28.8,29.8,33.4,30.1,29.8,28.7,32.4,30.4,31.4,29.2,30.1,27.7,27.4,26.2,25.4,23.5,21.4,18.6,16.2,15.4,13.2,13,13.6,15.6,11.4,11,10,10,5.5,0,0
3066,일요일,5,2537,동대문역사문화공원,하선,5.8,7.2,5.7,5.8,7.4,8.8,11.6,14.8,17.6,19,18.2,19,18.9,19.4,23.4,26.3,26,27.4,29.2,30.9,36.1,36.5,36.7,37.2,35.5,34.6,31.9,29,27.8,26.4,25.8,24.1,21.5,17.8,18.4,15.2,9.5,0,0
3067,일요일,5,2538,청구,상선,7.8,10.1,9,11.4,13.4,19,22.3,25,31.3,32,37,32.8,34.6,32.6,35.7,35.6,36.1,32.4,33.5,29.2,28.3,26.1,26.7,23.8,22.1,19,16.9,15.7,15.2,13.9,15.3,18.5,12.4,12.3,10.5,10,4.3,0,0
3068,일요일,5,2538,청구,하선,10.9,10.1,7.2,7.2,8.5,10.4,14,18.4,20.3,23.2,21,21.5,21.7,21.6,26.7,28.6,27.9,29.6,31.2,33.8,40.1,40.8,41.5,41.6,39.3,38.2,34.9,30.8,30.9,28.9,28.1,26.7,23.8,20,20.4,17.3,12.8,1.2,0
3069,일요일,5,2539,신금호,상선,9.6,15.1,11.4,13.3,14.4,19.5,23.7,28.1,33.6,34.5,39.6,37.4,38.4,37.6,41.4,40.3,40.9,37.4,37.5,32.4,32.9,29.1,29.9,27.3,24.5,21.2,18.7,17.8,16.6,15.5,17.3,21.4,14.4,13.8,12.3,11.2,5.9,0,0
3070,일요일,5,2539,신금호,하선,11.6,10.5,7.4,7.2,8.7,10.8,13.7,18.2,20.8,22.5,21.1,22,21.8,21.8,26.9,28.9,28,29,30.6,34.2,37.2,39,41.4,40.8,38.4,37.5,33.7,29.8,30,28.3,27.2,26.1,23.7,19.5,19.7,16.7,11.9,0.7,0
3071,일요일,5,2540,행당,상선,9.2,14.8,11.1,13,14.1,20.4,22.1,27.1,33.1,34.1,38.5,36.5,37.6,37.2,41.3,39.6,40.6,36.7,35.4,33.1,33.2,29.7,30,27.6,25,21.5,19.4,17.7,17,15.9,17.7,20.4,15.2,14.3,13,11.9,6.4,0,0
3072,일요일,5,2540,행당,하선,13,11.2,7.8,7.5,9,11.3,14.2,19,21.9,24,22.4,22.5,22.7,22.4,27.4,29.6,28.1,29.2,29.9,34.1,36.6,38.2,40.7,41.7,36.5,36.4,34.4,28.2,29,27.5,26.3,26,22.9,19,19,16.7,12.1,0.4,0
3073,일요일,5,2541,왕십리,상선,8.7,14.5,10.8,12.7,14,19.7,21.5,27.7,32.1,33,37.2,35.4,36.8,35.8,40.1,38.6,39.5,35.8,35.1,33.3,32.4,29.9,30.3,27.7,25.2,22,20.2,18.3,17.6,16.3,18.5,20.9,15.7,14.6,13.5,12.5,4.7,0,0
3074,일요일,5,2541,왕십리,하선,9.2,13.7,9.4,8.6,10.1,12.6,16.7,20.4,25.1,27.3,25.3,25.3,27.2,26.3,31.6,34.4,35.1,35,37.1,41.7,45.9,46.6,50.2,52.1,46.4,45.1,46.7,37.6,38.2,37.7,36.6,37,33.2,29.7,28.6,23.5,18.2,0,0
3075,일요일,5,2542,마장,상선,15,17.5,13.5,16.7,19.6,26.5,29.2,36.3,41.8,43.6,48.9,46.7,47.8,44.8,51.9,50.5,50,46.1,41.6,41.4,39.9,37.4,36.6,33.4,30.1,26.5,23.7,21.7,20.1,19,20.4,25.8,18.3,17.3,15.5,14.4,6,0,0
3076,일요일,5,2542,마장,하선,5,14,9.4,8.8,10.1,12.5,16.9,20.5,25.3,27.6,25.3,25.3,26.8,26.1,31.2,33.8,34.8,34.6,36.4,41.5,45.5,45.9,48.3,51.6,45.4,44.1,45.7,37.6,36.7,37,36.8,35.6,32.7,29.2,28.1,23.1,17.8,0,0
3077,일요일,5,2543,답십리,상선,14.7,15.8,14.3,16.3,19.2,25.8,28.5,37.1,40.7,42.8,47.1,46.4,46.6,43.5,51,49.5,49.1,45,41,40.6,38.6,36.9,36.4,33.1,29.2,25.5,24,21.6,19,20,20.2,25.7,18.2,17.1,15.2,14.9,6.3,0,0
3078,일요일,5,2543,답십리,하선,7.8,14.5,10.5,9.2,10.6,13.7,17.3,21.8,26.5,28.7,26.6,26.3,27.3,27,31.7,33.9,35.1,34.5,36.3,40.4,45.3,45.6,46.5,50.4,45.2,41,43.5,35.7,34.4,33.7,35.6,33.5,30.6,28,25.8,21.5,19.3,3.2,0
3079,일요일,5,2544,장한평,상선,13.7,15,13.6,16.1,18.1,23.9,27.9,34.6,37.7,42,44.6,43.6,44.7,44.4,47.1,47.8,47.3,43.4,40.5,38.8,37.8,35.6,36.5,32.8,29.3,25.5,24.2,21,19.4,20.9,20.6,26.4,17.6,17.5,16.2,13.6,6.5,0,0
3080,일요일,5,2544,장한평,하선,11.3,14.5,10.4,9.2,10.9,14.9,17.5,22.1,28.5,29.6,28.3,26.3,27.6,26.8,31.3,34,34.8,34.3,36.6,39.2,44.9,44.7,45.7,48.1,46.5,40.9,43.7,39.4,33.5,31.7,33.5,32.7,28.1,25.6,24.9,17.5,19.7,2.6,0
3081,일요일,5,2545,군자,상선,12.2,14.6,13.6,15.3,17.9,23.5,27,32.9,36.1,42.2,45.1,43.8,42.5,43.3,46.1,47.1,46.6,41.3,40.7,38.3,36.9,35.4,36.2,32.5,28.7,26.1,24.2,20.4,20.1,21.4,23.7,26.9,18.3,18.9,17.4,14.3,7.9,0,0
3082,일요일,5,2545,군자,하선,10,18.5,13.8,12.8,14.2,21.4,24.6,31.1,40.6,40,39.2,35.8,37.3,35.3,39.7,41.8,43.7,42.4,46.2,46.6,54.6,53.7,57.2,54.6,54.2,50.2,46.9,43.2,42.5,35.5,39.2,37.4,31.6,28.7,27.7,22.4,22.1,0,0
3083,일요일,5,2546,아차산,상선,18.1,16.2,15.5,17.3,21,28.4,33.3,39.6,42,47.9,49.6,51,47.9,49.6,52.9,57.1,52.9,49.6,49.2,46.8,44.3,45.6,47.2,39.5,37,36.2,31.3,26.3,26.8,28.1,31.9,34.3,23.9,24.4,22.4,18.2,9.8,2.2,0
3084,일요일,5,2546,아차산,하선,10.4,18.1,13.4,12.8,14,21.4,24.1,28.7,36.7,36.7,35.1,32.3,35.1,33.4,37.2,40.1,43.1,40.6,45.4,45.4,52.7,53.4,56.6,53.6,52.2,50.5,45,41.8,40.8,35.7,34.9,35.7,32,25.5,25.8,20.9,20.5,0,0
3085,일요일,5,2547,광나루,상선,17.9,12.7,14.4,16.1,20.3,27.9,31.2,37.5,42.9,45.7,48.8,49.8,47.3,47.9,52.4,55,48.8,48.8,46,43.6,40.7,43.7,40,36.3,34.6,34.1,28.4,25.3,25.8,26.6,33.7,32.2,23.1,24.1,22.3,18.3,7.7,0,0
3086,일요일,5,2547,광나루,하선,10.7,21.1,12.9,12.5,13,18.8,22.1,26.6,34.4,35,33.7,31.9,34.5,32.4,35.9,38.8,42.5,40,44,45,51.5,52.2,55.3,53.1,50.2,49.6,46,40,38.5,37.6,33.7,34.3,32.5,25,24.8,19.9,22.7,5.1,0
3087,일요일,5,2548,천호,상선,16.7,12.1,13.6,15.4,21.3,27.7,30.4,40.2,43.8,45.6,49.8,49.4,44.6,46,52.5,52.2,47,48.6,42.6,40.5,40.6,42.2,37.6,36,34.1,32,26.3,24.8,24.2,24,31.4,32.4,22.7,20.8,19.6,18.5,8,0,0
3088,일요일,5,2548,천호,하선,9.5,18,10.6,10.1,10.5,14.9,18.4,22.9,26.2,27.4,28.5,26.2,27.4,27,30.5,33.4,38.4,36.6,36.5,39.9,47.1,44.4,47.1,51.4,42.8,43.6,45.6,37.6,31.8,36,33.2,28.7,28,27.3,23.5,16.9,18.7,3.8,0
3089,일요일,5,2549,강동,상선,15.4,11.5,11.7,14.8,20.5,26,26.1,38.9,39.4,40.7,49.5,44.8,37.8,44.4,51.2,45.2,45.9,46.2,38.9,35.8,39.7,37,32.7,35.3,28.9,24.6,22.6,21.9,19,20,27.2,28.7,19.6,18.6,18.3,13.1,4.3,0,0
3090,일요일,5,2549,강동,하선,4.5,10.5,9.4,11,12.4,18.2,21.5,25.6,23.5,29.9,30.2,28.9,29,28.7,32.7,36,39.3,38.8,38.2,41.6,49.7,47.3,47.4,52.8,38.9,41.2,46,37.2,31.3,34,34.4,27.7,26.9,26.4,22.4,15.7,16.8,2.6,0
3091,일요일,5,2550,길동,상선,23.1,16,17.5,21.6,28,38.8,41.5,50.7,54.6,63,63.4,60.3,55.6,58,63.9,65.1,58.6,55.1,51.7,49.2,47,47,45.1,41.1,35.6,34.2,28.7,24,23,21.8,22.9,20.6,18.1,19.7,18.7,10.4,6.8,1.7,0
3092,일요일,5,2550,길동,하선,7,6.8,16.3,12.9,13.1,19.5,22.3,25.3,28.2,29.8,31.3,26.8,27,29.5,31.1,36.4,41,40.6,42,43.1,52.3,49.9,55.1,56.4,60.4,55.6,55.3,48.3,44.3,44.5,41,40.4,35,31.2,30.1,18.7,27.1,6.4,0
3093,일요일,5,2551,굽은다리,상선,20.8,14.2,15.7,19.8,25.6,35.6,39.9,48.2,50.8,58,59.4,55.8,52.2,53.3,59.5,61,54.6,51.1,48.6,46,43.5,43.5,42.2,38.3,33.4,32.2,26.8,22,21.5,20.3,21.6,18.9,17.3,19.6,17.6,10.4,4.6,0,0
3094,일요일,5,2551,굽은다리,하선,7.3,6.7,14.9,11.8,11.9,18.1,19.2,23.9,25.3,28.5,28.2,23.9,24.6,27.1,28.8,32.1,36.7,36.2,38.2,38.2,45.5,46.1,49,49.9,53.1,49.4,48.6,42.7,39.1,39.6,33.3,38.4,31.1,28.1,26.6,16.1,24.5,4.9,0
3095,일요일,5,2552,명일,상선,17.6,11.8,13.6,18.7,22.8,30.6,35.1,42,45.1,52.7,50.6,49.2,46,49.2,52,53.5,48.5,44.9,43.5,40.3,39.4,39.5,37.2,34.7,30.4,28.4,23.1,19.8,19.6,18.7,18.5,17,16.5,18.3,16.8,9.8,4.7,0,0
3096,일요일,5,2552,명일,하선,7.9,6.8,12.7,11,11,15.3,16.8,22.7,23.5,25.7,25.3,21.5,22.4,26.1,27.8,30.2,34.7,34.5,35.8,36,41.8,42,44.5,45.8,47.4,46.6,44.4,40.9,35.6,36.1,32.5,35.8,28.7,25.7,24.3,19.7,15.7,3.9,0
3097,일요일,5,2553,고덕,상선,15.8,9.2,16.1,17.3,21.2,28.6,34.7,39.3,42.5,48.8,46.5,45,42.2,43.6,45.5,47.1,41.6,40.2,38.1,35.9,36.8,37.2,35.3,32.9,29.2,27.1,22.6,19.6,18.6,17.9,16.5,16,15.8,19.4,13.4,9.9,5.1,0,0
3098,일요일,5,2553,고덕,하선,6.1,5.5,9.9,10,9.7,13.7,15.1,20.5,21.8,21.4,22.9,19.7,19.9,23.4,24.4,27.2,30.3,30.7,32.8,32.6,37.5,37.7,39.1,40.8,42,41.6,39.1,36.4,31.9,31.9,29.2,31.7,28.8,23.5,21.7,19.1,13.8,3,0
3099,일요일,5,2554,상일동,상선,10.8,10.4,14.8,15.4,18.8,25.8,31.4,35.3,40.9,45.4,42.4,40.9,35.7,39,41.1,41.8,37.3,35.7,33.6,32.1,32.8,32.1,30.1,28.2,25.2,24.4,20.5,17.4,17,16,15,14.6,14.1,16.7,12.4,8.9,5.3,0,0
3100,일요일,5,2554,상일동,하선,5.7,4.9,7.5,8.3,8,12.1,13.9,18.6,20.1,19.5,19.8,18.2,18.6,19,20.9,24,23.8,25.3,26.5,26.3,29.3,29.7,30.7,31.4,31.4,31.8,29.5,26.9,25.3,23.2,21.4,23.6,21.3,17.7,16.2,14.3,9.1,0,0
3101,일요일,5,2555,둔촌동,상선,9.7,8.1,8.9,10.2,11.5,15.5,17.4,20.9,26.7,30.6,30.8,28.9,30.2,30.1,33.5,36.5,35.5,30.3,29.1,29.4,29.5,28.5,28.2,26.5,25.2,24.1,19.9,19.5,20.5,21.9,38.8,36.8,25.4,22.1,21,18.1,3.9,0,0
3102,일요일,5,2555,둔촌동,하선,4.6,9,5.7,8.5,10.8,13.5,19.6,23.2,17.4,28.3,25.8,27.2,26.5,26.7,27.1,31,32.1,30.6,30.9,33.6,36.2,38.6,35.7,34.4,19.7,26.5,23.7,21.4,17.8,18.1,16.4,15.2,14.5,13.7,11.2,9.4,8.9,0,0
3103,일요일,5,2556,올림픽공원(한국체대),상선,8.6,7.6,8.1,9.5,11.3,15,15.5,19.1,23.9,28.4,28.8,26.2,27.6,27.2,32.3,32.7,32.5,27.7,26.3,26.9,26.2,26.1,25.9,24.5,22.7,23.2,19,19.6,19.9,20.8,42.6,28.7,25.1,20.5,16.8,16.8,4.3,0,0
3104,일요일,5,2556,올림픽공원(한국체대),하선,4.1,6.7,4.9,6.8,9,11,14.9,17.5,13.1,20.9,19.7,17.3,15.4,16.1,17.7,19.8,20.9,20,21.1,22.3,24.2,24.3,25.1,26.3,17.6,24.3,24.6,21.8,18.5,19,27.3,20,16.8,15,12,10.4,8.2,0,0
3105,일요일,5,2557,방이,상선,9.1,7.2,7.1,9.8,11.7,14.9,15.9,22,24.6,28.8,28.7,27.4,26.6,27.6,30.9,32.3,30.1,25.4,22.5,23.2,23,23.6,22.3,20.5,16.5,18.8,15.7,13.3,11.9,10.4,11,12,8.7,13.4,11.2,8.5,3.3,0,0
3106,일요일,5,2557,방이,하선,4.1,5.6,4.3,6,8.2,10.1,11.7,13.4,9.9,15.6,14.5,13.7,13.1,14.7,16.2,20.9,17.7,18.1,18.1,18.8,21.6,22.2,22.2,24.1,15.2,21.8,21.3,19.8,16.8,17.7,22.8,19.6,16.8,15.1,10.9,9.3,7.3,0,0
3107,일요일,5,2558,오금,상선,7.8,6.8,6.5,8.6,10.3,13.1,14.7,19.9,23.6,25.1,26,23.6,22.3,24.3,25.8,25.3,26.8,21.5,19.4,19.5,20.8,20,19.8,17.5,15.2,17.5,13.7,11.2,10.7,9,9.1,9.3,6.5,8.9,9.3,6.6,3.1,0,0
3108,일요일,5,2558,오금,하선,1.8,3.5,2.9,3.5,5.6,7.2,8.1,8.9,7.4,11.8,12.7,9.8,8.6,9.5,12,15.5,14.4,14.8,14.6,16.3,18.4,19.2,21.2,21.7,16.4,20,19.6,17.6,16.6,15,14.1,14.7,13.3,14,11,9.2,7.9,0,0
3109,일요일,5,2559,개롱,상선,9.7,6.7,6.8,9.1,10.6,13.7,15.5,20.8,23,23.2,22.1,20.2,18.8,20.3,20.9,19.7,20.5,17.9,16,14.8,14.5,13.8,12.7,12.9,10.7,10.6,8.5,7,5.7,6,5.2,4.6,4,4.4,4.5,2.7,1.2,0,0
3110,일요일,5,2559,개롱,하선,1.3,2.9,2.2,3.1,3.6,5.6,5.6,5.5,6.6,8.7,8.9,7.6,6.4,6.5,8.6,10.7,9.9,9.5,10.7,11.8,12.6,13.3,14.8,15.7,11.6,14,14.1,12.7,12.3,10.9,9.6,10.8,9.9,10.2,7.8,7,5.7,0,0
3111,일요일,5,2560,거여,상선,7.4,5.1,5.1,6.7,8.2,10.1,11.8,15.9,17.1,17.7,15.1,14.9,13.8,15.1,14.9,14.3,15,13.1,12.1,11,10.4,10.1,9.1,9.5,7.7,7.2,6.4,5.1,3.9,4.3,3.8,3.1,2.8,3.9,3.4,2.1,0.6,0,0
3112,일요일,5,2560,거여,하선,0.5,1.4,1.1,1.7,1.6,2.6,3.1,3.1,4.1,5.2,5.1,3.8,3,3.1,4,4.6,4.6,4.3,4.9,4.9,5.2,5.6,6.5,6.3,5,5.5,6.1,5.6,4.7,4.8,4.3,4.4,4.1,4.2,3.2,2.7,2.7,1.3,0
3113,일요일,5,2561,마천,상선,3.7,2.1,2.9,3.3,3.6,5.3,5.2,6.8,7.2,7.9,6.4,6,5.8,7.2,6.5,6.9,6.8,5.5,5.2,5.1,4.7,4.5,4.1,4.5,3.6,3.3,2.6,2.1,1.7,1.9,1.7,1.2,1.1,1.3,1.2,0.7,0.3,0,0
3114,일요일,5,2561,마천,하선,0,0,0,0,0,0,0,0,0,0,0,0,0,0,0,0,0,0,0,0,0,0,0,0,0,0,0,0,0,0,0,0,0,0,0,0,0,0,0
3115,일요일,5,2562,강일,상선,20.8,14.7,11.3,11.5,15.1,20.1,23.7,26.9,32,34.6,31.9,30.7,26,28.9,31.8,31.7,29.3,28.2,26,26.7,26.1,28.1,25.5,24,21.7,21.5,18.4,15.9,14.6,14.1,13.7,14,13.8,16.6,12.4,8.4,3.1,0,0
3116,일요일,5,2562,강일,하선,5.2,5.3,6,7.4,7.7,11.1,12.6,17.3,19.5,17.2,19.7,16.9,17.6,17.2,19.7,21.9,21.6,22.8,23.5,24.6,23.7,26.6,27.9,27.1,27.4,27.9,25.5,23.3,21.3,19.7,18.6,20.2,18.9,15.1,13.3,12,16.6,0,0
3117,일요일,5,2563,미사,상선,17.6,12.2,9.5,9.6,12.4,16.5,19.8,21.4,26.6,28,26.4,25.1,21.9,25.8,26.8,27.6,25.5,24.8,23,24.5,23.2,25.8,23.7,22,19.1,20.1,16.3,15.5,13.7,13.8,13.1,13.9,13.6,16.2,12.7,8.5,3.3,0,0
3118,일요일,5,2563,미사,하선,5.2,4,3.6,5.5,5.6,8.5,9.9,12.8,14.5,12.8,14.1,11.7,11.8,10.5,12.8,14.3,13.8,14.2,14.7,15.3,14.4,15.9,17.3,16.2,15,15.5,14.9,13.4,11.3,11.2,11.2,10.7,10.8,8.6,7.3,6.9,9,0,0
3119,일요일,5,2564,하남풍산,상선,9.9,7.2,5.7,5.5,7,10.3,11.7,13.3,15.3,16.6,16.5,15.4,13,15.6,17.7,18.5,16.3,16.5,16.6,16.6,16.6,18,16.1,15.1,14.3,14.3,11.6,10.4,9,8.8,7.7,8.3,7.9,9,5.3,3.8,1.5,0,0
3120,일요일,5,2564,하남풍산,하선,0,2.9,2.3,3.1,4.2,6.3,7.3,8.6,11.9,9.9,10.7,9.5,9.9,9.2,10.8,12.6,11.9,12.6,12.7,13.5,12.2,13.4,14.3,13.9,12.9,13.2,12.6,11.1,10.6,9.5,9.7,9.1,8.7,7.8,5.8,5.6,7.1,0,0
3121,일요일,5,2565,하남시청,상선,8.4,6.5,4.8,4.8,6.2,8.3,10.1,11.9,13.8,14,14.1,13.2,11.5,12.5,13.8,13.7,13.6,12.9,12.8,13.8,13.8,14.6,13.7,12.8,12.2,12.4,9.3,8.8,7.5,7.4,6.3,6.5,6.1,8.5,4.5,3.2,1.4,0,0
3122,일요일,5,2565,하남시청,하선,0,1.6,1.4,1.8,2.7,3.6,4.9,6.3,8.6,7.4,6.9,6.2,6.3,5.8,7.1,7.5,7.2,7,7.5,7.2,6.3,6.9,7.1,6.8,6.1,6.1,5.8,5.1,4.8,4,4.3,3.7,3.4,3.2,2,2.1,0,1.5,0
3123,일요일,5,2566,하남검단산,상선,3.3,2.6,1.7,2.1,2.6,3.9,4.1,5,5.4,7.2,6.7,5.9,5.5,5.6,6.2,6.8,6.9,6.6,7.2,8.2,8.4,8.6,8.5,7.8,7.6,8,5.8,6.1,4.7,4.5,4.2,4.6,3.5,6.4,3.2,1.8,0.9,0,0
3124,일요일,5,2566,하남검단산,하선,0,0,0,0,0,0,0,0,0,0,0,0,0,0,0,0,0,0,0,0,0,0,0,0,0,0,0,0,0,0,0,0,0,0,0,0,0,0,0
3125,일요일,6,2611,응암,상선,6.7,4.7,5.3,4.6,10.5,10.7,10.3,23.7,21.3,14.3,24.2,16.4,12.9,21.7,19.3,14,27.3,19,15.5,25.6,20.1,16.1,32,21.5,16,27.6,19.2,12.8,20.8,14.3,10.8,20,15.2,14.4,12.6,9.7,6.4,0,0
3126,일요일,6,2611,응암,하선,13.1,9.5,9.6,11.4,12.8,16.5,18.8,24.6,26.1,26.8,25.7,25,25.1,24.7,28.9,30.5,27.7,26.3,24.8,24.6,24.6,25.2,25.6,22.4,21.1,18.6,16.4,14.5,12.6,11.2,10.1,9.6,8.4,8.6,6.2,4.7,2.1,0,0
3127,일요일,6,2612,역촌,상선,0,0,0,0,0,0,0,0,0,0,0,0,0,0,0,0,0,0,0,0,0,0,0,0,0,0,0,0,0,0,0,0,0,0,0,0,0,0,0
3128,일요일,6,2612,역촌,하선,5.1,4.9,5.4,6.3,8.5,11.7,14.2,19.1,22.2,20.3,18.6,17.5,17.8,16.9,19.9,20.1,21.7,19.9,20.5,19.3,19.6,20.5,22.5,20.1,19.9,19,17.4,15.3,14.1,12.7,12.9,13.4,13.5,12.6,11.1,8.3,6,0,0
3129,일요일,6,2613,불광,상선,0,0,0,0,0,0,0,0,0,0,0,0,0,0,0,0,0,0,0,0,0,0,0,0,0,0,0,0,0,0,0,0,0,0,0,0,0,0,0
3130,일요일,6,2613,불광,하선,3,2.7,3.4,3.4,3.7,4.7,6.1,8.2,9.5,9.6,9.1,8.5,9,8.9,10.7,11.1,11.8,11.7,13.2,11.7,13,15,15.4,14.9,14.8,13.9,12.2,11.3,9.8,9.5,8.9,8.8,8.8,8.5,7.7,5.5,3.9,0,0
3131,일요일,6,2614,독바위,상선,0,0,0,0,0,0,0,0,0,0,0,0,0,0,0,0,0,0,0,0,0,0,0,0,0,0,0,0,0,0,0,0,0,0,0,0,0,0,0
3132,일요일,6,2614,독바위,하선,2.6,2.9,3.5,3.8,4.2,5.2,6.7,8.4,9.3,9.8,9,9,9.7,9.5,11.3,11.5,11.8,11.9,13,11.8,12.8,14.5,14.6,14.2,14,12.9,11.1,10.2,8.6,8.3,8.2,7.7,7.7,7.6,6.6,5,2.9,0,0
3133,일요일,6,2615,연신내,상선,0,0,0,0,0,0,0,0,0,0,0,0,0,0,0,0,0,0,0,0,0,0,0,0,0,0,0,0,0,0,0,0,0,0,0,0,0,0,0
3134,일요일,6,2615,연신내,하선,5.8,5.9,6.9,7.4,8.7,9.5,12,15.1,16.9,17.2,15.9,17.5,18.2,18,20.1,21.6,20.9,20.6,20.2,20.3,21.8,23.5,23.2,23.2,21.5,19.2,18.2,15.3,13.4,12.3,11.1,10.9,10.1,10.3,8,5.9,3.2,0,0
3135,일요일,6,2616,구산,상선,0,0,0,0,0,0,0,0,0,0,0,0,0,0,0,0,0,0,0,0,0,0,0,0,0,0,0,0,0,0,0,0,0,0,0,0,0,0,0
3136,일요일,6,2616,구산,하선,8.2,7.3,7.3,8.7,9.9,13,13.8,18.6,20.8,20.6,19.1,20.5,21,20.9,22.9,24.8,23.4,22.7,21.4,21.6,22.4,22.9,23.3,22.6,21,17.8,16.6,13.8,12.3,11.2,9.7,9.4,8.2,8.7,6.1,4.5,1.9,0,0
3137,일요일,6,2617,새절,상선,5.3,5.2,5.7,6,8,9.4,13.7,17.5,21.3,18.5,17.2,15.2,16.8,15.6,19.6,18.4,20.6,19.9,22.2,22.4,24.2,27,30.4,27,28.5,26.9,26.3,22.8,21.8,19.5,20.2,20.9,22.6,20.4,17.6,14.2,10.2,6.3,0
3138,일요일,6,2617,새절,하선,12.6,11.6,11,13.7,15.7,20.4,23.2,29.7,31.6,32.7,30.3,29.6,28.9,29.3,33,34.9,31.9,29.7,27.5,27.4,27.3,27.8,27.3,24.4,22.3,19.8,17.3,15.2,13.3,11.7,10.7,9.9,8.1,8.6,7.3,5.3,1.8,0,0
3139,일요일,6,2618,증산,상선,4.7,5.6,6,6.7,8.5,10.4,14.1,17.3,21,19.5,18,16.5,17.3,15.9,20.3,20.2,22.3,22.1,24.8,25.6,27.5,32.6,35.3,32.5,33.3,31.6,31,27.6,26.5,24,24.6,25.3,28,24.6,21.4,17.6,13,8.8,0
3140,일요일,6,2618,증산,하선,14.7,12.9,12.3,15.4,18.1,22.8,26.5,34,35.1,37.5,34.2,33.1,32.9,33.2,37.7,37.5,35.3,32.7,31.2,30.2,30.1,29.2,29.1,25.3,24.5,20.9,18.3,16.5,13.8,12.2,11.5,10.7,8.5,8.9,7.7,5.5,2.7,0,0
3141,일요일,6,2619,디지털미디어시티,상선,4.1,5.9,6.4,6.9,8.3,10.4,14,17.4,21.4,20.4,18.6,17,18.1,16.5,20.9,21.3,23.5,24,27,28.3,30.7,36.6,39.6,36.6,37.2,36.3,36.2,31.6,30.7,27.6,28.7,29.8,33,29,25.1,20.5,14,0,0
3142,일요일,6,2619,디지털미디어시티,하선,12.6,15.1,16.7,16.6,18.5,21.9,25.6,32.4,35.1,38.4,36.9,33.5,35.5,36.2,41.3,40.6,38.6,34.1,32,29.6,30.3,28.2,31.4,24,24.2,20.9,17.3,16.3,12.8,11.4,10.9,10.1,8.1,8.1,7.7,5.6,2.8,0,0
3143,일요일,6,2620,월드컵경기장,상선,6.4,5.6,6.1,7.2,8.1,9.8,12.8,15.8,18.1,17.5,17.7,16.2,17.9,17.3,21.6,21.5,23.2,24.7,27.9,29,32,42.8,40.3,38.3,37.7,36.1,35.6,31.4,28.9,28,28.3,30.5,30.2,28.1,22.2,19.4,13.8,0,0
3144,일요일,6,2620,월드컵경기장,하선,11.8,9.7,8.2,12.1,18.1,24.5,29,33.7,33.4,37.5,37.9,34.5,34.2,34.7,36.8,34.7,35.5,34.8,34.6,33.7,36.8,61.4,51.5,33.3,31,25.8,20.8,18.6,13.8,12.3,11.7,10.5,8.4,8.4,7.8,5.7,2.8,0,0
3145,일요일,6,2621,마포구청,상선,8.3,24.9,50.8,40.2,23.8,14.1,14.6,18.7,26.5,24.1,24.8,23.5,26.7,29.1,38.2,44.1,38.9,29.6,31,30.6,31.5,32.2,34.3,34.7,34.6,33.7,34.3,30.5,28.5,27.7,28.3,30.6,29.8,27.9,21.6,19.1,13.8,0,0
3146,일요일,6,2621,마포구청,하선,13.3,10.5,8.9,13.6,18.7,28.7,34.6,38.2,39.7,43.4,44.5,40.6,39.3,39.6,42.3,40,39.8,38.9,37.9,38.2,39.3,66.1,61.6,38.4,34.5,29.7,23.9,20.9,16.1,13.5,12.4,11.6,9.6,9,8.1,6,2.7,0,0
3147,일요일,6,2622,망원,상선,8.4,27.3,55.5,41,23.4,14.4,15.5,19.8,26.7,24.2,26.2,24.4,28.4,30.8,40.4,47.2,39.2,32.3,34,32.4,34.7,36.6,37.2,38.5,38.1,37.2,38.3,34.2,30.9,30.3,32.4,35.2,34.1,31.8,24.6,22.4,15.9,0,0
3148,일요일,6,2622,망원,하선,16.8,11.4,9.3,13.7,19.9,30.6,36.7,41.6,42.2,46,46.1,42.8,41.4,43.3,46.2,44.1,44.3,43.4,41.5,43.5,44.4,70.6,65.9,44.3,40.6,36.7,30.1,26.9,21.8,19.6,17.7,16.7,14.1,14.7,11.1,9.4,4.3,0,0
3149,일요일,6,2623,합정,상선,7.9,27.5,55.9,35.8,23.5,14.7,16.9,21,29.4,29,32.9,32.1,37.7,38,50.9,54.8,47.3,40.6,42,38.9,42.8,43.7,44.5,45.3,43.9,42,42.2,36.9,33.4,32.7,33.6,36.9,36,33.6,25.9,23,14.7,0,0
3150,일요일,6,2623,합정,하선,11.1,7.6,6.2,8.3,11.9,17.1,21.2,24.6,25.8,25.8,27.5,25.8,25.7,27.8,30.2,28.7,29.7,28.2,29.8,29.9,28.8,39.5,39.8,30.2,26.7,24.1,21.5,19,16,15.3,13.7,13.2,11.9,12.4,9.3,9.6,5.2,0,0
3151,일요일,6,2624,상수,상선,9.4,19.9,32,20.1,14.6,9.5,10.2,12.6,17.1,18.1,21.5,21.1,25.2,25.4,33.4,35.6,31.5,27.3,27.2,25.6,29.9,30.5,31.3,33.1,32.2,30.6,29.3,24.5,22.4,22.4,22.4,24.2,23.4,22.8,17.9,14.9,9.7,0,0
3152,일요일,6,2624,상수,하선,18.1,10.4,7.7,9.4,12.5,17.9,21.3,25,25.2,25.3,25.6,25.1,24.2,27,29.2,27.7,28,27.6,28.3,29.8,29,39.3,38.5,31.1,26.6,25.5,22.4,20.3,18,18.6,16.9,16.6,15.2,16.4,13.8,13.1,6,0,0
3153,일요일,6,2625,광흥창,상선,7.6,22,31.3,19.5,13.2,8.7,10.1,13.5,18.7,19.2,23.2,23,28,28.9,37.2,38,34.4,29.1,30.9,29.5,32.7,33.3,35.2,35.3,35.3,33,30.8,25.9,22.4,22.9,22.1,23.4,22.7,21.7,16.7,13.8,10.4,0,0
3154,일요일,6,2625,광흥창,하선,17.8,10,7.4,8.3,11.6,17.3,22,24,24.8,24,25.2,25.4,24.7,26.9,30,29.7,28,27.9,29.3,28.8,29.2,37.7,39.7,31.1,26,25.7,21.8,19.7,18.2,18.4,16.7,16.4,14.7,16.2,13.5,12.9,5.5,0,0
3155,일요일,6,2626,대흥,상선,6.8,21.4,30.4,18.8,12.9,8.3,9.5,13.1,18.2,18.7,22.9,21.8,27.2,27.3,35.3,36.1,33.2,27.9,29.7,28.7,32.9,33,34.6,35.1,35.5,32.9,31.8,26.9,23.2,23.4,22.7,23.9,22.8,21.8,17.3,14.7,7.4,0,0
3156,일요일,6,2626,대흥,하선,18.3,10.3,7.5,8.6,11.7,16.9,22.3,24.9,25.3,25.2,27.7,25.7,26.4,28.6,31.9,31.3,28.7,28.9,30,29.5,29.7,38.4,44.8,33.1,27.2,26.2,22.8,20.6,19,18.8,17.4,17.5,15.1,17.1,13.7,13.1,7.5,0.6,0
3157,일요일,6,2627,공덕,상선,8.8,21.4,30.3,18.3,11.8,8.8,11.3,14.9,18.7,20.2,23.8,24.6,27.9,28.1,36.8,37,35,28.7,30.6,30.3,34.2,34.4,36.8,35.8,35.9,33.9,33.5,26.8,24.3,24.3,24.5,24.8,24,22.4,18.8,14.6,9.2,0,0
3158,일요일,6,2627,공덕,하선,11.4,11,7.9,9.7,12.4,16.2,21.8,26,28,30.7,33.2,32.4,32.5,35.4,38.8,39.8,35.5,35.4,36.9,35.5,35,44.2,48.5,38.8,32.2,31.8,27.7,25.7,23.6,23.2,21.5,22.9,18.8,20.4,16.5,15.7,8.1,0,0
3159,일요일,6,2628,효창공원앞,상선,14.6,26.3,26.2,17,13.1,12.8,14.3,18.5,22.6,24.8,28.5,28.2,31.8,32.1,40,41,38.8,33.9,35.2,36.5,39.8,39.5,43.9,41.7,42.2,38.7,37.7,29.9,29,29.9,27.3,29.5,28.2,26.3,22.1,18,11.1,2.3,0
3160,일요일,6,2628,효창공원앞,하선,10.8,12.1,8.4,9.8,12.3,15.9,21.3,27.3,28.6,31.1,33.7,33.7,33.5,37.4,41.2,40.1,36.2,35.2,37,35.9,35.1,42.1,47.9,37.8,34,31.5,28.5,24.6,22.8,22.3,21.8,22.3,19.1,18.5,17.8,15.2,10.6,0,0
3161,일요일,6,2629,삼각지,상선,14.6,25.7,25.5,16.6,13.3,12.7,14.9,18.4,21.8,24.6,27.8,27.3,31.4,30.3,38.4,39.1,38.1,33.3,34.7,36.8,39.4,39.6,43.9,42.5,42.5,39.4,38.2,30.6,29.5,30.6,27.5,30.2,29.2,26.8,22.6,17.7,9.2,3.2,0
3162,일요일,6,2629,삼각지,하선,8.4,9.1,6.7,7.9,10.3,13.2,16.2,19.7,21.3,25.5,27.7,29.2,30.2,32.9,35.8,34.8,35.2,32.5,34.9,33.7,33.3,37.6,43.3,35.4,34.7,29.8,27.8,22.8,22.3,21.2,20.5,22.1,19.4,18,17.6,15.6,10.3,0,0
3163,일요일,6,2630,녹사평,상선,18,24.4,21.3,15.3,12.4,12.8,14.3,18.4,20.2,22.6,25.4,25.9,28.1,28.4,34.8,34.7,32.9,30,31.4,34.1,35.9,34.5,39.8,38.6,38.2,35.8,32.7,28.6,26.8,29.5,24.8,26.8,25.4,26.8,19.9,15,8,3.7,0
3164,일요일,6,2630,녹사평,하선,8.6,8.9,6.6,7.6,10,13,15.9,19.3,20.7,24.6,26.3,28.1,28.1,30.9,33.5,32.7,32.8,30.5,32.7,32,32,35.4,42,34.8,33.8,29.7,27.4,23.5,22.8,22,21,23.2,19.9,19.2,18.1,16,10.2,0,0
3165,일요일,6,2631,이태원,상선,17.7,25.7,21,14.5,12,12.6,14.5,19.1,20.3,23.1,26.1,25.8,28.3,29.6,35.6,35.4,32.9,30.6,32.6,34,35.9,36.1,38.7,37.6,36.3,34.9,30.9,26.6,24.6,27,22.1,26,23.9,21.8,17.8,13.6,6.5,0,0
3166,일요일,6,2631,이태원,하선,25.5,14.6,9.5,9.1,11.2,13.4,16.4,19,20.4,24.2,26.1,26.1,26,28.6,31.3,31.2,30.3,30.4,30.7,30.7,31.7,34.9,40.7,36,32.9,29.3,27.5,24.4,24.4,23.5,23,25.1,22.7,20.9,20.3,17.2,9.2,0,0
3167,일요일,6,2632,한강진,상선,7.1,19.9,17.3,11.7,10.7,11.6,14.1,18.6,21.1,23.8,27.1,26,29.9,31.2,37.3,36.4,34.6,31.4,34.1,34.5,36.6,35.7,39.3,37.8,36.2,33.8,30.5,24.6,22.7,23.6,19,22.3,21.1,19.4,15.7,11.7,7.1,0,0
3168,일요일,6,2632,한강진,하선,17.2,14.6,9.9,8.7,10.3,12.5,15.3,17.8,17.6,20.9,20.8,21.1,20.2,24,25.8,25.7,25.6,27.3,26.2,28.5,29.8,33.4,41.5,38.7,34.9,32.2,31.1,28.5,29,29.5,26,29.9,27.2,25.4,22.1,17.6,12.3,0,0
3169,일요일,6,2633,버티고개,상선,9.1,20,16.4,12.1,11.7,12.9,16,19.8,24.1,27.4,32.4,32,35.4,35.7,41.6,43.4,40.1,35.2,40.3,37.9,38.8,39.1,39.4,35.9,35,31,26.2,20.2,18,16.2,15.4,17.6,15.7,13.6,12,11.3,7,1.3,0
3170,일요일,6,2633,버티고개,하선,17.4,14.6,10,8.7,10.5,12.5,15.2,18.4,17.9,20.3,20.9,21.3,20.8,24.2,26,26.1,25.7,27.3,26.7,28.7,29.7,32.6,41.5,39.4,35.2,32.3,31.8,28.2,28.6,30.8,25.5,29.7,25.9,27.3,23.1,18.6,13.7,0,0
3171,일요일,6,2634,약수,상선,9,20,16.4,12,11.7,12.9,15.9,19.7,24.2,27.4,32.4,32.1,35.3,35.6,41.6,43.2,40,35.3,40.5,38.2,39.1,39.2,39.7,36.1,35.3,31.4,26.4,20.6,18.4,16.5,15.7,17.9,15.7,13.8,12.2,11.5,7.2,1.6,0
3172,일요일,6,2634,약수,하선,11.6,15.6,10,9.2,10.8,12.7,15.1,19,19.2,21.5,22.8,23.9,24.6,24.9,28.4,28.3,28.6,28.4,29.7,29.9,31.2,33.1,40.3,39.6,36.4,35.4,35,30,32.6,34.3,30.4,33.1,31.1,30.5,27,21.1,15.6,0,0
3173,일요일,6,2635,청구,상선,10.4,19.5,14.7,13.6,14.4,18.3,22,28.1,29.3,33.3,39.2,34.8,37.6,38.7,43.4,44.8,41,38.2,44,39.6,41.3,39,40.7,36.2,35.3,31,24.4,20.1,16.8,16.3,15.2,16.4,14.5,12.8,10.8,10,5.5,1.6,0
3174,일요일,6,2635,청구,하선,8.9,13.1,8.7,8.4,10.4,12.5,14.3,18.6,19.2,21.5,23,24.6,25.5,25.9,28.6,28.2,30.9,30,31,30,30.6,30.9,36.2,36.1,33.6,32.4,32.8,27.9,30.3,31,28.1,31.4,28.8,28.3,25,19.8,14.8,0,0
3175,일요일,6,2636,신당,상선,9.9,13.7,11.8,12.4,13.9,18.6,23.9,28.5,29.4,33.8,38.7,33,34.2,37.4,40.5,41.6,37.5,36.2,40.7,38.8,39.7,38.4,38.7,35.1,32.9,29.6,22.7,18.5,14.8,14.9,14,15,12.8,11.4,10.1,9.6,4.7,1.6,0
3176,일요일,6,2636,신당,하선,7.4,13.1,9.4,9.1,11.8,13.3,15.2,19.1,21.1,23.6,24.5,26.1,28.9,28.6,29.6,31,33.8,32.6,33.6,33.3,33.2,34,39.4,38.9,37.3,37.5,38.2,32.5,36.4,34.8,34.5,38.3,36.6,35.5,32,25.2,17.8,0,0
3177,일요일,6,2637,동묘앞,상선,12.1,15,13.7,14.8,16.6,23.7,29.7,36.5,36.6,41.1,47.2,40.3,41.2,43.6,47.2,48.9,44,42,47,43.9,44.6,43,43,38.9,36.3,32.9,24.5,20.2,18.4,15.9,16.3,14.8,12.2,11.2,10.1,10.5,4.3,0,0
3178,일요일,6,2637,동묘앞,하선,6.2,11.3,8.5,8.7,12.1,12.5,12.8,16.5,17.7,19.4,19.4,21.5,24.9,23.1,24.6,25.7,29.9,29.8,32.1,32.8,35.5,36.9,41.7,42,41.7,42.5,41,36.7,40.1,36.2,36.2,40.3,37.7,36.8,33.4,26.5,18.8,0,0
3179,일요일,6,2638,창신,상선,11.6,15.4,13.5,16.8,18.8,27,32.7,39.4,39.4,46.6,50.4,44.1,42.4,44.4,48.4,48.2,44.7,41.5,45.9,39.4,37.4,37.7,35.9,32.7,29.1,28.2,21.2,19,17,14.8,17.5,14.7,11.7,11.3,10.5,10.2,4.5,0,0
3180,일요일,6,2638,창신,하선,6.5,11.2,8.2,8.5,12,11.8,13,16.3,17.8,18.7,19.1,20,24.6,22.9,23.6,25.3,29.7,29.3,30.9,32,33.4,36.6,40.8,41,40.8,41.6,39.9,36.7,39.2,33.8,36.5,39.4,37.6,35.3,32.5,25.7,22.6,4.6,0
3181,일요일,6,2639,보문,상선,11,14.9,13.2,16.2,18.2,25.9,31.4,37.7,38,44.8,49.2,42.8,41,43,46.9,46.8,43.6,40.5,45.3,38.8,36.8,37.1,35.1,32.3,28.4,27.7,20.8,18.7,17,14.6,17.4,14.5,11.6,11.3,10.4,10.2,4.7,0,0
3182,일요일,6,2639,보문,하선,6.2,10.6,7.8,7,11.8,10.7,11.6,14.6,15.9,17.1,17.7,19,22.3,21,22.6,24.2,28.4,28.4,29.2,30.2,31.3,34.1,37.8,38.7,37.8,38.4,36.5,33.9,35.2,30.5,32.3,34.6,32.9,29.6,33.6,22.3,20.7,3.3,0
3183,일요일,6,2640,안암,상선,9.4,12.7,12.1,14.6,17.2,24.3,28,33.9,33.6,40.1,43.3,38.2,37.4,40.7,40.3,41.9,37.4,36.8,42.1,34.9,33.4,33.3,31,30.5,26.2,24.7,18.3,17.1,14.9,13.8,17,14.2,11.1,10.7,10.4,9.4,4.7,0,0
3184,일요일,6,2640,안암,하선,4.1,8.7,6.9,5.9,9.2,9.7,10.5,13,13.6,14.3,15.6,15.4,17.9,17.1,18.8,20.4,23.1,24.1,25.8,26.6,27.7,30.7,32.7,34.7,36,32.6,32.2,30.6,29.7,26.6,28.8,29,28,25.3,29.1,18.9,17.1,0,0
3185,일요일,6,2641,고려대,상선,11.6,12.4,11.7,14,16.6,22.5,26.6,32.1,31.8,37.2,38,35.6,34.7,36.7,37,37.7,34.3,33.4,35,29.5,28.7,28.3,26.8,24.8,22.1,20.8,15.9,14.5,12.6,10.4,12.1,11.3,8.7,7.9,7.5,6.3,4,0.5,0
3186,일요일,6,2641,고려대,하선,4.1,8.1,6.3,5.1,7.2,9.1,9.9,12.1,12.7,12.2,14.6,12.2,14.3,14.6,15.9,18.2,20.9,21.3,23.9,24.6,25.7,28.3,30.4,31.6,33.3,28.6,30.4,28.1,26.5,24.8,25.6,25.8,24.7,22.2,25.1,16.5,14.6,0,0
3187,일요일,6,2642,월곡,상선,11.1,11,11,13.6,15.8,20.4,24.6,30.9,29.9,35,31.6,32.5,32.3,33.8,32.9,33.4,30.9,29.9,26.7,24.7,25.2,25.1,23.3,22.1,19.8,18.7,14.5,12.7,12,9.7,11.1,10.2,8.1,7.3,6.7,5.6,3.4,0.7,0
3188,일요일,6,2642,월곡,하선,3.4,7.7,6.2,4.9,7.2,9.3,9.5,12.5,12.7,12.2,14.2,12.1,13.9,14.3,15.6,17.2,19.2,19.8,21.9,22.6,22.9,25.1,26.9,28.4,29.1,26,26.1,24.8,23.3,21.4,22.2,22.3,20.8,18.9,21.2,13.6,12.3,0,0
3189,일요일,6,2643,상월곡,상선,9.8,9.9,10.5,12.4,14.3,18.6,22.8,27.5,28.3,32.3,28.6,29.4,27.9,30,29.1,31.1,27.6,26.7,23.8,22.6,23.7,23.2,21.9,20.3,18.6,18,13.4,11.8,11.2,9.4,10.7,9.1,6.9,7,6.5,5.3,3.4,0.9,0
3190,일요일,6,2643,상월곡,하선,3.9,7.7,6,4.9,7.3,8.6,10.1,12.6,13.7,11.9,14.5,12.5,14,14.5,15.5,16.9,18.1,18.2,21,21.7,22.9,22.5,25.2,27.1,27,24.5,24.7,22.7,21.4,20,19.6,20.4,19.7,17,19,12.2,10.9,0,0
3191,일요일,6,2644,돌곶이,상선,11.3,9.1,9.7,11.6,13.5,16.5,21.2,24.7,27.3,29.5,26.6,27,26.1,27.7,26.9,28.6,26.1,25.3,22.5,21.5,22.5,21.5,21.3,19.6,18.4,17.2,13.4,11.7,11.1,9.5,10.7,9.2,6.9,7.1,6.1,5.2,2.6,0,0
3192,일요일,6,2644,돌곶이,하선,4.8,7.4,5.9,5.1,6.4,8.2,10.8,13.3,14.3,12.5,14.5,13.4,14.1,13.9,15.4,16.7,17.3,16.5,18.7,19.8,21.2,20.8,23,24.6,24.5,21.9,21.7,20,19.1,17.7,17.8,18.2,17.1,14.9,16,10.4,9.1,0,0
3193,일요일,6,2645,석계,상선,9.7,7.9,8.9,10.1,12.1,14.2,18.2,21.2,24.7,25.5,24.1,24.3,23.9,24.4,24,25.4,22.7,23.6,21.1,21.8,19.4,20.5,19.4,20.2,17.8,14.7,13.7,11.3,10.8,9.1,9.8,9.2,7.1,7.2,6.3,5.1,2.8,0,0
3194,일요일,6,2645,석계,하선,5.8,8.2,7,5.4,6.7,8.8,12,13.8,15.4,13.4,14.9,14.4,14.8,14.6,15.7,16.9,18.4,17.4,19.6,19.9,21.9,19.7,23.7,24.2,22.4,22.9,21.8,19.5,18.4,17.4,17.3,17.2,16.8,15.6,14.4,11.2,9,3.7,0
3195,일요일,6,2646,태릉입구,상선,8.3,7.4,8.7,10,11.7,13.6,17.1,19.6,23.4,24.1,23.6,24.1,23.1,24,24.2,25.6,23,23.8,21.7,22.7,20.5,21.4,19.9,20.3,18.8,15.7,14.5,12.6,12.4,10.3,10.6,10.1,8.2,8.2,7.1,4.8,3.2,0,0
3196,일요일,6,2646,태릉입구,하선,2.8,3.8,3.2,2.9,3.5,4.9,6.2,6.5,8.1,6.5,7.5,6.7,6.9,6.5,7.1,8.6,9.6,9.5,9.6,11.4,11.6,11.4,13.3,13.4,12.9,12.9,12.2,11.8,10.8,10.1,9.5,9.5,9.8,9,8,6,4.6,2.3,0
3197,일요일,6,2647,화랑대,상선,4.6,4.2,5,6.4,7.4,7.7,10.3,12.8,14.3,15.7,14.4,14.7,13.1,14.1,14.1,14.9,13,13.1,12.1,12,11.1,11.4,10.9,11.6,9.2,8.3,7.1,6.6,5,4.6,5,3.8,3.1,3,2.6,2,0.9,0,0
3198,일요일,6,2647,화랑대,하선,1.9,2.8,2,2,2.4,3.4,4.1,4.2,5,4.1,4.7,4.1,3.9,3.8,4.4,5.2,5.5,5.5,6.1,7.2,7.4,6.8,8.2,7.9,7.9,7.5,6.9,6.6,6.1,5.3,5.5,5.1,5.2,4.4,4.2,3,2.2,1.2,0
3199,일요일,6,2648,봉화산,상선,2.2,2.1,3.6,4,4,4.2,5.8,7.5,8.2,10.1,8.1,7.5,7.2,7.1,7.8,8.2,6.9,7.7,7.7,7,6.2,6.2,5.8,6.1,4.8,5.1,4.7,4.8,3.2,3,2.9,2.6,1.9,1.8,1.7,1,0.5,0,0
3200,일요일,6,2648,봉화산,하선,1,1.9,0.7,1.7,1,2.2,1.7,2.4,2.7,4,2.3,1.9,1.5,1.6,1.6,1.4,2.3,1.9,3.3,2.9,2.4,2.1,3,2.8,2.3,3,2.7,3.6,2.2,1.9,1.4,1.6,1.4,1.9,1.2,0.7,0.6,0,0
3201,일요일,6,2649,신내,상선,1.1,1.3,3.5,3.4,4.3,2.6,7.1,9.1,8.8,10.4,9.3,7.8,10.5,8.3,9.5,11.8,8.8,7.7,7.4,9.4,8.5,11.5,7.6,9.1,9.2,8.8,6.8,6.3,5.1,5.3,4.9,3.9,2.5,1.4,1.7,1.4,0.7,0,0
3202,일요일,6,2649,신내,하선,0,0,0.4,1.2,2.1,3.5,3.9,4.6,4.7,5.3,3.7,3.4,3.2,3,3,3.1,3.7,3.1,4.1,4.3,4,5,5,5.1,5,4.6,4.1,4.4,3.8,3.5,3.2,2.6,2.5,2.3,0.9,1.5,1,0,0
3203,일요일,7,2711,장암,상선,0,0,0,0,0,0,0,0,0,0,0,0,0,0,0,0,0,0,0,0,0,0,0,0,0,0,0,0,0,0,0,0,0,0,0,0,0,0,0
3204,일요일,7,2711,장암,하선,0.8,0.8,0.6,1.1,1.6,1,1.5,1.8,1.8,1.3,1.8,1.6,1.8,1.8,2,2.5,2.5,2.9,3.7,3.9,4.2,3.8,3.7,3.2,2.9,3,2,1.6,1.5,0.9,0.8,1,0.7,0.4,0.3,0.3,0,0,0
3205,일요일,7,2712,도봉산,상선,0.3,0.6,0.4,0.5,0.4,0.7,1.3,1.6,2.7,1.3,1.1,1.4,1.2,1.1,1.1,0.8,0.6,0.6,0.8,0.5,0.6,0.7,0.8,0.6,0.6,0.6,0.3,0.3,0.4,0.4,0.2,0.2,0.2,0.2,0.1,0.2,0.1,0,0
3206,일요일,7,2712,도봉산,하선,6.1,5,4.2,5.5,6.5,8.4,10.4,10.8,13,12.5,11.2,9.4,10.7,9.8,11.2,10.8,12,11.9,13.3,15.6,15.7,15.6,16.1,13.7,12.8,10.1,9.2,6.7,6.2,5,4.4,3.7,3,3.1,2,2.3,1.9,0,0
3207,일요일,7,2713,수락산,상선,5.5,5.3,4.8,4.5,4.8,6.1,9.4,11.9,15.5,13.6,13.8,11.4,10.4,9.6,10,9.7,9.8,9.9,10,9.7,10.3,9.6,11.1,10.2,11,10,9.8,8.9,9.6,8.6,8.6,10.1,8.8,7.4,6.1,4.9,4.4,3,0
3208,일요일,7,2713,수락산,하선,9.7,6.8,5.6,7.5,9.1,11.6,14.6,14.4,18.5,15.5,15.2,14.1,13.1,14.1,14.5,15.2,16.1,17.1,18.5,19.1,19.9,19.6,20.2,17.4,16.4,13.4,12.2,8.7,8.2,6.3,5.7,5.1,3.9,4.1,2.7,3.2,2.2,0,0
3209,일요일,7,2714,마들,상선,6.2,6.2,5.8,5.8,6.4,8.1,11.7,14.7,19.8,17.2,17,14.1,13.1,12.4,13.1,12.2,12.1,12.5,12.7,12.3,13.1,12.4,15.4,14.3,15.1,13.7,13.5,12.5,12.9,11.8,13.1,13.4,12,10.6,8.9,7,6.7,4.8,0
3210,일요일,7,2714,마들,하선,13.1,9.2,7.5,9.4,12.9,14.3,18.7,20.3,22.1,21,19.2,19.7,17,18.8,18.9,19.6,19.8,21.4,20.3,21.5,22.2,22.6,23.5,19.4,18.1,15.3,13.8,9.9,9.5,7.2,6.9,5.5,4.5,4.7,3.2,3.6,2.5,0,0
3211,일요일,7,2715,노원,상선,6.4,6.8,6.5,6.4,7.2,9,12.5,15.9,20.5,18.1,17.4,14.8,14.1,13.6,14.9,14.2,14.5,15.4,15.4,15.9,16.6,17.2,19.6,18.8,19.5,18.5,18.3,16.3,16.9,15.4,17.7,17.4,15.6,13.7,11.7,8.8,8.9,6.7,0
3212,일요일,7,2715,노원,하선,15.5,12.9,9.2,11.5,16.6,18.1,21.7,25.1,25.9,24,24.6,24.1,21.9,23,23.3,24.9,24.9,26.5,25.4,27,27.3,28.1,28.7,25.6,23,22.1,19.3,15.1,14.1,12.5,12.8,10.9,9.2,9.5,7,8.9,7.5,0,0
3213,일요일,7,2716,중계,상선,8.6,10,9.2,8.3,9.2,11.2,15.5,20.1,26.6,22.4,21.9,19.1,19.3,18.5,21.8,20.6,21.7,21.6,22.4,22.4,23.5,23.1,26.5,25.8,26.5,25.6,24.4,21.7,21.1,19,21,21.2,19.7,16.9,14.3,11,10.6,8.2,0
3214,일요일,7,2716,중계,하선,18,15,11.1,12.8,19,21.8,25.5,29.5,30.1,29.3,28.2,27.4,24.4,25.6,27.1,27.8,28.8,29.8,28,29.4,28.9,28.2,31.1,25.8,26.5,22.9,19.5,16.9,15.5,13.2,13.5,11.8,9.6,10.1,7.1,9.1,7.4,0,0
3215,일요일,7,2717,하계,상선,8.6,10.3,8.8,9.1,11,12,16.4,20.3,27.3,22.6,22,22.4,21.2,18.9,22.5,22.1,23.2,22.9,24.5,25.1,25.3,26.4,29.3,29.2,29.6,28.5,29,25.2,24.2,22.2,24.5,24.4,21.4,20.6,17.3,13,12.9,10.3,0
3216,일요일,7,2717,하계,하선,24.2,16.4,12.7,15,20.6,24.3,28.1,33.5,33.8,33.1,32.5,31.2,27.6,29.4,31,32.6,32.5,33.5,31.2,32.8,33.6,31.2,34.6,29.8,28.7,26,21.9,18.4,16.9,14.6,14.6,13.1,10.2,11,7.5,9.3,7.1,0,0
3217,일요일,7,2718,공릉,상선,8.4,11.2,9.9,9.7,11.6,12.7,17.3,22.7,27.4,24.7,23.4,24.2,22.8,21.1,23.8,24.4,26.2,24.8,27.2,28,28.5,30.5,33.3,31.5,35.4,31.6,32.2,29,28.1,25.6,28.5,27.8,25.4,24.3,20.4,15.6,15.3,0,0
3218,일요일,7,2718,공릉,하선,26.1,17.5,13.6,16.3,21.2,26,30.1,36.2,36.5,37.1,33.6,34.4,31.2,31,33.4,35,34.5,35,33.6,34.3,34.9,32.9,36.4,31.4,31.2,25.6,22.5,19.8,17.3,15.1,15.1,13.4,11.3,12.1,7.8,9.2,6.7,0,0
3219,일요일,7,2719,태릉입구,상선,7.8,11.7,10.9,10.3,11.8,13.3,18.1,22.9,27.7,25.3,23.9,24.4,23.7,21.3,23.7,26.1,27.2,25.8,29,28.8,31.3,32.3,35.7,34.1,35.8,36.7,35,31.4,30.6,28.8,31,30.2,27.7,26.9,23.2,18.1,18.4,0,0
3220,일요일,7,2719,태릉입구,하선,18.3,17.9,14.1,15.8,20.4,25.8,30.2,35.8,35.5,36.4,33.4,33.7,31.1,30.2,32.1,34,32.7,34.2,32.8,32.4,33.8,32,35.4,31.3,30.8,25.5,23.3,18.8,17.5,15.4,15.2,13.8,11.6,12.6,8,9.8,7.2,0,0
3221,일요일,7,2720,먹골,상선,14.8,11.5,11.6,10.6,11.9,13.3,17.5,23.2,25.7,24.1,22.2,22.8,21.7,21.1,23,24.6,25.5,26,27.3,27.5,30.2,32,35.7,32.7,35.1,36,35.5,32.1,32.3,29.5,31.2,31.5,27.8,27.6,23.8,18.4,19,5.7,0
3222,일요일,7,2720,먹골,하선,20.6,18.7,15.2,16.1,21.7,28.3,30.9,38.3,38.8,37.9,35.1,36.1,32.6,31.5,33.9,35.8,34.3,35.6,33,33.6,34.3,32.6,35.8,31.4,31.3,25.8,23.3,18.9,17.7,15.7,15.5,13.8,11.9,11.7,7.7,9.4,6.7,0,0
3223,일요일,7,2721,중화,상선,10.9,12.9,12,10.7,11.9,14,17.4,22.7,25,24.1,22.6,22.4,21.8,20.5,23.4,24.4,26.6,26.4,28.7,27.5,32.3,33.1,37.6,35.3,36.8,38.6,37.4,34.1,34,31.5,32.9,34.6,31.2,28.3,25.6,19.8,20.5,6.8,0
3224,일요일,7,2721,중화,하선,23.1,20.2,16.5,16.8,22.6,29.8,33,41.1,40.5,40.6,36.6,38.4,34.4,34.2,36.1,38.1,35.8,38.1,33.6,34.8,35.2,34.1,36.5,32.5,31.9,26.6,23.4,19.1,17.7,16.2,15.7,13.6,11.8,11.6,7.6,9.4,6.2,0,0
3225,일요일,7,2722,상봉,상선,10.5,13.2,12.2,10.8,12.1,14,17.9,22.8,24.4,24.3,21.7,22.2,21.4,20.2,23.9,24.9,26.9,27.4,29.6,29.5,34,35.2,39.9,37.5,40.6,39.4,39.3,36.4,36.4,33.7,35.3,37.3,32.8,30.6,26.1,21.7,22.4,8.4,0
3226,일요일,7,2722,상봉,하선,27.9,22.7,20.2,18.7,24.7,32,36,45.2,46.1,47.6,42.6,44.5,41.1,40.8,43.7,45.1,41.4,44.2,39.6,40.5,41.5,41.5,42.5,39.3,37.3,33.8,30,23.3,21.3,19.8,18.8,15.7,14,13.3,8.3,10.4,7.7,2.9,0
3227,일요일,7,2723,면목,상선,10.4,14.8,13.4,13.8,14,17.2,21.7,27,25.7,26.6,25,24.8,23.2,22.1,26.2,27.4,29.4,30.4,33,32.6,37.5,38.7,42.3,43.4,44.2,43.1,42.8,41.2,40.5,37.5,40.9,42.2,36.2,33.3,29.8,24.9,24.7,10.9,0
3228,일요일,7,2723,면목,하선,33,26,21.9,20.9,27.1,34.9,39.4,49.3,46.3,54.1,45.9,47.3,43.6,42.7,46.3,47.8,43.1,45.7,41.6,41.1,42.6,43.2,42.5,40.7,37.6,34.2,30.4,24.5,21.4,20.4,18.6,15.4,13.9,12.8,9.3,10.3,7.5,2.5,0
3229,일요일,7,2724,사가정,상선,9.2,15.3,12.9,14,14,18.5,20.8,26.1,25.4,26,24,25.1,23.4,22.2,26.2,28.1,30.2,31.2,34.3,34.2,39.5,40.9,44.9,45.9,47.4,45.4,47.1,44.9,43.1,40.3,44.3,45.7,39.7,36.5,32.4,27.4,21.5,0,0
3230,일요일,7,2724,사가정,하선,37.7,27.6,22.5,23.6,29,36.7,42.1,53.1,49.1,57.5,50,48.7,46.5,46.1,49.1,50.9,46.9,48.1,43.4,42.7,44.4,44.1,43.4,41.4,37.7,34.7,31,24.5,21.6,20.9,18.5,15.9,14.1,12.5,9.6,9.5,7.2,2.3,0
3231,일요일,7,2725,용마산,상선,8.3,15.3,13.4,13.9,13.8,18.2,20.4,25.3,25.7,25.5,24.2,24.8,23.5,22.9,26.4,28.2,31.2,32.2,34.3,37.6,41.7,43.5,47.6,49.1,52,48.8,50.5,48.2,44.3,44.9,47.5,50.4,42.3,39.5,35.2,29.7,23.5,0,0
3232,일요일,7,2725,용마산,하선,39.1,28.7,23.3,25.1,28.4,37.8,43.3,54.6,51.9,59,51.1,50,49.1,46.6,50.2,52.1,47.8,48.6,45.4,43.5,44.9,44.6,44.3,41.9,37.9,34.8,31.1,25.4,21.4,20.9,18.5,15.8,13.8,12.4,9.5,9.3,6.9,2.1,0
3233,일요일,7,2726,중곡,상선,8.1,15.3,13.5,13.9,13.9,18.3,21.1,26.6,26.8,26.2,25.1,25,23.9,23.3,26.7,29.5,32.9,32.5,35.3,39.5,42.9,44.9,49.8,50.6,52.8,50.4,52.2,49.6,45.6,46.3,48.9,50.2,43.9,40.9,34.5,32.2,24.7,0,0
3234,일요일,7,2726,중곡,하선,41.5,30.2,24,26.2,28.7,38.4,44,56.2,54.2,60.9,55.4,51.9,52.2,49.2,53.8,53.6,50.6,50.7,47.3,43.9,46.8,46,45.5,42.7,39,35.8,31.4,26.1,22,21.6,18.9,16.1,14.7,12.6,9.6,9.4,6.5,1.8,0
3235,일요일,7,2727,군자,상선,7.5,15.5,13.7,14.3,14,19.7,21.3,26.7,27.3,26.5,25.4,25.4,23.9,24.2,27.1,30.1,34,34.3,36.6,41,45.1,47.3,52.5,52.3,55.6,53,54.8,52,46.7,47.9,52,52.6,46.4,43.3,34.1,33.8,26.1,0,0
3236,일요일,7,2727,군자,하선,41.2,28.8,21.2,23.9,27.3,36.6,42.2,55,51.3,56.3,54.6,52.2,52.5,50.2,53.3,54.6,51.2,52.1,48.4,43.5,46.5,44.9,44.3,41.9,39.2,34.8,31.3,26.8,22.8,22.2,19.2,17.7,16.6,13.5,10.6,10.1,6.1,1.8,0
3237,일요일,7,2728,어린이대공원,상선,8.4,14.2,13.4,12.9,12.5,16.7,18,23.5,25,24.3,23,25.1,23.4,24.6,27.6,30.4,32.1,33.5,36.7,39.5,44.3,48.8,51.7,54.1,55.1,52.6,54.2,53.2,48.8,46.8,52.5,52.2,47.1,44,35.8,36,28.3,0,0
3238,일요일,7,2728,어린이대공원,하선,42.7,32.4,23.5,23.2,26.1,35.2,42.5,54.6,53.3,56.6,55.2,53.4,53.5,49.7,53.1,54.6,51.6,51,51,45.7,49.3,51.1,47.9,46,41.3,37.7,32.5,27.6,23.2,23,18.9,18.9,16.6,14,11.5,10,5.4,1.1,0
3239,일요일,7,2729,건대입구,상선,7.4,14,13.4,13.8,14.8,17.4,18.7,24.9,26,25.4,25.1,25.5,26,26.8,31.4,32.8,34.5,35.7,38,40.6,44.7,48,50.1,52.9,54.9,53,54.6,53.9,49.7,48,54,53.7,48.7,45.5,37.1,37.8,30.2,0,0
3240,일요일,7,2729,건대입구,하선,20,24.9,17.4,17.9,21.1,28.5,35.9,45.4,40.8,43.6,40.2,39,38.4,36.6,38.4,40,38.6,39.1,39.6,37.4,41.1,42.8,41.8,39.6,37.5,33.8,31.6,28.4,24.6,26.7,23.7,22.9,20.2,18.9,15.2,12.3,8.6,0,0
3241,일요일,7,2730,자양(뚝섬한강공원),상선,5.8,12.4,11.6,11.7,13.2,15.6,16.3,23.3,23.6,25,26.3,26.1,28.7,30.3,32.7,33.4,33.8,34.1,37.9,38.3,40.2,42.5,44.9,46.2,46.4,45.4,45,42.9,37.6,36,39.4,40.2,34.1,32.8,26.7,27.1,15.5,0,0
3242,일요일,7,2730,자양(뚝섬한강공원),하선,21.2,25.5,17.5,18.1,19.7,27.5,35.1,44.2,42.2,42.9,40.2,37.8,40.4,36.7,37.9,39.7,38.8,37.5,38.6,36.2,39.5,40.5,42.2,39.5,36.7,33.3,30.9,28.7,24.5,26.4,23.6,23.7,20.4,18.9,15.5,12.3,8.1,0,0
3243,일요일,7,2731,청담,상선,5.2,11.9,11.3,11.9,13.1,15.6,16.7,22.9,23.1,24.4,25.7,25.6,27.5,29.2,32.4,32.7,34.3,34.2,37.3,38.9,40.6,42.7,44.4,46.1,44.8,45.3,42.9,41.1,36.1,35.8,39.8,38.5,33.7,31.2,26.8,27,15.7,0,0
3244,일요일,7,2731,청담,하선,13.5,22.6,16.9,16.3,18.3,24.5,31.4,39.5,40,40.8,38.6,36.2,39.3,37.5,37.4,38.4,38.9,37.5,37.5,36.6,39.8,40.5,42,41.3,37.1,34.6,32.4,29.3,26.1,27,24.5,23.4,20.9,19.1,18.1,12.2,10.3,0,0
3245,일요일,7,2732,강남구청,상선,8.8,12.7,11.9,11.8,13,16.2,20,24.7,24.1,25.7,28.1,27.1,27.7,28.2,32.5,32.4,34.9,34.4,37,37.7,40.5,41.7,44.1,44.4,43.6,43.6,41.1,39.2,35,34.3,38.6,37.3,30.8,30.2,25.9,26.4,15.9,2,0
3246,일요일,7,2732,강남구청,하선,13.2,19.7,14.8,13.7,15.6,21.5,25.6,33.6,34.3,35,36.6,33.3,35.7,34.9,35.9,37.4,37.6,37.5,38.4,36.6,40.5,42,43,42.6,39.8,37.1,34.2,31.5,27.8,28.5,28,26.5,23.3,21.4,19.8,12.8,10.6,0,0
3247,일요일,7,2733,학동,상선,10.9,15.2,12.5,12.6,13.1,17.5,21.8,27.4,28.5,30.7,30.4,29.8,31.8,31.1,33.9,35.2,37.3,35.9,38.1,38.4,41,41.1,43.8,42.9,41,40.7,39.8,36,32.4,34.1,34.1,31.7,29.6,27.8,23.7,24.5,15.8,2.7,0
3248,일요일,7,2733,학동,하선,13.2,19.6,14.2,13,14.3,19,23.6,31.5,33,30.1,32.6,31.3,33.7,32.8,36.5,36.8,38.1,37.3,39.5,38.1,42.7,45.1,43.9,44.2,42.8,39.3,36.5,34,29.8,30.1,29.3,27.5,24.4,22.3,20.1,13.1,10.5,0,0
3249,일요일,7,2734,논현,상선,10.9,16.8,13.7,12.9,13.7,19.6,22.9,28.7,31.4,34.4,34.1,32.3,34.6,32.6,35.5,38.7,38.8,36.4,39,37.5,39.3,40.6,43.3,41.6,39.5,38.6,37.7,33.5,31.4,33,32.9,30.7,28.4,27.2,22.1,23.6,12.1,3.1,0
3250,일요일,7,2734,논현,하선,8.7,18.2,13.3,11,12.2,16.2,19.7,26.8,28,26.4,27.8,27.5,28.6,29,31.7,31.7,33,33.7,35.9,35.3,39.5,41.7,39.9,41.1,39.7,38.4,34.6,32.6,29.9,28.7,29.1,28.3,26,23.2,21.9,14.3,11.6,0,0
3251,일요일,7,2735,반포,상선,10.3,18.4,11.3,12.2,13.9,19.7,22.7,28.9,32.5,33.4,33.4,31.4,34.2,30.8,35.6,36.8,37.2,34.5,37.2,35,36.7,36.9,41.5,37.3,36.5,35.3,34.8,30.3,29.1,29.3,28.8,27.7,25.1,22.8,18.8,20,8.5,0,0
3252,일요일,7,2735,반포,하선,8.8,17.4,13,10.6,11.8,15.7,18.6,24.4,27.5,25.9,27,26.8,29.3,27.8,31.3,31.4,32.5,32.4,36.1,35.3,39.3,41.7,40.3,40.5,39.8,38.7,34.4,33.6,29.9,29.1,29.3,29,26.4,23.8,22,14.3,11.4,0,0
3253,일요일,7,2736,고속터미널,상선,10.3,19.2,11.2,12.8,14,19.8,22.9,32.2,33.3,33.5,33.5,32.5,33.3,30.2,35.9,36.3,35.4,35.2,36.6,35,35.9,36.7,40.8,36.4,36,34.4,33,30.1,28.6,28.4,28.3,26.7,24.4,21.2,18.4,19.6,8.6,0,0
3254,일요일,7,2736,고속터미널,하선,9.6,13.3,10.7,9.4,9.9,13.7,16.4,19,23.2,22.3,23.9,22.6,25.6,25.6,28.8,30,32,32,36.8,37.4,42.1,42.5,47,47.8,47.2,47.1,44.2,41.6,39.3,39.8,45.8,44.9,36.7,34.9,32.5,20,14.6,0,0
3255,일요일,7,2737,내방,상선,14.7,27.5,15.8,17.3,18.8,27.1,32.1,44.4,43.6,42.5,42.9,40.9,39.8,37.3,44.1,44.1,43.6,42.6,41.1,38,38.8,37.6,39.9,35.2,34.2,29.8,28.4,25.7,22.5,20.4,18.5,18.5,16,13.3,13.1,13.9,6.6,0,0
3256,일요일,7,2737,내방,하선,6.6,12.9,10.7,9.4,9.5,12.4,16.1,18.6,22,22.4,23.5,22.7,24.9,24.2,28.3,29.4,31.5,31.8,36,37.1,41.1,42.2,46,45.7,46.8,46,44.4,41.3,38.5,39.8,46.5,44.1,36.3,35.3,31.9,19.6,13,0,0
3257,일요일,7,2738,총신대입구,상선,28.9,24.3,16.1,17.7,18.4,26.8,34.7,43.6,42.7,43.8,42.7,39.8,38.9,39.5,41.7,42.7,43,41.2,38.2,38.4,38.2,37,39.8,36.1,32,29.1,27.9,24.7,21,20.9,18.8,17.2,15,13.2,13.1,14.1,7.1,1.6,0
3258,일요일,7,2738,총신대입구,하선,6,10.7,9.1,8,8.3,10.8,13.2,14.4,16.9,17.7,19.3,18.5,20.3,19.7,23.5,24.2,26.5,27.8,30.3,33.6,35.1,37.8,42.3,39.7,42.9,41.2,44.2,35.4,35.5,35.9,41.5,40.4,34.1,32.7,30.4,20.9,18.9,0,0
3259,일요일,7,2739,남성,상선,30.8,20.5,16.7,16.4,18,27,33.8,43.3,42.9,44.3,39.9,37.1,36.2,36.9,37.8,40,38.3,36.5,33.1,33.8,31.9,30.4,35.3,29.9,25,23.5,20.7,19.7,17.1,16.5,14.5,11.8,10.9,9.7,9.8,10.1,4.8,2.1,0
3260,일요일,7,2739,남성,하선,6.3,10.6,9.1,7.6,8.3,11,12.4,14.7,16.6,17.9,19,19,19.1,19.9,22.9,23.6,25.6,26.4,28.7,31.6,32.8,35.7,38,37.1,39.5,38.1,41.7,33.8,32.7,33.4,38.7,37.2,33,31.4,27.9,20.5,15.9,0,0
3261,일요일,7,2740,숭실대입구,상선,28.5,18.7,15.6,15.1,16.7,26.3,31.2,39.2,40.1,41.2,35.5,35.5,34.1,33.7,36,38.4,34.2,33,32,31.4,28.9,30.8,34.1,26.8,25.5,23.7,19.4,18.4,17.9,16.7,12.8,12.2,11,9.8,9.7,10.4,4.5,0,0
3262,일요일,7,2740,숭실대입구,하선,7,9.3,8.8,7.5,8.1,10.1,11.7,14.2,16.2,17.4,19.1,18.2,18.5,19.6,21.6,22.7,23.3,24.7,26.9,28.8,29.4,33,34.9,34.3,35.9,35,36.9,30.7,29.9,30.3,36.1,34,30.3,27.6,24.7,17.9,13,0,0
3263,일요일,7,2741,상도,상선,26.5,17.6,14.9,13.5,16.3,24.4,28.1,38.9,37.8,37.4,32.8,34.1,29.7,31.1,33.3,35.7,30.9,31.7,30.2,29.5,27.3,30.9,30.7,25.5,24,22.8,18.7,18.6,18.1,15.8,12.9,12,10.8,9.7,9.5,10.6,5.1,0,0
3264,일요일,7,2741,상도,하선,7.3,9.2,8.7,7.4,7.6,9.9,11.5,14.7,16.1,16.7,18.8,18.4,17.8,18.7,20.7,21.9,22.9,23.5,25.8,27,28.4,31.8,33.9,32.4,34.1,32.7,34.3,28.6,27.6,28,33.4,31.6,27.9,25.5,22.5,15.8,10.7,0,0
3265,일요일,7,2742,장승배기,상선,24.8,16.7,11.9,13.6,16.9,23.4,26.8,36.9,36.2,34.3,30.9,31.8,27.9,28,32.8,32.1,29.2,29.9,28.9,26.6,28,28.1,27.6,24.1,24,21.4,18.7,18.6,18.3,15.7,13.1,12.1,11.4,9.2,9.6,11,5.7,0,0
3266,일요일,7,2742,장승배기,하선,7.9,9,8.5,7.5,7.6,10.1,11.3,14.8,16,17,18.7,18.4,18,18.8,20.9,21.9,22.7,23.5,25.4,26.4,27.7,29.9,33.2,31.2,32.8,31.2,33.4,27.4,26.4,26.4,31,29.5,27.5,24.4,21.9,17,9.4,0,0
3267,일요일,7,2743,신대방삼거리,상선,20.1,16.1,11.4,12.9,16.2,21.8,26.7,36.3,33,32.7,30.7,29.7,25.1,28.6,31.6,29.7,29,30,27,25.9,28.2,26.4,25.9,25.1,24.3,20.8,19.1,20,16.8,14.8,13.7,13,10.7,9.4,10.7,10.4,6,0,0
3268,일요일,7,2743,신대방삼거리,하선,9,9.5,8.7,7.5,7.4,10.7,11.5,15.4,16.7,17.6,19.3,19,18.7,18.9,21.6,21.9,22.9,23.3,24,26.4,25.5,28.4,32.1,29.5,29.7,28.7,29.6,24.9,24.4,23.8,27.1,27.8,24.7,21.7,19.3,15.1,8.3,2.3,0
3269,일요일,7,2744,보라매,상선,17.2,14.7,10.5,12.8,14.3,19.5,24,33.1,28.9,31.7,28.6,27.5,23.2,27.8,27.7,27.5,27.3,28.9,25,26.1,28,26.1,25.9,26.6,22.7,20.9,19.7,20.6,16.1,16.5,15.1,12.7,11.2,9.9,11.3,9.4,6.9,0,0
3270,일요일,7,2744,보라매,하선,9.3,9.6,8.4,7.5,7.5,9.6,11,14.8,15.4,16.9,18.3,18.5,17.7,18.3,20.9,22,22.5,22.8,23.8,26.8,25.3,28.2,32.5,29.1,28.7,27.4,28.5,24,23,22.7,26.1,26.1,23.9,20.6,17.8,14,7,1.7,0
3271,일요일,7,2745,신풍,상선,16.4,14.6,10.4,12.3,13.8,20.8,26.4,31.6,28.9,33,27.1,25.7,23.7,26.6,25,27.8,27.5,25.9,23.6,26.1,25.5,24.1,24.8,25.6,20.8,21,19.9,19.4,15.7,16.3,15,13.1,10.5,10.8,11.3,9.5,7.3,0,0
3272,일요일,7,2745,신풍,하선,7.6,10.2,8.7,8.2,7.3,10.3,11.6,15,16.5,17.9,19,19.8,18.8,19.4,22.3,23.1,23.9,23.6,24.4,27.1,26.2,28.2,30.6,28.8,28.7,26.6,26.9,24.4,21.8,21.8,23.9,24.9,22.4,19,17.4,13.6,7.3,0,0
3273,일요일,7,2746,대림,상선,21.5,13.5,10.4,11.4,13.4,21.9,25.4,29,28.9,32.5,25.9,27.1,24.9,24.7,24.2,27.7,26,24.2,24.1,25.6,24.1,25.6,26.2,25.1,21.2,21.9,19.7,18.1,17.1,17.2,14.8,12.6,12,11.3,12.1,10.1,7.9,0,0
3274,일요일,7,2746,대림,하선,8.4,11.9,10.2,9.8,8.8,10.7,13.7,17.3,19.9,20.2,20.9,21.4,21.2,22.1,26,27.5,29.3,30,32.5,34.2,33.8,36.2,38.6,38.6,37.2,35.6,35.5,32.5,29.9,28.2,30.1,30.8,28.3,24.4,21.5,20.2,9,0,0
3275,일요일,7,2747,남구로,상선,23.3,16.9,12.8,13.3,17.3,25.6,30.5,35.5,40.9,43.3,41,42.1,37,31.2,34.6,36.3,33.7,31.2,32.5,30.3,29.5,30.6,30.9,26.9,26.9,25,22.4,20.1,18.5,18.3,13.9,14,12.9,11.6,12.7,9,7.1,0,0
3276,일요일,7,2747,남구로,하선,11,12.5,10.8,10.3,9.3,11,14.2,17.4,20.6,20.6,21.1,21.5,21.4,22.1,26.9,28.2,29.8,30.2,32.6,34.3,33.5,35.7,39.6,36.4,36.5,35.7,34.4,32,29.9,27.7,28.7,29,26.9,22.9,20.1,19.5,8.4,0,0
3277,일요일,7,2748,가산디지털단지,상선,19.1,15.9,12.1,12.4,16.2,24.6,28.5,35,40.5,43,41.4,42.9,35.3,31,34,36.1,31.2,33.2,32.8,28.7,31.4,32.2,29.9,27.3,27.8,24.5,20.9,21.7,20.3,16.4,14.2,14.4,13.6,12.3,13.2,9.4,7.7,0,0
3278,일요일,7,2748,가산디지털단지,하선,11,11.1,12.6,10.4,9.4,11.6,14.4,16.5,21.4,21.3,21.3,20.2,22.2,22.2,26,28.6,29.3,30.7,32.8,35.8,36.2,37.2,43.8,40.3,41.2,40.8,39.8,35.1,33.7,30.8,32.2,32.1,32.1,25.4,22.3,23.5,10.6,4,0
3279,일요일,7,2749,철산,상선,22.6,15.2,13.6,13.4,21.5,24.8,30.7,41.8,41.8,39.9,44.4,43.7,34.4,35.6,40.1,35.8,34.2,37.8,32.2,29.5,31.9,33.4,27.5,27.9,27.6,24.2,19.9,23.9,18.8,14.7,15.7,15.9,12.2,11.7,12.5,7.8,6.1,0,0
3280,일요일,7,2749,철산,하선,11.3,10.9,11.8,10.2,9,10.8,13.5,15.1,19,20.1,20.1,19,20.8,21.2,24.1,26.4,27.6,28.5,29.3,32.9,33.1,32.9,39.4,36.1,36.5,38.7,35.3,30.7,29.9,27,28.7,27.7,28.5,22.2,19,20.3,8.9,3.2,0
3281,일요일,7,2750,광명사거리,상선,19.9,12,13.2,13,18.9,20.2,30.6,38.2,35.2,40.3,43,35.6,30.5,34.4,33.7,29.1,34,33.9,26.9,28.4,31.9,28.5,25.1,27.7,23.8,18.9,20.4,22.7,17.7,13.6,16.1,13,11.3,10.5,11.2,7.3,5.4,0,0
3282,일요일,7,2750,광명사거리,하선,10.6,9.7,10.2,9,7.9,8.6,12.2,13.8,16,17.2,17.2,16.7,17.1,18.1,20.6,22.7,24,25.1,25.9,29.5,29.4,29.3,34.4,33.3,32.1,34.6,31.2,28.7,25.7,24,25.2,24,25.2,20.1,17.2,16.2,7.1,2.4,0
3283,일요일,7,2751,천왕,상선,14.8,9.9,11.7,11.1,14.2,19.5,30.6,31.2,31.1,40.3,36.3,29,29.1,30.6,26.4,27.4,33.1,27.3,22.8,28.1,24.5,22,23.7,24.2,18,17.9,20.1,17.5,13.4,13.6,15,12.3,9,12.2,10.2,7.1,5.5,0,0
3284,일요일,7,2751,천왕,하선,9.3,10,9.8,8.5,7.8,8.4,11.2,14.1,15.8,16.7,17.3,16.5,16.5,17.7,19.5,21.5,22.4,23.4,23.8,26.9,26.9,27.1,29.7,30.4,29.9,29.9,26.6,27,23.1,21.4,22.4,22.4,21.3,18.6,15.4,14.2,6,1.7,0
3285,일요일,7,2752,온수,상선,10.8,10.5,10.9,10,11.9,22.6,25.7,23.4,31,37.7,28.2,29.3,30.8,23.9,23.3,30.2,26.4,21.6,23.6,27.8,19.3,23.1,26.2,20.6,15.7,19.8,17,14.2,15,15.6,13.3,9.9,10.1,12.4,9.7,7.2,2.9,0,0
3286,일요일,7,2752,온수,하선,3.4,8.7,10.5,4.7,9,5.7,9,10.8,16.8,11.6,15.7,18.9,12.6,17.9,22.2,20.2,17.3,25.2,23.2,20,26.1,30.5,22.9,29.4,34.1,29.3,23.8,25.6,28.6,18.6,21.1,27.9,18.3,19.8,15.7,14.8,10.6,0,0
3287,일요일,8,2810,암사역사공원,상선,1.3,2.4,2.2,2.6,2.6,3.9,5.1,6,6.9,7.3,9.1,9.6,10.1,10.2,13.4,13.8,14.9,16,17.2,16.3,17.7,19.4,21.1,20.4,21.7,20.8,19.4,19,17.2,16.4,17.4,18.3,15.5,16.4,14.9,11,10.3,0,0
3288,일요일,8,2810,암사역사공원,하선,6.7,7,5.7,8.4,9.4,13.3,17.4,19.9,20.1,23.5,23.6,24.1,22.4,23.5,25.5,23.5,23.2,22.4,21.8,19.3,21.6,20.3,17.5,17.6,16.1,13.9,11,9.4,7.8,7.4,7,6.9,5.7,4.9,3.1,2.6,1.6,0,0
3289,일요일,8,2811,암사,상선,1.9,3.3,3,3,2.8,4.3,5.6,6.7,7.8,8.2,10.2,10.4,11,11.1,14.9,16,16.7,18.4,19.6,19,20.6,22.7,24.8,24,25.2,24.8,23.2,21.8,20.6,19.5,20.2,21,18.4,18.5,18.2,13.1,6,0,0
3290,일요일,8,2811,암사,하선,11.3,12.3,10.2,12.7,15.8,23.2,25.8,33.1,31.5,37.2,37,36.8,33.6,34.9,37.2,34.9,34.3,32.4,32.7,27.8,30.4,27.2,26.7,25.3,22.6,20,16.1,14.3,11.4,11.1,10.5,9.8,8.3,7,4.9,3.6,2.9,0,0
3291,일요일,8,2812,천호,상선,2.4,5.2,4.1,4.6,4.9,6.9,9.9,11,11.3,11.5,14.7,14.3,15.9,17.7,21.3,22.7,25.3,25.6,28.3,29.3,31.1,35,37.3,35.9,38.4,36.5,35.2,32.6,29.6,29.4,29.5,31.2,26.8,27.8,28.4,19.2,12.2,0,0
3292,일요일,8,2812,천호,하선,13.3,19.7,15.5,19.4,21.9,32.7,36.1,43.7,44.6,52,53.4,52.5,49.2,50.2,50.8,53.9,51.5,49.3,50,47.2,48.8,48,47.6,45.6,39.5,40.4,34.1,29,25,23.3,22.6,19.3,18.6,17.6,11.8,9.1,6.1,0,0
3293,일요일,8,2813,강동구청,상선,5.7,8.7,8.5,9.8,9.7,14.7,17.7,23.5,28.2,27.5,29.1,28,30.2,29.5,38.5,41.8,43.3,41.6,43,42.9,46.7,50.1,54.9,49.9,53.2,51.4,48.4,45,39.4,41.4,40.8,42.2,36.4,37.1,38.6,24.8,16.5,0,0
3294,일요일,8,2813,강동구청,하선,15.3,20.6,16.6,20.7,23,34.4,38.5,47.1,47.1,55.2,54.6,55.5,51.5,53.5,53.9,56.6,54,51.5,51.7,49.3,50,49.4,48.4,46.2,39.8,40.7,34.4,29,25.1,23.7,22.5,19.4,18.4,17.7,11.8,9,5.7,0,0
3295,일요일,8,2814,몽촌토성,상선,5.1,9,9.4,10.1,10.3,15.4,18.3,22.7,28.6,27.7,29.4,28.8,30.6,29.6,39.9,42,44.5,43.5,43.3,44.9,50.8,51.1,57.4,55,54,54.4,51.3,47.9,42.5,42.3,46.6,45,39.2,39.9,37,26.9,18.5,0,0
3296,일요일,8,2814,몽촌토성,하선,15.9,20.6,18.2,19.6,23.1,31.5,39.9,48.2,47.7,53.3,54.2,53.7,53.9,56.1,61.2,62.9,64.5,62.6,56,52.6,54,51.1,50.8,50,43.5,42.9,36.2,30.3,26,24.9,24.1,21.1,19.9,18.9,12.4,9.6,5.7,0,0
3297,일요일,8,2815,잠실,상선,4.8,9.5,9.6,11,12.2,16.8,19.8,23.5,30.3,30,33,33.5,37.2,34.3,42.3,42.4,43.3,42.8,44.6,46.3,52.3,51.4,59,55.7,55,55,52.2,48.5,43.4,42.7,47.9,45.6,40.2,40.3,38.2,27.5,19.2,0,0
3298,일요일,8,2815,잠실,하선,12.8,17.6,14.9,16.6,17.4,24,27.7,35.3,39,40.6,43.1,39.1,44,43.7,48.8,49.4,51.1,51.7,55.1,53.7,58.2,60.3,62.8,62.2,59.7,62.8,56.2,52.2,45.3,47.9,46.9,46.9,44,39.7,25.1,20.7,12,0,0
3299,일요일,8,2816,석촌,상선,12.8,11.5,13.5,15.7,19.1,27.7,32,39.2,45.9,51,55.7,55.9,58.4,56.8,65.5,63.5,61.2,56.1,55.4,55.6,58,53.5,56.6,53.7,50.4,48.9,38.3,37,30.8,28.8,30.5,30.2,25.4,25.8,23.8,19,11.5,2.2,0
3300,일요일,8,2816,석촌,하선,12.4,16.1,14.7,16.8,16.1,23.3,27.6,32.2,40.3,41.3,42.4,40.5,42.8,39.4,46.9,47.2,50.2,50.3,53.5,53.2,57.8,60.2,62.7,62.4,61.9,61.9,60.5,56.3,47.8,50.6,51,54.9,48.1,43.2,28.6,23.1,11.3,0,0
3301,일요일,8,2817,송파,상선,12.7,13,14.6,17.5,21.7,29.4,35.4,46.3,50.4,56.9,60,61.6,61.5,61.7,69.9,67.6,64.3,59.1,59.4,59.8,60.4,57.1,58,56,52.1,46.4,38.2,32.6,29.7,28,26.2,29.7,22,23.2,21.5,17.1,10.6,2.7,0
3302,일요일,8,2817,송파,하선,12.9,15.6,14.4,16.9,16.1,23.6,27,32.5,40.1,41.4,41.9,39.9,41.8,39.6,46.7,46.8,49.2,48.5,51.5,50.7,54.6,57.2,58.8,59.5,57.7,57.9,56.3,52.4,44.7,46.9,47.6,51.8,47.5,41.5,31.8,23.7,12.7,0,0
3303,일요일,8,2818,가락시장,상선,11.5,12.1,14,16.4,20.2,27.1,33.1,44,47.7,53.3,56.7,58,57.9,56.7,66,62.9,61.4,56.6,57.9,58.4,58.8,55.8,56.8,55,51.3,46.1,38.5,32.8,30,27.7,26.3,29.6,21.6,22.8,21.4,15.7,5.9,0,0
3304,일요일,8,2818,가락시장,하선,10.7,12.6,11.2,13.9,13.6,18.3,23,26.8,33.3,34.4,37.3,34.7,35.4,33.4,40.5,42,43,41.4,46.1,44.6,48.8,49.3,51.6,52.2,50.9,51,52.4,44,39.7,41.8,42.6,48.3,41.7,38.4,30.2,22.6,10.8,0,0
3305,일요일,8,2819,문정,상선,18.3,11.8,14,16.3,19.6,28.7,32,43.5,47.7,49.2,51.3,52.5,51.8,50.9,58,55.8,55,51.5,54.5,52.8,51.3,51.3,51.7,49.9,45.3,40.4,32.1,30.3,26.2,24.5,21.4,26.1,19.3,18.7,15.6,12,4.9,0,0
3306,일요일,8,2819,문정,하선,10.1,10.6,9.9,12.5,12.1,16.6,20.1,24.6,29.3,28,29.3,28.8,28.8,28.6,33.7,34.9,37.3,35.2,39.5,38.8,42.8,43.8,47,47.9,45.8,46.4,46.7,39.4,35.7,37.9,38.7,43.7,38.1,35.2,26.8,20.5,14.3,0,0
3307,일요일,8,2820,장지,상선,17.2,11.3,12.9,15,18.2,26.7,29.6,39.4,44.8,45.4,48.7,48,47.5,45.2,52,47.6,48.1,44.8,48.8,45.9,44.3,44.5,45.9,42.6,39.1,34.7,27.3,26.1,23.5,21.8,18.4,23.2,16.4,16,13.2,9.7,4.6,0,0
3308,일요일,8,2820,장지,하선,9.3,8.5,8.9,9.2,9.5,15,16.9,21,23.7,23.4,25.1,24.5,22.9,23.9,26.5,29.2,29.8,30.4,32.9,32.3,35.7,37.3,38.8,40.6,38.8,40,39.7,35.2,33.5,34.9,34.7,41,35.1,32.3,24,17.8,12.3,0,0
3309,일요일,8,2821,복정,상선,15,9.4,12,13,17.2,22.8,25.6,35.7,40.1,39,43,41.9,42.5,42.7,44.9,41.6,42.6,37,43.2,39,37.4,37.3,38.3,33.4,32.7,26.4,22,20.4,17,18.4,14.7,16.2,13.3,11,11.6,8.6,4.7,0,0
3310,일요일,8,2821,복정,하선,3.4,5.1,5,4.8,4.3,6.8,8.3,11.5,13.1,13.3,13.8,13.2,13.7,14.3,15.4,18.1,17.6,18.3,21.1,20.3,22,24.3,26.6,26.9,27.9,28.8,28,24.5,24.9,23,23.7,27.9,24.9,22,19.3,15.4,10.4,0,0
3311,일요일,8,2822,산성,상선,11.5,8.4,8,9.8,12.2,17,19.2,26.6,26.1,26.9,25.6,24.8,23.5,24.5,25.2,23.6,22.4,21.6,21.3,21.2,19.7,18,18,17.4,16,13.5,10.6,8.9,7.4,7.5,6.8,5.8,5.1,5,3.4,2.9,1.8,0,0
3312,일요일,8,2822,산성,하선,3.6,4.2,3.9,4,3.7,4.4,6.1,9,9.4,8.9,9.4,10.2,10.7,10.5,11,13.6,12.3,13.5,15.8,14.8,16.1,18.1,20,19.7,20.5,21.4,20.5,19,19.2,15.9,18.4,22,18.9,20,15.2,11.5,9.8,0,0
3313,일요일,8,2823,남한산성입구,상선,10.2,7.3,6.9,8.6,10.5,14.8,16.8,22.7,21.9,23.5,21.9,21.2,20.1,21.3,21.7,19.5,19.1,18.2,19,18.6,16.7,15.8,15.9,15,13.1,11.8,9.6,8.1,7.2,6.8,6.3,5.9,5.4,5.3,3.9,3.1,2.2,0,0
3314,일요일,8,2823,남한산성입구,하선,4.9,4.4,4.3,3.9,4.3,5.3,6.6,9.4,10.2,8.7,9.4,10.1,10.9,10.1,10.6,12.6,11.9,12.1,14,12.8,13.3,14.6,14.7,15.1,15.1,15.7,14.6,13.8,13,10.9,12.1,13.8,12.2,13,9.2,7.3,5.7,0,0
3315,일요일,8,2824,단대오거리,상선,6.5,4.7,5.2,5.4,7.1,10.1,11.4,14.6,16.1,16.4,15.3,15.5,14.3,15.4,15.7,14.3,14.4,14.7,15.4,15.1,13.7,13.5,13,13.3,11,10.4,9.2,8,7.3,6.5,6.3,6.7,5.8,5.7,4.8,3.5,2.9,0,0
3316,일요일,8,2824,단대오거리,하선,5.8,2.9,4.5,3.6,3.9,5.7,7.2,10,10.8,9.4,9.6,10.1,10.7,9.5,10,11.4,10.5,10.6,11.6,9.4,9.4,10.5,9.6,9.8,9.1,9.2,8.3,7.9,7.6,6.2,6,6.9,6.1,6.3,4.5,3.5,2.5,0,0
3317,일요일,8,2825,신흥,상선,3.4,2.7,3.4,3.1,3.9,5.9,6.7,7.9,9.5,9.5,9.3,9.2,8.5,9.5,10.3,9.5,10.2,10.9,12.7,11.7,11.2,11.6,11.3,11.3,9.7,9.1,9.5,7.8,6.6,6.1,5.5,6.5,5.7,5.7,4.1,3.3,3.7,0,0
3318,일요일,8,2825,신흥,하선,6.6,2.9,4.3,3.4,3.8,5.8,7.2,10,10.7,8.9,9.1,9.4,9.7,8.5,8.7,9.3,8.9,8.6,9.7,7.7,7.4,8.1,7.7,7.4,7.1,6.5,5.8,5.1,4.9,4.1,3.7,4.2,3.8,3.5,2.6,2,1.4,0,0
3319,일요일,8,2826,수진,상선,2.4,1.9,2.8,2.2,2.7,3.8,4.4,5.9,6.5,6.7,6.6,6.8,6.8,7.8,8.8,7.8,9.2,9.6,11.5,9.8,9.9,10.3,9.7,9.5,8.3,8.3,9.1,7.7,5.1,5.7,6,6,5.5,5.1,4.1,3.1,4,0,0
3320,일요일,8,2826,수진,하선,9.6,4,4.6,4,4.2,6.6,7,9.4,9.1,8.6,8.1,8.4,8.1,8.3,9.3,8.7,8.7,8.5,8.8,7.7,7.6,7.4,6.8,7.1,6.1,5.2,4.1,3.6,2.9,2.7,1.9,2.2,1.8,1.6,1.3,0.8,0.6,0.1,0
3321,일요일,8,2827,모란,상선,1.4,1,2.2,1.5,1.6,2.1,3.1,4.1,4.9,4.7,5.2,5,5.3,5.9,6.9,6.9,8.3,7.4,8.3,7.8,8.2,8.9,8.8,8,7.7,8.2,10,8.3,5,5.9,6.2,6.2,5.9,4.5,4.5,3.3,4.2,0,0
3322,일요일,8,2827,모란,하선,0,0,0,0,0,0,0,0,0,0,0,0,0,0,0,0,0,0,0,0,0,0,0,0,0,0,0,0,0,0,0,0,0,0,0,0,0,0,0
3323,일요일,8,2828,남위례,상선,11.9,8.8,8.6,10.6,13.8,18.5,20.7,28.8,28.3,29.7,27.8,28,26.7,28,28.5,27.3,25.4,25,25.3,24.8,22.4,21.4,20.9,20.2,18.6,15.4,11.8,10.4,8.9,8.9,7.8,7.3,7.1,6.5,5.3,3.4,1.8,0,0
3324,일요일,8,2828,남위례,하선,3.2,4.3,4.3,4.3,3.8,5.6,7.1,10.2,11.5,11.5,11.3,11.5,12,12.2,13.2,16,14.4,15.5,18.1,17.6,19,21,23.4,23.3,24.4,25.1,24.5,21.6,22.5,20.6,21.2,25.7,22.5,23.6,18,13.8,11.4,0,0
3325,평일,1,158,청량리,상선,9.7,8.7,5,8.7,10.3,17.5,14.4,11.7,15.4,15.3,15.5,16.2,14.1,14.7,16.3,19,17,19.1,21.2,19.6,27.9,32.2,28.6,32.9,46.5,65.9,64.8,43.7,30.6,26.1,25.7,27.8,23.8,22.4,23.7,22.9,15.1,8.7,0
3326,평일,1,158,청량리,하선,21.7,19.2,29.2,45.6,70.2,66.6,63,48.8,34.5,34.3,27.2,18.9,24,23.6,21.7,23.9,22.5,18.8,21.4,29,27.8,22.7,28.4,30,23,28.5,16.7,12.6,11.9,11.3,9.8,11.4,10.3,8.2,9.4,8.2,8.5,2.4,0.2
3327,평일,1,157,제기동,상선,10,10.7,7.5,9.1,12.5,20.1,17.6,15.8,23.9,15.1,19.1,20.8,16.2,17.5,19.5,22.7,22.3,21.4,25.2,26.6,27.1,37.8,30.6,41.1,53.3,72.5,75.1,47.1,33.8,30.5,25.5,34.3,27,25,26.9,25.6,17.2,11.9,0
3328,평일,1,157,제기동,하선,21.7,20.4,30.2,45.6,63.2,74.1,64.5,50.3,35.3,35,27.8,24.8,22.2,27.3,26.7,23.1,26.1,21.9,28.5,29.5,32.3,23.2,35.3,34.2,26.5,34.1,20.2,14.5,12.6,13.3,11,11.7,10.5,9.1,10,8.5,8.6,2.3,0.3
3329,평일,1,156,신설동,상선,9,13.3,8.2,10.1,14.5,21.7,20.9,19.4,29,19.8,22.6,25.5,19.8,20,24.8,27,26.7,26.1,24.1,33.8,29.5,39.4,32.2,41.7,54.5,73.8,73.6,46.7,34.8,30.9,26.2,35.4,27.9,26,28.1,25.4,16.6,13.1,0
3330,평일,1,156,신설동,하선,22.1,21.9,34.3,45,66.3,79.7,64.9,52.5,40.5,34,27.3,28.7,23.9,26.3,30.7,24.3,27.8,21.8,30.7,28.1,36.2,25.4,42.6,34.5,33.1,37.6,22.6,16.1,14.2,14.5,11.9,13.5,10.9,10.9,9.3,8.5,8,1.9,0.3
3331,평일,1,159,동묘앞,상선,8.5,14.5,8.4,12.8,17.8,25.6,22.9,19.4,24.6,22.2,23.7,27.9,20.4,21.8,24.7,29,26.6,27,25.2,35.4,26.4,40,35,36.9,50.1,74.7,78.6,43,31.2,33,28.2,40,28.8,28.6,25.9,27.9,13.9,14.5,0
3332,평일,1,159,동묘앞,하선,14.9,18.2,24.8,47.6,71.1,87.7,73.6,56.2,47.5,36.6,29.6,30.1,24,32.3,33.5,28.3,31.3,24.2,34.5,32.5,42.2,29.6,36.3,38.3,37.4,41.9,25.5,18.8,16.8,15,13.5,15.1,11.6,13.1,9.9,8.7,8.2,1.9,0.4
3333,평일,1,155,동대문,상선,10,13.3,9.4,14.7,21.1,28.5,25.3,25.2,25.7,26.2,25.9,31.2,22,26.3,27.6,33.6,29.3,29.9,30.2,37.7,33.8,38.5,36.6,43.4,51.8,86.7,80.4,47.3,34.4,37.3,31.6,39.1,33.3,31.9,29,31.3,18.6,13.4,2.3
3334,평일,1,155,동대문,하선,14.4,18.7,22.8,47.2,72,84.5,80.3,68.6,42.8,36.1,30.1,30.2,23.6,32.5,33.5,28.6,31.6,26.5,30.4,34.8,43.3,30.1,39.7,38.3,39.5,42.5,28.7,19.5,17.2,15.4,14.3,15.9,13,15.4,10.4,8.7,9.6,3.9,0.5
3335,평일,1,154,종로5가,상선,7,13.1,9.6,15.1,22.6,31,23.4,26.7,27,27.7,27,28.9,24,26.8,29.5,32.8,26.7,33.4,28.8,37.3,32.8,34.1,39.6,39.8,53.5,85.5,81,48.3,32.9,34.1,35,39.1,33.4,31.9,29.1,28.8,17.5,13.1,2.6
3336,평일,1,154,종로5가,하선,13.8,17.5,21.9,43.1,65.2,79.2,73.6,64.2,38.8,35.6,29.2,28.9,25,37.2,32.1,28.5,32.4,32.1,34.5,39.4,54.2,33.4,43.5,43.2,49.4,54.9,36.2,24.2,21.4,18.8,18,18.9,16.1,18.1,12,9.7,10.1,4,0.4
3337,평일,1,153,종로3가,상선,7.6,14.6,11.8,19.9,29.2,41.2,32.9,32.5,36.3,32.4,35,31.6,28,28.1,35.2,32.3,30.7,34.7,29.8,35.4,35.4,34.1,38.3,41.4,49.9,87.3,69.3,46.9,32.2,32.2,33.6,39.2,26.5,30.7,31.8,28.4,18.1,8.1,0.9
3338,평일,1,153,종로3가,하선,12.6,12.3,22,37.9,64.4,70,70.5,55.5,36.5,31.5,22.5,24.2,23,27.7,28.1,25.1,28.8,28.6,31.8,39.1,42,35.5,42.2,40.5,48.3,54.1,41.3,23.6,22.6,19.7,19,21,17,19.1,14.6,10.7,9.7,3.2,0.4
3339,평일,1,152,종각,상선,8.8,13.1,11.7,19.3,29,36.7,32.8,32.9,37.5,30.7,31.9,34.3,25.4,26.5,31.8,29.9,29.6,30.5,27.3,31.5,29.5,32.4,32.1,39,46.2,83.3,64.6,42.5,30.6,30.6,29.8,32.6,23.6,27.3,27.9,24.3,15.4,7.7,0.9
3340,평일,1,152,종각,하선,10.6,11.3,18.3,30.7,48.7,51.3,43.5,38.5,27,25.7,19.1,22.1,22,29.1,26,25,29,30.2,32,42.4,46.3,42.4,44,54.5,59,79.6,54.2,32,29.8,27.3,27.2,29.7,25.2,27.1,19.4,14.3,11.9,3.8,0.4
3341,평일,1,151,시청,상선,9,15.9,17.8,29.2,50.9,59.1,61.7,49.6,49.7,34.4,36.9,35.6,26.6,28.7,35.7,32,29.2,29.2,25,28.8,25.6,28.3,28.8,30.8,40.1,65.4,53.7,33,26.3,23.4,22.7,23.5,17.9,20.4,22.1,17.7,13.3,6.8,1.1
3342,평일,1,151,시청,하선,9.8,10.1,17.6,24.3,38.1,37.6,27.7,30.8,22.1,23.6,17.8,21.3,19.7,28.4,25,26.6,27.4,30.8,33.9,42.8,52.7,46.4,48.6,63.1,67.2,107.3,74.7,42.6,36,35.1,34.1,38.5,30.9,32.9,24.6,16.2,14,4.7,0.3
3343,평일,1,150,서울역,상선,9,21.8,20.9,34.5,69.4,71.2,93.6,63.4,59.7,38.4,40,37.4,28,30.5,37.9,33.7,30.3,29.5,24.7,26.7,27,24.3,26.1,27.3,35.3,49.4,41,29.7,22.9,19.5,18.5,18.6,14.6,16.5,19.1,13.5,11.5,6.3,0.9
3344,평일,1,150,서울역,하선,11.6,10.8,16,24.3,38,39.8,23.8,28.5,20.3,21.5,17.1,20.6,19.8,29.2,26,26.8,28.5,33.5,30.9,45.6,54.9,50.3,57.1,66,76.3,125.3,72.4,48.8,40.2,40.3,37.1,41.7,37.5,39,29.7,18.4,16.3,6.2,0
3345,평일,2,9001,성수E,내선,0,0,0,0,0,0,0,0,0,0,0,0,0,0,0,0,0,0,0,0,0,0,0,0,0,0,0,0,0,0,0,0,0,0,0,0,0,0,0
3346,평일,2,9001,성수E,외선,9,18.1,16.2,36.9,43.6,57.8,40.5,32.6,36.4,22.8,30.6,28.5,23.9,28.1,30.8,29,27.8,32.3,32.6,34.2,36,32.2,37.5,37.3,46.7,60.5,56.3,42.8,33.5,47.3,33,31.7,42.2,43.4,32.8,20.4,14.9,7.1,4.4
3347,평일,2,210,뚝섬,내선,18.1,25.5,21,28.1,34.3,52.5,54.3,32.3,29.3,23.7,24.4,33.2,31.6,32.7,33.6,37.5,34.9,34.4,38.6,38.2,44.3,39,56.4,63.6,59.9,61.3,59.3,35.1,23.3,23,17.6,23.8,30.5,26.1,30.4,20,22.2,11.7,5.5
3348,평일,2,210,뚝섬,외선,9.6,16.6,13,36.6,40.3,53.5,34.9,28,30.8,21.3,29.4,27.6,23.5,28.1,30.5,29.6,28.1,34,33.5,36.3,38.2,35.4,40.7,42.8,52.6,74.7,63.7,49.6,38.2,54.4,37.8,36.2,47.9,47.7,35.1,21.8,15.7,7.4,4.2
3349,평일,2,209,한양대,내선,19.3,28.8,23.3,29.8,42.6,62.8,68.3,38.5,40,25.5,30.2,36.3,34.4,35.1,36.4,39.5,37.8,35.5,40.1,38.4,45.2,38.5,56.8,61.4,57.5,56.4,53.3,33.4,22,21.5,15.4,23.6,27.1,24.5,28.7,18.5,22.2,9.9,6.9
3350,평일,2,209,한양대,외선,12.2,12.8,13.8,36.8,40.4,52.5,33,25.5,28.1,20.9,24.2,27.7,25,27.1,30.8,31.5,27.6,34.4,36,40.1,45.2,42.2,45.6,48.1,56.3,78.3,72.1,52.5,41.2,58,42.1,38.2,51.3,47.5,45.9,22.8,17.1,9.5,4.2
3351,평일,2,208,왕십리,내선,19.3,30.3,24.2,32.5,46.2,71.4,78.1,44.1,44.3,35,36.1,39,36.2,38.5,44.5,43.2,41.5,37.4,43,38.1,43.6,36.5,55.1,56.8,56.4,55.1,51.7,33.8,19.9,19.3,17.6,22.4,26.5,25,28.1,18.4,22.4,10.1,7.1
3352,평일,2,208,왕십리,외선,16.1,21.9,21.7,54.7,64.9,83.3,61.1,40.4,40.5,34.6,31.8,38.9,35,34.8,41.7,40.1,36,43.2,42.3,47,53.4,48.8,54.3,55.9,67,86.8,84.1,62.7,50.1,61.7,47.7,41.4,55.8,53.1,51.7,26.9,20.6,12.1,4.9
3353,평일,2,207,상왕십리,내선,21.5,35,29.9,42.3,56.9,83.8,77.6,53.6,44.6,38,41.6,42.9,43.8,48.6,48.3,51.3,48.8,46.9,50.1,53.9,53.8,52.6,72.7,80.6,80.9,81.8,75,49.9,29.8,29.4,26.5,35.6,41.5,36.3,45.6,28.6,32.5,14.7,8.7
3354,평일,2,207,상왕십리,외선,18.2,23.3,23.1,58.8,69.3,88.6,67.3,42,41.7,35.8,32.6,39.9,35.6,35.2,42.4,40.6,36.2,43.5,42.3,46.9,53,48.2,53.3,57.6,63.4,83,88.8,60,49.2,57.9,50.7,40.8,50.7,55,49.9,26.9,20.3,11.5,4.5
3355,평일,2,206,신당,내선,19.2,34.4,28.9,40.1,55.8,81.8,73.1,52.5,44.2,36,43.7,42.3,43.8,48.5,47.7,51.3,49.4,46.7,50.9,54.6,54.4,53.4,74.2,81.1,83.4,85.1,74.9,50.6,31.3,31.7,26.1,37.2,43.1,38.1,47.8,30.3,34.8,16,9.5
3356,평일,2,206,신당,외선,20.7,26,21.6,60.5,79.3,91.5,71.2,44.1,41.6,36.3,33.2,40.1,35.6,34.2,42.5,40.5,37.8,41.6,40.9,44.4,49.8,44.8,53.8,57.5,56.4,82.8,81.8,55.3,49,55.8,49.9,39.8,47.9,53.4,52,26.7,19,10.3,6.5
3357,평일,2,205,동대문역사문화공원,내선,22.2,30.6,28.2,39.6,51.4,76.3,64.4,48.6,40.4,33.8,41.2,41.7,43.3,46.9,46.1,52.4,48.5,47.5,49.4,52.8,52.7,54.3,71.6,80.6,84.4,89.6,79.7,52.3,31.5,34.3,28.5,40.9,45.2,40.5,48,31,35.5,13.3,9.8
3358,평일,2,205,동대문역사문화공원,외선,16.7,30.9,22.9,62.2,86,95.5,76.1,45.5,39.6,35.1,30.1,35.7,33.7,32.1,37.6,37.7,33.4,36.4,36.2,38.6,42.1,41.2,44.5,51.1,48.4,68,64.8,44.8,37,44.7,39.4,30.2,39.3,45.3,40.9,22.2,16.6,9.5,5.7
3359,평일,2,204,을지로4가,내선,14.8,24,20.4,28.8,39.3,58.2,48.8,37.5,33.1,27.4,36.3,33.6,36.6,39.7,40.2,43.7,41.5,43.7,43.7,47.8,47.7,49.8,63.8,73,78.1,90.1,79.1,51.4,34.4,36.1,29.2,48,45.5,42.5,51.2,33.7,38.8,14.2,10.2
3360,평일,2,204,을지로4가,외선,16.5,29.1,22.4,48.9,79.4,85.7,75.6,41.7,37.8,35.6,26.7,33.5,33.2,31.2,34.2,36.1,34.1,33.7,35.1,35.7,42.7,41.7,44,52.4,51.3,68.8,65.1,46,37.2,44.9,39.3,30.2,39,45.2,40.1,21.9,16.9,10.8,5.5
3361,평일,2,203,을지로3가,내선,15,24.9,21.5,29.8,44.5,62.3,49.8,38.9,32.9,27.5,36.2,33.4,36.2,39.1,39.1,42.4,40,41.7,41.7,45.1,45,46,59,67.8,70.6,85,70.1,44.4,34.1,33.9,28.1,45.8,44,41.3,47.3,33.1,38.2,15.5,5.7
3362,평일,2,203,을지로3가,외선,15.6,26.6,20.2,41.3,68.2,80.9,74.1,40.6,36.9,38.6,26.5,35.1,35.8,32.8,36,38.7,36.3,36.4,37.6,38.5,45.6,45.3,44,58.7,58.3,79.8,72.1,52.2,38.4,47.6,41.2,32.4,42.3,51.9,40.2,23.4,20.2,12,6
3363,평일,2,202,을지로입구,내선,14.9,25.1,22.7,31.3,48.6,70,61.6,41.8,35.9,27.1,37.6,36.1,36.7,39.7,40,44.3,42.3,41.9,43,45.6,46.2,46.5,59.6,65.2,67.2,86.5,71,44.2,32.2,34.9,29.2,44.6,40.9,44.5,44.4,34.7,34.5,15.6,5.7
3364,평일,2,202,을지로입구,외선,10.3,22.7,16.4,31.5,50,57.6,47.9,31.4,27.9,32.4,22.8,31.6,32.8,31.3,34.9,37.2,34.9,35.3,38.9,40,46.7,50.8,45.1,64.8,69.4,97.7,85.1,61.6,45.4,61.8,51.5,39.6,48,62.8,47.5,31.9,22.9,13.2,8.5
3365,평일,2,201,시청,내선,22.9,29.1,29.4,44.3,65.3,93.5,88.9,52.2,44.7,31.6,43.5,38.5,38.1,41.6,42.6,43.3,42,39.9,38.4,44.3,38.4,45.2,53.2,55.8,53.2,64.6,56.2,34.2,27.9,25.3,25,37.2,34.8,38.8,40.9,32,26,16,4.6
3366,평일,2,201,시청,외선,10.5,19.1,13.7,26.3,43,44,34.5,24.9,25.1,31.4,22.6,31.5,33.1,30.7,35.9,39.2,35.4,37,40.3,44.6,47.1,54.6,48.9,69.8,74.2,110.2,100.4,67.5,51.9,55.7,64.3,43.6,52.4,67.7,49.7,34,24.6,14.2,8.8
3367,평일,2,243,충정로,내선,23.1,31.2,33.6,49.3,73.5,113.2,98.4,59.9,47.9,33.2,44.1,39.9,39,42.5,43.8,43.9,42.1,39.5,37.6,42,36.6,42.5,50.4,48.9,46.8,54.5,46.1,31.3,25.9,23.1,22.9,35.4,32,38.5,38.8,33,26.7,16,4.8
3368,평일,2,243,충정로,외선,10.9,18.8,12.8,23.1,37.5,40.4,30.8,23.2,23.6,27.7,22.7,30.3,32.3,30.2,34.8,38.4,34.3,36.3,39.3,43.8,46.2,59.3,46,70.5,75.2,105.5,99.4,68.9,51.3,54.8,68,45,49.5,66.7,48.6,33.3,24,13.9,8.5
3369,평일,2,242,아현,내선,22,30.8,33.2,49.4,76.4,115.5,101,60.2,44.5,33.2,45.2,38.5,37.8,41.1,42.8,42.4,41.4,38.6,36.6,40.5,34.7,42.7,48.6,45.5,41.9,50.4,43.3,30.1,23.4,22.6,22.7,35.8,31.9,38.5,38.7,33,26.8,16,5.1
3370,평일,2,242,아현,외선,13.2,16.9,13.2,23.1,38.6,41.4,32.2,24,24.2,28.3,21.6,30.2,33.8,29.4,35.3,37.3,34.6,36,38.4,43.4,44.8,58.4,45.6,69.8,71.2,103.2,103.4,66.6,50,53.4,66.6,43.7,48.1,65.1,50.3,35.1,23.7,13.6,10.9
3371,평일,2,241,이대,내선,24.2,27.9,31.8,52,71.8,111.7,93.4,59.9,43.7,32.6,44.7,37.6,37.2,40.5,42.2,41.9,41.3,38.2,36.5,40.1,34.8,42,47.9,45.1,41.9,50.3,43.9,30.3,23.7,22.9,22.9,36.2,32.4,42.1,35.2,33.6,27.5,14.3,4.4
3372,평일,2,241,이대,외선,14.3,17,13.5,23.5,37.4,41.2,30.2,20.9,22.1,25.4,19,29.1,32.1,27.9,34,36.5,34.4,34.6,39.5,41,45.9,58.6,47.9,71.7,68.8,100.1,102.1,66.4,49.7,53,66.7,43.8,46.8,61.5,50.5,34.6,22.4,12.7,10
3373,평일,2,240,신촌(지하),내선,23.7,27.6,32.5,52.3,73.9,114.3,90.1,61.8,42.9,35.2,50.2,37.9,38.6,43.9,39.6,42.5,40,37.9,35.5,39.4,32.5,43,46.7,43.1,40.1,48.7,41.3,29.4,24.4,20.6,23.4,33.9,30.5,44.9,33.5,37.5,25.8,14.3,5.2
3374,평일,2,240,신촌(지하),외선,15.7,17,14.8,21.4,37.2,40.1,27.9,18,18.9,22.1,16.9,27.2,30.3,27.9,32.7,37.1,33.8,35.3,40.4,42.2,47.3,62.2,49.5,72.1,71,99.3,100.8,66.7,49.2,54.4,72.1,49.9,49.1,72.4,54,38.3,23.4,13.4,10.1
3375,평일,2,239,홍대입구,내선,23.2,29.1,33.4,52.9,76.6,118.7,88.4,63.8,47.1,38.8,50.7,43.5,38.8,44.8,44,42.4,41.9,38.2,35.1,36.7,32,40.4,44.7,41.4,39.6,48.2,42.3,30.4,23.7,18.6,22.9,30.9,26.7,38,30.4,34.1,23.9,13,5.8
3376,평일,2,239,홍대입구,외선,14,22.6,19.1,27.1,52.1,53.1,33.6,21.1,16.7,19.5,16.3,24.3,23.3,25.2,26.7,33.5,28.1,30.9,33.7,37.9,39.8,54.1,47.2,64,63.7,83.4,91.8,59.9,46.4,49.2,71.2,52.8,51.4,79.2,58.3,45.4,28,14.7,13.7
3377,평일,2,238,합정,내선,29.1,28.1,32,48.2,69.1,109.7,85.2,62.1,49.9,39,51.1,39.6,41.3,44.6,45.7,42.6,42.6,38.8,35.2,36.6,31.7,39,49.3,41.1,45.6,56.3,50.5,34.6,26,17.9,21.6,24.7,21.6,28.5,22.7,26.6,14.4,9.8,4.4
3378,평일,2,238,합정,외선,24.1,32.6,30.1,40.8,79.7,83.3,50.3,30.2,21.2,23.7,17.8,26.8,26.2,28.4,28.9,37,29.9,33.4,35.2,38.8,41.6,59.1,49.6,65.5,70.4,86.1,97.9,66.2,49.5,50.8,77.2,63.9,54.3,88.3,69.5,50.6,31,18.3,14.4
3379,평일,2,237,당산,내선,31.4,29.8,32.1,53.3,73.8,118.7,91.6,67.9,55.7,42.8,52.4,43.7,45,47,48.5,47.8,47.8,40.6,40.5,40.6,38.8,46.1,60,52.8,54.8,71.6,71.9,44,33.8,24.1,29.4,30.1,25.2,35.4,25.7,32.4,17,9.7,5.6
3380,평일,2,237,당산,외선,19.6,32,30.4,37.7,78.1,81.8,47.6,31,21.6,24.9,19.7,22.3,27.6,27.8,27.9,33.5,29.7,29.7,36.2,34,39.7,52.9,50.3,62.2,67.2,78.7,95.4,67.8,43.7,47.5,72.1,57.7,53.2,81.6,62.4,59.9,25.3,17.1,12.5
3381,평일,2,236,영등포구청,내선,32.6,30.9,32.6,52.4,77.9,118.8,87.1,67.7,50,41.7,48,40.7,42,43.3,45.2,44.7,41.4,42.4,38.5,37.8,38.3,45,53.3,53.4,51.9,66.9,72.1,42.9,31.6,24.6,29.2,29.7,26.3,36.7,26.3,32.6,17.6,9.5,5.9
3382,평일,2,236,영등포구청,외선,24.2,35.4,37.2,44.5,80,89.5,53.7,36.1,24.1,24,23.5,24.8,29.5,30.6,29.7,35.5,30,31.3,36.8,36.6,40.6,55.2,51.7,65.6,69.7,87.3,96.8,69.1,41.7,46.9,67.4,57.6,51.6,75.2,58.4,57.8,22.5,16.2,10.5
3383,평일,2,235,문래,내선,31.1,32.1,33.5,51.2,78,123,92.6,69.1,52.1,43.4,43.4,40.8,43.8,39.5,47.4,47.4,41.2,43.4,38.9,39.8,41.4,47.4,54.4,54.5,51.6,66.2,75.4,44.5,34.2,25.8,31.6,31.8,27.3,39.1,29.5,37.2,19.6,10.7,6.2
3384,평일,2,235,문래,외선,26.3,36.9,39,46,78.8,82.9,48.9,32.6,22.4,23.2,23.1,24.6,29.1,30.6,29.2,35.9,29.9,31.7,36.7,37.3,40.5,56.3,52.2,68.1,74.1,91,98.2,67.1,46.6,47.7,63.4,63.3,52.7,72.5,65.1,58.8,25.8,14.5,9.8
3385,평일,2,234,신도림,내선,31.1,32.2,33.7,54.2,82.8,131.6,96.2,71.9,50.2,31.5,36.7,29.2,36.5,39.1,47.6,47.2,41.4,43.2,38.7,39.1,41.6,46.5,49.2,52.3,48.1,66.5,70.5,43,29.2,24.7,24.1,26.4,26.6,38.2,26.8,14.6,15.5,6.5,6.6
3386,평일,2,234,신도림,외선,26.4,27.3,32.4,46.5,52.3,74.7,67.1,48.6,30.8,27.5,30,26.5,32.6,32.9,30.7,37.8,34.3,30.5,34.4,35.6,38,42.4,37.8,48.8,57.2,62.6,77.8,52.1,35.9,34.5,48.2,44.1,37.5,57,55.9,34.5,26.5,12,8.8
3387,평일,2,233,대림,내선,99.7,54.2,30.4,50,64.8,91,61.4,50.6,35.2,23.7,29.9,26.9,30.3,38,41.5,43.1,37.7,42.6,40.4,43.7,51.2,55.9,63.7,68.3,81,89.9,80.9,52.8,40.7,31.8,33.2,36.4,38.1,51.5,34,26,18.1,8.4,7.2
3388,평일,2,233,대림,외선,34.6,29.1,38.3,50.7,61.2,78,75.4,67.7,41.8,39.1,36.2,31,32.8,32.5,30.8,38,33,29.5,32.9,33.7,35.3,40.1,35.4,45.8,49.8,58.2,71.7,56.7,49.4,36.4,42.3,46.9,48.6,49,47.4,39.9,38.8,11.2,23.4
3389,평일,2,232,구로디지털단지,내선,65.6,39.6,26.7,44.6,58.1,81.9,52.6,44.1,31.6,23.1,25.6,25,27.8,35.5,39.2,41,37.5,41.6,40.5,44.4,52.9,57.2,67,71.1,84,93.6,80,58.7,43.7,34.5,38.4,40.9,45.3,58.2,39.3,30.5,19.7,9.1,8.4
3390,평일,2,232,구로디지털단지,외선,42.9,32.6,39.3,54,61.8,67.7,65.9,65.5,36.2,39,35.2,29.3,31.9,32.4,29.6,35,30.4,28.1,29.9,31.2,29.3,40,32.4,42.6,47.3,59.6,66.6,50.9,44,30.1,38,41.4,41.4,41.3,41.7,33.4,31,17.1,18.4
3391,평일,2,231,신대방,내선,44,30.8,21.7,36.2,50.4,72.9,54.7,43.4,26.8,22.2,23.6,21.6,24.7,32.9,35.1,37,36,38.3,38.8,44.7,49.1,52.9,64.7,60.8,80.9,76.8,71.7,57.3,42.7,34.1,39.2,42.2,47.1,61.9,43.1,28.3,21.9,10.2,10
3392,평일,2,231,신대방,외선,51.3,38.7,40.8,57.9,68.1,75.5,74,74.8,39.1,42.1,37.5,30.5,32.7,33,30,35.2,31.2,27.8,28.7,30.2,28,37.5,33.2,38,41.5,53.5,61.4,44.5,37.1,29.9,32.8,39.2,34.6,33.3,38,30.4,25.6,14.8,15.3
3393,평일,2,230,신림,내선,32,22.7,21.9,29.8,44.1,63.8,44.7,36.9,22.3,20.3,21.5,20.4,24.7,30.8,34.2,37.2,34.8,37.7,40.1,45.9,52.2,57.5,65.8,62.9,88.1,81.5,72.5,63.4,43.2,35.7,46.6,46.1,52.7,68.5,47.8,32.2,22.3,12.5,10.4
3394,평일,2,230,신림,외선,67.7,48.6,52.5,74.8,87.9,99.7,98.9,98.9,50.8,52.9,47.1,36.8,38.5,40.3,35.4,41.1,36.6,31,32.1,34.1,32.3,37.3,35.5,37.1,42.2,47.9,54.2,36.1,37.8,24.3,25.8,35.2,28.8,28.1,30.1,24.8,19.2,10.9,9.9
3395,평일,2,229,봉천,내선,21.5,19.1,18.4,27.6,36.6,51,36.6,31.4,20.4,20.4,19.6,19.4,28.1,30.8,35.2,38.4,37.6,40,44.3,52.3,60.4,64.8,72.8,75.2,103.5,98.8,91.7,79.3,56.8,44.9,60,57.5,71.1,84.1,59.5,43.2,27.6,19.3,16.8
3396,평일,2,229,봉천,외선,74.1,53.9,55.9,83.1,95.4,108.4,110.4,110.4,54.8,57.1,50.2,37.6,42,40.8,36.5,43.1,38.3,31.7,32.8,33.9,32.2,37.1,35.7,36.8,40.9,45.9,50.1,34.3,33.6,23.2,24.2,33.5,27,26.3,27.3,23.1,17.4,9.8,8
3397,평일,2,228,서울대입구,내선,16.2,17.3,17.1,24.9,32.2,45.4,32.1,28.4,18.6,19.5,19.1,19,28.5,30.7,34.8,38,38.1,40.8,45.9,54.3,63.6,67.6,75.8,78.6,109.5,104.3,99.4,85.8,62,50.7,63.1,61.3,76.3,89.9,63,44.8,30.5,21.1,18.9
3398,평일,2,228,서울대입구,외선,77.8,58.6,62.3,93.2,109.6,123.2,122.4,123.1,61,60.2,59,38.6,45.3,47.1,39.5,48.1,43.8,34.3,35.5,37.9,35.5,41,38.6,39.6,44,48.7,49.2,34.9,33.1,23.1,26.1,35.5,28.8,27.7,27.5,24.6,16.3,8.9,8.8
3399,평일,2,227,낙성대,내선,21.5,16.3,17.3,24.5,30.5,43.4,34,29.2,19.7,21.6,22.5,20.4,32.3,32.2,37.3,39.1,39.7,44.1,49.6,60.1,67.8,77.1,79.7,93,115.5,115.2,114.4,98.9,67.7,57,70.6,67.1,89.2,98.3,72.5,50.4,30.2,24.8,17.3
3400,평일,2,227,낙성대,외선,82.7,62.1,66.8,101.5,115.2,135.4,132.1,128.9,64.8,63.9,62.2,41.7,45.2,49.4,42.4,48.2,45.8,36.5,35.3,39.5,36.3,42.1,39.5,41.1,44.9,48.9,50,34,32.4,22.9,26.5,33.1,28.1,26.2,27,24.8,16.1,8,7.1
3401,평일,2,226,사당,내선,19.3,16,16.3,24.4,29,42.4,32.4,28.6,18.4,23.9,23.7,20,33.2,36.7,35.3,40.1,42.3,44.4,51.3,64.5,69.6,79.1,82.6,99.2,119.7,126.1,124.7,100.8,71.2,67.1,72.1,74.5,97,102.9,77.5,55.1,33.4,27.3,19.8
3402,평일,2,226,사당,외선,89.5,62.4,63.9,109.7,123.8,145.4,153.6,141.4,90,72.3,71.7,49.3,47.7,53.2,46.3,51.5,52.6,41.1,40.6,41.9,39,40.8,45.3,42.6,47.2,47,53.6,33.9,30.4,26.4,24.3,33.5,28.2,26,26.1,25.2,15.6,8.3,6
3403,평일,2,225,방배,내선,20.9,13.5,17.1,25.2,29.8,39.6,28.5,26.2,18.1,23.7,24.2,24,36.9,41.4,37.8,43.1,46.1,47.1,58.1,73,73.9,98.8,87.3,120.5,136.7,143.9,136.7,107.3,73.8,71.9,77.3,79.7,106,104.9,74.9,53.1,31.3,24.9,12.4
3404,평일,2,225,방배,외선,88,61.2,63.2,109.1,119,143.2,146.5,133.6,95.1,69.4,72.4,46.6,48.8,50.2,46.7,51.7,54.8,41.2,40.7,41.8,41,42.3,46.9,44.3,48.9,50.2,54.3,35.2,32.5,25.9,24.7,33,28.6,27.9,26.4,23,15.2,8.3,5.9
3405,평일,2,224,서초,내선,20.8,13.2,16.8,25.5,30.1,40.7,31.5,26.6,19.8,24.4,25.8,24.4,37.9,38.9,40.4,42.8,44.6,48.1,56.5,71.4,72.8,96.4,86.9,121.2,133.8,142.3,130.3,98.5,75.3,69.7,73.8,82.3,106.6,100.8,74.5,53.2,24.8,25.6,12.4
3406,평일,2,224,서초,외선,84.9,58.3,63.6,97.5,115,135.9,137.2,129.4,94.9,66,71.5,46.9,48.9,51.5,47.7,47.8,60.4,41.9,45.3,46.2,44,43.5,50.9,48.1,53.7,60.2,58.1,38.5,34.5,29.2,25.9,35.9,30,30.3,26.9,22.7,17.4,8.2,5.6
3407,평일,2,223,교대,내선,21.4,15.3,17.8,27.1,35.2,46.5,40.4,32.1,24.6,28.5,28.1,26,39.9,39.5,41.7,43.5,45.1,47.8,56,69.4,70.8,92.8,85.1,115.7,129.5,134.6,127.8,96.4,73.8,67.9,71.9,80,109.7,99.4,73.6,52.8,24.7,25.5,12.4
3408,평일,2,223,교대,외선,81.2,50.6,57.7,89.4,106.3,123.9,126,123.6,97.5,60.6,71.9,48.3,49,50.5,48.8,47.7,60.8,42.5,48.1,48.3,46.6,45.5,53,53,58.9,69,62.2,41.9,36.4,31.7,28.2,36,32.8,36.1,26.5,23.4,17.2,7.9,5.5
3409,평일,2,222,강남,내선,22.9,14.9,18.9,26.5,35.9,45,42.8,33.8,28,28.6,29.9,29.3,39.4,40.7,46.2,44.4,49.5,50,55.3,73,71,92.8,85.5,121.7,118.4,135.4,112.5,88.2,70.3,62.4,67.9,75.4,102.7,92.2,61.1,48.3,23.2,23.2,11.2
3410,평일,2,222,강남,외선,65.2,40.6,44.1,66.2,89.3,107.3,108.6,97.5,82.9,49,58.8,44.3,44.7,48.3,45.7,46.1,56.1,40,45.2,48.9,45.9,48.1,57.9,57.5,68.2,77.9,67.8,50.5,38.4,39.8,33.6,43,46.3,51.5,30.2,31,18.6,8.7,5.2
3411,평일,2,221,역삼,내선,22,18.3,22.7,32.2,44.6,55.5,57.8,45.9,39.5,32.7,32.8,29.8,37.1,38.3,44.8,42.1,49.8,47.5,51.7,64.7,66.2,84,78.3,110.8,104,127.7,99.5,76.1,55.8,50.9,55,58.5,85.9,75.1,49.4,35.3,17.5,17.3,8.7
3412,평일,2,221,역삼,외선,56.5,35.1,34.7,52.7,64.8,81.8,77.1,71.3,56,37.4,47.6,39.2,39.4,44.3,42,42.7,49.6,41.1,42.6,50.6,49.8,53.2,59.1,68.2,82.4,98.8,80.2,63.4,44.1,45.5,39.2,49,52.4,55.7,31.9,32.9,19.2,11.1,5
3413,평일,2,220,선릉,내선,22.6,19.6,26.3,41.4,58.9,76.9,88.6,65.4,55.7,40,36.5,33.1,38.7,38.5,46.8,43.4,51.4,45.3,48.7,59.1,59.9,71.3,67.9,87.8,81.3,100.4,78.3,59.2,44.3,43.9,46,51.7,74.4,64.8,42,29.4,14.4,15.8,8.2
3414,평일,2,220,선릉,외선,29.7,30.4,25,36,44.7,56.8,52.2,44.6,40.1,25.8,32.2,31.4,29.8,34.4,32.5,32.6,36.6,34.2,34.4,42.3,41.7,47.2,55,61,80.1,92.1,78.1,61.2,39.7,41.7,35.3,44,45.9,54.5,30.7,29.2,15.9,10.2,4.2
3415,평일,2,219,삼성,내선,20.5,18.2,24.3,40.9,56,78.5,81.5,60.8,51.6,36.1,29.6,30.1,29.5,32.7,34.2,33.6,38.4,35.6,37.5,42.6,42.8,51.5,49.5,62.3,58.3,67.2,53.8,40.3,29.9,33.8,31.4,39,61,50.1,29.7,20.6,10.8,11.1,4.4
3416,평일,2,219,삼성,외선,11.6,23.4,17.9,22.3,24.9,32.9,23.9,24.5,21.6,16.6,23.2,25.7,24.4,30.4,28.3,28.3,31.4,32.5,32.5,44.1,42.5,50.6,59.8,68.6,88.9,108.1,93.2,69.2,45.4,50.5,41.4,51.3,54.1,63,33.3,31,16.4,10.4,6.8
3417,평일,2,218,종합운동장,내선,30.9,21.3,29.1,48,67.9,95.8,106.8,73.5,62.9,41.3,33.5,31.9,29.6,31.8,33.3,31.7,36.3,31.5,32.9,34.3,34.8,38.8,35.8,44,36.4,37,36.4,25.4,19.1,22.8,21.6,27.5,44.3,42.3,24.6,15.6,9.6,10.3,3
3418,평일,2,218,종합운동장,외선,11.3,22.5,17.5,22.3,24.8,32,23.9,24.8,22.1,15.6,22.6,27.3,24.1,29.7,29.1,29.1,31.7,36.2,39.2,43.8,43.4,45.5,58.1,60.1,75.6,87.8,92,65.9,45.1,48.7,37.7,56.2,74.8,79.5,42.1,30.9,23.8,9.5,8.6
3419,평일,2,217,잠실새내,내선,26.5,24.6,28.3,48.2,67.7,97.8,99.2,70,60.4,43.2,33.8,34.6,30.3,32.6,33.1,32.6,35.2,29.9,31.6,34.3,36.4,41,39.1,50.9,43.9,44.2,42.5,27.5,20.2,23.5,22,25.1,29.1,25.3,18.9,14.8,9,9.4,3.4
3420,평일,2,217,잠실새내,외선,13.9,25.3,19,24.3,30.8,37.2,27.7,26.1,25.8,15.8,23.1,27.3,24.6,30.6,30.9,29.6,31.5,35.9,38.6,43.9,43.7,45.8,57.3,61.3,68.6,85.6,87.2,66.7,43.5,47.5,39.5,49.4,77,78.9,45.3,29.8,24.4,10,8.3
3421,평일,2,216,잠실,내선,24.8,24.1,26.9,47.1,62.8,94.6,89.6,68.1,57.7,42.2,33.1,34.5,30.3,33.6,32.9,33,35.5,32.4,32.9,37.7,38.5,42.9,40.9,56.1,46,46.6,47.7,28.3,21.1,26.1,23.4,26.6,30.6,25.9,19.7,15.1,9.5,9.8,5
3422,평일,2,216,잠실,외선,17.6,24,21.3,29.6,36.6,43.5,25.5,23.8,24.3,15.3,21,26,20.6,27.2,28.6,26,28.1,30.8,33,37,38.5,39.1,44.9,48.6,50.4,64.2,64.9,45,32.9,42.8,31.8,40.9,60.7,63.1,32.8,21.7,16.3,7,6.3
3423,평일,2,215,잠실나루,내선,17.1,16.3,18.5,28,40.7,64.9,64.5,45.9,45,32,27.4,33.3,26.5,29.5,30.3,28.9,32,28.8,31.1,33.9,37.9,37.2,39.4,48,42.7,43.3,50.3,29,21.8,21.8,21.6,25.4,27.2,22.2,22.6,16.5,13.4,13.3,8.7
3424,평일,2,215,잠실나루,외선,17.9,21.4,21.7,30.2,38.7,44.6,27.9,25,24.7,15.1,20.5,27.8,21.1,27.5,28.1,26,28.7,29.4,33.4,37,39.2,40.3,46.7,49.5,51.3,64.2,64.4,43.9,34.3,37.6,31.3,38.2,58.8,61.4,31.4,20.9,15.7,6.7,5.8
3425,평일,2,214,강변,내선,17.6,18.5,17.8,28.7,41.9,67.7,59.8,45.9,44.6,31.3,26.7,32.4,25.9,29.2,30.4,28.8,31.9,28.4,30.4,32.4,36.9,35.2,38.2,46.1,42.4,43.7,52.9,30.2,22.8,22.6,22.5,27.6,28.1,24.1,22.9,17.5,14.4,14.4,10.2
3426,평일,2,214,강변,외선,15.5,22.7,22.8,34.2,44.5,50.1,32.7,28.5,26.1,17.1,22.5,30.3,23,26.7,29.7,26.9,28,29.9,33.7,34.3,39.3,37.3,45.6,48.4,48.4,62.2,60.5,43.6,33.4,35.5,30.2,36.3,59.1,54.4,31.1,19,16.8,7.3,5.1
3427,평일,2,213,구의,내선,14.8,18.9,16.3,24.7,37.1,60.9,55.9,39.7,40,29.7,23.4,32.4,25,29.3,29,31.6,29.9,28.8,31.9,34.8,38.3,37.6,39.4,49.7,42.4,48.7,54.2,29.7,25.4,25.5,23.1,30.4,29.4,26.1,25.7,17.3,16,14.7,11.5
3428,평일,2,213,구의,외선,24.8,21.2,24.2,40.3,52.6,59.2,39.2,32.9,29.2,18,24.7,32.2,24.3,28.3,31.3,28.5,29.1,31.1,34.1,34.5,39.3,38.9,47.5,50.5,47,61.1,56.7,41.2,31.4,32.5,29,33.5,51,48.8,35.4,18,15.1,6.7,4
3429,평일,2,212,건대입구,내선,11.2,21.1,17.7,23.8,34.4,55.5,52.1,35.7,35.3,29.4,23.5,30.8,27.4,28.5,29.6,32.3,31.1,29.8,33.4,36.2,40.1,38.1,40.7,47.7,47.6,52.6,59.2,32.6,29.6,28,26.1,34.4,33.3,30.1,29.6,19.9,18.6,17.3,14.4
3430,평일,2,212,건대입구,외선,30,29.8,26.1,42.4,65.6,72.3,57.5,38.5,35.3,23,26.9,33.2,27.8,31.2,33.6,30.9,30.2,32.6,34.7,33.6,37.3,37.8,43.8,46.3,45.1,51.1,46.5,36.3,25.1,26.8,27.1,27.4,42.4,42.7,29.8,17.5,15.1,5.5,4.1
3431,평일,2,211,성수,내선,8.7,15.2,13.1,18,24.5,42.6,37,25.7,28.9,25.9,20.8,27.8,27.5,27.9,29.5,32.9,32.1,31.7,34.9,37.9,43.7,41.4,44.6,52.1,53.5,67.2,75.1,42,36,33.9,30.6,43.4,38.9,35,34.8,22.9,22.9,18.1,15.4
3432,평일,2,211,성수,외선,9,18.1,16.2,36.9,43.6,57.8,40.5,32.6,36.4,22.8,30.6,28.5,23.9,28.1,30.8,29,27.8,32.3,32.6,34.2,36,32.2,37.5,37.3,46.7,60.5,56.3,42.8,33.5,47.3,33,31.7,42.2,43.4,32.8,20.4,14.9,7.1,4.4
3433,평일,2,9002,성수,내선,0,0,0,0,0,0,0,0,0,0,0,0,0,0,0,0,0,0,0,0,0,0,0,0,0,0,0,0,0,0,0,0,0,0,0,0,0,0,0
3434,평일,2,9002,성수,외선,2.2,5.6,5.6,7,8.9,17.7,13.5,12.5,10.8,8.3,9.9,10.1,9,9.3,10.5,11.6,11.7,12.4,13.9,17,19,20.5,26.2,33.1,40.1,69.7,50.5,31,27.1,27.2,25,21.1,23.6,25.1,19.9,11.6,8.8,4.5,4
3435,평일,2,244,용답,내선,20.5,19,18.4,27.3,42.2,73.2,76.2,45.1,31.8,18.3,17.8,14.9,14.8,14.3,15.8,15.4,14.9,14.4,13.7,15.2,14.8,16,19.7,25.8,23.6,22.5,13.4,8.6,6.7,6.1,4.8,4.9,4.6,4.2,2.8,2.5,1.7,1.4,0.5
3436,평일,2,244,용답,외선,2.5,4.1,6.6,6.8,9.8,15.6,16.2,11.8,10.8,8.4,9.5,10.6,9.3,9.5,11.2,11.5,11.1,11.6,13,15.1,17.2,20.1,22.8,32.1,37.1,62.7,44.1,26.5,23.3,23,19.5,19.4,18.8,20.2,15.6,10.2,6.1,3,2.5
3437,평일,2,245,신답,내선,15.3,16.3,16.2,24.6,35.5,63.3,60.7,38.5,31.8,16.2,17,13.5,13.7,13.1,14.8,14.6,14.7,13.9,12.8,14.7,13.5,16.5,17.9,24.5,21,23.2,13.3,8.5,6.6,6,5,5.5,4.7,4.7,2.9,2.4,1.9,1.8,0.5
3438,평일,2,245,신답,외선,2.8,4,6.9,7.7,10.9,17,17.1,13.1,11.5,9,9.6,10.5,9.4,9.6,11.3,11.1,10.8,11.3,12,13.1,14.6,18.7,21.2,28.9,35.3,45,42.1,26.2,19.6,20.8,16.4,16.5,15.8,16.8,12.6,10,5,2.4,2
3439,평일,2,250,용두,내선,12.3,15,13.9,20.8,30.5,54.4,51.5,33.1,25.1,15.8,13.6,12.1,13.3,12.5,14.4,14.2,14.5,13.7,13.1,14.7,13.5,16.6,17.4,24.3,20.6,23.4,14.1,8.8,7.1,6.3,5.4,5.6,4.8,5.1,3.2,2.7,2.1,1.9,0.6
3440,평일,2,250,용두,외선,2.7,3.8,5.9,6.9,9.9,15.9,14.4,11.3,9.7,7.6,7.7,9.3,8,8.4,9.5,9.3,9.2,9.9,9.8,11.3,12.1,16.8,18.9,24.8,30.5,40.5,36.1,22,16.7,17.2,14.6,14.7,13.6,14.4,11.9,8.3,4,1.8,1.5
3441,평일,2,246,신설동,내선,9.3,12.9,11.9,17.8,26.8,47.6,45.4,27.9,22.4,14,12.2,10.9,11.3,10.6,13.1,12.4,12.9,11.8,11.6,12.5,11.6,14.3,14.7,21.7,18.7,18.2,11.5,7.5,6.7,5.6,4.9,5,4.3,5,3.1,2.6,2,2,0.6
3442,평일,2,246,신설동,외선,0,0,0,0,0,0,0,0,0,0,0,0,0,0,0,0,0,0,0,0,0,0,0,0,0,0,0,0,0,0,0,0,0,0,0,0,0,0,0
3443,평일,2,260,까치산,내선,0,0,0,0,0,0,0,0,0,0,0,0,0,0,0,0,0,0,0,0,0,0,0,0,0,0,0,0,0,0,0,0,0,0,0,0,0,0,0
3444,평일,2,260,까치산,외선,12.9,14.8,24.5,32.9,58.2,59.3,37,27.2,19.3,13.4,12.7,10.7,11.4,11.9,10,12.3,10.9,9.6,10.8,12.4,13.2,15.4,15.9,24.4,27.1,35.8,29.9,20.1,12.3,11.1,10.6,10.3,8.9,8.6,8,5.7,2.5,0.8,0.6
3445,평일,2,249,신정네거리,내선,9.5,13.2,11.8,16,26.5,36.2,21.3,17.3,11.7,10.5,8.7,9.7,9.7,9,9.8,11.1,9.9,9.8,10.1,12.3,13.6,16,20,21.4,32.5,43.3,50,36.7,25.5,17.7,17,15.5,14.2,13.1,15.2,12.5,8.6,4.9,1.7
3446,평일,2,249,신정네거리,외선,24.6,24.9,39.9,53,82.6,92.4,59.3,43.4,29.2,21,18.3,15.3,16.6,17,14.5,16.5,14,12.3,13,14.3,14.8,17.4,17,25.8,27.4,34.4,26.4,18,11.7,11,11,9.9,8,8.6,7.6,5.6,2.4,0.7,0.5
3447,평일,2,248,양천구청,내선,7.9,12.5,9.8,15.7,25.9,31.7,20.3,16.4,12.8,12,10,10.7,11.4,10.2,11.9,13.6,13.8,13,14.3,17.6,20.7,24.3,29.4,35.4,49.8,67,80.5,60.4,42.7,29.6,27,26,25.1,22.4,26.9,22.2,15.6,7.1,2.9
3448,평일,2,248,양천구청,외선,31.7,31.7,56.1,69.9,106.4,116.1,83.7,60.5,42.3,28.6,24.6,20.7,20.5,18.9,19.2,19.6,17.3,15.7,14.3,15.8,16.5,18.1,20,22.9,30.3,34.1,32.5,19.9,13.9,12.6,10.5,10.2,8.7,9.3,8.2,7.3,4.1,0.8,0.7
3449,평일,2,247,도림천,내선,6.4,12.7,10,15.6,24.7,31.9,22.4,16.3,13.8,12.6,10.6,11.1,12.8,11.1,13.6,15.8,17.1,15.5,18.1,21.7,26.1,30.2,36.2,44.8,62.3,81.9,102.4,79.3,56,38.1,35.4,33.6,33.4,31.9,33.2,26.8,17.9,8.6,4
3450,평일,2,247,도림천,외선,31.5,32.2,57.2,70.2,106.7,115.7,82.8,60.8,42.6,29,25.3,21.2,21.1,19.4,19.7,20,17.8,16.2,15.1,17.5,17,19,20.5,23.9,30.7,34.9,32.5,20.2,14.1,12.7,10.5,10.6,8.8,9.5,8.2,7.3,4,0.9,0.9
3451,평일,2,9003,신도림,내선,6.4,12.6,10.2,15.6,26.7,33.2,23.4,16.1,13.1,14.2,10.7,11.4,14.7,11.5,14.2,16.2,17.4,16,18.8,21.9,26.3,30.1,37.5,52.3,65.3,90.1,100.9,71.1,53.9,38.6,36.1,34.2,34.1,32.3,33.9,27.4,18.5,8.9,4.1
3452,평일,2,9003,신도림,외선,0,0,0,0,0,0,0,0,0,0,0,0,0,0,0,0,0,0,0,0,0,0,0,0,0,0,0,0,0,0,0,0,0,0,0,0,0,0,0
3453,평일,3,309,지축,상선,21.8,13.8,12.3,18.2,16.1,25.6,18.7,16.2,18.7,12.3,16.5,18.4,18.4,18.9,23.2,22.7,24.4,24.5,31.1,37.1,38.7,33.1,49.4,47.8,65.7,112.1,102.9,86.7,67.3,40.3,47.2,47.8,34,37.5,42.1,35.2,32.9,31.7,0
3454,평일,3,309,지축,하선,43.1,36.9,60.4,94.3,97.1,117.9,79.5,82,46.2,46.8,40.8,41.1,32.6,33.5,32.4,28.2,30.6,23.6,25.9,24.7,26.1,25.9,31.6,29,29,31.7,26.8,19.9,19.2,12.2,12.2,12.3,8.3,9.7,10.5,6.8,5.2,1.7,2.9
3455,평일,3,310,구파발,상선,21.4,10.8,8,9.1,13.7,14.2,9.5,8,11.3,8.4,9.8,11,13,11.5,24,22.4,19,14.1,24.1,30.5,38.6,35.1,26.8,50.5,56.6,60,54.8,51.3,36.7,31.1,24.9,31.2,26.7,23,23.4,29.1,10.6,8.5,0
3456,평일,3,310,구파발,하선,18.6,28.2,43,63.7,69,88.1,60,45.5,42.6,43.5,37.3,35.9,24.7,32.3,29.6,34.6,27.9,22.1,19.8,23.9,33.8,27.1,26.9,18.7,26.9,19.2,17.5,12.2,11.6,11.8,8.8,9.6,10.8,9.5,9.1,7.6,3.7,1.3,3.3
3457,평일,3,311,연신내,상선,21.5,13.1,9.8,11.7,16.2,17.4,11.3,11,13.5,11.7,12.6,14.2,16.5,19.2,23.3,27.7,24.1,23,25.5,38.8,44.7,41.3,38.8,55.6,64.5,73.7,77.6,51.7,46.4,36.9,36.3,31.5,34.1,28,35.4,28.6,17.8,8.6,4
3458,평일,3,311,연신내,하선,27,34.7,44.3,65,83,96.2,67.2,59,45.3,43.7,47.3,34.8,27.4,34.5,31.1,37.9,27.7,25.3,18.7,24.8,32.1,31.2,23.4,18.1,21.5,16.5,16.7,12.7,10,9.8,8.2,8.8,9.8,8.3,8,7,3.4,1.4,2.8
3459,평일,3,312,불광,상선,18.7,14,10.6,12.6,17.3,18.8,12.9,12,15.6,13.5,14.1,16.6,19.5,22.8,29.6,31.1,28.5,27,30.5,47.1,55.3,49.6,50.2,69.9,82.4,93.4,97.8,68.5,60.6,47.1,46.2,39.2,43.4,37.1,44.5,33.3,24.4,12.8,7.5
3460,평일,3,312,불광,하선,36.1,38.1,52.4,69.6,100.2,116.5,80.6,69.4,55.8,47.1,52.7,39.3,34.6,34.9,35.7,42.9,32.2,30,22.4,27,35.8,35.7,26.5,22,24.1,21.8,19.6,15.2,11.8,11.3,9.6,10.3,11.7,9.5,8.8,8.2,4.9,1.7,2.7
3461,평일,3,313,녹번,상선,18.1,11.9,9.1,11.6,15.5,16,12.8,11.8,15.2,13,13.6,16.1,19.3,22.9,31.3,30.6,27.5,27.8,32.1,49.9,55.3,49.4,51,70.8,84.3,95.8,97.7,70.8,61.2,46.8,48.2,38.7,43.9,38.5,45.9,34.6,25.6,13.8,8.8
3462,평일,3,313,녹번,하선,42.3,42.8,59.6,80.3,113,129.2,95.1,77.8,65.3,52.1,56.3,40.8,39.5,37.7,38.2,45.7,34.3,31.3,23.3,27.8,36,37.3,27.3,22.3,25.1,23.2,18.4,16.3,11.5,11.7,9.9,9.9,11.1,8.7,9.2,7.6,4.5,2.3,2.4
3463,평일,3,314,홍제,상선,16.4,11.6,8.6,10.9,14.5,15.2,12.4,11.8,14.6,12.9,13.3,17.3,20.2,23.3,32.3,31,27.8,29.2,34.8,53,59.3,52.3,55,91.3,92.9,107.6,105.6,80.2,68.5,54.1,51.5,44.4,48.7,42.8,51.4,39,29.3,16,10.7
3464,평일,3,314,홍제,하선,48,44.2,57.9,83.8,120.2,143.9,101.5,84.6,69.6,58.9,60.3,44.2,42,36.3,45,49.2,41.3,30.9,27,27.1,38.1,40,31.7,23.8,28.8,24.4,19,16.2,11.5,12.1,9.9,10.8,11.6,8.9,8.4,8.7,4.3,2.1,2.1
3465,평일,3,315,무악재,상선,14.1,11.9,8.2,11.4,13.7,15.2,12.9,12.4,16,13.7,13.8,18.7,21.8,24.5,34,32.3,30.2,31,36.9,59.3,63.2,56.4,59.3,97.8,100.3,115,112,86.5,70.8,58.6,53.9,49.1,51.4,50.1,55.6,37.6,29.8,14.5,12.7
3466,평일,3,315,무악재,하선,49.3,45.1,59.3,85.9,121.8,144.4,112.2,87.2,72.7,60.7,61.7,45.2,42.5,38.4,44.7,50.1,41.7,31.5,27.3,27.4,38.5,40.1,33.8,24.5,27.7,24.7,20.1,15.6,11.5,12.2,10.1,10.9,12.4,9,8.4,8.7,4.3,2,2
3467,평일,3,316,독립문,상선,13.1,11.2,8.3,11.4,13.6,15.7,12.3,13.1,15.8,13.8,13.9,18.9,22,24.9,34.1,32.5,30.9,31.4,38.8,66.1,61.2,59.1,60.7,99.4,102.1,117,114.6,88.9,72.6,59.9,55.3,52,51.4,51.5,57.4,40.2,26.5,15.2,13.4
3468,평일,3,316,독립문,하선,34.4,46.9,59.8,85.9,117.5,144.3,112.4,88.7,74.3,61.1,62.3,49.4,41.2,39,45.6,51.6,44.3,31.5,29.5,26.7,38.9,42.6,34.7,25.3,28.9,26,20.5,15.8,12.8,11.9,10.3,10.9,12.3,9.2,8.5,8.8,4.3,2,1.8
3469,평일,3,317,경복궁,상선,13.3,10.6,9,12.6,14.7,16.6,12.9,13.7,17.3,13.5,15.7,19.8,22,27.4,35.5,33.3,30.7,31.9,40.9,65.1,61.7,58.1,65,109.1,103.2,116.7,114.4,89.8,73.8,60.1,55.8,52.9,52.3,52.5,58.7,41.3,27.3,15.9,7.8
3470,평일,3,317,경복궁,하선,34.8,44.1,57.2,81.7,114.8,136.4,108.8,84.7,73.2,62.4,63.4,54.2,45.7,44.9,48.4,60.5,52.7,39.5,36.9,37.7,50.6,59.4,49.3,37.4,40.2,44.3,29.7,22.9,17.5,17.5,15.6,17.8,19.4,14.5,13.2,12.1,5.8,2.4,1.7
3471,평일,3,318,안국,상선,13.9,12.3,11,16.3,20.8,28.2,28.9,27.1,33.4,21.1,24.8,29.2,30.5,35.9,45.7,41.1,37.8,36.6,45.5,69.3,64.7,59.4,67.1,106,106.2,111.9,115.1,90.4,68.8,58.5,53.4,52.1,49.7,53.3,58.8,41.4,27.4,16.3,8.3
3472,평일,3,318,안국,하선,34.3,42.2,53,75.8,102.1,128.1,97.8,80.1,71.1,61.4,62.5,54.3,46.1,49.3,50.4,64.7,59.4,51.1,42.4,48.1,62.7,80,63.5,51.9,55.5,64.8,41.7,31.8,23,24,20.2,24.6,24.5,20,15.8,13.9,8.3,2.8,1.6
3473,평일,3,319,종로3가,상선,14.3,14.3,16.5,27,36.5,40.7,43.4,41.1,39.8,30.9,33.7,39.2,39.5,44.3,55.4,48.1,43.5,41.8,49.7,72.4,64.7,58,66.8,102,102.2,110.5,106.3,86.3,66.8,55.5,50.9,50.7,45.5,52.6,57.5,40.5,24.8,15.2,8.6
3474,평일,3,319,종로3가,하선,28.1,33.4,41.4,60.2,79.7,95.7,83.4,65.4,55.6,50.3,48.3,44,37.8,39.2,40.7,54.1,50.6,44.2,36.9,43.5,50,70.3,59.8,45.4,47.9,60.8,40.6,29.5,20.7,21,19,22,22.5,19.3,16.8,13.4,9.7,3.1,2.2
3475,평일,3,320,을지로3가,상선,8.1,9.9,12.2,22.9,28.5,35.9,36,36.4,33.1,25.8,29.4,35.4,34.1,39.6,48,41.4,37.2,35.4,44.8,59.2,52.6,48.7,54.3,78.9,82.9,92.2,86.5,70.3,54.4,46.5,39.8,42,36.6,42.6,45.6,28.6,19.4,12.1,6.9
3476,평일,3,320,을지로3가,하선,24.3,29.5,31.8,47.2,59.9,75,65.4,54.9,49.6,44.8,42.9,40.7,35.7,35.8,37.7,51.9,48.8,42.9,36.6,42.1,49.4,68.3,58.6,47.5,51.3,68.2,46.2,32.1,22.4,22.6,21.4,24.1,25,24.9,18.4,16.3,12.5,4.2,2.8
3477,평일,3,321,충무로,상선,8.6,9.4,12.2,22.7,31.7,43.4,42.1,38.6,29.7,28.1,28.6,34.2,34,38.4,46.3,40.2,35.1,34.2,45.5,56.1,49.8,44.4,50.6,70.2,73.5,75.9,77.3,62.1,46.9,40.3,34.3,36.2,30.8,37.8,39,23.7,16,10.7,6
3478,평일,3,321,충무로,하선,22.8,35.5,35.6,54.3,64.4,77.9,71,63.3,54.6,50.8,46.3,42.5,37.3,37.4,40.6,53.8,56.4,47.6,36.3,46.9,51.8,73.2,62.5,50.6,54.5,70.8,52.4,34.4,25.7,21.7,21.9,24.9,25.5,28,19.3,17.5,12.7,4.7,2.8
3479,평일,3,322,동대입구,상선,8.2,8.3,11.6,22,32.8,45.7,43.2,38.3,29.2,28.7,28.9,36.9,35.7,42.9,50.5,43.8,36.5,37.4,48.5,59.8,54,47.2,57.6,73.4,80,79.4,85.9,70.9,53.5,46.8,40,38.6,34.2,40.3,43.4,25,16,11,5.6
3480,평일,3,322,동대입구,하선,22.8,33.8,34.5,52.5,61.5,74.2,61.7,61.6,49.1,44.3,41.4,41.3,31.9,35.9,38.4,46.1,57,47.6,37.4,47.6,51,74.3,65.4,52.7,55.7,72.5,54,36,26.3,23.2,23.5,26.4,26.7,30,20.2,17.9,14.9,5.3,2.6
3481,평일,3,323,약수,상선,8,8.6,11.9,24.1,33.8,48,48.5,40.6,34.1,28.7,30.1,37.4,37.6,43.8,51.3,42.3,36.1,36.5,46.6,56.4,51.8,44.3,55,68.5,74.5,75.2,84.1,67.4,51,43.8,35.8,35.6,30.8,37.2,41.2,24,15.8,11,5.7
3482,평일,3,323,약수,하선,30,39.5,40.1,63.5,70.9,92.8,74.6,73.8,56.8,50.2,45.8,46.3,36.3,39.6,42.3,49.8,63.2,51.5,40.3,51.5,52.4,73.3,72.3,57.7,52.9,77.5,59.1,38,27.7,24.7,24.4,27.5,27.8,32.2,23.8,20.3,16,5.8,3.8
3483,평일,3,324,금호,상선,10.3,8.2,12,23.8,34.4,50.1,49.6,42.1,37.1,30.6,32.3,41.9,39.8,46.6,56.4,45.2,38.7,40,50.8,62.3,54.5,48,67.1,78.7,87.7,89.5,98.1,80.7,58.9,52.2,41.9,41.9,36.5,45,45,26.3,19,14.2,6.9
3484,평일,3,324,금호,하선,33.2,42.5,38.3,63.4,73.8,95.8,78.8,73.7,62.1,48.6,46.4,47.1,36.6,39.9,42.3,50,62.7,51.4,40.1,51.1,51.5,69.8,73,56.7,51.9,75.4,57,36.6,28.4,24,23.6,26.3,25,31.4,22.6,19.1,15,5.5,3.5
3485,평일,3,325,옥수,상선,8.9,7.4,10.9,22.4,32.6,49.1,43.9,42.1,35,29.7,31.8,41.1,38.9,48.6,53.4,42.9,38.2,40.8,53.7,63.3,55.4,48.8,67.8,79.8,88.6,92.1,100.5,82.4,60.4,53.3,42.9,43,37.5,46.6,46.6,27.2,18.5,12.2,4.3
3486,평일,3,325,옥수,하선,37.6,46.6,42.7,69.3,80.5,107.7,88.8,85.5,69,52.5,53.8,51.8,39.9,42.4,45.9,53.4,66.8,53.9,44.7,49.5,54.1,72.3,75.9,58.1,53.4,75.7,58.4,38,28.8,24.1,23.7,26.3,25.1,31.3,22.6,19.4,16.1,5.6,4.6
3487,평일,3,326,압구정,상선,7.9,7.9,12.1,22.3,32.6,48.8,41.5,42,35.2,30.4,33.1,42.2,41,51.6,56.4,46.2,41.2,44.6,60.3,71.6,61.3,54.3,76.6,89.8,99.3,105.7,108.9,89.2,65.5,58.8,46.8,49.9,41.1,53,52.1,30.2,19.9,12.8,2.3
3488,평일,3,326,압구정,하선,16.4,41.1,39.6,64.9,73,94.8,76.2,68.1,58.2,45.3,47.9,48.2,38.6,39.9,43.6,47.4,64,53.1,47.4,51.9,54.8,77.1,78.5,59.9,56.1,80.5,66.4,44.2,33.9,30.1,27.3,28.4,29.5,35.9,25.1,20.7,16.3,5.7,4.1
3489,평일,3,327,신사,상선,7.6,9.8,13.4,24.3,38.3,54.9,48.9,53.8,44.2,34.3,38.3,47.4,44.4,56.7,54.6,46.4,42.8,44.5,59.8,67.7,58,55.1,73.1,87.9,87.7,99.6,97.5,77.8,56.3,51.1,41.3,44,38,49.7,39.8,27,17.2,12,2.6
3490,평일,3,327,신사,하선,15.1,34.2,32.6,46.5,56.5,73.4,60.9,46.5,40.4,35.3,35.9,39.1,32.3,35.5,34.6,41.5,54.8,45.2,39.3,42.8,45.7,64.2,67.1,55.1,47.8,71.8,58.7,43.7,31.7,29.9,26.8,29.3,29.7,40.7,25.3,20.8,16,5.7,3.7
3491,평일,3,328,잠원,상선,7.7,10.9,13.3,24.7,36,51.5,51.3,59.1,50,33,36.5,41.3,39.4,52.4,48.6,41.7,38,41.4,54.7,57,49.8,46.6,63.4,73.5,73.2,79.4,79.1,56.3,42.2,39.7,32,33.8,28.4,38.6,31.2,20.1,13.2,8.9,2.7
3492,평일,3,328,잠원,하선,15.4,33.5,32.6,46.9,57.7,74.5,64.7,46.8,41,36,36.7,39.8,32.9,36.2,35,42,54.9,45.4,40.5,41.9,45.9,62.6,69,55.8,48.9,66.4,60.7,42.9,31.4,29.5,25.5,29.6,29.3,40.2,25.5,20.6,15.8,7.3,3.5
3493,평일,3,329,고속터미널,상선,7.8,12.1,13.6,24.4,35.6,50.7,50.7,58.3,49.7,32.6,36.1,41.4,38.2,52.2,46.4,42.3,38.7,41.8,55.2,57.2,50.1,46.7,63.2,73.3,73.6,82.7,77.1,56.9,43.1,39.4,32.8,34.3,28.9,39.6,32.1,20.8,13.6,9.3,2.9
3494,평일,3,329,고속터미널,하선,17.8,40.3,37.9,60,78.3,91,98.2,56.1,55.2,43.1,39.4,42.5,36,37.4,37.9,45,59.3,50.4,41.8,43.6,45.3,62.7,70.7,56.8,50.8,65.9,61,40.5,36.1,29.8,28.5,28.3,30.4,37.9,25.4,20.4,15.9,7.6,4.4
3495,평일,3,330,교대,상선,8.4,13,17.5,29.7,38.6,53.7,45.4,52,40.7,32.2,39.8,44.3,42,56,49.7,44.5,40.7,46.1,61,64.5,54.4,58.2,78.1,89.1,85.7,108,94.1,67.3,48.8,41.5,35.6,39.3,33.3,47,37.7,22.1,13.7,10.3,3.2
3496,평일,3,330,교대,하선,21.7,40.5,36.1,51.1,64.9,89.2,77.2,45.2,38.1,29.6,28.3,31.9,26.7,26.3,29.8,35,44.1,41.2,34.7,35.8,37.1,52.5,61.1,48.1,42.9,56.7,52.7,35.2,28.8,25.4,25,24.8,26.6,36.6,23.3,18.2,15.8,6.8,3.6
3497,평일,3,331,남부터미널,상선,8,10.1,16.1,29.1,36.9,50.7,45.2,43.4,35.6,28.9,34.8,38.6,36.1,46,40.2,34.3,32.3,35.3,45.1,51.1,41.4,47.3,62.9,74,70.6,88.9,73.4,50.7,36.7,32.8,26.8,30.1,27,37.5,25.4,16.4,9.1,7.7,2.2
3498,평일,3,331,남부터미널,하선,18.3,31.9,30.5,42.9,56.4,66.5,54.7,35.3,28.8,23.6,22.2,26.8,22.5,22.8,25,29.6,36.7,35.2,30.6,30,31.2,43.7,54.8,45.8,40.4,57.8,48.2,32.9,28.5,24.6,23.1,23.5,28.4,31.4,21.8,16.5,14.3,5.9,3
3499,평일,3,332,양재,상선,8.2,11,16.7,30.5,39.2,51.6,50.2,41.5,32.8,28.3,31.7,32.9,32.4,39.9,34.3,28.2,27.4,30.9,39.7,41.4,33.2,41,53.1,57.5,53,69.5,61.1,40.9,29.3,25.7,21.9,23.8,20.2,30.8,19.1,13.1,7.8,5.2,1.1
3500,평일,3,332,양재,하선,8,21.7,19.3,25.2,34,35.9,30.6,18.1,17.1,16.5,15.4,18.8,18.4,18.4,19.4,22.9,28,28.7,25.1,26,26.6,37.8,47.7,46.2,37.9,54.5,47.8,31,26.6,23.2,22.3,23.5,25.3,29.3,19.2,15.7,12.9,5.3,2.1
3501,평일,3,333,매봉,상선,9.2,11.7,16.6,30.9,42.6,54.5,57.7,42.7,33.4,26,28,28.7,27.2,33.4,28.8,22.9,22.6,23.1,29.5,30.6,25.1,29.7,37.5,40,33.2,39.5,37.2,23.3,16.4,14.2,12.6,14,12,22,14,8.9,5.6,4.1,1.4
3502,평일,3,333,매봉,하선,8.6,19.5,17.5,23.1,31,29.5,21.9,15.4,14.8,14,14.7,17.1,16.8,18.4,17.9,21.1,26.2,27.3,25.4,25.8,25.6,37.9,46.9,46.4,37.9,55.6,45.7,33.5,25.1,22.6,23.8,23,25,27,21.4,15,12.2,4.9,2.7
3503,평일,3,334,도곡,상선,8.5,12.4,15.9,29,44.5,55.8,60.3,40.8,31.7,24.9,27,26.9,26.4,31.2,27.9,22,20.8,21.1,27,27.6,23,27,34.6,35.2,28.7,32.6,30.6,20.6,14.1,12.4,11.2,11.5,10.5,22.1,13.1,7.4,5.4,4.1,1.5
3504,평일,3,334,도곡,하선,7.8,17.5,15.7,20.5,26.9,26.8,19.8,12,11.9,11.4,12.3,14.2,15.1,14.8,15.4,18.6,22.8,23.4,21.7,22.6,21.4,31,42,40.8,32.4,44.4,42.1,28.8,23,19.2,20.5,18.6,21.8,23.8,18.7,15.1,10.4,5.8,3.3
3505,평일,3,335,대치,상선,7.2,10.3,16.5,26.2,42.5,48.4,51.7,36.1,27.8,21.7,23.9,23,23.1,27.4,24.1,18.9,17.5,18.9,23.1,23.1,19,23,26.5,32,24.9,27.8,24.5,16.4,11.6,10,9.3,9.6,8.9,19.1,9.3,6,4.7,3.4,1.4
3506,평일,3,335,대치,하선,8.3,15.8,14.6,18.3,23.4,24.6,17.5,10.9,10.9,9.9,10.9,12.9,13.4,13.2,13.2,16.2,19,19.9,18.9,19.6,18.1,27.3,36,36.1,28.5,41.4,38.5,26.1,21.1,17.8,18.7,17.7,20.3,27.2,20.5,11.7,9,4.9,2.7
3507,평일,3,336,학여울,상선,5.9,9,14.2,22.7,39.4,44.5,49.1,31.3,27.5,19.8,22.4,21,21.5,26,20.6,17.8,16.6,18.8,21,21.8,18.1,21.9,26.3,29.3,23.3,24.8,22.8,14.1,9.7,8.3,8,7.5,7.3,8.7,6.5,4.7,4.3,3.2,1.4
3508,평일,3,336,학여울,하선,8.4,15.3,14.6,18.1,23,25.2,16.3,11.5,10.8,9.3,10.5,12.4,13,13.1,12.7,15.3,18,19.6,18.5,17.2,19.7,27,35.3,35.9,28.9,38.9,38.9,26.6,21.2,19.8,16.2,17.4,20,26.9,20.1,11.4,8.7,4.7,2.7
3509,평일,3,337,대청,상선,7.6,7.8,13.9,26.5,38,47.4,45.2,30.2,26,19.7,22.1,20.4,22.3,25.5,20.3,17.8,15.7,18.3,20.4,21.4,17.8,22,26,28.1,22.1,25.9,20,13.8,9.7,8.2,7.8,7.4,7.1,9.1,6.5,4.8,4.3,3.2,1.4
3510,평일,3,337,대청,하선,8.8,14.1,13.5,17.1,20.2,23.8,13.9,11.2,10,8.9,10,10.9,13.1,11.9,12.4,14.4,15.9,17.9,17.9,15.3,20,21.9,32.4,34.5,27,36.4,34.3,23.5,18.8,17.4,14.1,14.5,16.8,21.8,16.4,9.5,6.9,4.3,1.9
3511,평일,3,338,일원,상선,7,6.3,12.9,22.8,34.1,41.7,42,28.8,20,17.5,19.5,18.2,19.6,22.6,18.2,15.7,14.3,16.4,18.8,19.2,16,19.8,23.1,25.9,18.4,22.4,17.9,12.3,8.6,7.3,7.6,6.9,6.6,8.1,6.3,4.8,4.2,3.3,1.9
3512,평일,3,338,일원,하선,8.9,11.2,9.9,11.9,16.1,19.2,16.2,8.7,8.4,7,8,9.3,12.9,9.3,10.5,11.9,13.3,15,15.7,14.3,19.3,21,30.2,35.3,26.6,30.5,37.1,21,17.4,13.8,14.7,12.7,14.7,18.7,14.8,8.2,7.7,3.7,1.4
3513,평일,3,339,수서,상선,7.1,5.8,13.6,23.8,30.1,42.2,38.5,27.1,17.6,16.4,16.9,15.1,16.7,18.7,14,14.6,12.3,14.3,15.1,14.7,12.4,13.1,17.8,18,15.3,21.1,16.1,10.7,7.7,6.6,7.3,6,6.7,7.1,6.2,4.8,4.1,1.9,2
3514,평일,3,339,수서,하선,8.8,8,7.4,10.1,15.3,19.2,15.4,8.1,8.6,6.1,8.2,8.9,12.7,8.3,10.4,11.6,12.5,13.4,14.7,14.6,17.8,20.1,28.8,35,26,30.6,35,18.9,17.1,12.1,14.1,11.4,13.7,15.1,16,7,8,4.1,0.9
3515,평일,3,340,가락시장,상선,12.6,21.3,22.8,32.3,40.5,48.5,41.6,27.3,18.1,15.1,15,13.3,15.7,17.2,12.5,12.9,11.7,14,14.7,13,11,18.1,18.4,19.6,21.3,22.9,15.2,10.8,7.5,6.2,7.2,5.8,6.3,7.2,5.9,3.7,3.5,1.7,1.9
3516,평일,3,340,가락시장,하선,0,5.9,4.7,6.5,9.7,14.3,12.4,7,5.7,6.4,6.1,6.9,7.3,7.2,5.8,7.6,7.9,8.6,8.8,10.1,11.3,17.7,17.8,22.4,15.9,17.3,27.9,19.5,12.1,10,11.1,9.4,13.4,13.3,10.2,8.5,8.5,2.7,1.9
3517,평일,3,341,경찰병원,상선,9.8,13.1,15.3,20.2,28.6,31.4,25.4,18.1,10.3,9.6,9.3,8.7,9.9,10.5,7.8,8.1,7.3,8.5,9.1,7.4,6.9,12.8,11.1,12.5,12.2,14.1,8.4,5.6,3.9,3.2,3.7,3,3.4,4.3,2.8,1.9,2.1,0.8,0
3518,평일,3,341,경찰병원,하선,0,4.7,3.5,4.8,6.9,9.6,7.4,3.8,3.3,4.5,4.3,5.6,5.5,5.6,4.1,5.9,6,6.9,6.6,8.6,9.2,13.8,14.9,18.3,14.6,15.3,22.3,14.7,9,7.8,8.2,7.6,10.1,10.5,7.7,6.4,5.5,1.9,1.1
3519,평일,3,342,오금,상선,7.9,10.4,11.6,15.7,23.1,26.4,22.3,15.2,8.3,7.5,7.6,6.2,7.8,7.8,6.2,6.3,5.9,6.3,6.4,5.2,4.9,9.1,8.4,9,8.6,9.1,6.4,4.1,3.1,2.3,2.9,2.4,2.4,3.3,2,1.5,1.8,0.7,0
3520,평일,3,342,오금,하선,0,0,0,0,0,0,0,0,0,0,0,0,0,0,0,0,0,0,0,0,0,0,0,0,0,0,0,0,0,0,0,0,0,0,0,0,0,0,0
3521,평일,4,409,당고개,상선,0.4,5.6,1.2,2.7,4.6,4.6,2.7,1.8,1.6,2.6,0.9,2.6,2,3.5,3.3,4.1,3.4,2.4,3.8,4.7,5.3,6.4,6.5,8.7,9.1,12.4,9.4,6.2,5.3,3.7,5.1,2.5,4.1,4.9,4.3,4.3,5.7,3.7,1.5
3522,평일,4,409,당고개,하선,5.7,6.5,9.3,14,21,24.4,14.8,15.5,11.2,6.5,8,9.7,6.7,6.9,8.2,8.1,6.5,4.3,6.8,5.5,6.3,6.9,6,7.2,7.3,5.9,6.3,4.3,2.3,2.2,2.1,2.7,2,2.2,1.9,1.5,2.2,1.2,0
3523,평일,4,410,상계,상선,0,8.9,3.4,5.4,6,5.4,4,3.2,2.3,3.2,3.4,3.6,3.4,4.4,5.6,5.4,5.5,5.6,6.3,7.9,8,9.9,8.3,13,13.1,15.7,14.2,10.5,8.4,6.5,7,6.7,6.7,6.7,7.9,7.7,5.2,4.5,2.4
3524,평일,4,410,상계,하선,12.2,13.1,18.3,25.4,36.7,42.4,25.7,25,15.6,15.4,13.1,15.3,11,11.1,13.3,11.8,11.1,9,10.4,9.1,10.3,11.5,10,9,10.9,10.1,7.7,7.4,3.3,3.9,3.8,4.9,3.7,5.4,4.1,2.7,4.2,1.6,0
3525,평일,4,411,노원,상선,0,12.3,5.1,8.1,9.9,7.4,5.8,4.7,3.8,4.7,5.4,5.4,5.6,7.2,9.2,8.8,8.9,9.1,10.4,13.5,13.4,16.1,15.5,22.2,24.2,27.1,26.2,20,15.1,12.2,13,11.6,12.1,11.3,13.4,13.5,8.7,6.7,4.1
3526,평일,4,411,노원,하선,14.8,17.2,24.3,33.6,47.6,60,34.6,32.6,20.5,21.1,17.8,21.5,16.8,16.9,19.3,17.5,14.9,15.9,14.5,16.2,17,17,16.1,14.7,15.8,16.4,12.6,11.1,7.8,8.3,7.6,9.7,8.9,12.3,9.7,6.9,9.1,3.5,0
3527,평일,4,412,창동,상선,0,18.8,9.5,12,15.8,15.2,11.8,10.2,8,9.4,9.7,9.8,9.5,11.6,14.8,14.6,15.1,14.3,16.7,20.5,20.5,24.3,23.6,34.2,38.5,42.9,43.4,30.7,22.4,18.2,17.4,17.6,17.1,15.1,22.1,18.7,13.1,9.8,5.9
3528,평일,4,412,창동,하선,24.4,24.1,30.7,48.4,64,78.9,52.4,59,32.3,33.3,29.5,32.3,25.1,27,27.3,26,21.5,24.4,21.2,22.3,26.9,25,24.2,18.4,19.6,20.8,17.6,15,10.5,10.4,9.9,10.2,10,14.2,12,8.7,10.5,5,3.4
3529,평일,4,413,쌍문,상선,0,25.3,14.3,14.8,19.5,20,15.8,14.1,10.5,13.3,14.7,15,13.9,16.6,20,21.6,21.8,20.7,24.8,30.6,30.1,33.1,37.1,50.7,57.3,67,66.2,48.3,34.1,28.7,27.4,28.4,26.6,23.4,34.4,30.2,20,12.3,7.4
3530,평일,4,413,쌍문,하선,35.9,29.4,38.8,58.8,81.6,93.5,74.2,73.6,40.4,40,34.1,36.6,33.8,30.2,31.9,30.3,26.1,25,21.8,25.7,28.2,24.3,28.2,20,20.3,21.4,17.9,15.1,10.3,10.4,10.1,10,9.7,13,13,7.7,9.6,4.3,2.9
3531,평일,4,414,수유,상선,35.4,17.5,13.8,14.2,17.8,17.9,15.2,11.8,11.7,13.4,14.7,15,14.5,17.2,21.1,22.2,24.8,22.5,28.9,35.4,35.6,36.6,44.4,65.4,65.5,81.7,81.9,60,43.6,36.3,33.4,35.6,33.3,30.6,43.8,38,24.2,16.7,10.5
3532,평일,4,414,수유,하선,44,34.7,43.5,70.1,92,112,83.5,81.8,51,44.4,39.4,42,38.5,33.1,38.1,34.9,28.8,28.1,25.5,28.1,31.3,27.3,30.3,21.4,21.4,26,16.4,14.5,11.9,9.9,10.6,9.8,10.3,12,11.9,7.7,9.5,3.7,2.7
3533,평일,4,415,미아,상선,30.9,17,13.4,13.1,16.4,16.5,15.7,11.8,12,13.7,15,15.9,16.1,17.7,21.9,24.2,27.4,24.5,32.4,39.4,43.6,38.9,50.1,76.1,72,91.9,97.4,70.2,52.7,43,40,39.4,39.5,38.2,53,44.4,29.3,19,13.6
3534,평일,4,415,미아,하선,48.4,34.3,48,70.9,98.8,113.5,87.5,83.9,55.9,45.4,41.9,42.9,40.3,35.3,41.8,36.3,31.1,28.8,28.1,28.8,32.8,30.3,34,23.2,21.5,26.6,19.6,15.1,12.1,11.6,9.4,9.9,10.8,12.7,11.8,7.6,10.3,5.2,2.4
3535,평일,4,416,미아사거리,상선,27.6,15.4,14.1,13,18.2,17.2,17.1,12.7,13.5,13.2,15.6,16.9,17.2,20.8,21.4,25.1,28.8,28.2,34.5,43.1,46.5,40.7,55.8,82.7,77.3,94.1,102.1,74.2,54.2,44.9,42.5,41.5,40.6,40.5,61.2,47.5,31.1,20.4,14.8
3536,평일,4,416,미아사거리,하선,57.9,39.1,53.8,77.8,107.3,121.5,106.7,88.4,64,48.6,44.7,45.6,42,37.8,45.4,38.1,34.3,30.6,29.7,31.4,33.2,31.6,35.8,24.7,21.9,27.5,20.1,16,12.6,11.4,10.8,10,11,12.2,11.4,7.4,10.4,5.2,2.3
3537,평일,4,417,길음,상선,25.7,15.4,13.8,13.2,17.8,19.3,12.9,12.3,14.3,14,16.5,17.1,18.2,23,23.8,25.4,30.8,30.2,37.2,45.6,48.5,44.4,64,90.3,84.8,109.7,106.9,81.9,56.9,48,46.2,47.2,42.1,46.7,68.3,49.5,33.3,22.3,16
3538,평일,4,417,길음,하선,62.3,42.7,58.7,87.9,112.3,131.8,120,96,71.2,49,50.7,47.5,44.2,40.3,50.1,40.2,37.9,29.5,33.7,33.4,35,32.8,40.2,26.8,24.7,28.5,21.6,16.7,12.9,12,11.2,10.2,11.1,12.2,11.6,7.5,10.1,4.7,1.9
3539,평일,4,418,성신여대입구,상선,23,15.4,13.7,12.4,16.7,18.2,14.7,14.6,15.1,15.5,18.2,19.8,19.5,25.5,26.5,27.6,34.5,32,39.7,48.8,51.6,47.3,75.3,91.9,101,114.5,114.5,88.9,60.9,51,50.9,50.7,42.9,61.7,72.3,50.9,36.7,25,18
3540,평일,4,418,성신여대입구,하선,76.4,46.6,59.7,92.2,121.6,140,129.3,105.4,80.8,54.1,57.1,50.6,49.2,43.9,53.5,45.9,40.9,32.8,37.9,38.5,40.1,35.8,46.3,32.4,28.4,33.2,25.3,19.6,15.7,14.6,12.9,12.8,14.4,17.1,15.7,9.9,12,5,4
3541,평일,4,419,한성대입구,상선,21.9,15.5,14.5,12.7,17.3,21.8,18,14.1,19.9,17.3,19.8,24.8,23,27.4,28.5,30.3,37.8,37.1,42.6,55.1,55.6,54.4,81.1,98.9,109.4,123,122.3,95.9,64.3,55.4,57.4,53.2,46.7,66.5,80.6,56.5,43.7,21.1,17.6
3542,평일,4,419,한성대입구,하선,60.5,47.9,59.5,87.8,124.1,137.7,138.5,108.3,86,55.8,58.2,51.3,51.3,45.6,54.6,47.8,43.3,34.5,40.4,38.7,43.3,38.8,50.3,35.4,30.7,36.4,28.1,20.9,17.8,16.6,13.7,14.5,16.1,17.2,17.6,11,13.1,5.4,3.9
3543,평일,4,420,혜화,상선,22.1,17.4,14.5,13.1,18.8,24.5,20.1,13.8,21.7,19.3,21.5,25.9,25,28.1,32.4,32,39.8,39.1,44.5,54.6,62.5,53,82.5,103.3,109.8,128.7,128.1,93,63.6,58.6,58.8,54.4,49.6,68.7,83.7,55.8,46.1,22.1,11.8
3544,평일,4,420,혜화,하선,62,47.5,57.3,83.9,120.3,132.9,135.5,105.2,83.4,56,59.6,54.5,54.5,49.2,59.3,50.8,45.9,38.2,46,47.3,51.9,49.4,57.9,44.1,38.9,48.9,34.4,25.5,22.8,22.4,19.3,24.2,32.3,35.7,29.6,25.1,20.5,8.9,5.6
3545,평일,4,421,동대문,상선,20.4,20.7,17.2,18,26,33.3,34.7,21.1,32.3,26.8,31,28.2,30.5,34.5,41.5,42.5,44.7,48.1,50.3,58.2,66.5,54.9,95.2,108.4,114.4,128.8,136.7,96.9,64.1,60.1,55,53,48.1,65.8,79.5,51.3,46,22.2,12.6
3546,평일,4,421,동대문,하선,62.2,45.8,53.3,78.3,111.3,121.2,143.7,91.3,88.3,55.5,58.3,51.7,55,50.4,57.9,52.5,48.4,40.9,48.9,50.1,53.2,55.5,63.6,50.5,43.7,50.4,38.8,26.7,24.3,23.5,20.4,24.6,31.2,37.6,30.7,26,20.5,9,5.8
3547,평일,4,422,동대문역사문화공원,상선,15.5,22,18.3,19.3,29.8,34.8,38.2,24.4,37.5,31.1,36,31.6,33.8,37.5,45.4,44.6,47.4,50.1,51.7,57.9,66.9,54.1,91.9,102.5,110,124.1,129.4,95.8,64.3,58.5,54.7,52.1,50.4,65.2,80.2,51.8,39,22.9,13
3548,평일,4,422,동대문역사문화공원,하선,45.6,34.8,36.4,53.8,74.7,82.6,105.6,68.6,72.9,45.3,48.9,44.9,47.8,40.8,48.9,45.5,41.3,33.6,42.7,43,44.7,48.3,50.8,42.1,38.9,43.5,35.2,25.1,21.3,21.9,18.3,21.8,27.4,30.6,25,21.6,15.7,7.1,5.5
3549,평일,4,423,충무로,상선,12,15.2,14.8,17.7,22,35.8,30.9,22.2,31.3,28.8,32,26.7,30.7,34.2,38.8,40.2,39.5,44.3,42.3,49.1,55.1,44.3,74.1,82.4,87.3,103,84.7,65.5,47.5,44.8,39.1,40.2,35.4,46.8,54.9,36.4,28.4,16.3,9.7
3550,평일,4,423,충무로,하선,41.9,27.1,27.2,41.8,59.1,63.3,80.2,54,61.6,36.6,45,40.4,45.6,39.1,43.2,42.6,40.1,32.4,41.8,42.9,46.6,49.8,50.3,47.7,40.3,52.9,39.1,28.9,26.7,21.7,19.6,23.9,28.9,29.4,25.6,24.3,15.4,9.2,5.1
3551,평일,4,424,명동,상선,11.4,16,14.8,21,25.3,41.4,39.6,26.8,38.5,33.3,34.4,28.9,31.1,35.9,40.3,39.8,38.9,42.7,40.9,44.2,51.9,40.1,67.1,73.3,74.6,85.2,67.5,51.6,38.1,36.6,30.4,33,28.5,39.4,46.1,31.1,24.6,13.3,8.8
3552,평일,4,424,명동,하선,40.2,24.9,24.8,36,52.9,55.9,63,45.5,51.4,32.2,39.2,37.7,41.7,35.8,37.4,39.2,35.7,31.7,39.6,40.5,45.4,49.5,49.7,48.4,40.8,55.6,40.9,29.4,26.2,20.5,22.2,25.4,31.5,33.3,28.4,26.8,15.9,8.5,4.2
3553,평일,4,425,회현,상선,11.7,18.1,17.1,24.6,29.9,46.9,50.3,30.1,41.7,34.3,33.5,30.5,31.8,37.7,41.9,40.5,39.5,40.5,40,41.5,45.5,40.2,58.8,67.3,68.2,71.9,59.8,45.2,32.5,32.5,26,27.2,22.9,30.5,33.9,23.6,19.6,11.2,8.8
3554,평일,4,425,회현,하선,23.5,26.5,22.4,31.9,43.4,46.4,43.6,35.6,39.5,25.2,29.1,29.7,34.4,31.5,32.3,36.2,33.4,30.4,38.9,40.1,46.2,53.9,52.5,54.5,45.4,64.7,46.4,33.7,27.9,26,24.8,26.5,30.4,34.2,30.2,26,15.9,8.3,3.8
3555,평일,4,426,서울역,상선,11.4,19,18.6,27,36.9,55.9,55.5,35.7,47.9,38.6,38.4,33.8,34.4,38.7,41.8,38.7,37.3,37.2,35.2,35.7,38.8,33.4,48.9,53.3,56.3,58.2,51.4,38.7,27.7,24.8,23.7,24.8,21.2,31.6,30.9,22.9,19.1,10.9,6.9
3556,평일,4,426,서울역,하선,20.7,15.5,14.1,18.3,25.8,30.1,26.6,21.5,27.1,17.5,21.4,20.9,25,23.1,23.6,26.4,25.7,23.1,28.5,29.7,32.7,41.2,40.1,45.4,41.1,53.3,46.4,31.2,23.2,20.8,20.1,21.7,25,27.5,22.8,21,14.3,8.2,6.9
3557,평일,4,427,숙대입구,상선,17.6,18.3,16,24.9,34.9,55,51.1,28,35.4,30.1,26,22.8,24.8,28.2,29.2,28.5,26.1,26.1,27.3,26.4,25.4,26.5,36.1,36.3,38.6,39.6,35.1,25.8,18.1,16.8,16.4,16.8,15,22.3,22.8,16.3,11.5,7.3,5.3
3558,평일,4,427,숙대입구,하선,23.4,15.1,13.7,17.5,24,27.9,22.4,21.4,23.6,15.5,19.2,19,23.1,24.2,22,25.9,25,23.9,26.6,29.8,32.2,42.4,38.8,49.5,40.7,54.4,46,31.8,23.5,21.4,19,23.7,25.2,28.3,23.2,23.7,13.9,8,6.3
3559,평일,4,428,삼각지,상선,16.3,18,17.5,26,37.5,57.7,53,29.4,37,31.2,26,24.6,23.3,27.6,27.3,29,24.5,27.8,24.8,25.2,23.3,24.4,34.4,35.2,37.4,36.6,34.3,24.4,17.6,15.7,15.2,15.3,13.8,19.4,20.9,14.9,10.9,7.1,6.1
3560,평일,4,428,삼각지,하선,28.2,17.6,15.4,20.5,28.7,34.5,28.1,25.8,25.9,17.6,18.9,19.8,23.9,25,21.7,27.9,26.6,24.8,26,31.9,32.7,44,41.7,51.1,42.9,56.2,54.8,30,25,22.6,20.6,26.9,25.1,31.9,29.1,25,15.6,8.7,6.7
3561,평일,4,429,신용산,상선,17,19.7,19.1,28.2,40.4,62.1,49.6,35.1,39.9,34.2,27.3,26.1,24.6,27.9,30.9,30.5,25.6,29.4,26.4,26.8,23.8,26,37.2,38.5,40.4,42.7,40.3,28.7,20.9,16.9,16.6,16.7,15.1,20.2,22.2,15,11.3,7.5,6.3
3562,평일,4,429,신용산,하선,28.9,16.3,13.7,18.6,25.3,28.7,19.7,19.3,19.3,15.4,16.5,18.2,22,23.4,20.1,27,25.4,24.9,24,31.2,32.4,44.1,41.8,52.9,45,60.4,57,31.5,26.6,24,22.2,29.3,26.9,33.7,30.8,26.2,16.2,8.8,6.3
3563,평일,4,430,이촌,상선,17.5,20.4,19.8,37.4,42.2,66.9,54.6,44.3,38,33.2,28.7,26,26.5,27.4,30.4,29.5,25.5,28.6,26.3,24.6,22.3,26.8,36.8,32.7,35.2,35.4,37.5,25.1,18,14.6,13.9,13.9,13.3,19,17.4,12.8,8.6,7.9,6.2
3564,평일,4,430,이촌,하선,34.8,19.2,16.4,22.4,31.4,35.6,24.1,23.9,22.6,18.7,18,20.7,22.1,25.7,22,29,26.4,26.2,25.1,33.3,34.6,44.6,43,58.1,47.3,57.4,64.4,36.1,28.3,24.8,26.6,26.3,28.3,35.3,32.3,27.4,19.1,11.5,9.6
3565,평일,4,431,동작,상선,17.6,25.7,20.2,39.2,53.1,60.9,52.8,48.1,39.6,34.5,28.8,27.2,28.3,30.5,28.9,32.3,28.3,29.2,27.9,26.2,23.7,30.4,40.3,37.4,38.5,40.4,44.5,26.2,21.2,16.8,15.9,16.2,14.7,26.3,18.9,15.5,9.7,8.5,6.7
3566,평일,4,431,동작,하선,0,23.1,16.1,23,30.6,34.9,27,24,22.3,20.2,16.9,21.8,22.2,25.6,22.3,29,25.2,27.7,23.7,34.5,34.9,45.5,44.1,64,51.5,57.4,74.9,41.2,32.7,25.7,28.7,28,30.6,37.1,34.4,30.1,20.2,12,9.6
3567,평일,4,432,총신대입구,상선,20.4,28.9,25.3,48.2,53.8,78.5,54.8,47.3,40.9,35.7,28.7,28,27.9,31.6,30.5,31.4,28.8,29.7,26.3,29.7,22,33.5,37.9,38.6,38.2,40.1,42.4,26.3,19.5,17.6,16.4,14.1,19,24.2,18.6,15.9,9.8,8.4,6.8
3568,평일,4,432,총신대입구,하선,0,29.4,18.9,25.9,35,39,26.2,26.2,22.1,21.3,17.8,22.9,23,26.8,23.3,29.4,26.5,27.1,24.1,36.4,35.6,43.7,48,61,55,56.9,72.9,45.9,35,27.3,31.3,27.3,32.3,38.4,36.2,31.1,19.5,10.8,11.3
3569,평일,4,433,사당,상선,19.1,32.3,24.7,48.9,55.3,78,55.7,60.3,37.2,36.6,32.1,30.3,27,35,31.3,29.2,28.8,31.8,29,34.8,23.4,36,41.3,36.9,39.4,42.4,48.7,25.5,20.2,17.4,17.5,13.5,19.5,24.1,19.8,17.7,9,5.5,8.3
3570,평일,4,433,사당,하선,17.3,27.4,17.7,20.3,31.4,37.7,19.1,21.1,12.6,19.2,12.8,16.4,12.5,19.5,17.9,23.4,23.6,22.9,20.5,23.8,29.2,33.4,50.9,42.4,48.4,50.5,67.5,38.5,33.1,14.4,46.6,23.7,31.6,35.6,31.5,25.8,10,9.5,0
3571,평일,4,434,남태령,상선,29.5,39.3,45.9,100.9,96.2,131.1,89.9,113.8,84.7,73.9,62.2,47.7,54.4,48.1,45.6,54.5,48.2,43.4,39.9,50.6,36.6,48.2,57.9,62.5,68.4,76.6,77.1,42.4,30.6,25.5,23.1,18.4,25.5,23.5,21.8,13.2,10.3,7.8,0
3572,평일,4,434,남태령,하선,17.3,36.1,32.2,45,54.9,66.7,37.1,33.3,24.1,28.6,29.7,32.8,31.5,32.1,35.4,38.6,40.4,37.5,40.6,58.9,58,55.3,75,96.7,96.6,101,131.4,77.3,59.1,43.6,76.3,44.1,50.3,59.2,52.3,40.2,44,14.2,0
3573,평일,5,2511,방화,상선,0,0,0,0,0,0,0,0,0,0,0,0,0,0,0,0,0,0,0,0,0,0,0,0,0,0,0,0,0,0,0,0,0,0,0,0,0,0,0
3574,평일,5,2511,방화,하선,3.2,2.7,4.4,6.6,7.1,5.9,4.8,4.4,3.6,3.7,3.4,3.4,4.1,5.5,5.9,5,3.8,3.3,2.8,3.2,3,3.6,3.4,2.1,2.1,3,2.5,1.8,1.3,1.4,1,1.1,1,0.8,0.7,0.4,0.5,0.2,0.2
3575,평일,5,2512,개화산,상선,3.6,2,1.5,1.9,5,6.3,4,1.3,1.5,1.4,1.6,2,2.3,2.3,2.6,2.5,2.5,2.7,2.8,3.5,3.4,4,4.4,4.7,5.3,6.6,5.9,3.9,3.7,4.1,3.9,3.4,3.6,3.9,3.3,2.5,1.7,2.1,1.2
3576,평일,5,2512,개화산,하선,6.5,4.5,7.2,11.8,12.9,11,8.8,7.5,6.2,6.6,5.7,5.4,6.3,7.8,8.6,7.2,6,5.7,4.9,5.5,4.9,6.3,5.7,4.1,4.7,7,5.8,4.1,2.8,2.8,2,2.3,2.1,2.6,1.5,1.1,0.9,0.4,0.3
3577,평일,5,2513,김포공항,상선,5.3,4,3.1,3.5,8.2,11.4,6.8,2.2,2.6,2.6,3,3.5,4.2,4.2,4.6,4.2,4.3,4.7,4.7,6.3,5.9,6.8,7.8,8.6,10,12.8,10.7,7.1,6.5,7.4,6.9,6.6,6.2,6.8,5.4,4.7,3.1,2.9,1.9
3578,평일,5,2513,김포공항,하선,5.5,7.6,10.1,18.9,24,26.6,26.4,18.7,18.2,15.3,13.1,11.6,12.5,13.6,15,14.1,13.8,12.6,12.2,13.6,14.1,14.8,14.4,12,11.3,15.5,24.4,17,10.9,10.1,8.8,8.1,9.3,9.5,8.8,7,4.1,2.3,2.2
3579,평일,5,2514,송정,상선,28.7,14.1,12.5,14.6,20.5,20.9,12.6,5.7,5.8,7.1,8.6,10,10.8,11.8,11.1,11.8,11.4,11.7,12.7,13.9,14.5,17.4,18.3,23.4,25.4,35.9,22.2,12.8,11.7,14.3,12.6,12.6,11,12.2,9.6,6.6,5.3,3.4,1.7
3580,평일,5,2514,송정,하선,7.8,9,11.5,21,27.9,29.4,32,20.2,20.7,17.6,15.1,13.5,14.6,14.6,16.7,16.2,14.8,14.1,14,14.4,15.5,16.2,16.3,13.3,12.3,16.8,25.6,18.7,12.4,10.6,9.5,8.7,9.6,9.8,8.9,7.8,3.4,3.5,2.2
3581,평일,5,2515,마곡,상선,30.9,14.7,13,15.6,21.4,22.1,12.6,5.9,6.5,7.7,9.4,10.7,11.9,12.6,12.3,12.5,12.8,13,14.1,15.6,16,20.7,20.4,26.2,28.3,39.7,24.8,14.4,13.1,16.5,14.5,14.8,13,14.4,10.7,8.1,6.4,4.8,2.8
3582,평일,5,2515,마곡,하선,8.6,9.5,13.2,24.3,30.9,32.5,29.8,20.4,20.5,18.6,17.5,15.4,16.7,16.6,18.2,18.1,16.8,15.9,16.4,18.5,18,21.9,21.4,20.4,16.5,24.7,31.2,25.1,15.6,14.4,12.3,12,12.1,12.7,10.7,9.1,4.2,4.2,2.2
3583,평일,5,2516,발산,상선,41.4,23.6,16.5,18.5,26.8,29.5,20.3,8.9,10.1,9.9,11.7,13.2,12.9,14.3,14.5,14.7,15.1,15.2,16.1,16.9,18,22.4,23.4,27.9,32.2,41.2,27.7,17.3,15.8,17.9,16.2,16.1,14.4,16.6,12.5,9.7,7.4,5.7,4
3584,평일,5,2516,발산,하선,10.5,9.6,14,27.2,33.7,33.9,25,20.7,20.1,19.8,19.8,18,20,20.5,20.6,21.5,20.9,20.4,21.5,25.8,24.8,31.4,30.2,32.6,26.3,40.8,45.8,35.3,24.2,21.8,19.4,20.6,18.9,21,16.8,14.4,7.7,5.5,1.9
3585,평일,5,2517,우장산,상선,44.1,27.5,20,26.9,41.5,51.2,41.9,16.2,17.1,14.3,16.2,17.8,16.9,18,19.1,18.6,19.8,18.1,19.3,18.9,21.2,25.2,27.5,32.2,37.2,44.2,33.6,21.3,19.3,20.2,17.3,17.3,15.8,19.3,14,10.7,8.1,7,5.4
3586,평일,5,2517,우장산,하선,15.6,14.2,21.9,36,45.6,45,31.8,26,24.6,24,23.5,21.4,22.9,23,22.6,23.1,22.6,21.4,22.4,26.7,27.6,34.2,32.8,34.7,28,38.2,46.4,36.7,25.8,22.3,20.1,20.8,18.3,22.6,16.8,14.4,7.5,5.5,1.5
3587,평일,5,2518,화곡,상선,41.2,26.9,19.7,28.3,42.5,54.5,37.4,16.2,18.1,15.1,17,18.2,18.6,18.4,20.9,21.3,21.5,20.2,21.8,21,25.3,28.7,31.4,39.3,46.7,51.7,44.2,28,25.8,26.5,23.1,23.3,20.8,25.9,20.1,15.1,11.4,10.1,8
3588,평일,5,2518,화곡,하선,21,22.4,32.9,56.3,72.8,72.2,51.5,38.9,35.4,33,31.4,27.8,27.3,29.6,28.8,28.4,26.6,25.1,24.9,29.3,29.8,36.9,35.7,38,29.6,39,47.5,37.5,26.7,22.5,21.5,21.5,18.3,22.6,16.6,14.1,7.4,5.1,0
3589,평일,5,2519,까치산,상선,30.7,26.3,18.2,27.3,40.3,52,36.9,16.3,17.2,15.4,17.1,19,19.9,19.9,23.2,23.5,23.6,23.6,26.1,26.7,32.1,37,39.8,52.5,64.3,72.8,65.2,42.2,40.3,41.8,35.7,34.6,31.8,36.8,31,24.4,18.5,15.4,11
3590,평일,5,2519,까치산,하선,28.8,26.6,38.1,62.2,84.5,87.1,62.8,46.3,40.3,36.7,33.5,29.7,27.8,30.2,30,28.2,25.7,24.7,22.7,24.6,25.9,30.3,31,30.9,23.6,28.6,37.2,30.2,21,18.3,16.9,17,14.1,16.8,13.1,11,6.2,3.8,4.3
3591,평일,5,2520,신정,상선,18.9,19,14.6,20.5,28.4,35.5,24.8,11.5,13.3,12.4,13.8,16.2,18,18,21.5,21.3,22.5,23.9,25.7,29.2,34.4,39.7,44,56.8,69.8,77.1,74.2,48.3,46.9,46.8,42.5,41.4,39.1,43.6,37.6,29.7,23.2,19.4,14.2
3592,평일,5,2520,신정,하선,36.1,31,44.1,70.5,97.9,102.8,72.5,54.9,45.7,40.4,37,33.2,30.1,33.2,32.4,31.4,27.4,26.1,24.4,24.8,26,30.5,31.6,32.3,24.4,27,35.7,29.8,21.9,18.1,16.9,16,13.5,16.3,12.9,11.5,6.3,3.5,4.1
3593,평일,5,2521,목동,상선,16.5,18,13.7,19,26.5,33,22.3,11.2,12.9,12.3,13.6,16.2,18.1,19.4,22.5,21.4,24.4,25.3,27.8,31.3,37.9,43.8,48.5,61.9,76.5,83.8,81.9,53.1,54.1,52.5,46.9,46.6,44.1,48,41,31.5,27.2,21.1,15.9
3594,평일,5,2521,목동,하선,40.4,34.9,45.6,80.6,110.5,116.4,81.3,62.2,50.3,44.9,41.6,37.2,34.7,36,35.5,34.3,29.5,28.2,27.3,27.4,28.3,33.7,33.6,34.9,25.5,28,36.8,31,22.8,19.7,18,17.2,14.8,19.4,13.9,12.5,6.4,3.4,3.8
3595,평일,5,2522,오목교,상선,14.5,17.8,13.8,18.7,27.6,32.8,23.9,12.1,14.5,13.5,14.9,17.2,20,21.2,26.2,24,28.2,29.2,31.9,35.9,43.4,49.2,56.1,73,92.5,97.1,93.3,63.2,63.5,60.6,54.3,53.1,50.6,51.8,46.2,36.6,32,24.8,18.5
3596,평일,5,2522,오목교,하선,42.1,37.3,49.4,86.9,118.4,124.2,86.9,65.8,53.5,48.2,44.8,41.3,37.5,39.7,38,37.1,32.7,30.5,30.3,30.9,31.5,37.5,39.7,42.4,29.5,33.9,41.3,36.9,26.5,26.5,22,22.6,18.5,26.7,16.9,14.7,7.4,3.8,4.2
3597,평일,5,2523,양평,상선,13.9,18.5,14.1,22.5,32.6,38.2,28.1,15.5,19.9,16.7,18.4,22,23.7,25.5,31.5,29.5,34.6,34.6,36.1,40,50,53.7,65.9,80.7,104,105.3,101,71.2,69.6,63,57.8,56.2,54.4,53.3,50.4,39.7,35.9,27.5,20.7
3598,평일,5,2523,양평,하선,47.3,37.1,51.2,91.2,123.6,127.3,86.9,68.4,53.6,51.5,45.9,42.5,38.5,40.4,39.9,38.4,33.8,31.5,31.4,31.8,32.7,38.7,41.3,45.2,32,36.4,43.6,38.6,27.7,27.2,22.7,23.4,18.9,27.1,18.3,14.7,7.5,4.7,4
3599,평일,5,2524,영등포구청,상선,14.5,19.9,14.7,23,33.9,41.4,30.3,17.3,20.4,18,19.4,22.7,24.5,26.1,31.1,31.7,35.5,34.8,37.9,40.9,51.2,54.7,67.6,84.7,105.6,104.2,103.6,73.9,71,62.9,61.2,58.5,56.6,55.1,52.7,41.4,37.8,28.9,21.5
3600,평일,5,2524,영등포구청,하선,36.7,27.9,36.4,67,97.1,106.2,68.8,51.7,40.4,39.2,34.7,32.6,29.5,31.4,31.1,29.5,27.7,24.8,23.9,23.6,25.6,27.2,30.9,32.7,23.2,26.8,30.6,29.8,21.1,19.2,16,16.5,13.7,18.9,12.9,10.8,6.1,3.7,2.8
3601,평일,5,2525,영등포시장,상선,8.7,14,10.6,16.1,23.3,32.5,17.8,12.6,14.6,13.8,14.9,17.8,18.9,20.5,24.1,25.9,25.9,26.2,30.4,33.2,39,45.6,53,69.2,83.7,87,78.9,57.3,54.6,48.8,46.3,47.5,44.3,43.2,39.4,30.5,27.6,21.5,17
3602,평일,5,2525,영등포시장,하선,37.9,28.6,37.3,69.6,101.6,111.8,71.1,52.1,41.1,37,36.7,32.4,28.4,31,30.4,28.8,26.5,25,23.6,24.2,25.9,28.4,32.2,35.8,25.9,29.2,32.3,30.5,21.9,20.2,17.1,17.2,13.9,18.3,13.9,11.3,6.9,3.6,2.4
3603,평일,5,2526,신길,상선,10.5,12.9,10.7,17.1,24.9,34.9,20.8,13.8,16.1,14.6,15.9,18.8,19.6,21.5,25.6,26.7,27,26.5,29.9,33.8,39,45.2,53.3,67.3,89.2,85.2,81.3,57.4,57.5,48.6,47.7,49.1,45.8,45.2,39.7,31.4,29.2,23,18.1
3604,평일,5,2526,신길,하선,44.3,34.2,41.3,80.6,116.9,130.4,89.2,61.5,48,38.6,38.9,35.8,30.4,32.5,33.2,31.1,30.9,26.2,25.5,25.4,27.6,30,34.5,37.8,27.9,31,35.2,33.3,23.3,21.1,17.5,17.1,14.7,18.4,14.1,11.4,6.9,3.7,1.9
3605,평일,5,2527,여의도,상선,7.9,13.3,11.9,19.7,26.2,36.2,18.7,14.7,16.2,15,16.3,20.3,20.4,22.6,26.4,28.5,28.1,28.7,32.9,38.1,41.8,49.5,59.5,79.2,107.3,103.9,81.8,62.7,63.9,56.9,53.2,56,53.4,52.4,44.2,34.4,29.7,22,0
3606,평일,5,2527,여의도,하선,35.7,28.5,31.3,57.3,84.1,107.9,71.6,50.8,40.5,33.4,36.1,34.9,30,30.7,32.8,32.6,31.9,27.9,29,28.8,31.7,36.7,42,62.2,50.5,55.6,54,50.9,36.9,30.8,27,25.8,22,25.7,19.3,14.9,8.3,4.8,2.2
3607,평일,5,2528,여의나루,상선,12.2,17.5,18.8,43.3,65.3,70.2,40.3,24.3,24.2,18.8,19.5,23.1,22.1,25,27.1,30.2,29.6,29.7,30.6,35.3,39.1,46.3,53.6,70.4,88.8,88.4,71.4,50.2,50.2,45.9,44.5,47.6,44.8,44.7,38.6,29.6,24.4,18.5,4
3608,평일,5,2528,여의나루,하선,34.6,27.2,28.8,52.2,77,101.6,72.6,49.4,39.8,33,35.6,34.6,29.7,30.5,32.7,33.2,31.4,29.2,28.6,29.3,32.5,36.7,43.4,66.3,57.7,61.4,60.9,55.4,43.2,37.1,33,31.9,28.2,32.1,26.9,18.9,11.1,5.8,2.2
3609,평일,5,2529,마포,상선,12.4,18.4,21.3,50.6,78,82.4,42.5,29.2,26.2,21.1,22.6,26.4,24.7,27.5,29.3,32.7,32.1,31.1,32.3,37.4,41.2,46.7,56,75.2,87.3,91.6,69.6,49.5,49.4,42.9,41.1,42.8,39.2,37.9,32.3,25.2,22.7,17.8,4.4
3610,평일,5,2529,마포,하선,34,25.9,29,51.3,74.3,99.8,69.7,48.2,38.5,33.4,35,35.2,31,31.3,32.7,33.8,32.6,29.8,29.1,29.9,33.5,38,44.8,63,59.7,63.3,60.6,54.8,42.9,37.8,34.3,33,29.4,33.5,27.2,18.9,11.1,5.5,1.8
3611,평일,5,2530,공덕,상선,11.4,20.2,22.2,52.6,76.7,82.3,45.2,31.5,28.3,21.9,23.3,26.4,26,27.6,29.6,32.8,32.1,31.3,32.2,38,41.3,47.8,55.2,72.7,86.9,87.7,66.9,49.8,49.5,41.9,40.1,40.7,37,36.6,30.9,24.7,23.5,18.2,5.5
3612,평일,5,2530,공덕,하선,29,25.7,29.4,51.8,75.3,101,76.2,48.5,37.2,34,36.3,36.7,31.7,32,32.5,34.3,32.8,29.8,29,29.1,31.9,35.3,39.9,54.9,50.1,51.7,52.7,46.5,36.5,32,29.7,28.1,25.2,28.4,23.8,16.8,12.2,4.4,4.5
3613,평일,5,2531,애오개,상선,12.1,18.9,18.8,43.2,59.4,65.6,36.1,27.9,25.9,19.5,22.1,25,24.8,26.5,27.4,30.4,30.6,30.2,32.5,36.8,40.3,46.1,54.8,75,87.3,91,68.3,48.9,49.8,41.6,38.9,39.9,35.6,35.2,29.4,24,19.6,15.9,6
3614,평일,5,2531,애오개,하선,22.2,22.2,29.9,52.7,76.8,101.4,81.8,47.3,39,34.2,36,36.9,32.8,31.1,32.6,34.6,32.9,29.8,29,29.2,31.9,34.4,39.7,54.4,49.5,52,52.5,46.4,36.3,31.3,29.5,27.4,25.2,26.3,22.8,16,11.7,4.2,3.5
3615,평일,5,2532,충정로,상선,16.6,18.5,18.2,41.3,57.7,63.8,33.8,28.6,26,19.2,22.5,24.3,24.6,25.9,27,30.8,29.8,29.9,32.3,36.1,38.7,48.3,54.6,76.9,82.7,94.3,65.4,51,48,41.9,38.9,40.7,36,35.6,30,24.8,20.5,16.6,3.9
3616,평일,5,2532,충정로,하선,22.2,22.2,29.3,46.2,72.4,94.5,79.8,44.7,37.3,32.9,34.6,35.7,31.3,30.6,31.5,32.7,31.9,28.7,28.1,28.6,30.7,33.7,38.5,48.9,50.6,50.5,51.2,45.2,35.8,31,29,26.5,24.6,25.5,22,17.3,12.4,4.9,6.6
3617,평일,5,2533,서대문,상선,15.7,18.1,19.8,42.9,57.6,63.2,34.1,28.8,24.7,19.2,21.5,23.2,23.8,24.9,26.2,29.8,28.8,28.8,31,35.5,37.7,45.7,55.3,73.1,78,87.4,59.9,48.1,45.6,39.4,37.4,39.4,35,34.8,29.1,24.1,20.1,16.1,3.8
3618,평일,5,2533,서대문,하선,23.8,20.9,26.1,38.6,57.4,74.4,62.4,40.2,34.6,32.2,33.8,36.9,31.6,31.1,31.5,32.3,31.2,29.9,29.3,30.8,33.7,38.7,44,57.7,59,61.5,58.5,48.9,38.5,34.2,31.9,30.4,27,26.4,25.4,18.2,12.9,5,6.3
3619,평일,5,2534,광화문,상선,15,18.9,24.1,49,69,77.2,42.9,32.7,28.7,20.9,22.5,23.9,23.6,24.7,27.6,30.5,29.1,29.3,30.3,33.8,35,41.3,49.7,63.3,62.8,70.7,52.8,44.2,42,35,34.4,35.3,32.3,31.4,26.5,22.4,20.2,16.4,4.6
3620,평일,5,2534,광화문,하선,21.8,16.2,18.8,27.2,37.5,46.8,30,25.4,24.2,25.4,28.4,31.3,27.8,30,29.1,31.3,30.1,31.7,31.2,35.3,38,46.1,50.9,71.8,72.3,81.1,69.2,59.5,48.7,43.4,41.4,44.2,37.1,35.1,30.5,22.5,15,5.6,6.6
3621,평일,5,2535,종로3가,상선,17.9,23.4,30.1,56.7,86.6,99.1,68.9,46.8,40.2,27.7,27.9,29.2,27.1,26.9,29.7,30.2,29.5,28.7,28.6,30.1,33.2,34.8,43.9,50.9,49.5,43.9,39.9,34.6,32.2,26.1,24.7,23.5,22.7,23.8,21.4,18.1,16.8,12.7,4.6
3622,평일,5,2535,종로3가,하선,9,19.1,16.9,23.7,32.1,40.4,22.7,19.1,17,18.4,20.1,22,20.1,24.1,23.4,26.1,25.6,27.8,27.7,33,34.6,42.4,48.8,63.9,67.9,76.8,63.4,56.7,48.6,43.9,41.1,44.9,38.9,36.4,32,25.9,17.3,6.6,7.3
3623,평일,5,2536,을지로4가,상선,16.1,24.2,32.3,60.6,79.2,89.7,66.1,46.7,41.6,29.3,30.7,31.1,27.2,27.9,27.8,26.8,28,24.7,25,26.4,28.5,29.8,38.1,43.6,38,34.7,34.2,29.7,26.4,21,19.7,17.8,17.1,18.1,16.6,13.6,12.4,9,4.9
3624,평일,5,2536,을지로4가,하선,9,18,14.9,20.6,27.3,33.7,18.1,15.6,14.5,15.3,17.5,19.4,18.1,21.5,21.1,22.9,23.4,24.9,26.3,31.3,32.8,40.8,46.6,63.5,70.2,79,64.3,58.5,48.9,43.8,41.4,43.7,40.1,36.6,34,26.2,18.2,8,7.1
3625,평일,5,2537,동대문역사문화공원,상선,16.6,24.4,32.5,59.7,79.9,89.7,65.2,47.8,37.7,28.5,29.8,28.6,25.5,26.2,24.9,25.4,24.5,22.3,22.1,23.8,25.3,26.2,33.5,37.7,31.4,28,27.7,26.1,22.5,18.3,16.6,15.1,14.4,15.7,13.6,11.7,10.9,7.5,2.3
3626,평일,5,2537,동대문역사문화공원,하선,14.8,20.6,15.6,20.3,27.6,34.6,18.2,14.7,14.2,14.8,17.3,18,18.3,22.1,21.7,23.9,24.7,27.1,28.8,34,36.6,46.5,50.1,69.3,73.9,81.6,67,57.1,51.9,46.9,42.8,43,41.4,40.3,35.5,28.8,20.1,9.2,7.3
3627,평일,5,2538,청구,상선,18.3,25.2,33.9,62,79.4,91.9,66,54.3,44.5,34.1,33.6,34.1,29.5,29.2,29,28.3,27,24.6,23.6,24.6,25.5,28.3,34.5,37,30.3,27.1,29.1,28.3,23.6,19,16.5,14.6,13.6,15.3,13.1,10.8,10.5,7.6,2.5
3628,평일,5,2538,청구,하선,21,23.1,17.9,24.1,33.1,40.7,19.2,15.9,15.2,15.8,18.5,19.8,20.1,23.3,23.9,26.2,26.8,28,31.4,37.3,37.4,49.5,56.6,70.2,80.8,83.8,68.5,60.4,56.4,50.4,45.6,45.9,43.8,44.8,39.9,32.1,22.8,10.6,8.1
3629,평일,5,2539,신금호,상선,21.1,26,37.2,63.4,82,93,68.6,57.6,50,38.2,36.1,38.3,32.8,31.6,33.3,31.9,28.5,27.6,26.5,27,28.5,30.8,38.1,40.7,32.2,30.5,33.8,31.4,26.2,20.9,18.3,16.2,16,16.8,15.2,12.5,12.8,8.9,2.6
3630,평일,5,2539,신금호,하선,23.7,26,18.2,25.5,34.5,44.4,22.7,16.3,15.5,16.2,18.6,19.8,20.4,23.7,23.9,26.1,26.8,27.9,31.1,36.4,37.7,49.4,55.7,66.8,78.9,79.2,70.1,59.2,54.8,48.1,45.9,45.1,42.4,43.5,38.3,30.2,24.2,9.2,10.3
3631,평일,5,2540,행당,상선,20,25.4,36.1,61.4,82.8,89,63.7,56.4,47,37.9,35.6,37.5,31.7,31.5,33.2,31.8,28,28.1,26.7,27.4,29.3,32.1,39.5,41.3,33.2,31.6,34.9,32.6,27.5,21.5,19.2,17.3,16,17.7,16.1,13.4,13.6,9.7,3.2
3632,평일,5,2540,행당,하선,27.4,27.2,20,25.9,36.9,48.9,26.2,17.7,16.7,17.1,19.5,21,20.9,23.2,25,26.4,27,27.9,30.6,36.2,37.3,44.7,55.9,65.1,79.5,75.3,67.1,56.7,54.6,45.6,44,43.4,40.5,42,37.6,30.8,23,8.7,9.6
3633,평일,5,2541,왕십리,상선,18.5,23.9,34.8,62.5,79.2,84.2,60.7,53.9,45.2,36.4,34.5,36.3,31.2,30.9,32.2,31.7,28.1,28.4,27.1,28,30.1,33.1,40,44,34.3,32.9,37.1,34.4,29,22.3,19.9,18.4,17.2,18.6,17.3,14.6,14.7,6.9,1.9
3634,평일,5,2541,왕십리,하선,17.5,30.7,22.2,26.1,39.2,49.8,29.7,17.3,18.1,18.5,21.7,23.2,25.3,27.2,29,31.1,32.1,33.6,36.3,43.4,47.1,56.5,70.1,83.6,100.8,94.2,87.2,70.4,76,61.1,57.5,60,55.3,57.4,53.6,43.2,36.4,15.1,14.2
3635,평일,5,2542,마장,상선,31.6,31.3,45.2,78,106.4,110.6,82.6,77.7,59,49.3,44.1,45.9,38.3,40.4,41,40,34.3,34.6,32.1,32.4,35.2,38.4,46.5,51.2,40.4,37.3,39.2,37.8,28.9,23.6,21,19.1,18,19,16.9,15.2,15.3,7.6,2.1
3636,평일,5,2542,마장,하선,11.2,29.5,22.3,26.3,39.8,49.8,29.8,17.4,17.5,18.3,21.1,22.6,24,27,28.4,30.8,31.7,34.1,34.7,43.1,46.7,54.4,70.1,82.9,97.2,89.3,88.8,69.3,74.9,60.3,56.4,59.5,57,53.9,52.4,42.4,35.7,14.7,13.8
3637,평일,5,2543,답십리,상선,30.9,32.7,45,79.7,107.1,107.6,79.4,76.8,58.3,47.7,45.1,44.2,37.7,41.2,38.1,38.9,32.9,33.5,30.7,32.3,34.3,37,45.2,50.1,36.8,38,38.8,37.5,27.3,23.6,20.5,18.8,17.7,18.9,17.1,15.2,13.9,6.5,2.4
3638,평일,5,2543,답십리,하선,17.6,31.2,24.1,29.7,42.4,51.6,29.9,18.1,18.2,17.8,21,21.7,24.1,26.9,28.2,29.7,30.9,33.8,33.6,38.7,47.4,53.3,65.6,80.9,92.6,87.7,86.7,62.7,70.4,59.2,52,55.2,54.9,50.5,48.8,39.6,33.8,13.4,12.2
3639,평일,5,2544,장한평,상선,27.7,31.3,44.6,74.9,99.4,97.1,73.1,71.4,55.7,45.3,43.3,41.8,35.6,39.6,37.3,37.8,32.8,31.7,29.7,32.3,33,36.5,46.1,48.7,36.4,36.8,40.3,38.9,28.1,23.8,21.1,19.2,18.7,19.9,18.7,15.6,15.5,7.6,3.3
3640,평일,5,2544,장한평,하선,24.9,30.6,23.7,31.8,44.8,53.4,33,19.3,18,18.1,19.6,21.9,23.7,25.4,28.5,29.7,31,32.8,34.2,36.3,46.2,51.9,62.8,81.5,90.9,89.6,86.1,59.9,63.2,58.6,49.8,51.1,51.7,49,48,39.3,28.9,14.7,7.9
3641,평일,5,2545,군자,상선,25,30.8,42.5,71.1,95.2,92.1,73,66.6,54.3,44.5,42.1,41.2,35.1,38.9,35.6,37.3,32.2,30.1,29.4,31.7,32.3,36.7,44.3,47.6,35.2,35.9,42.1,38.9,28.6,25.2,22.1,19.8,20.6,21.8,18.7,17.1,17.1,8.7,4.5
3642,평일,5,2545,군자,하선,23.9,47.9,36.7,49.9,68.5,83.8,47.3,27.5,23.5,23,24.5,28,29.8,31.1,36.4,36.2,37.6,38.1,41.3,43.9,52.3,61.6,72.1,86.9,110.2,90.1,95,70.9,70.7,64.1,62,59,58.4,56.4,54.6,45,33.5,15.9,6.7
3643,평일,5,2546,아차산,상선,36.5,32.1,48.9,83.4,101.3,98.3,81.9,77.6,61.9,57.1,49.5,50.7,42.5,44.4,43.7,45.2,38.5,35.5,36,39.6,40.6,47.3,57.5,62.2,45.7,50.8,61.2,52.8,37.9,33.2,29.6,25.1,27.2,28.7,25.1,21.5,18.5,11.9,5.2
3644,평일,5,2546,아차산,하선,27.2,49,37.7,51.5,67.4,91.3,48.2,27.3,24.5,21.8,23.9,26.9,28.5,30.2,34.6,37.3,36.6,37.2,40.4,42.1,48,58.7,73.1,76.8,105.2,86,89.5,64.3,68.2,60.3,58.5,59,52.8,53.6,51.2,42.2,29.8,18.9,18.4
3645,평일,5,2547,광나루,상선,32.3,29.4,45.2,79.1,97.4,91.8,77.7,72.5,54.6,53.2,47.2,47.4,38.8,42.1,40.6,42.2,34.9,35.2,34,37.8,40.3,49.5,55.3,61,44.1,50.7,61.9,53.5,38.1,33.5,30.1,26.1,26.2,29.2,24.6,20.8,19.2,9.6,3.7
3646,평일,5,2547,광나루,하선,27.6,52.4,37.7,48.5,67.8,84.1,46.8,27.6,23.6,21.2,23.3,26.5,28.1,29.4,32.6,36.8,37.5,35.3,38.4,42.4,47.2,53.8,72,75.3,102.4,87.5,88.2,59.8,69.6,55.7,56.3,56.8,50.9,49.2,51.4,40,28.4,18.1,16.9
3647,평일,5,2548,천호,상선,31.2,29.9,47.2,78.2,95.5,87.6,74.8,70.2,54.6,46.3,47.8,46,37.1,42.3,40.9,39.6,33.8,33.9,31.9,35.2,38.9,48.2,53,60.1,43.3,51.5,58.5,51,35.9,32.8,29.5,25.5,25.3,28.9,24.8,20.5,19.5,5.5,4.1
3648,평일,5,2548,천호,하선,21.2,41.6,27.5,34.6,51,59.8,41.1,20.1,17.6,17.4,19.4,21.8,25.8,28.3,28.2,32.4,36.5,33.3,34.6,42.1,48.1,47.6,62.6,77.3,83.5,88.2,82.9,62.6,62.9,58.4,51.5,55.6,48.4,45.9,45.7,39.1,29.8,18.1,12.9
3649,평일,5,2549,강동(하남),상선,26,31.5,49.1,55.6,75.6,85.4,76.3,74,58.9,43.4,52.5,42.2,34.5,46.2,37.9,34.1,34.9,35.5,28.7,34.4,38.8,43.2,45.6,49.4,35.7,43.5,45.1,41.2,25.2,24,22.4,20.3,19.7,23.6,19.3,16.5,16.4,7.9,1.6
3650,평일,5,2549,강동(하남),하선,7.2,20.2,21.6,29.2,42.8,63.1,45.3,23.1,19.5,19.6,21.3,25.6,28.7,32,33.1,33.2,38.2,35.6,36.9,41.2,52.5,51.2,66.7,52.5,72.5,79.8,88.8,59.2,62.1,58,50.5,48.1,53.9,44.9,44.2,36.4,28.1,16.9,11.1
3651,평일,5,2550,길동,상선,44.5,41.7,73.4,71,100.3,106.2,116.3,109.2,78.8,68.9,65.9,57.2,51.4,56.9,51.4,52.2,48.3,43.8,42.1,46.1,47.4,56.3,63,61.6,42.1,41.7,57.4,44,31.1,28.6,25.8,23.7,24.6,29.3,22.3,18.8,13.1,5,1.5
3652,평일,5,2550,길동,하선,14.4,14.6,33.3,38.6,33.8,56.4,35,21,18.7,20.3,22.4,31,32.1,34.8,38.9,40.8,41.8,42.7,48.6,51.5,59.7,70.4,83.8,97.1,128.4,123.6,112.2,80.5,85.7,80.1,77.8,64.7,67.1,67.6,60.9,49.2,38.7,17.7,10.8
3653,평일,5,2551,굽은다리,상선,40,38.6,68.5,70.8,95.1,102.3,107.6,104.1,76.2,64.7,62.2,53,48.6,53.2,47.8,48.1,45.1,41.1,39.5,43.6,45,52.6,60.1,50.8,33,42.6,55.4,40.5,28.9,27.2,22,22,23.1,27.6,21.5,17.4,8.2,6.3,1.8
3654,평일,5,2551,굽은다리,하선,15.2,14.6,32,38.3,33.5,54.4,31.2,18.4,18.8,16.7,22.1,25.4,28.7,31.4,35.6,37.2,37.8,38.9,43.2,46.6,56.5,57.2,75.7,85.7,107.4,112.2,105.9,74.2,74.2,71.2,69.1,58.2,61.3,61.2,54,44,34.2,13.8,14.3
3655,평일,5,2552,명일,상선,29.3,37.6,60.9,59.5,96.4,89.9,96.9,87.5,66.2,57.9,56.4,48,44.9,48.3,42.9,42.8,39.3,37,35.7,40.3,41.8,49.2,55.9,46.6,29.9,38.5,53.5,37.7,26.8,24.8,20.4,19.9,21.4,29.3,20.4,16.8,7.9,6.3,1.9
3656,평일,5,2552,명일,하선,15.6,14.6,31.7,34,35.5,53,32.4,17.4,18.1,16,20.3,23.7,26.7,29.7,34.3,32.9,34.5,34,38.5,42.3,51.4,52.3,68.6,77.6,96.5,100.5,94,66,66.8,66.4,62.2,52.7,55.1,55.3,48.3,39.6,30.4,12.4,12.7
3657,평일,5,2553,고덕,상선,25.4,33.4,56.9,50.6,86.8,81.1,88.8,80.7,60.8,53,51.2,43.4,40.9,43.9,39,39.4,36.7,34.5,33,40.1,39.6,48.9,49,44.2,28.2,36.3,52.7,36.2,24.6,24.5,19.5,19.4,21,25.3,15.9,16,7.9,6,2
3658,평일,5,2553,고덕,하선,11.9,10.1,21.6,25.7,25.9,44.3,24.7,13.6,14.7,12.4,17,19.5,22.4,24.9,28.4,27.2,27.5,28.9,32.7,37.4,45,44.5,57.6,68.3,87.5,92.5,83.6,58.1,59.7,59.5,55.2,47.6,50.2,50.1,42.6,35.3,26.9,11.3,10.9
3659,평일,5,2554,상일동,상선,21.6,37.6,52.9,43.3,81.5,72.6,80.9,73.2,52.7,46.6,44.9,36.1,33.8,35.7,33.6,33.5,31.4,28.9,28,31.1,32.1,35.6,37.5,34.6,23.4,27.4,47,30.3,20.5,19,16.9,16,15.5,18.4,13,13,7.5,5.4,1.8
3660,평일,5,2554,상일동,하선,9.8,7.7,15,19.6,20.8,38.3,19.5,14.4,10.5,10.4,14.3,16.4,17.7,18.6,20.7,20.5,20.3,21.1,24.8,26.1,33.7,33,42.4,49.4,60.2,67.4,61,42.9,41.8,41.9,41.8,34.5,35.6,36.5,31.1,24.9,21.4,11.5,6.1
3661,평일,5,2562,강일,상선,33.1,38.3,51.4,56.5,70.6,83.8,60.2,53.1,37.4,33.8,30.2,25.6,24.9,25.9,25.2,24.9,23.7,21.7,20.9,23.5,23.8,29.3,28.6,27.5,30.6,39.8,31.2,23,15.6,16.2,14,14.7,13.9,16.9,12.8,12.1,6.9,3.4,0
3662,평일,5,2562,강일,하선,8.1,6.6,12.8,16.9,17,29.5,29.7,18.4,16.1,14.8,12,14.9,15.5,15.7,17.9,17.9,17.8,18.5,21.8,22.5,28.7,28,35.5,40.8,51.7,58,52.4,45.1,35.2,36,35,29.1,29.6,30,26.3,22.7,18.6,9.6,10.6
3663,평일,5,2563,미사,상선,28.6,32,42.8,46.6,63.5,63.7,49.5,41.2,30.5,26.9,24.6,21,21.1,21.5,21.8,21.3,19.7,18.7,18.4,19.6,20.3,25.4,25.2,24.3,27.5,35.2,26.4,19.7,14.3,15.3,13.3,13.9,13.4,16,12.4,11.8,6.8,3.3,0
3664,평일,5,2563,미사,하선,7.3,4.8,6.3,11.5,12.7,21.9,23.4,14.4,11.6,8.5,7.5,9.4,10.2,10.8,11.8,12.6,12.4,11.8,14.4,16,18.2,17.9,21,22.2,27.1,27.8,22.3,20.7,16,17.7,17.8,14,15.5,17.4,14.3,12,9.9,4.9,6.3
3665,평일,5,2564,하남풍산,상선,17.2,23.1,24.8,24.3,29.1,29.8,24.4,21.4,17.9,16.9,14.5,13.7,13.8,13.7,14.4,14.3,13.3,12.9,12.5,12.5,14.9,18.7,19.3,15.7,16.8,30.3,18.7,13.9,10.2,9.7,7,7.9,7,9.2,6.3,4.7,1.5,1.3,0
3666,평일,5,2564,하남풍산,하선,0,4.9,4.5,7.3,10.3,12.6,13.4,9.8,8.3,6.9,6.2,8.2,8.9,9.6,10,11,10.8,10.1,11.7,14.3,15.7,16.5,18.4,18.2,21.8,25.7,18.6,16.7,9.8,14.7,15,12,14,13.1,11.9,9.8,7.9,4.1,5
3667,평일,5,2565,하남시청,상선,14.8,18.4,20.3,20.8,24.9,25.6,21,18.1,15.6,14.3,12.6,12.1,11.7,11.6,12.3,12.3,10.9,11,10.6,10.6,12.5,14.9,15.5,12.5,11,16.9,13.8,11,7.3,8.5,5.8,5.7,5.5,7.2,4.4,3.8,1.4,1.2,0
3668,평일,5,2565,하남시청,하선,0,2.4,2.1,3.4,4.8,4.4,7.4,4.8,4.1,3.1,3.8,3.8,4.8,5.1,5.7,4.7,4.4,4.5,5.4,6.8,7.3,7.9,8.7,8.3,8.9,11.2,7.8,6.2,5.5,6.5,6.7,5.4,6.5,5.8,5.2,4.3,3.2,1.7,2.1
3669,평일,5,2566,하남검단산,상선,6.6,7.5,8.4,9.1,11.3,11.9,9.8,8,6.7,7.3,5.1,5.4,5.1,4.8,5.4,5.5,5.5,4.9,5.3,5.3,6.5,6.8,7.8,5.8,5.3,7.4,6.3,5.3,3.7,4.5,2.7,2.9,2.2,4.5,2.2,1.9,0.5,0.5,0
3670,평일,5,2566,하남검단산,하선,0,0,0,0,0,0,0,0,0,0,0,0,0,0,0,0,0,0,0,0,0,0,0,0,0,0,0,0,0,0,0,0,0,0,0,0,0,0,0
3671,평일,5,9005,강동(마천),상선,0,0,0,0,0,0,0,0,0,0,0,0,0,0,0,0,0,0,0,0,0,0,0,0,0,0,0,0,0,0,0,0,0,0,0,0,0,0,2.8
3672,평일,5,9005,강동(마천),하선,5.1,16.3,16.1,23.1,48.5,67,53.4,23.3,18.5,16.8,17.9,21.2,22.8,23.7,25.2,27.1,26.9,25.4,26.7,27.8,34.2,34.5,42.8,21.9,40.1,40.8,48.4,31.8,33.5,31.3,28.4,27.7,28.2,26.9,24.1,19.9,14.3,5.4,9.9
3673,평일,5,2555,둔촌동,상선,22,22,40.1,55.2,73.1,73.5,55.3,54.3,43.6,40.6,42.3,39.5,35.1,40.7,39,37,35,32.7,33.5,38.3,40.4,51.7,61.2,54.8,47.7,63.8,71.4,59.5,44.3,29.7,32.6,31.9,30.1,35.1,29.2,31.9,29.5,0,8.5
3674,평일,5,2555,둔촌동,하선,9.5,18.7,19.1,31.8,67.8,91.8,79.3,33.3,23.7,21.1,22.6,27.6,27.4,30.1,31.9,34.7,33.5,31.5,33.8,34.2,42.5,40,54,31.3,34.8,53.5,58,37.7,39.9,38.2,35.4,32.8,33.7,31.9,30.9,23.3,14.5,10.8,11.4
3675,평일,5,2556,올림픽공원(한국체대),상선,19,22.8,36.5,49.9,65.2,68.7,51.6,49.1,41.2,37.6,39.4,36.5,32.2,37.4,35.7,33.5,32.3,30.6,31.4,36.6,39.4,49.4,55.1,50.3,45.8,61.9,72.4,58.2,41.3,29.5,31.9,30.9,29.9,34.3,29.4,31,29,4.2,4.6
3676,평일,5,2556,올림픽공원(한국체대),하선,8.2,15.9,15.4,23.4,53,73.3,62.3,24.5,19,16.4,16.6,24.5,23.9,25.4,27.1,29.1,30,27.9,30.1,33.6,44.3,38.7,55.1,30.3,35.3,54.2,59.1,36.2,41.1,39.8,37.2,35.8,34.6,35.3,31.6,26.8,19.9,11,10.2
3677,평일,5,2557,방이,상선,22.1,22.5,36.7,56.2,72.1,73.7,54.2,53.1,41.2,36.4,35.9,32.8,29.2,32.6,32.1,30.9,30.9,26.8,26.8,31,32.7,41,45.8,42.6,35.6,64.1,60.8,48.9,34,24.9,26,27.5,23.3,29.6,22.7,17.4,6.3,0,3.7
3678,평일,5,2557,방이,하선,8.7,14.5,14.7,23.1,41.2,63.4,57.9,23,16.8,14.8,15.1,22.1,20.7,22.2,23.2,26.1,24.8,23.5,25.8,27.9,36.5,34.1,46.7,30.6,30.4,48.1,52.6,33.6,34.8,36.1,33.6,34.1,32.5,37.6,29.9,23.4,17.4,9.6,8.9
3679,평일,5,2558,오금,상선,19.8,20.2,32,49.6,64.6,65,50.3,47.7,36.3,32,31.6,29,26.8,29.2,28.8,28.1,26.7,24.2,24.8,28.1,30.9,39.7,43.9,39.3,32.3,56.5,54.2,42.4,31.4,22,22.9,22.8,18.9,21.2,19.5,14.6,5.1,0,3.2
3680,평일,5,2558,오금,하선,2.6,7.6,6.6,8.9,11.1,26.9,26.7,10.4,10.5,8.3,10.4,14.4,16.1,16.1,19.8,21.1,22.1,19.8,23.6,29.8,37.4,34.9,44.7,29.6,30,48.6,56.2,35.9,37,36.8,36,35.8,32.7,37.9,31.8,25.1,16.6,9.5,8.9
3681,평일,5,2559,개롱,상선,24.6,22.3,34.2,55.6,71.2,72.2,55.9,48.1,33.8,31.7,28.7,25.2,24.2,26.1,24.5,24.5,21.7,20.4,19.4,20.8,20.8,30,29.9,23.3,17,29,22.4,18.9,13.1,11.7,10.4,11.7,9.7,9.7,8.4,6.8,2.3,0,1.9
3682,평일,5,2559,개롱,하선,1.9,5.7,3.7,6.2,6.9,19.1,20.6,7.1,7.4,5.9,7.4,10.4,11.7,11.8,14.9,15.6,15.7,13.9,17.3,22.6,25.8,28,32.4,21.2,22.7,36.5,42,27.1,27.2,26.7,26.5,26.6,23.7,27.7,23.2,18.5,12.2,7.3,6.6
3683,평일,5,2560,거여,상선,19.6,17,28.9,46,56.1,57.8,44.1,37.4,25.8,23.4,21.3,19,17.8,19.7,18.6,17.5,15.5,15.1,14,15.1,15.4,17.9,21.5,15.9,11.1,19.8,15,13,9.3,7.8,7.4,7.8,6,6.8,5.7,4.5,1.6,0,1.4
3684,평일,5,2560,거여,하선,0.7,2.5,1.4,1.8,2.5,6.6,7.9,2.8,2.8,2.5,3.4,4.4,5.1,4.8,6.2,6.7,6.6,5.5,6.8,9.5,11.5,12.3,13.9,8.7,9.3,13.7,16.9,11.8,11.3,11.9,10.9,11.3,10.4,10.4,9.2,7.4,5.2,3.5,3.1
3685,평일,5,2561,마천,상선,10.4,8.7,14.2,22.3,26.3,26.3,18.7,15.4,10.1,9.8,8.4,7.5,7.5,8.5,8,7.1,6.7,6.8,5.5,5.9,5.4,6.8,7.7,5.3,3.6,9.1,5.7,4.7,3.1,2.7,2.8,2.7,2.1,2.6,1.9,1.8,0.8,0.6,0
3686,평일,5,2561,마천,하선,0,0,0,0,0,0,0,0,0,0,0,0,0,0,0,0,0,0,0,0,0,0,0,0,0,0,0,0,0,0,0,0,0,0,0,0,0,0,0
3687,평일,6,9006,응암S,하선,9.4,10.7,10.8,15.9,17.5,21.4,17.9,14.8,15.5,15.9,14.5,15.4,15.3,15.8,16.1,16.7,16.4,16.1,15.7,19.5,20.6,23.6,28.2,25.1,29.6,41.2,48.9,30.3,24.9,20.4,18.2,20.6,20.3,22.1,18.8,16.1,10.9,4.3,6.3
3688,평일,6,2612,역촌,하선,10.7,11.1,13,19.6,22.7,24.1,19.4,15.8,17.3,17.1,15.3,15.5,15.8,16.1,16.2,16.6,16.9,16,15.5,19.1,19.7,21.4,26.7,23.2,26.8,37.9,43.1,27.2,22.1,18.5,16.3,17.9,18.2,19.7,16.2,13.3,9,3.5,5.1
3689,평일,6,2613,불광,하선,5.1,4.5,6.2,8.8,11,11.1,7.6,6.7,7.5,8.2,7.8,8.7,8.8,9.1,9,9.7,10,9.9,10.3,12,13.3,14.8,18.5,15.5,16.8,22.4,27.2,18.8,14.5,12.1,10.9,11.4,11.8,11.9,10.1,8.4,5.9,2.5,3.3
3690,평일,6,2614,독바위,하선,5,5.6,8,12,15.2,14.5,9.7,8,8.6,8.7,8.9,9.1,9.3,9.7,9.2,9.7,10,9.9,10.5,10.9,12.7,13.9,18.1,14.9,14.9,19.6,23.2,15.8,12.3,10.2,9.2,9.5,9.8,9.9,8.5,7,5,1.7,2.7
3691,평일,6,2615,연신내,하선,12.9,11.5,17.4,27.7,36.2,35.7,23.3,18.2,18.3,16.2,15.5,17.1,15.4,16.5,17,16.8,16.6,16.6,17,18.8,20.8,24.7,27.3,26.4,20.8,25.3,28.2,18.8,16.7,14.8,12.2,12.9,11,12.5,9.4,8,5,2.4,2.5
3692,평일,6,2616,구산,하선,19,14.8,21.8,34,43.5,46.8,30,23.5,22.4,19.8,18.1,19.4,17.2,18.8,18.5,18.2,17.3,16.7,16.6,18.7,21.7,23.3,25.3,24.9,18.4,21.9,22.2,14.8,12.8,12.3,10.1,10.5,9.2,11.3,7.1,6.3,4.4,1.8,1.5
3693,평일,6,2611,응암,상선,14,10.7,10.8,15.9,17.5,21.4,17.9,14.8,15.5,15.9,14.5,15.4,15.3,15.8,16.1,16.7,16.4,16.1,15.7,19.5,20.6,23.6,28.2,25.1,29.6,41.2,48.9,30.3,24.9,20.4,18.2,20.6,20.3,22.1,18.8,12.1,14.6,5.8,6.3
3694,평일,6,2611,응암,하선,29.6,21.1,28.6,46.7,62.3,67.7,40.8,32,28.8,24.6,21.8,21.8,19.2,21.5,20.6,21,19.3,18,17,17.6,22.2,24,26.8,26,19,24.2,19.8,12.9,12.2,11.1,9.5,9.9,8.8,11.2,7.3,5.7,3.7,1.5,0.8
3695,평일,6,2617,새절,상선,10.1,10.4,8.9,12.8,13.7,17,16,10.8,14.9,14.9,13.9,14.7,14.4,15.4,15.5,17,17.1,18,17.4,22,24.9,30.2,34.9,33,39.5,54.6,66.3,43,35.7,28.9,27,29.7,29.8,32.3,27,22.3,14.8,9.2,5.1
3696,평일,6,2617,새절,하선,28.6,26.9,36.2,58.8,63.4,84.2,50.3,38.1,36.8,28.6,25.7,24.8,21.9,23.8,23.3,23.8,21.5,19,19.2,19,23.1,26.1,28.7,28.7,21.3,24.3,22.2,14,11.9,11.2,9.6,10.5,9,11.6,7.4,6,3.8,1.5,1.5
3697,평일,6,2618,증산,상선,8.6,10.2,8.4,12.5,12.4,17,14.4,11.5,15.3,15,14,15.1,15.1,16,17.3,19.1,18.8,20.4,19.8,26.1,28.8,32.7,39.3,39.7,49,71.7,78.8,53.1,44.7,35.9,33.6,35.9,36.3,39.4,32.8,27.1,18.1,11.3,8.4
3698,평일,6,2618,증산,하선,34.6,31.2,42.1,65.9,73.6,95.3,60.5,43.2,41.1,32.3,29.3,27.5,24.2,26,25.3,26.1,23.4,21.7,20.7,20.6,24,25.9,31,30.6,22.4,25.9,22.6,14.2,12.3,11.2,10.7,10.8,10,10.9,7.6,6.1,3.9,1.5,1.6
3699,평일,6,2619,디지털미디어시티,상선,7.6,10.1,8,11.8,11.2,16.9,13.4,11.9,16.1,16,14.8,15.8,16,17.2,18.6,20.2,20.5,22.2,21.9,28.7,33.4,36.5,44.4,44.8,55.7,80.5,91,60.8,51.8,41.6,39.7,42.2,42.3,45,38.3,32,21,13.3,10.2
3700,평일,6,2619,디지털미디어시티,하선,29.7,28.7,38.1,67.1,73.5,94.6,61.1,44.4,42.5,33.1,30.2,27.4,25.9,26.8,25.3,26.4,25.1,22.2,20.5,20.4,23,25.8,30.7,33.9,26.7,34.5,29.3,18.2,13.2,11.7,11.3,10.2,10.4,10.5,8.8,6,4.4,1.8,1.8
3701,평일,6,2620,월드컵경기장,상선,10,12.1,8.6,12.7,16.2,22.9,18.3,14.5,17.9,14.9,13.9,14.9,14.9,16.9,18.3,20.1,20.2,21.8,21.9,27.9,33.2,37.7,44.7,43.1,55.5,79.2,87.7,60.5,53.1,43,39.7,43.1,42.5,46.3,38.6,32.7,21.7,13.1,11.2
3702,평일,6,2620,월드컵경기장,하선,29.5,28.6,35.3,64.9,74.3,96.2,63.3,44.5,45.8,31.9,30.8,27.2,25.6,28,25.2,26.2,24.8,21.6,20.5,20.8,23.2,27.2,31.8,35.8,28.4,35.5,29.7,18.6,13.6,12.2,11.4,10.3,10.8,11.2,9.4,6.4,4.8,2.3,1.8
3703,평일,6,2621,마포구청,상선,10.3,12.2,9.4,13.2,16.4,23.5,18.6,15.3,19,15.6,15.3,15.6,15.8,17.9,18.7,20.5,21.3,22.6,22.4,27.8,33.4,39.5,42.8,42.6,56,79.6,89.4,61.6,51.9,43.7,40.1,43.5,43,46.4,39,33.1,20.7,11,11.4
3704,평일,6,2621,마포구청,하선,34.1,31.3,40.5,72.2,83.2,107,70.6,50.6,51.1,36.4,36,31.3,29.8,32.2,30.1,29.2,28.3,25.2,23.8,24.3,26.3,30.7,34.3,39.1,32,38.7,36.8,21.2,14.6,13.5,12.6,11.8,11.7,12.1,10,6.8,4.9,2.3,1.8
3705,평일,6,2622,망원,상선,9.5,12.4,9.9,13,17.4,24.4,22.8,16.9,22.2,17.2,17,17.2,17.6,20.2,22.1,23.1,24.4,24.7,25.9,32.5,37.3,43.6,46.6,47.8,63.7,93.1,95.2,68.4,55.6,49,44.3,47.6,46.9,54.2,43,36.7,23.9,14.8,8.6
3706,평일,6,2622,망원,하선,43,32.5,43.2,78.3,87.1,111.6,76,52.9,51.2,39.2,38.3,33.8,33.2,33.6,33,33.1,30.8,28.6,27.4,27.2,29.1,34.7,36.6,43.8,35.1,44.4,39.8,25,18.1,17.4,15.7,15.6,15.5,15.9,12.8,8.8,6.5,2.7,2.3
3707,평일,6,2623,합정,상선,8.5,12.3,10.3,13.6,17.8,25.1,25.8,20.3,28.5,20.7,22,21.1,22.2,24,26.8,28.2,29.9,29.4,31,39.9,43,49.7,53.6,52.4,70.2,98.4,100.8,73.2,60.7,51.2,47.1,50.2,48.9,56.2,45.6,37.6,22.3,16.2,9.9
3708,평일,6,2623,합정,하선,25.1,19,21.8,41,47.6,60.5,47.3,30.3,35.5,25.4,25.4,22.1,22,21.9,22.8,23.7,22.2,20.2,20.1,19.6,22.3,22.3,24.5,29.8,25.2,34.2,29.1,19.4,13.9,13.6,12.4,12.9,13,14.1,12.2,9.4,7,2.7,2.3
3709,평일,6,2624,상수,상선,5.4,6.5,7,9.6,13,19.6,18.1,15,20.8,14.8,16.4,15.4,16.5,17.7,19.4,22.6,21.4,21.5,22.1,28.5,30.4,35.2,37.6,35.7,45.8,64.8,60.5,43.8,36.1,30.8,27.7,31,29.7,34.4,29.7,24.2,14.5,11.6,8.3
3710,평일,6,2624,상수,하선,25.8,19.6,22.1,41.8,48.2,60.3,43.7,28,29.2,23.5,21.8,21.2,20.1,21.5,21.8,24,20.7,20.5,19.8,20.1,21.7,24,25.5,32.2,27.4,33.5,31.5,20.2,14.4,15,14,15.4,16.1,18.5,17.6,14.6,11.3,4.1,3.2
3711,평일,6,2625,광흥창,상선,4.8,6.7,7.1,10,13.2,20.6,19.9,18,30.6,17.4,20.6,16.6,20.1,19.1,21.5,23.2,23.5,22.5,23.4,28.9,31.9,35.2,38.8,37.8,48.1,73,58.8,46,36.6,30.8,28.3,30.2,28.8,33.1,28.1,22.1,13.6,11,9.3
3712,평일,6,2625,광흥창,하선,26.1,20.6,22.8,39.8,49.9,57.4,44.8,28.4,27.2,23.4,22.2,21.4,20.6,22.5,22.6,23,20.5,20.8,20,20,21,24.3,26.2,33.4,28.3,35.7,31.3,21,14.6,15,14.1,15.9,15.9,18.4,17.5,14.3,11.7,3.9,2.9
3713,평일,6,2626,대흥,상선,3.9,6.2,6.9,9.5,12.7,20.1,21.1,19.9,28.2,18.1,20.2,16.2,18.9,18.8,21.4,23.1,23.7,23,21.7,28.3,31.1,34.8,37.5,37.7,47.3,70.6,56.5,45.4,37.7,31.2,28.8,30.4,29.4,33.9,29.8,23.5,13.6,12.2,10
3714,평일,6,2626,대흥,하선,26.9,21.1,23.3,40.8,50,58.4,45.2,29,26.2,23.3,23.2,21.9,20.4,22.8,22.5,24.1,21.5,21.6,20.9,21.7,21.7,27.5,29.9,35.4,31.1,40.7,32.3,22.2,15.3,16.4,15.9,18.1,18.9,23.3,19.3,15.3,12.9,5.2,2.9
3715,평일,6,2627,공덕,상선,4.6,6.8,7.4,10.3,14.4,22.7,26.9,21.4,33.5,26,22,17.2,21.4,19.6,23.3,24.7,24.6,23.2,24.2,28.3,31.3,33.7,38.5,38.2,48.8,70.9,60.1,48.1,39.6,31.5,29.2,30.3,31.4,30.6,30.6,22.7,13.9,13,5.4
3716,평일,6,2627,공덕,하선,17.8,23,24.2,39.2,51.1,57.2,42.5,31.1,28.9,27.8,28.2,27.9,24.7,24.7,27.2,27.6,25.7,25,24.3,25.7,26.3,32.6,37.9,49.2,48.3,62.9,56.8,34.5,22.8,22.6,23.4,24.3,25.2,29,25.2,20.7,16,8,2.8
3717,평일,6,2628,효창공원앞,상선,7.6,11.4,12.4,21.4,30.6,44,41,33.5,40.6,28.9,22.8,20.2,23.2,22.2,26.6,27.3,26.5,24.5,25.9,30.6,35.7,36.4,43.6,42.2,54.3,72.4,60.3,51.4,40.9,34.4,31.7,32.2,34.7,32.6,36.3,23.1,15.6,15.8,6.7
3718,평일,6,2628,효창공원앞,하선,16.7,23.2,25.1,40.4,52.8,59.4,43.7,31.5,28.8,27.3,28.5,29.3,24.7,25.7,27.7,27.4,27.4,25.5,24,26.4,26.6,31.4,39.1,50.5,49.2,66.1,57.5,36.3,23,22.6,23.3,23.6,25.4,28.4,25.1,20.2,15.6,7.8,4.9
3719,평일,6,2629,삼각지,상선,7.1,11.5,12.4,21.3,31.2,45.4,43.6,36.7,39.8,30,23.2,21.2,23.9,21.8,26.5,27.3,25.7,25,26,30.5,34.8,37.3,43.4,42.7,54.5,70.1,61.2,49.6,40.4,35,32.4,32.7,35.8,36.3,34.5,24,16.3,16.4,7.4
3720,평일,6,2629,삼각지,하선,13.6,19,19,30.1,39.4,45,33.2,25.3,26.5,24.1,25,26.1,21.9,22,25.5,23.9,23.7,23.3,21.4,23.5,24,27.8,34.7,45,45.6,60.2,53.1,33.7,21.2,20.9,21.8,21.7,23.8,25.5,23.8,18.2,14.9,7.3,3.6
3721,평일,6,2630,녹사평,상선,7.7,11.6,13.5,22.7,31,43.3,36.3,33.5,33.3,24.1,19.9,18.2,19.3,21.4,22.5,22.5,22.5,21.4,22,27,30.7,32.2,39.6,36.1,43.3,54.6,48.2,40,33.3,29,27.4,26.9,30.8,34.3,29.8,20.4,13.6,15.8,7
3722,평일,6,2630,녹사평,하선,13.7,17.7,18,28.3,37.2,42.6,31.5,24.4,25.4,23.8,24.1,25.4,21,20.8,24.2,22.9,22.5,22.5,21.5,22.9,23.6,27.7,35.1,41.7,46.8,54.6,56.4,35.9,22,20.5,22.6,21.6,24.5,25.8,24.9,18.3,15.8,7.2,3.3
3723,평일,6,2631,이태원,상선,8.9,11.6,13.6,22.7,31.8,44.7,36.7,33.3,33.2,23.7,18.6,17.9,18.9,21.2,21.7,22.5,22.3,21.2,21.5,28.2,30.2,31.3,38.5,36,42.4,53.1,45.3,38.6,32.2,26.9,26.6,24.5,28.3,34.1,28,18.1,12.4,12.9,3.2
3724,평일,6,2631,이태원,하선,14.2,15.4,16.1,24.9,36.3,39,29.2,21.5,23.6,21.8,21.8,24.7,20.1,20.2,23.4,22.3,22.7,22.1,21.1,23.2,24.4,28,35.6,43.3,47.4,56.1,56.4,36.1,21.8,20.7,22.5,22.7,24.4,27,25.8,19.2,17.1,8.7,5
3725,평일,6,2632,한강진,상선,8.5,12.2,14.4,23.4,33.8,47.2,37.1,37.2,36.8,25.1,19.5,19.3,19.5,21.5,22.5,23.4,22.3,21,21.4,28.6,28.2,29.8,35.4,35.8,41.2,50.6,42.6,37.2,30.4,25.6,24.8,23.7,26.9,32.2,26.9,16.5,11.4,12.3,2.1
3726,평일,6,2632,한강진,하선,9.2,13.3,13.9,18.7,30.8,33.7,24.3,18.1,20.3,18.8,18.8,22,18.7,18.2,21.5,20.4,20.3,20.9,19.5,23.5,23.5,28.6,37.6,46.6,48.6,59.1,55.8,37.7,23.7,23.6,24.4,24.9,27.4,35.5,29.3,21.5,17.4,8.7,3.9
3727,평일,6,2633,버티고개,상선,11.7,13.6,16.1,25.4,36.9,51.9,42,41.4,40,27.9,23,22.6,20.7,23.8,24.8,25.6,25.1,22.6,23.4,29.4,28,31.1,34.2,32.6,38.8,46.7,41.3,34,25,21.2,22,21.5,22.2,21,20.7,13.8,10.8,12,2.6
3728,평일,6,2633,버티고개,하선,9.3,13.3,14,18.9,31.3,34.5,24.5,18.6,20.2,19.6,18.7,21.6,19.1,18.5,21.7,21.2,20.5,21,19.7,23.6,23.7,28.8,37.7,44.4,51.6,57.2,55.6,37.5,24.1,22.5,24.5,24.8,27.1,35.2,28.8,21.3,17.1,8.6,7.6
3729,평일,6,2634,약수,상선,11.7,13.7,16.9,27.2,36.7,51.6,40.2,41,37.6,27.2,23,22.6,21,24.6,25,25.7,24.8,22.6,24.3,29.7,28.4,33.1,33.7,32.6,39.1,46.6,41.1,34.4,25.4,21.4,22.3,21.9,22.6,21.9,20.1,14.1,11,12.1,2.8
3730,평일,6,2634,약수,하선,6,13.9,13.7,16.7,27.5,32.6,25.7,17.4,20.5,23.9,19.3,25.4,22.7,20.6,23.8,25.2,23.3,24.4,23.6,27.3,28.2,35.4,43.1,52,63.6,69.2,76.7,52.4,33.4,29.5,32.2,32.3,33.7,37.8,36.9,24.9,19.3,9.3,8.5
3731,평일,6,2635,청구,상선,16.5,19.1,21.9,35.7,51.2,70.7,58.2,58.7,50.1,34.4,26.6,26.2,24,29,28.4,29,28,25.4,26.8,34.5,30.7,34.6,36.2,34.5,38.6,45.2,35.2,28.9,22.4,19.6,20,20.2,21.3,21.2,19.3,13.3,10.8,11.6,2.6
3732,평일,6,2635,청구,하선,5.8,12.6,13.4,14.9,26.4,32.4,26.6,17.5,21.7,25.8,20,27.1,25.4,20.6,24.7,26.4,23,24.5,24.2,26.8,28.3,32.7,41.7,50.8,64.6,71.8,79.4,53.8,33.3,28.9,31.6,31,32.5,35.2,34,25,17.3,8.6,7.9
3733,평일,6,2636,신당,상선,17.2,18.2,22,37.3,54.5,74.7,59.7,59.8,47.9,32.8,25.5,24.7,23.3,28.7,27,29.5,27.9,24.8,26.1,35.3,30.2,34.2,36.5,34.8,38,43.6,32.5,25.7,20.8,18.7,19.2,19.6,20.3,21.5,18.7,13,10.5,11.4,2.6
3734,평일,6,2636,신당,하선,8.5,14.1,14.5,14.8,26.5,33.7,30.7,18.2,22.1,30.6,21.4,28.9,29.8,22.7,27.6,30.7,26.8,27.2,29,36.5,32.2,39.4,48.8,61.9,78.5,89.6,96.7,66.4,42.9,35.3,39.4,39,40.9,45.9,43.1,31.9,20.8,10.9,11
3735,평일,6,2637,동묘앞,상선,20.5,22,29.2,46.3,70.5,95.7,77.6,78.3,62.9,44.9,32.7,30.9,28.5,33.9,32.5,34.2,33.8,28.4,30.5,40.3,33.3,39.3,43.7,40.1,44.4,49.5,34.2,28,24.1,20.9,20.5,21.5,22.1,22.7,19.7,13.7,10.9,12.1,2.9
3736,평일,6,2637,동묘앞,하선,9.6,15.6,15.7,15.2,26.7,33.4,30.1,18.3,23.1,35.9,20.8,29.8,31.8,23.4,27.8,30.8,26.9,28,30,37.7,35.4,42.4,52.3,68.5,90.3,87.9,113,76.2,48.3,38,43.8,43.1,43.7,48.1,46.7,35.5,23.9,12.9,11.9
3737,평일,6,2638,창신,상선,20.8,25.2,34.5,51.1,80.6,107,88.8,85.7,62,48.9,36.2,32.7,30.3,37.3,33.8,36.1,34,29.2,31.8,42.6,32.7,40.7,44.4,40.3,46.2,49.4,33.8,27.9,23.5,21,21,21.7,23.7,24.1,20,13.9,11.1,11.9,3.1
3738,평일,6,2638,창신,하선,9.9,15.3,15.2,14.8,24.8,33.1,29.7,17.5,22.9,35.5,19.6,27.9,31.3,22.9,25.3,30.9,26.3,27.6,29.5,35.4,34.7,41.7,51.3,59.6,88.6,86.5,110.2,74.1,47.1,37.2,44,41.3,42.5,46.5,45.3,34.2,23.1,12.5,11.6
3739,평일,6,2639,보문,상선,19.2,24.1,34.5,53.9,77.7,104.6,78.4,86.1,57.3,47.1,35.3,31.9,29.8,36.4,33.2,35.6,33.6,28.9,32.1,41.6,32.2,44.2,40.7,39.7,45.8,48.5,32.5,27.7,23,20.4,20.7,21.3,23.6,23.1,20,13.9,12.1,9.8,3.2
3740,평일,6,2639,보문,하선,10.2,15.2,15.2,14.8,24.5,30.6,32.8,17.7,21.7,35,19.6,25.9,30.9,21.3,25.8,31.4,26.3,24.9,30,34.3,33.1,40.3,49.2,54.2,81.7,80.9,97.2,65.1,42.9,33.1,39.3,36.8,38,41.7,40.8,31.8,21.5,11,10.5
3741,평일,6,2640,안암,상선,18.1,22,30.8,47.4,69.5,94.7,69.9,75,52.2,42.9,30.6,30.6,28.6,34,31.2,33.9,32.4,27.7,35.2,38.3,31.6,43.6,39.1,37.6,44.6,43.4,30.7,26.8,21.3,20.3,20,20.9,23.5,22.7,18.3,13.4,12,9.6,3.6
3742,평일,6,2640,안암,하선,6.5,13.5,12.1,11.5,18.4,23.8,20.8,13,15.1,21.1,14.4,21,21.7,18.3,20.8,23.3,21.9,22,25.1,28.8,30.9,38.3,46.4,53.2,79.4,77.6,91.9,61.6,40.5,30.5,36.1,35.1,37.1,37.2,38.1,29.8,19.8,9.7,9.4
3743,평일,6,2641,고려대,상선,22.5,23.4,31.6,46.8,70.5,95.4,73.2,74.9,51.2,43.2,28.7,28.3,25.9,30,29,31.1,28.1,23.6,27.5,29.7,25,31,29.2,28.5,29.9,32.2,23.4,19.3,15.1,13.5,13.3,14,16.6,13.9,11.7,8.4,7.6,5.4,1.8
3744,평일,6,2641,고려대,하선,6.9,13,11,10.2,14.8,21.1,16.7,11.3,13,15.5,12.8,18.1,19.4,16.8,18.5,20.3,20.2,20.3,22.7,26.9,30.2,34.5,44.7,51,73,75.7,85.2,62.5,39.1,28.6,33.7,33.3,35,34.8,35.2,27.1,17.9,8.7,8.6
3745,평일,6,2642,월곡,상선,21.3,22.4,31.5,47.2,71.3,90.7,70.3,65.2,48.1,41.8,27.1,26.2,24.2,27.5,26.5,27.6,24.2,21,23.8,26.6,21.6,28.5,22.9,25,25.3,26,20,16.9,13.4,11.4,11.3,10.9,11.6,11,10,6.9,7.6,4.2,1
3746,평일,6,2642,월곡,하선,7.9,11.9,11.2,10.4,15.6,20.8,13.8,10.2,10.7,11.8,11.4,15.5,16.4,15.8,16.6,18.7,17.9,18.6,20.7,24.6,26.8,31.7,40.3,45.5,61.1,69.8,74,54.2,34.8,25.7,28.5,30.6,30.6,30.6,31.3,24.3,15.4,8.8,7.2
3747,평일,6,2643,상월곡,상선,17.7,20.7,27.5,42.4,63.7,81,65.8,58.4,43.4,37.8,24.9,24.2,22.7,25,24.5,24.1,20.8,20.2,19.9,22.7,19.4,23.9,19.8,22.2,21.6,21.8,18.3,15.2,12.5,10.1,10.3,9.8,10,10.3,9.9,6.9,7.4,4.2,1.2
3748,평일,6,2643,상월곡,하선,9,12.1,11.6,11.3,16.4,20.9,13.1,9.7,9.3,8.2,11.3,14.8,14.9,16.8,14.7,17.5,17.3,17.8,19.4,22.8,25.2,30.9,38.3,41.9,58,66.7,68.6,50.4,32.3,24.5,25.1,28.7,28.3,28.3,28.6,22.1,13.8,7.6,7.2
3749,평일,6,2644,돌곶이,상선,18.7,19,26.1,40.1,58.2,74.1,61.9,54.3,42,37.2,23.4,22.7,21.6,24.1,22.4,22.6,19.6,19.2,18,20.6,18.1,21.7,18.4,21.4,20.1,20.7,18.5,14.9,11.9,9.9,10.2,9.7,8.7,10,9.7,6.6,7.6,4.6,1.5
3750,평일,6,2644,돌곶이,하선,10.1,10.8,11.7,12,17.5,23.5,13.1,9.8,8.6,8.2,10.6,14.5,14.2,15.8,13.7,16.5,15.7,16.7,17.9,20.9,23,28.9,35.5,39.3,53.1,57.6,63.5,46.7,30.1,21.9,22.1,25.7,25.1,25.2,25.3,19.7,13,6.5,6.1
3751,평일,6,2645,석계,상선,15.7,16.8,23.5,34.4,49.4,66.7,56,47.8,38.4,31.2,20.8,21.1,20,21.8,20.4,20.7,18.4,18,17.3,20.2,17.5,19.6,16.9,19.6,19.5,19.7,19.3,15.1,11.5,10.4,9.8,9.6,8.5,10,9.6,6.4,7.7,4.9,1.7
3752,평일,6,2645,석계,하선,12,12,12.9,15,20.9,27.2,15.2,11.3,9.8,8.5,10.7,14.7,14,15.9,14,16.5,16,16.8,18.2,21.1,22.2,24.1,35.4,38.5,49.8,53.6,60.4,43.8,29.5,20.1,20.5,23.6,23.3,23.9,23.3,18.3,12.1,6.2,5.6
3753,평일,6,2646,태릉입구,상선,14,15.5,21.5,32.9,46.8,62.1,50.1,43.5,35.2,29.8,19.7,22,20,21.6,19.8,19.8,19.2,18.3,17.7,19.3,18.8,20.4,18.4,20.2,21.5,22.6,20.4,18.4,13.1,12.1,10.7,11.1,9.3,12.5,10.7,6.9,8,5.4,2.1
3754,평일,6,2646,태릉입구,하선,5.6,6.3,6.6,7,11.6,16.1,8.3,5.9,4.9,4.7,5.4,6.8,7.7,8.2,7.5,8.7,8.8,8.9,9.7,10.8,12.8,13.6,18.7,20.7,27.1,29.4,34,25.2,17.4,11.5,12.7,13.2,13.3,14.5,14.5,10.3,6.9,3.6,2.9
3755,평일,6,2647,화랑대,상선,8.6,10.4,15.2,24.3,33.9,36.7,31.2,26.7,20.8,18,12.5,12.6,12.3,13.2,11.4,11.4,11.5,10.7,9.8,12.4,11.7,11.6,10.5,11.6,13.1,14,9.2,8.5,5.8,5.5,4.4,4.7,3.7,4.3,3.2,2.1,2,1.4,0.3
3756,평일,6,2647,화랑대,하선,4.2,4.3,4.5,4.4,7.2,7.9,4.1,2.4,2.4,2.3,3,3.6,3.9,5,4.4,5.3,5.5,5.5,6.2,6.9,7.8,8.5,11.6,12.4,14.8,17.3,19.4,14.8,10.1,6.1,7.3,7.4,7.3,7.8,7.9,5.7,4,2,1.5
3757,평일,6,2648,봉화산,상선,4.2,4.8,7.9,12.7,19.4,18.4,17.3,13.8,13.4,8.3,6.8,7,7.7,7.1,6.3,5.5,6.4,5.2,5.3,4.1,6.5,5.2,4,5.4,6.6,7.9,5.2,5.2,2.8,3.6,2.2,3,1.9,2.5,1.8,1.1,1,0.9,0.2
3758,평일,6,2648,봉화산,하선,3,3,2.7,3,2.8,3.3,1.7,1.6,0.8,0.8,1,1.9,1,1.7,1.4,2.7,1.4,1.4,1.7,3.7,2.1,1.9,3.5,6.6,3.6,7.1,8.2,3,1.7,2.5,2.4,1.5,1.4,1.6,3,2,1.7,0.3,0.2
3759,평일,6,2649,신내,상선,4.1,3.9,9.7,8.8,22.7,16.7,15.9,15.9,12.4,7.1,7.7,8.1,6.9,6.5,6.7,6.4,4.3,6.4,6.1,4.8,7.4,6.2,4.3,8.9,7.6,10.5,5.5,6.2,5,2.8,1.9,3,1.9,1.5,1.6,0.9,0.5,0.5,0.1
3760,평일,6,2649,신내,하선,0,0,0.8,0.7,2.4,2.7,2.6,5.1,4.7,4.3,3.8,1.7,2.4,2.5,3.5,3,3.4,3.4,3.1,3.8,4.6,4.3,5.6,6.6,7.6,5.9,6.3,8.2,4.5,5.1,4.5,2.6,3.3,3.4,3,1.4,1.1,0.4,0.4
3761,평일,7,2711,장암,상선,0,0,0,0,0,0,0,0,0,0,0,0,0,0,0,0,0,0,0,0,0,0,0,0,0,0,0,0,0,0,0,0,0,0,0,0,0,0,0
3762,평일,7,2711,장암,하선,3.5,5.5,7.9,12.1,17.3,10.7,6.5,4.1,3.1,1.9,1.7,1.2,1.3,1.7,1.6,1.3,1.5,1.5,1.6,1.6,1.5,1.9,1.4,2.3,2.1,2.1,2,1.5,1,0.7,0.6,0.6,0.7,0.7,0.4,0.3,0.1,0,0
3763,평일,7,2712,도봉산,상선,0.4,1,0.8,0.7,0.4,0.7,0.3,0.3,0.5,0.2,0.7,0.6,0.9,0.5,0.7,0.3,0.6,0.3,0.4,0.2,0.6,0.4,0.8,0.7,1.2,1.3,1.2,0.7,0.4,0.5,0.3,0.2,0.6,0.3,0.5,0.1,0.1,0.2,0
3764,평일,7,2712,도봉산,하선,12.9,11.4,17.9,23.8,24,24.7,26,24.2,16.1,12.2,10.9,9.3,9,9.9,10.1,8.6,9.5,9.2,9.1,10.1,9.6,11.1,10.8,10.3,8,11.5,11.2,6.8,6.3,4.6,4.6,4.2,4.3,3.6,3.4,2.6,2,1.1,0
3765,평일,7,2713,수락산,상선,9.1,7.5,9.1,10.6,13.2,15.2,8.5,7.1,4.6,5.3,6.5,7.8,7.6,8.4,8.3,8.7,7.9,8.7,8.4,10.4,12.1,13.3,15.3,16.8,20.1,25.1,23.7,15.1,11.1,13.2,11.1,12.5,13.4,14.3,12.9,9.4,6,4.7,2.7
3766,평일,7,2713,수락산,하선,20,16.8,24.9,30.1,33.7,33.5,34.1,32.7,22.4,17,14.8,13.2,12.7,13.5,13.9,12.4,12.9,13,12.8,13.9,13.3,15.1,15.8,12.3,10.4,15,13.2,8.4,7.6,6,5.8,5.6,5.5,4.9,4.7,3.2,2.5,1.3,0
3767,평일,7,2714,마들,상선,9.9,9.2,10.8,11.8,14.2,17.6,11.7,7.8,6.6,7.3,8.3,11.1,10.8,11.6,11.3,11.4,10.3,11.1,11.9,13.9,16.6,18.4,21.1,23.1,28.1,35,33.7,22.1,16.7,18.3,17.2,18,20,20.2,19.1,13.7,9,7.9,5.6
3768,평일,7,2714,마들,하선,31.3,23.2,32.6,40.9,46.4,46.4,44.1,43.1,32.4,22.5,19,17.4,16.6,18.8,16.9,17.1,16.3,16.2,15.3,14.9,17.9,16.4,19.6,14.2,11.3,17.5,16.1,9.7,8.9,6.8,7.5,6.6,6.1,6,5.3,3.7,2.8,1.3,1.8
3769,평일,7,2715,노원,상선,10,9.7,11.8,13.8,16.6,19.1,11.5,8.6,7.8,8.3,9.7,12.8,12.8,13.7,13.5,13.8,13.1,14.1,15.4,17.9,21.3,23.6,27.5,31.1,36.8,46.9,46,29.7,23.6,24.2,23.2,24.7,27.4,27.3,26.3,19.5,12.8,11.9,8.4
3770,평일,7,2715,노원,하선,37.2,27.6,37.6,47.6,54.6,55.8,51.9,50.3,38,27.3,23.4,22.7,22,25.1,22.9,23.7,21.5,21.6,21,21.5,24.2,25.1,27.3,20.4,18,26.2,24,16.3,14.9,13.9,14.5,13,13.7,18.5,11.7,8.5,6.9,4.1,5.1
3771,평일,7,2716,중계,상선,13.8,13.1,17.4,21.3,27.3,31,22.9,14.7,13.4,13,15,19.1,17.9,19.2,19.8,19.4,19.4,20.1,21.4,25.9,29.1,33.9,39.4,42.4,53.1,60.7,59.9,36.2,30,28.9,27.8,30.5,33.1,31.4,31.5,21.8,15,15.5,10.3
3772,평일,7,2716,중계,하선,44.4,33,44.2,57.8,63.7,65.9,59.3,59.2,45.4,33.4,28.2,25.7,24.9,26.9,27.5,26.6,24.4,22.8,23.4,23.9,24.8,28.1,30.6,22.5,19.6,28.4,24.4,17.1,15.4,14.7,15.3,13.8,14.5,20.6,12.2,9.2,7.1,4.4,5.1
3773,평일,7,2717,하계,상선,13.7,14.3,17.7,23.2,28.9,33.1,24.3,15.3,14.1,13.3,15.4,19.7,18.6,20.5,20.6,20.9,20.8,21.4,23.1,27.4,31.8,35.6,43,47.4,61,69.1,68.9,42.7,35.9,34.7,33.7,36,39.7,36.5,37.9,26.4,18.5,18.7,13
3774,평일,7,2717,하계,하선,52.2,38.5,50.2,70.3,76.3,77,68.7,68.3,51.5,38.5,31.7,29.4,28.5,31,30.4,29.4,26.8,25.6,25.4,26.8,27.5,31.7,35.7,26.6,22.9,29.7,26.4,19,17.6,16.7,15.9,15.8,14.4,23.8,14.8,10.4,7.9,4.6,5
3775,평일,7,2718,공릉,상선,13.6,15.2,19.5,25.1,30.9,35.8,24.7,15.6,15.7,14,16.4,20.5,19.2,21.6,22.6,23.4,23.3,23.1,25.1,29.2,34.2,38.5,47.4,53.8,69.6,79.8,81.7,50.9,42.4,41,39.6,43.5,47.1,43.2,45.8,32,22.8,21.9,14
3776,평일,7,2718,공릉,하선,63.8,41.7,54.9,75.6,82.9,83.1,72.2,73.4,53.1,40.9,32.7,31.3,29.6,32.6,31.4,31.1,27.7,27.4,26.6,28.4,29.1,34.5,37.9,28.8,24.1,31.5,27.2,19.2,17.8,17.2,16.5,16.9,16,26.3,21.4,15.8,9.7,5.7,5.6
3777,평일,7,2719,태릉입구,상선,12.8,15,21.9,25.3,32.8,38.2,27,16.6,17.2,15.5,17.5,20.8,21.9,22.4,24.1,24.2,25.7,24.3,26.1,31.1,37.3,41.5,52.1,59,79.3,86.5,86.6,55.4,46.9,44.1,43.3,46.5,51,46,48.5,34.3,26.1,21.5,7.8
3778,평일,7,2719,태릉입구,하선,46.8,41.7,52.7,74.8,82.4,80,70.7,74.3,51.6,40.6,32.7,29,28.4,31.9,30.3,30.4,27.3,26.9,26.3,30,29.6,34.8,39.7,30.7,27,32.8,30.4,21.1,19.3,17.9,17.1,17.5,17.5,25.6,21.4,15.4,10,6.1,6.1
3779,평일,7,2720,먹골,상선,26.5,16.9,22.8,25.4,35,42.4,25.4,17.3,18.3,15.7,17.3,23.8,22,21.8,23.8,23.5,24.5,23.8,25.1,29.6,36.2,40.5,50.2,56.7,76.8,85,83.5,52.4,49.5,42.6,42.9,46.7,49.8,46.7,49.8,35.6,26.4,22.6,9.8
3780,평일,7,2720,먹골,하선,51.8,44.5,52.6,78,86.3,88,74.7,79.6,60.4,45.2,35.1,31.4,29.7,30.9,33.1,32,28.6,28.2,26.2,31.3,29.4,33.8,38.3,32.8,26.8,32,32.4,21.6,18.8,18.5,16.6,17.6,16.9,25.4,20.5,15,9.6,5.7,5.7
3781,평일,7,2721,중화,상선,18.4,18.2,22.1,23.9,33,40.5,25.6,17,17.9,15.7,17.4,23.8,22.4,22.2,24.5,24,25.6,24.5,26.2,31.1,38.1,42.6,53.4,59.8,81.4,89.3,86.8,56.2,51.6,45.6,46.9,49.5,53.3,51.2,51.9,33,28.8,24.7,11.1
3782,평일,7,2721,중화,하선,58.4,48,56.8,84.4,91.1,93.4,80,82.8,63.6,48.1,36.7,32.9,31.1,32.1,34.2,33.5,29.7,29.1,26.6,32.3,30.1,35.1,39.4,35,28.2,31.8,32.5,22,18.9,18.6,16.8,17.8,17,24.9,20.4,14.8,9.3,5.5,5.1
3783,평일,7,2722,상봉,상선,17.9,18.7,22.3,25.2,34.9,40.3,24.1,17,17.7,17,17.9,24.4,22.2,23.9,23.6,25.6,25.3,26.2,27,35.7,40.2,48.4,55.8,67.1,86,99.1,87.4,59.3,56.6,45.5,51.5,52.1,59.6,55.4,56,35.7,31.2,27.1,12.7
3784,평일,7,2722,상봉,하선,76.1,57.2,66.5,102.1,112.9,113,97.1,101.3,75.6,55.9,42.5,37.8,36.7,37.2,38.4,37.7,33,32.5,29.2,34.9,33.6,38.7,43,38.1,32.1,31.7,37.2,24.9,19.7,19.6,18,18.8,17.9,24.2,19.7,14.4,9.6,5.6,4.6
3785,평일,7,2723,면목,상선,17.9,21.8,25,26.9,34.4,39.1,24.4,17.3,18,18.7,19.8,26,23.7,25.6,25.6,28.4,28,28.9,30.5,40.5,45.3,52.9,62.4,75.1,99.9,114.3,106.2,69,67.7,53.4,59.4,60.1,68.8,63.8,65,41.4,35.5,31.1,15.9
3786,평일,7,2723,면목,하선,90.2,63,69.1,103.8,123.8,124.4,102.5,111.9,83.2,64.8,46,40.4,39,39.4,39.6,39.5,34.1,32.9,31.2,34.8,34.5,38.8,43.8,41,33.1,32.1,37,25.2,19.8,19.6,17.9,18.8,17.4,21.4,22.3,15,9.3,4.8,5.4
3787,평일,7,2724,사가정,상선,14.3,22,24.8,25.1,32.6,38.9,24.1,17.5,18.1,18.5,21,25.8,24.4,25.6,26.4,28.6,29,30,32.3,42.6,47.7,55,66.1,78.9,106.4,120.7,111.7,73.8,73.8,57.8,62.6,66.3,74.4,68.5,70.6,45,39.1,34.2,18.3
3788,평일,7,2724,사가정,하선,101.5,67.7,75.3,113.6,139.3,130.1,111.2,120.3,88.1,69.1,48.7,42.9,40.9,41.5,41.2,41.1,34.9,33.9,31.9,35.4,35.2,39.6,44.3,41.3,34.7,31.1,36.6,25.1,19.8,19.6,18,18.7,17.4,21.3,21.8,15.5,10.7,6.5,5.1
3789,평일,7,2725,용마산,상선,12,21.2,23.8,23.3,31.3,38.7,22.9,17.2,17.9,19.3,21.5,25.8,24.7,26.1,27.6,29.1,30.3,30.7,34.1,45.3,51.5,58.9,71.3,83.8,110.6,138.8,118.5,79.7,80,64.3,67.3,71.5,77.2,78.6,68.8,45.1,44.5,37.5,20.7
3790,평일,7,2725,용마산,하선,106.4,70.5,78.5,119.6,140.3,134.1,114.1,122.3,90.3,70.8,49.6,43.8,41.7,42.2,41.7,41.7,35.1,34.4,32,35.6,35.2,40,44.4,41.6,34.8,29.7,37.9,26.4,20.9,19.6,17.9,18.5,17.4,21.1,21.5,15.2,10.6,6.3,4.9
3791,평일,7,2726,중곡,상선,10.9,20.7,23.5,24.1,30.8,38.8,22.5,16.8,18.3,19.4,22.5,26.3,23.8,27.8,27,30.5,30.2,32,37,47.9,52.8,62.4,75.7,93.1,112.9,142.1,120.2,80,82.8,66.1,69.4,76,78.4,81.3,71.1,46.8,43.7,33.4,16.1
3792,평일,7,2726,중곡,하선,113.6,73.9,82.3,125.6,144.3,143.2,118,127.4,101.5,74.2,51.9,46,44,44.7,43.7,43.7,36.8,36.5,34,37.6,37,44.5,47.3,45.6,37,33.7,39.2,27.9,21.5,20.7,18.6,19.3,18,22.6,21.5,15.3,10.4,6.1,4.6
3793,평일,7,2727,군자,상선,12.9,21.1,24.1,26,34.9,41.4,24.7,18,18.9,21.1,23.8,27.2,25.1,29,28.6,31.9,31.5,33.2,38.7,49.9,55.4,64.6,78.6,96,116.6,140.6,127.4,82.5,89.2,68.8,73.1,80,82.4,85,74.6,49.2,46.2,35.4,17.2
3794,평일,7,2727,군자,하선,108.5,71,75.7,121.4,139.5,141.7,124.8,134.4,115.4,79.2,59.8,49.3,46,43.1,46.2,46.4,38.7,35.2,36.7,34.5,37.1,41.6,45.8,44.6,38.1,34.9,40,27.7,22.7,20.1,19.4,18.9,18.2,23,21.4,13.8,9,6,3.7
3795,평일,7,2728,어린이대공원,상선,10.2,21.2,22.9,24.1,31.5,37,23.6,17.1,17.6,19.1,22,24.3,24.3,27.7,27.5,31.2,31.4,34,40.1,51.5,56.7,65.1,76.1,97,122.1,138.8,128.3,83.4,90.5,70.9,76.7,84.9,86.2,88.9,78.3,52.6,49.6,38.2,17.6
3796,평일,7,2728,어린이대공원,하선,120.5,77.5,76,116.4,139.3,142,121.1,134,111.1,71.9,57.9,49,42.6,44.2,45.6,46.6,39.6,37.3,39.6,39.4,39.7,48,51.5,49.6,45.3,40.8,45.1,31.4,24.8,23,21.9,22.4,21.5,25.2,24.6,17,9.7,6.5,3
3797,평일,7,2729,건대입구,상선,9.1,21.1,22.8,24.7,33.4,38.2,34.1,19.5,23,29.3,26.2,26.8,30.7,29.9,30.3,35.8,32.5,37.3,42.3,51.9,55.8,66.6,76.7,100.3,122,141.8,120.2,85,89.5,70.6,76.5,84.3,84.9,91.9,72.6,48.4,50.6,38.6,9.3
3798,평일,7,2729,건대입구,하선,54.4,61.6,62.8,97.5,113.9,112.4,95.5,106.7,90,57.1,44.9,39.1,34.3,35.5,36.6,39,33,33,34.5,36.1,36,44.8,47.4,48.4,43,42.8,45.4,34.1,26.8,26.8,25.8,27,26.2,32.4,30,21.3,14.4,7.2,1
3799,평일,7,2730,자양(뚝섬한강공원),상선,8,24.3,23.9,24.4,35.9,43.2,37.2,22.6,26.4,29.6,26.4,26.1,29.1,28.2,29.7,32.5,29.6,33,36.7,44,46.6,54.2,64.4,86,101.7,121.5,102.3,74.1,71.9,59.3,62.3,69.9,65.2,71.3,54.8,38.9,39.6,29.7,9.5
3800,평일,7,2730,자양(뚝섬한강공원),하선,58.4,63.3,63.4,94.6,115.8,115.8,98.6,108.9,96.4,61.8,46.7,39.2,34,35.7,36.4,36.4,35.1,31.8,32.5,35.5,34.5,40.1,46.2,45.4,39.9,38.4,42,33.1,24.9,25.8,24.4,27.7,27.4,34.6,31.8,22.9,15.1,7.1,1.7
3801,평일,7,2731,청담,상선,6.4,23.8,21.8,26.2,37,43.4,30.9,22.7,26.2,29.4,26.5,25.7,28.6,28.3,29.7,32.2,29.7,33.4,36.9,44.1,47,54,65.5,87.4,105.3,126.1,100.6,77.1,70.1,58.8,62.8,67.4,62.1,67.3,50.6,35.8,36.6,18.7,9.5
3802,평일,7,2731,청담,하선,36,58.5,55.1,85.6,102.7,101.9,84.3,93.7,88.5,56.7,43.9,38.5,33.5,36,36.1,36.1,34.2,32.1,33.1,37.8,36,44.2,50.2,54.1,46,48.4,46.7,38.7,27.6,28.5,26.3,29.9,30.2,36.7,33.6,23.7,15,6.2,4.4
3803,평일,7,2732,강남구청,상선,12.2,32.7,25.8,30.5,44.2,51.8,39.6,30.3,32.2,31.2,29.8,26.6,29.8,27.7,32.3,31.5,31.1,33.6,35.9,42.6,47.2,52.2,61.5,86.8,92,114.3,86.8,71.7,62.4,54.2,58.9,62.5,56.7,60,43.7,34,35.6,18.5,9.4
3804,평일,7,2732,강남구청,하선,31.6,49.9,44.4,63.9,86,82.8,68.9,71.1,71.4,49.2,41.6,36.1,32.2,32.8,34.8,34.5,34.3,33,34.2,39.7,38,44.3,53.9,61.1,53.7,61.3,59.3,52.5,36.3,34.9,32,37,35.3,43.5,38.3,26.6,16.4,6.9,8.9
3805,평일,7,2733,학동,상선,24.8,37.6,30.9,37,55.9,66.9,52.2,46.3,46.6,38,35.1,29.6,32.2,29.7,34.6,32.5,33.2,33.7,35.5,39.9,43,47.3,57.5,75.4,81,96.5,72.9,61.2,54.5,47.5,50.1,54.8,47.7,51.1,38.3,29.8,32.3,16.8,9.2
3806,평일,7,2733,학동,하선,29.3,44.8,40.8,58.3,74.9,69.9,52.4,52.8,57,42.1,36.7,34.1,31.1,32.6,34,34.5,33.2,34.1,35.4,42.6,40.7,49.3,58.9,72.9,64.5,82.5,72.3,66,43.1,41.1,38.7,40.7,40.9,46.2,49.4,32.8,19.3,7.4,9.1
3807,평일,7,2734,논현,상선,26.3,43.1,35.4,45.8,70.4,83.6,73.1,62.4,60.4,42.8,41.5,31.9,34.3,30.5,36.4,33,34.7,33.5,34.8,37.2,41.2,43.3,53.5,65.4,70.7,74.4,62.3,52.1,48.7,42.3,45.9,49.8,43,46.1,35.5,27.6,29.6,10,8.9
3808,평일,7,2734,논현,하선,12.4,41.8,32.3,46.8,56.1,52.6,33.2,32.1,36.4,32.7,29.1,30.6,27,28.8,30.4,30.9,28.7,31.8,32.7,40.4,38,48.5,57.7,74.6,67.7,92.6,76.1,72.5,47,45.4,43,44.8,46.2,53.2,53.7,36.3,23.3,10.2,9.8
3809,평일,7,2735,반포,상선,27.6,50.1,38,53.6,82.5,96.7,80.6,72.7,67.6,45.3,39.6,33.5,29.8,32.3,31.6,34.3,32.2,32,30.9,36.3,34.9,39,47.7,55.2,55.6,55.4,47.6,40,35.2,32.2,34.8,37.7,33,33.4,27.4,22.3,22.1,8.6,4.3
3810,평일,7,2735,반포,하선,12.7,38.6,31.3,46.1,55.6,51.6,34.9,31,35.3,31.9,28.1,29.6,26.1,28.1,29.6,30.6,28.2,31.4,32.4,40.1,38.3,50,59.7,76.9,70.2,88.6,78.2,73.1,50.7,45.3,43.3,45.1,47.4,51.5,53.5,36.1,23,10,9.4
3811,평일,7,2736,고속터미널,상선,28.6,56.8,39.6,54.5,83.6,98,81.2,73.5,67,45.3,39.6,33.6,30,32.2,31.7,34,32.1,31.4,30.6,35.3,33.9,37.5,46,53.3,54.3,53.7,45.6,39.5,34.4,31.5,34,35.9,32.4,32.2,26.8,22,22,8.6,4.5
3812,평일,7,2736,고속터미널,하선,14,30,26.2,37,49.3,46.5,30.9,26.2,29.7,31.8,25.5,27.5,28.8,27,30.3,32.5,31.5,33.5,38,45.1,49.2,57.4,71.9,92.1,87.1,107,96.6,89.3,63.6,60.1,59.9,57.1,62.5,68.7,69,44.4,28.1,12.1,11.3
3813,평일,7,2737,내방,상선,38.9,75.9,54.4,90.5,106.9,137.6,95,90.6,79.8,54.6,45.4,41.9,37.2,37.2,39.2,38.4,36.6,34.2,34.5,34.1,34.9,38.3,46.8,49.3,52.9,50,41.9,36.4,28.9,26.3,28.2,31.3,26,26.8,21.4,19.9,19.2,8.3,2.3
3814,평일,7,2737,내방,하선,9.6,26.6,25,35.9,45.9,46.4,26.3,22.2,26.1,30.1,24.1,27,28.1,26.8,29.2,32,30.6,33.7,37.6,45.3,49,58.1,72.4,94.8,91,108.9,97.7,94.9,69.3,58.2,60.4,58.3,63.1,69.7,68.3,43.8,27.4,11.4,10.6
3815,평일,7,2738,총신대입구,상선,78.6,72.5,55.7,91.2,108,140.6,97.1,93.1,82.2,54.7,45.5,41.3,37.1,36.3,38.5,37.4,36.3,32.8,33.8,32.6,33.8,35.7,44.6,44.4,48.9,42.1,38.8,34,27.6,24.4,26.6,28.8,24.6,24.9,20.8,19.2,19.5,8.4,3.1
3816,평일,7,2738,총신대입구,하선,9.3,21.8,19.6,30.1,39.2,43.4,25.7,19.3,23,30.2,22.1,22.2,26.5,24.4,26.5,28.4,27.6,29.7,34.2,37.9,44.3,49.6,61.6,75.5,85.8,92.1,89.5,84.5,61.8,51.6,55.6,53.4,59.2,62.1,68.8,50.2,27.8,15.4,11.9
3817,평일,7,2739,남성,상선,88.1,63.9,53.9,86.3,106.2,132.9,89.3,84,64.5,51.6,40.7,37.1,33.1,32.7,34.7,34.2,33.1,28.9,30.3,30.6,29.8,33.5,41.5,40.6,45,37,33.8,30.7,24.8,21.4,23,24.1,21.1,20.6,17.3,15.3,15.3,6.4,3.4
3818,평일,7,2739,남성,하선,10.5,22.4,20.5,31.9,41.5,45.1,25.8,19.3,22.6,29.6,21.4,21,25.4,23.7,25.4,27.3,26.3,28.4,32.4,36,41.5,46.9,58.2,71.3,80.5,87.4,83.8,76.1,62.2,50,52,50.4,55.3,58,64,46.7,27.5,12.1,17.5
3819,평일,7,2740,숭실대입구,상선,82,59.8,53.3,81.8,101.1,121.5,82.7,76.9,60.9,47.8,36.9,35.1,29,32.8,29.7,35.1,27.9,29.4,27.6,30.7,27.2,36.9,37.9,41.3,45,37.1,33.5,31.6,23.9,21.1,23,22.7,21.7,19.9,15.2,17,12.6,5.4,3.9
3820,평일,7,2740,숭실대입구,하선,11.1,19.6,20.7,31.6,42.6,46.2,24,18.4,19.4,19.7,18.9,18.4,19.9,22.1,22.5,23.7,24.9,26.2,30.1,33.9,38.8,46,55.8,67.7,77.6,78.1,79.5,70.1,57.2,46.3,48.3,47.6,52.3,53.7,58.5,42.2,24.8,11.3,14.8
3821,평일,7,2741,상도,상선,77,56.5,49.6,74.4,92.7,113.9,75.1,72.4,54.4,48.2,34.9,33.6,28.8,30.8,28.5,33.3,25.7,27.6,24,28,24.6,30.5,32.5,36.8,37.7,36.3,31.9,30.4,22.7,19.2,21.2,19.9,19.1,17.3,13.7,15.3,11.4,5.2,4.5
3822,평일,7,2741,상도,하선,12,19.8,20.3,31.4,44.8,46.9,23.3,18.5,18.3,17.9,17.1,17.1,18.1,20.6,20.9,22.4,25.2,23,27,33.9,36.8,42.3,52.7,63.6,72.9,74.9,75,65.9,53.5,43.5,45.5,46,49,50.7,54.7,38.9,22.9,10.6,12.8
3823,평일,7,2742,장승배기,상선,72.8,52.9,45.8,69.8,87.4,107.6,72.4,69.1,53.5,47.3,34.5,32.5,28.8,29.5,28.1,32.2,24.5,27.2,23.4,25.6,23.8,29.4,30.6,36.4,35.2,35.2,31.9,31,20.4,19.6,20.8,18.6,17.7,16.6,13.3,14.9,11.9,5.5,4.5
3824,평일,7,2742,장승배기,하선,13.3,18.5,21.1,32.9,44.8,48.6,26.9,19.1,18.4,18.2,16.9,17.4,17.8,20.5,20.4,22.3,24.2,22.5,26.2,32.9,35.5,41.7,51.3,62.1,70.3,68.7,73.6,64,53.2,40.8,43.3,43.8,47.2,48.1,49.9,37.3,24.5,9.7,11.4
3825,평일,7,2743,신대방삼거리,상선,62.8,51.6,44.9,69.3,81.8,101.7,69.2,65.8,48.6,43,32.6,30.4,29,26.6,30.4,27.7,25.7,25.2,24.1,23.8,24.6,29.3,31.9,36.4,35.8,35.2,31.8,31.8,20.9,19.6,21.2,19,17.4,16.2,13.7,15.6,12.5,5.8,5.1
3826,평일,7,2743,신대방삼거리,하선,16.4,20.6,22.8,33.2,48.2,54.8,31.5,20.2,20,18.1,17.1,17.5,17.6,20.2,20.2,21.9,22.9,21.6,24.6,30.8,32.8,39,48.2,57.7,65.6,63.2,65.5,57.7,47.4,36.4,38.9,39.4,42.9,43.1,45.4,35.1,22.3,10.5,8.4
3827,평일,7,2744,보라매,상선,55.6,47.2,40.2,62.6,72,84.9,62.4,58.9,44.7,38.3,30.9,28.4,27.3,24.5,28.9,25.8,24.9,24,23.4,22.8,24.4,27.5,31.9,36.7,37.2,37.1,34,31.4,22.6,20.1,21.8,19.8,18.5,16.6,14.7,16.8,14.3,6.5,6.2
3828,평일,7,2744,보라매,하선,17.7,21.5,23.1,33.1,46.9,52.6,30.9,20.1,20.2,16.9,17.3,16.9,16.5,18.3,20.3,20.7,21.3,20.8,23.6,29.5,31.8,36.9,46.7,54.2,65.5,65,64.4,54.6,48.2,33.9,38,36.7,41.3,41.7,42.7,33,20.3,9.6,6.9
3829,평일,7,2745,신풍,상선,52.5,42.5,41.8,61.7,77.5,85,64,57.3,43.9,37,29.7,26.7,26.3,23.3,27.8,24.6,24.1,22.5,22.1,20.5,22.7,24.5,30.4,35.2,36.2,36.2,34.1,32,21.8,21.2,21.4,19.4,18.4,16,14.7,17.3,11.3,8.5,6.7
3830,평일,7,2745,신풍,하선,16.5,24.3,25.6,34.5,52.1,56.9,33.7,21.7,21.2,18,17.9,17.6,17,18.5,20.3,20.6,21,20.6,23.1,29.1,30.8,36.6,45.5,52.6,65.1,62.4,63.2,50.1,45.3,32.3,36.1,34.6,38.9,39.1,39.9,30.7,18.6,8.8,5.4
3831,평일,7,2746,대림,상선,66,39.9,41.8,58.8,73.2,78.9,60.4,54,39.7,35.7,25,28.6,21.5,26.1,24.4,26.3,21.1,24,20.1,23,22,27.4,29.6,37.9,35.8,40,35.6,34,23,22.2,22.7,20.6,19.7,17,15.9,18.9,12.4,9.1,7.7
3832,평일,7,2746,대림,하선,26.3,28.2,30.2,36.7,58.4,64.2,43.3,24.7,24.9,20.4,20.5,19.9,20.1,21.9,24.4,24.7,25.9,24.7,28.1,34.7,38,43.5,55.1,64.8,80.4,78.9,81.4,63.6,58.3,41.4,44.4,42.9,46.9,48.5,52.2,40.6,23.5,11.4,12.3
3833,평일,7,2747,남구로,상선,66.6,45.8,50.3,76.7,91.3,95.6,75.1,67.4,50.7,44.8,32.2,35.5,28.4,32.4,30.5,32.4,26.4,28.9,24,27.7,26.8,33.5,35.9,48.2,41.5,47.7,44.2,36.8,25.6,25.8,25.3,22.9,20.2,18,15.2,18.7,11.7,8.2,6.9
3834,평일,7,2747,남구로,하선,35.3,30.8,32.7,38.7,57.1,61,45.4,23.2,23.8,19.6,20.9,19.7,20.8,21.9,24.5,24.7,25.7,25,27.6,33.1,37.9,41.3,52.8,64.5,82.9,90.8,88.2,66.5,59.9,42.6,44.3,43.7,44.6,47,50.3,43.9,26.2,11,11.6
3835,평일,7,2748,가산디지털단지,상선,53.3,44.4,50.7,81.4,99.5,101,88.3,68.6,56.6,46.3,32.8,36.1,28.8,32.4,30.8,32.5,26.6,29.4,24.2,28.1,27.4,34,37,47.9,41.8,45.6,43.2,36.2,25.2,25.8,25.2,22.9,20.9,18.1,15.8,19.6,8.5,8.6,7.3
3836,평일,7,2748,가산디지털단지,하선,33.8,24.2,30.5,29.3,35.2,33.6,16.2,11.4,12.3,14.9,17.6,18.7,20.1,21.6,24.6,25.6,25.6,28.1,31.5,37.2,44.3,51.3,64.7,95.3,122.9,140.3,120.8,84.3,73.9,54.1,54.1,54.9,53.1,56.6,57.6,51.4,34.4,13.8,12.7
3837,평일,7,2749,철산,상선,64.8,50.5,62.1,108.3,134.7,141.3,131.4,96,78.3,50.7,39.4,33.5,34.6,29.8,34.4,28.5,28.8,23.4,25.1,22.9,27.2,26.9,35,30.3,24.6,22.5,25.6,21.4,16.2,17.6,17.7,16.3,16,14.9,14.4,16.5,6.7,6.1,5.9
3838,평일,7,2749,철산,하선,31.3,22.4,30.3,29.8,35,34.8,16.4,10.8,11.1,14.1,17.1,17.5,19.1,20.4,20.8,24,23.7,24.6,27,33.5,39.3,43.6,56.7,81.7,111.6,124.1,109,70.6,65.9,48.5,46.7,48.4,46.5,49,47.9,42.7,28.8,11.6,10.3
3839,평일,7,2750,광명사거리,상선,59.4,46,51.5,92.3,118.9,125.4,118,90.1,63.4,45.1,35,29.3,30.9,25.9,31.7,25.4,26.9,21,23.1,20.5,25.3,24.1,32.2,27.1,24.3,20,26.5,20.6,15.9,16.8,16.1,12.9,14.5,15.2,13.4,15.2,6.4,5.5,6
3840,평일,7,2750,광명사거리,하선,28,20.5,28.3,29.9,35.8,34.7,15.7,10.1,9.3,12.4,14.2,14.7,16.1,17.7,17.9,21,20.1,21.3,23.7,29.2,33.3,38.4,50.3,71.9,95.5,114.1,99.5,62,57.3,42.7,42,41.9,40.9,43.4,41.7,37,24.7,9.4,8.6
3841,평일,7,2751,천왕,상선,45.9,35.9,57.6,72.7,106.5,114.2,98.3,85.7,56.1,34.1,30.7,30.7,22,28.5,23.5,26.3,19.4,21.9,17.1,22.2,18.9,25.7,23.8,27.9,20.5,19.5,25.5,18.4,14.1,15.4,15.1,11.2,14.2,14.6,13,14.6,6.3,6,0
3842,평일,7,2751,천왕,하선,27.8,22.3,28.3,31.2,37.1,35.3,16.4,9.8,8.8,11.9,13.6,13.9,14.7,16.3,16.5,19.3,17.8,19.2,21.3,26.7,29.9,35.1,46,65.8,86.8,105.7,89.4,55.1,52,40.2,36.2,36.7,36.4,38,36.4,31.8,21.6,8.1,7.2
3843,평일,7,2752,온수,상선,36,33.6,55.3,68.1,92.5,105.9,84.4,67,55.6,30.3,27.8,29.9,17.6,27.4,19.5,24.1,16.9,20.9,14.7,21.6,15.6,25.2,20.3,27.4,17.6,19.4,26.1,18.1,14,14.8,15.2,10.4,14.3,15.2,12.8,14.7,6.5,6.2,0
3844,평일,7,2752,온수,하선,15.2,15.5,8.4,15.1,26,38.1,15,11.2,6.9,10.5,15.9,10.6,15.8,12.2,18.3,14.6,20.6,14.4,24.4,15.9,34,25.8,48.1,55.1,72.8,93.2,90.5,49.2,56.8,37.2,26.5,43.5,27.3,36.4,35,47.5,17.6,17.5,8.1
3845,평일,8,2810,암사역사공원,상선,1.5,2.6,2,2.7,4.4,7.4,4.7,5.3,6.5,6.4,7.1,7.4,7.7,7.7,8.3,10.3,10.6,11.4,12.9,14.6,17.7,19.3,23.1,25.3,31.2,38.7,47.2,33.8,29.1,23.5,24.1,26,28.3,30.5,31.2,25,16,13.5,9.2
3846,평일,8,2810,암사역사공원,하선,20.6,25.2,37.2,45.9,58.5,65.8,48.5,41.5,25.3,19.9,18.4,17.4,15.4,16.6,15,15.2,12.8,12.2,11.1,11.9,12.4,13.9,15.4,16.8,14.4,13.7,9.8,6.2,4.6,5.1,4.1,4.9,4.5,5.2,4.5,3.3,3.5,2,1
3847,평일,8,2811,암사,상선,2.5,3.9,3,3.9,5.7,8.6,5.8,6.2,7.4,7.3,8.2,8.8,9.2,9.5,9.8,12.4,12.5,13.6,15.6,17.2,21.3,24.6,27.3,29.3,37.4,44.5,55.5,40.4,32.1,28.4,28.7,31.9,35.4,34.6,37.4,30,19.2,15.8,5.2
3848,평일,8,2811,암사,하선,32.5,38.2,54.6,66.4,88.8,79.2,74.9,63.5,38.5,30.5,28.3,27.9,25.9,26.8,24.7,25.7,21.5,19.2,18.6,18.9,20.8,21.4,23.9,26.2,22.2,22.7,15.1,10.8,7.5,9,7.2,8,7.8,8.6,7.1,5.5,4.8,2.6,1.8
3849,평일,8,2812,천호,상선,3.7,5.7,5,5.9,8.5,15.5,13.8,10.5,13.5,11.7,13.4,14.9,16.1,16.4,17.8,20.2,21.6,21.6,26.4,28.6,34,39.5,41.9,43.9,54.8,66.7,78.1,64.7,48.7,40.3,44.2,46.1,51.9,52.8,55.1,44.9,29.3,21.9,9
3850,평일,8,2812,천호,하선,39.6,57.6,78.1,90.1,126.3,128.6,132.9,107,68.4,48.6,42.9,40.6,40.6,41.8,40.1,39,38.9,32.8,33.6,34.3,37.9,40.4,46.6,54.7,46.9,47.1,38.1,25.6,19.5,18.2,16.5,17.6,19.7,20.9,18.1,15.2,12.1,6.4,3.4
3851,평일,8,2813,강동구청,상선,10.4,12.6,10.1,13.6,23.4,36.1,29.2,25.5,27.5,23.7,27.1,27.7,28.8,27.6,31.4,34.6,33.8,33.9,43.1,47.3,55.4,66.6,62.1,69.5,89.1,106.6,130.1,95.6,66.1,66.1,64.7,71.5,75.5,77.9,77.6,58.4,36.4,28.3,9.2
3852,평일,8,2813,강동구청,하선,44.7,62,84.3,96.7,133.5,135.3,134.5,112.8,71.5,51.4,45.1,42.7,41.9,43.9,41.4,40.5,39.6,34.1,34,35.7,38.2,42.1,47.9,55.3,49.3,52.3,38.3,25.8,19.6,18.4,16.9,17.9,19.3,21.1,17.6,14.7,11.5,5.4,5.1
3853,평일,8,2814,몽촌토성,상선,9.9,12.3,10.6,16.2,26.6,38,33.2,28.3,26.5,22.9,27.4,27.4,27.6,29.9,32.6,36.1,35.9,34.3,44,48.8,58.6,70.4,63.8,76,92.1,123.9,129.8,99.1,72.4,70,69.3,76,80.7,83,84.2,63.9,40.3,30.9,10
3854,평일,8,2814,몽촌토성,하선,43.7,60.7,77.3,96.3,136.4,135.6,138.5,114.1,72.1,52.2,45.6,43.5,42.5,45.2,43,42.1,40.9,36.8,35.5,38.5,40.3,45,50.4,60.5,53.3,57.3,43.4,29.1,20.2,20.2,18.9,19.4,22.1,23.2,19.2,16.3,12,5.4,4.9
3855,평일,8,2815,잠실,상선,11.1,14.8,11.9,17.2,28.3,43.5,37.8,31,29.3,25.8,28.9,29.1,29.4,33.1,33.4,37.4,37.2,37.7,45.3,49.3,60.3,66.4,67.4,76.1,93.8,124.2,133.3,102.4,74.8,71.1,70,75.9,80.7,83.5,85.7,65.7,41.3,31.2,6.8
3856,평일,8,2815,잠실,하선,32.1,52.7,57.5,73,92.6,103,97.3,82.4,59.9,37.8,36.9,37,39.1,41.9,42,44.1,43.6,42.3,43.8,50.6,54.8,58.6,67.3,80.7,84.9,93.1,87.1,61.6,42.5,42.3,39.7,43.9,48.3,54,52.7,38.7,28.6,13,9.7
3857,평일,8,2816,석촌,상선,24.6,19.9,26.6,43.6,83.1,114.1,92.5,74.5,66.1,51,52,48.4,44,46.5,46.5,52.3,46.8,45.1,46.7,54.5,59.3,66.2,65.6,83.6,81.6,120.6,101.2,75.7,53.4,49.2,50.4,52.4,51.1,54.3,50.3,36.8,24.2,16.8,4.4
3858,평일,8,2816,석촌,하선,32.2,44.8,57.5,72.9,94.4,113,93.5,83.7,58,37.7,37,35.9,40.1,43.4,43.2,45.7,44.3,43.3,45.8,51.9,57.8,60.6,68.5,81.4,92.8,102.4,101.3,71.1,50.7,45.3,44.3,49,55.6,59.8,61.7,44.9,35,14.2,10.3
3859,평일,8,2817,송파,상선,28.3,22.9,31.3,52.4,97.3,130.7,104.4,82.9,77.9,56.9,56.9,50.3,48.5,49.8,49.3,55.1,47.8,47.2,48.6,59.5,61.1,68.8,68.1,86.8,84.2,124.8,101.3,74.4,53.3,47.3,49.3,51.8,46.7,46.8,47.8,32.3,21.3,15.7,3.9
3860,평일,8,2817,송파,하선,33.1,43,56,67.4,92.9,112,92.9,84.5,57.6,37.9,36.8,35.8,39.7,42.6,41.9,44.3,42.9,41.3,43,48.5,54.3,57.4,65.4,76.5,85.4,94.5,95,65.1,46.9,41.8,41.7,45.1,51.4,55.9,57.1,40.7,41.3,16.9,9.4
3861,평일,8,2818,가락시장,상선,26.2,21.6,29.9,48.7,88.2,122.7,91.2,76.8,65.2,55.3,53.5,47.5,45.4,48.4,47.5,53.2,45.3,46.8,47.8,57.5,57.7,69.5,65.9,80.8,88.4,131.6,94.1,74.3,53.2,46.9,48.9,51.7,46.6,46,47.9,32,21.5,11.6,2.3
3862,평일,8,2818,가락시장,하선,26.9,33.8,45.5,56.3,76.9,87.4,88.4,77.1,58.5,34.6,33.2,31,34.7,35.8,38.2,39.8,37.6,35.3,39.9,44,49.1,49.1,62.1,73,81.3,92.8,93.7,63.3,45.3,40,40.1,43.7,48,53.2,57.2,40.4,40,16.2,8
3863,평일,8,2819,문정,상선,42.3,22.7,31,54.6,99.9,131.3,96.6,78.3,64.3,51.9,49.2,43.5,41.8,43.9,43,48.6,40.7,43.8,41.5,50.5,49.9,61.4,59.4,76.2,79.4,115.2,80,62.9,43.4,41.8,42.7,44.2,40.5,38.1,38.5,25.5,18.3,9.7,2.8
3864,평일,8,2819,문정,하선,22.9,29.1,37.3,44,49,53.9,38.9,45.6,36.1,24.7,24.7,25.5,27.8,30.4,31.5,32.3,29.9,30.4,34.2,39.8,42.3,45.5,56.7,73,81.6,99,91.3,62,42.9,38.3,37.8,41.3,45.1,50.9,52.7,37.7,36.5,14.5,14.4
3865,평일,8,2820,장지,상선,35.2,21.4,31.4,54.2,98.1,134.4,106.1,81.4,63.9,48.5,44.4,36,35.6,36.1,37.2,40.2,33.6,34.2,31.5,41.1,39.7,47.3,48.7,52.1,52,65.5,55.2,46,32.7,32.2,30.3,31,29.8,24.9,30,18.3,14.9,8,2.4
3866,평일,8,2820,장지,하선,21.1,22.9,31.5,38,43.1,46.4,33.5,39.2,27.2,21.5,20.9,19.2,22.1,24.9,26.6,27.1,26.4,26.1,29.2,34.7,35.3,39.9,48.9,65.6,70.6,88.2,79.8,53.8,37.3,34.6,34.6,37.4,39.7,47.1,44.3,36,31,12.3,12.4
3867,평일,8,2821,복정,상선,31.6,17.6,25.5,43.9,82.5,117.6,91.7,69.2,56.3,41.5,38.6,31,30.6,31.7,32,31.5,30,28.3,25.9,33.3,31.9,38.8,42.4,42.9,43.1,52.7,48.1,37.4,28.5,26.4,25,26.6,22.7,22.9,28.8,16.4,15.3,8,2.3
3868,평일,8,2821,복정,하선,6.9,10.2,14.1,15.1,18.2,23.9,17.9,21.2,17.4,11.6,10.6,10.6,12.3,14.6,16.6,16.5,16.3,15.9,18.2,22.1,24,26.6,33.9,40.2,51.1,59.1,64.2,43.2,30.7,27,25.1,27.9,29.9,35.5,34.7,30.3,26,11.9,11.8
3869,평일,8,2828,남위례,상선,28.1,15.8,21.8,40.3,69.8,92.3,65.5,50.6,38.3,27.4,23.9,20.6,19,21.3,22.1,22,18.8,17.4,16.3,19.6,23,23.1,25.3,24.6,22.2,27.5,20.7,15.1,12,11.8,11.6,12.8,11.1,11.3,11.7,7.8,5.4,4,1.5
3870,평일,8,2828,남위례,하선,6.5,7.9,12,13.4,15.6,19.4,13.3,18.1,14.9,10.1,9.2,9.3,11,11.8,14.7,14.5,14.1,13.7,15.3,20.5,22.7,22.7,30.5,35.8,44.4,52,56.5,39.3,27.7,23.6,21.8,25.3,25.3,30,30.3,26.8,22.5,10.8,10.8
3871,평일,8,2822,산성,상선,24.7,14.5,20.3,36,60.8,81.3,55.5,44.8,33.9,23.4,19.6,17.7,16.6,18.8,20,19.4,16.2,14.5,15,16.8,20.1,19.7,22,20.3,18.1,21.7,17.4,12.9,10.1,10.2,9.5,10.8,9.3,8.8,8.6,5.5,4.2,3.2,1.2
3872,평일,8,2822,산성,하선,8.4,8,11.8,14.5,15.9,19.3,13.2,16.9,15.8,9.7,8.2,8.8,10.3,10.8,13.6,13.5,13,11.8,13.5,18,21,19,26.2,30.3,37.1,41.2,45.8,30.7,21.9,17.1,19.6,19.5,19.8,24.1,24.4,23,18.6,6.7,10.5
3873,평일,8,2823,남한산성입구,상선,20.9,12.2,18,30.8,52.8,67.3,47,37,28,19.1,16,15.6,14.5,16.2,17.4,17.4,14.2,12.9,13.3,16.6,18.8,18.4,21,19.2,16.9,20.8,17.3,12.2,10,9.7,10,10.9,9.4,10.1,8.4,5.2,4,2.2,1.1
3874,평일,8,2823,남한산성입구,하선,11.3,8.5,11.2,16.1,16.9,23.5,9.8,10.4,8.8,7.5,7.1,8.2,8.8,9.2,10.9,10.8,10.5,10.4,11.5,14.6,16.4,15.8,20.3,22.5,26.5,30,32.2,21.5,16.4,11.7,12.9,12.9,13,15.4,16.2,14,12,6.5,6.7
3875,평일,8,2824,단대오거리,상선,13.4,7.8,11.3,19.4,33.7,42.8,33,25.4,18.3,14.5,11.4,11.7,10.7,12,12.1,12.3,10.6,9.8,10.4,12.3,14.6,14.6,16.1,14.3,13.2,16.1,16.3,11,9.7,9.2,9.1,9.5,9.2,9.8,9,5.8,4.1,2.1,1.2
3876,평일,8,2824,단대오거리,하선,14,7.1,11,15.8,16.7,22.8,9.7,9.9,8.1,7.5,6.9,7.4,8.1,8.8,9.2,9.4,9,8.9,9.4,10.2,11.8,11.3,13.3,15,16.1,17.2,16,10.2,7.9,5.7,6.3,6.1,6.2,7.5,7.7,6.7,5.3,3.1,3.6
3877,평일,8,2825,신흥,상선,5.7,3.8,4.9,8.9,15.1,21.9,16.9,15,10.5,9,8.1,8.1,8.1,9.1,8.7,9.2,8.2,8.3,9.4,11.2,13.3,12.5,14.4,9.9,10.7,13.7,13.7,9.4,9,8.4,8.3,8.9,7.6,9.7,8.7,5.5,3.7,1.5,0.9
3878,평일,8,2825,신흥,하선,14.7,7.4,11.2,16.4,17.1,23.9,9.9,10.1,8.5,7.1,6.5,6.6,7.4,7.3,8,8,7.4,7.4,7.6,8.4,9.5,9.4,9.9,11.7,11.7,12.5,10.1,6.3,4.6,3.3,3.9,3.5,3.8,4.3,4.2,3.8,3,1.7,2.1
3879,평일,8,2826,수진,상선,3.5,2.3,2.8,4.8,9,13.9,12.1,10.7,8.1,7.2,6.6,6.8,7,8.2,7.5,8.3,7.9,8.1,8.6,10.7,12.6,12,13.6,8.7,10.2,12.7,14.5,9.6,9,8.5,8.4,8.6,7.8,10.1,8.8,5.8,3.6,1.4,0.9
3880,평일,8,2826,수진,하선,19.9,9.5,13,18.4,16.9,22.5,11.9,11.3,9.2,7.6,6.7,6.8,7.5,7.8,7.7,8.1,7.1,7.1,7.1,8.5,8.5,9.9,10,11,9.6,10.2,6.1,3.7,2.6,1.9,2.2,2.2,2,2.1,1.9,1.7,0.9,0.6,0.5
3881,평일,8,2827,모란,상선,1.7,1.2,1.4,1.9,4.1,8.2,8.5,7.8,6.6,6.2,5.9,6,6.2,7.3,7,8.1,7.8,8.3,8.6,10.2,11.6,11.4,12.3,8,10.4,13,15,10.7,8.6,9,8.7,8.6,8.3,10.1,9.3,6.2,4.2,1.1,0.8
3882,평일,8,2827,모란,하선,0,0,0,0,0,0,0,0,0,0,0,0,0,0,0,0,0,0,0,0,0,0,0,0,0,0,0,0,0,0,0,0,0,0,0,0,0,0,0
3883,토요일,1,158,청량리,상선,11.7,11,7.7,8.6,6.1,9.8,11.5,11.6,14.9,12.4,12.4,10.1,13.7,15.8,16.9,16.3,18.8,20.9,21.6,23,33.1,25.8,26.3,32.6,29.6,27.2,23.3,28.2,21,23.8,21.9,25.2,22.5,44.9,26.7,22,19.7,15.7,0
3884,토요일,1,158,청량리,하선,15.7,19.4,10.2,15.4,20.1,26.3,28.3,28.8,33.9,36.1,26.6,34.9,35.9,35.2,38.4,39.1,35.5,34.7,30.6,32.9,28.6,31.3,28.8,29.6,30.3,20,16.8,13,12.7,12.4,9.9,10.1,9.2,7.6,7.8,7.5,6,0,0
3885,토요일,1,157,제기동,상선,11.8,13.4,12.4,11.1,8.4,11.3,15.4,15.7,18,16.2,16.4,17.1,17.3,19.9,21.6,22.4,22.3,26.5,27.7,26.6,35.8,31,28.4,43.2,33,31.6,27.1,30.4,24,44.6,22.1,27.8,26.2,34.5,30.1,24,22,20.4,0
3886,토요일,1,157,제기동,하선,16,19.4,10.7,15.7,20.4,27.5,27.5,29.6,33.4,40.8,34,36.7,35.5,39.9,44.4,40.2,37.7,37.5,43.3,35.2,32.6,35.3,36.2,30.2,33.7,25.5,17.5,16.1,15.3,13.8,10.6,10.5,10,8,8.2,7.9,5.9,0,0
3887,토요일,1,156,신설동,상선,11.7,14.1,15.3,10.6,9.6,12.6,16.7,19.1,21.1,21.9,19.8,21.7,22.5,26.7,27.1,27.6,26.7,34.1,31.5,34.1,37.6,32.9,30.6,45.9,35.1,42,31,29.5,24.2,29,22.6,28.8,27.4,37.7,29.1,26.3,20.4,21.2,0
3888,토요일,1,156,신설동,하선,17,20.5,12.9,14.7,21.9,31.2,24.7,31,34.7,38.8,38.8,39,35.1,43.6,47,39.3,42.3,40.6,46.1,37.8,35.8,35.8,41,32.5,39.4,27.6,18.3,17,16.2,14.4,12.1,11,10.4,9.4,8.6,7.8,7.5,0,0
3889,토요일,1,159,동묘앞,상선,11,14.6,16,11.1,10.9,13.3,14.6,19.4,21.4,23,21.7,22.8,24.2,28.6,26.6,30.1,26.3,34.5,33.9,28.3,35.4,49.1,36,37.5,36.5,32.8,28,27.2,25,28.6,26.3,30,29.9,29,25.3,29.2,16.2,23,0
3890,토요일,1,159,동묘앞,하선,13.5,15.3,11.8,11.2,25.3,23.8,26.6,30.3,45.1,38,42.1,46.1,44.2,44.8,60.1,45.1,54.2,47.4,46.1,41.6,45.2,42.3,47.4,32.4,45.3,33.3,21.1,23.2,17.7,14.6,13.2,12.2,11.8,11.8,9.5,10.3,7.7,0,0
3891,토요일,1,155,동대문,상선,11,15.7,17.1,11.9,11.7,14.4,18,21.6,24.2,28.6,25.5,29.1,28.4,34.7,32.5,34.2,31.8,54.5,39.5,37.6,35.6,42,39.2,46.7,42.8,49.7,39.2,29.8,27.8,32.4,27.7,35.1,30.2,29.5,29.4,32.5,19.7,20.4,0
3892,토요일,1,155,동대문,하선,14.2,15.6,11.7,11.3,23.8,20.9,29.3,29.5,43.8,36.8,41,45.7,40.9,45.9,58.6,48.5,47.4,48.5,46,42.8,51,39,49.7,37.3,50.3,33.3,22.5,24.5,19.7,15.8,14.4,13.9,14.5,12.8,10.8,10.7,8.5,0,0
3893,토요일,1,154,종로5가,상선,6.9,17,14.2,13,11.2,13.7,19.5,20.6,27.2,29.8,28.2,29.6,28.6,47.6,36.5,36.1,29.6,44.5,35.8,40.4,37.5,40.1,40.3,44.8,45.3,49,38.3,30,28,29.4,31.1,33.7,28.2,31.8,28.5,32.6,18.9,19.7,0
3894,토요일,1,154,종로5가,하선,12.8,15.8,9.9,13.1,19.6,20,27.6,28,40.9,36.8,39.8,45.2,40.6,46.7,59.3,51,47,52,54.1,47.9,55.7,43.4,54.1,40.8,55.1,37.3,28,29.7,24.8,19.5,18.3,16.8,17.5,14.7,12.6,12.3,8.9,0,0
3895,토요일,1,153,종로3가,상선,7,18,16,14.4,12.4,16.2,22.2,23.8,31.5,50.5,33.7,33.4,34.2,40,42.3,40.8,32.5,46,38.1,42,38.8,40.9,41.1,47,44.7,45.3,37.4,28.8,30.6,26.5,31,28.5,30.5,31,28,32.3,19.3,20.9,0
3896,토요일,1,153,종로3가,하선,9.4,13.3,11.1,11.8,17.2,16.4,23.9,26.1,29.8,30.4,31.3,30.9,35.2,35.5,43.6,42.2,40.9,48.1,48.5,49.2,47.3,45.4,46.5,40.9,50.2,39.6,31,30.8,26.4,23.6,21.9,20,24,18.8,16.6,15.1,11.6,4.7,0
3897,토요일,1,152,종각,상선,11.5,15.5,14.8,12.8,11.9,35.7,21.9,26.4,31.6,33.6,36.8,32.8,34.4,42.2,39.5,40.8,40.4,40.7,37.8,36.8,39.5,38.8,42.9,37,33.9,32.7,27.4,25.6,26.9,25.7,24.7,25.7,26.7,25.3,23.9,27.7,13.9,17.3,0
3898,토요일,1,152,종각,하선,9.2,14,9.5,10.1,14,15.9,21,23.1,24.9,27.3,28.5,27.7,31.1,32.4,39.1,38,41,47.3,47.7,51.5,48.9,49.5,48.6,44.1,53,47.7,33.2,38.8,31.2,29,27.3,26.8,30.8,25,21.4,19.1,12.6,5.6,0
3899,토요일,1,151,시청,상선,11.7,43.8,17.1,13.6,13.6,17.1,25.8,29.8,36.8,37.6,41.5,38.1,37.5,50,44.6,44.6,43.8,40.6,40.1,35.2,40.2,37.5,41.2,32,36.8,30.5,24.8,23.6,23.9,21.4,20.9,23,21.4,21.1,19.3,22.8,12.8,17.4,0
3900,토요일,1,151,시청,하선,8.8,12.6,8.8,9.4,13.5,15.9,17.1,20.2,23.5,26.5,23,25.8,25.9,30.6,36.2,35.9,39.5,45.5,47,50,48.7,53,53.7,45.9,53,50.7,36,44.9,40,36,34.2,33.4,37.3,29.4,26,22.1,12.2,5.7,0
3901,토요일,1,150,서울역,상선,11.8,18.2,19.5,15.1,14.3,21.5,25,33.4,38.9,45.9,41.8,46.7,48.3,48.9,46.8,49,48.3,46.5,39.7,42.4,39,38.3,42.8,35.3,36.4,32.3,24.2,21.2,20.7,17.9,18.2,19.4,18,16.8,19.4,17.5,10.2,8,0
3902,토요일,1,150,서울역,하선,8.8,10.9,7.7,9.4,11.7,18.2,19.2,19.9,22.5,28.1,25.9,26.9,27.4,30.4,38.4,35.2,39.9,45.6,49.1,53.2,51.7,59.4,54.4,49.4,55.2,55.5,40.3,48.5,39,43.2,38.3,37.7,40.8,33,30.4,25.5,14.7,6.9,0
3903,토요일,2,9001,성수E,내선,0,0,0,0,0,0,0,0,0,0,0,0,0,0,0,0,0,0,0,0,0,0,0,0,0,0,0,0,0,0,0,0,0,0,0,0,0,0,0
3904,토요일,2,9001,성수E,외선,6.4,9.1,8.7,10.1,12.7,21.6,19.4,28,27.9,27.7,33.3,33.8,36,42.6,38.2,43.6,46.2,43.5,42.2,54.4,48.5,46,51,55.2,45.1,55.9,45.9,41.6,38.2,42.6,52.4,53.8,45.3,46.1,38,37.4,23.2,0,0
3905,토요일,2,210,뚝섬,내선,15.6,18.6,13.4,10.1,11.9,17.9,21.5,24.4,30.6,23.9,30.7,36.8,34.6,33.4,45.8,45.7,44.8,45.1,52.9,43.1,53.3,49.5,52.6,66.7,58.7,49.3,44.9,47.9,37.1,33.4,30.1,28.5,35.3,35,26.9,42,19.5,0,0
3906,토요일,2,210,뚝섬,외선,6.9,8.3,8.5,10.5,12.9,21,20.1,27.7,27.3,26.5,31,32.7,33.4,41.3,36.2,42.5,45,42.3,41.7,54.6,48.9,48,52.5,57.9,47.7,58.9,50.1,46,42.8,48.6,57.4,58.1,49.7,49.4,40.5,40,23.9,0,0
3907,토요일,2,209,한양대,내선,16.4,19.8,12.9,10.9,12.5,18.3,22.9,26.8,33.6,28.5,33,38.3,40.4,36.7,50.5,51.2,49.3,49.8,54.5,45.4,56.2,50.2,54.8,63.6,60.1,49.6,40.8,43.8,32.5,29.7,27.5,28.6,31.1,32,28.4,28.7,26.1,0,0
3908,토요일,2,209,한양대,외선,7.2,8.3,8.5,10.5,13,20.4,19.4,26.6,26.4,26.4,31.4,33.8,34.1,42.5,36.6,43.3,45.2,43.4,42.7,56.6,50.8,50.4,55,60.6,51.4,61.4,52,48.9,43.8,49.1,58.1,58.3,49.9,50.9,41.7,40.3,23.6,0,0
3909,토요일,2,208,왕십리,내선,16.6,20.4,13.2,11.1,13.8,21,26.8,30.1,35.6,30.6,35,39.8,40.7,39,52.2,52.4,51,50.9,55.4,45.8,56.3,50.2,55,62.8,57.4,49,40.4,44,32.7,26.8,30.8,29.1,32.7,31.4,28.9,28.8,27.6,0,0
3910,토요일,2,208,왕십리,외선,10.7,11.3,10.4,13.9,17.4,26.9,24.3,39.6,37,34.6,45.3,48,47,57.1,57.9,54.7,62.2,57.8,55.9,73.1,63.5,63.6,70.5,74.7,59.7,71.9,66.2,55.8,50.9,54.8,58.4,65.9,57.8,53.5,47.4,45.4,24.5,0,0
3911,토요일,2,207,상왕십리,내선,18.2,25.4,16.2,14.4,17.4,26.2,33,38.4,43.5,37.5,42.9,46.2,48.4,46.1,59.8,62.3,61.7,58.4,63.3,62.7,64.3,61.5,75.6,73.3,72.2,54.2,52.6,61.5,44.2,40.1,42.9,46.2,48.1,49,47.1,49.5,39.7,0,0
3912,토요일,2,207,상왕십리,외선,12.7,11.9,10.8,14.6,18.3,26.3,27.3,41.3,40.4,35.1,48.5,48,48.3,56.6,60.9,56.4,62.5,59.8,57.1,62.1,75.8,64.7,70.5,75.4,59.8,71.9,65.7,55.6,50.3,54.3,57.2,64.9,56.9,52.3,46.8,46.5,28.4,0,0
3913,토요일,2,206,신당,내선,16.9,25.4,15.6,14.4,17.3,25.9,32.7,38.7,43.4,39.2,40.9,46,47.5,52,56.8,60,61.1,59.6,62.4,62.6,59.3,67.3,79.3,74.8,71.8,54.9,53.6,62.7,45.2,41.6,45.1,46.1,53.3,50.9,49.3,52.2,42.5,0,0
3914,토요일,2,206,신당,외선,13.7,12.6,10.7,15.4,18.9,27.4,27.4,41.7,42.4,36.2,49,50.3,49,57.3,62.3,57.8,62.1,59.7,57,61.8,75.1,64,70.5,69.8,63.8,68.3,62.7,54.9,48.2,52.9,54.5,62.1,55.4,50.9,44.3,45.2,26.7,0,0
3915,토요일,2,205,동대문역사문화공원,내선,21.3,20.3,14.5,13.6,18.3,25.4,31.6,38.6,42.4,36.1,39.8,41.4,47.6,54.1,55.4,57.8,60.4,58,60.7,61.4,59,66.4,79.7,75.4,74.1,55.2,57.8,61.4,47.3,45.1,48.3,49.4,56.2,52.9,50.3,56.1,44,0,0
3916,토요일,2,205,동대문역사문화공원,외선,13.7,11.2,12.9,12.5,17.9,25.1,28,37.8,41.8,35.3,44.3,46.8,48,51.4,56.9,52,56.8,53.7,56.7,51.4,69.3,57.7,69.8,62.5,59.7,58.9,55.9,49.4,40.2,38.5,52.5,50,46.2,41.6,41.5,39.4,23.1,0,0
3917,토요일,2,204,을지로4가,내선,16.1,17.8,12.3,11.7,14.9,20.5,26,29.9,34.6,30.1,34.6,34.5,40.2,45.7,46.6,51.3,55.6,49.7,52.2,56.7,54.9,59.4,71.4,63.5,65,51.7,58.6,53.3,45.1,51.4,46.1,48.5,59,56.1,53.9,69.1,24,0,0
3918,토요일,2,204,을지로4가,외선,10.2,11.9,11.7,11.5,16.5,24.3,25.2,31.6,39.1,38.1,40.4,45.7,45.8,48.5,54.2,50.3,54.1,50.9,54.7,49.4,67.6,55.5,66.6,61.1,58,56.8,54,48.2,39.4,38.2,51.1,49.2,44,40.8,41.3,38.3,25.5,0,0
3919,토요일,2,203,을지로3가,내선,16.1,18.5,13.1,12.2,15.7,21,26.2,30.8,34.1,30.5,34.3,34.6,38.6,47.4,45.1,48.6,56.4,47.3,48.8,56.6,53.7,56.2,67.9,56.6,67.6,52.7,51.9,50.6,43.9,49.7,45.1,46.2,57.6,54.2,51.6,67.8,24.4,0,0
3920,토요일,2,203,을지로3가,외선,10,10.8,10.6,10.8,15.8,24,24.2,31.5,39.2,39.4,39.9,46.9,47.5,47.1,57.2,52.1,54.1,55.7,57.1,53.7,65.8,59.7,71.5,59.4,64,59.6,55.2,50.7,41.9,40.2,53.1,49.7,45.6,41.8,43.9,43.2,26.2,0,0
3921,토요일,2,202,을지로입구,내선,16.2,20.9,13.7,12.5,15.7,22.3,27.1,31.7,35.9,32.3,34.8,38,36.7,49.6,49.9,46.7,58.5,51.6,48.9,59.1,55.8,57.5,70.8,58.8,70.8,52.9,52.7,52.2,45.1,51.5,46.2,46.1,60.5,53.9,50.8,68.3,25.4,0,0
3922,토요일,2,202,을지로입구,외선,6.9,9.9,8.9,9.7,13.4,21,19.3,25.8,33.3,33.6,35.6,41.9,43.5,44,55.3,51.3,51.9,54.6,56.6,55.2,74.2,61,68.4,61.4,62.4,66.8,58,57.7,52.7,49.3,53.3,55.1,52.4,46.6,49.4,50.4,33.9,0,0
3923,토요일,2,201,시청,내선,21.7,20.8,15.3,13.8,17.3,25.3,31.4,38.5,41.7,36.3,42.3,40.9,40,51.2,56.7,47.7,58.4,53,48.5,56.1,54.7,57.4,70.3,55,61.1,51.4,48.5,48.8,42.9,44.1,39.6,43.1,59,50.6,44.8,66.9,23.1,0,0
3924,토요일,2,201,시청,외선,7.8,9.3,7.6,8.9,11,18.2,20.7,23.7,32.9,32.5,37,42.1,44.2,45.7,57.3,52.7,54.5,56.2,57.7,58.4,77.4,64.2,70.8,65.5,66.1,68,65.4,61,58.3,53.2,56.9,58.7,56.4,48.6,51.4,54,34.4,0,0
3925,토요일,2,243,충정로,내선,23.1,22.9,17,15.6,19.7,28.1,33.5,39.3,42.1,41.2,44.5,43.5,45,55.6,60,50.6,61.5,56.8,52.3,59.2,55.4,57.1,70.5,61,55.4,50.6,49.8,47.9,41.1,44,38.6,42.8,58.5,52.4,46,69.5,27.2,0,0
3926,토요일,2,243,충정로,외선,7.6,9.1,7.4,8.8,10.7,18,20.2,23.9,31.8,31.2,38,39.5,44.1,44,57.9,49.4,53.4,56.9,54.7,56.9,74.7,63.6,69.5,65.5,68.6,61.2,64.5,60.6,57.1,52.7,55.7,57.8,55.6,47.9,50.1,52.8,33.6,0,0
3927,토요일,2,242,아현,내선,25,20.2,16.4,15.2,21.4,26.6,33.8,38.7,40.3,42.8,44.5,44.5,43.4,54.9,59.1,48.6,60.5,59.5,46.4,59.8,51.9,55.6,68.6,59.5,54.7,49.6,48.8,46.9,39.1,41.4,39.4,45.8,53.8,54.8,53,68.2,27.5,0,0
3928,토요일,2,242,아현,외선,8.8,9.2,7.5,9,11.1,17.9,19.4,24.5,32.4,31.3,38.5,40.1,44,45.1,59.7,50.2,53.2,57.3,54.3,56.8,73.7,60.8,68.2,67.8,67.9,64.9,59.8,58.1,58.3,51.6,53.6,61.6,48.4,46.3,53.2,44.7,42.2,0,0
3929,토요일,2,241,이대,내선,23.9,18.8,16.2,14.9,20.8,27.4,32.8,37.9,39.7,40.6,44.7,42.6,42,57.8,55.7,48.8,58.6,60.1,48.7,57.8,53.1,54.5,65.4,61.8,59.3,43.3,50.3,45.3,40.4,41.7,39.9,46.6,54.6,55.8,54,57.4,25.8,0,0
3930,토요일,2,241,이대,외선,9.6,9.6,7.2,8,11.1,17.4,17.6,22.6,30.1,30.7,36.7,40.4,43.5,45.2,59,50.4,52.4,55.6,53.8,56.5,72.4,60.5,67.7,68.9,69.3,63.3,58.9,57.5,58.8,51.4,52.7,61.4,48,45.6,50.5,42.5,39.1,0,0
3931,토요일,2,240,신촌(지하),내선,23.8,18.5,16.2,15.6,20.5,27.4,33.3,41.4,38.3,40.6,45.4,42.1,41.5,57.3,55.8,48.1,58.1,59,48.4,56.4,52.8,54,64.2,59.1,59.2,43.1,49.9,44.8,38.6,40.7,39.4,45.6,54,56.4,55.3,59,27.7,0,0
3932,토요일,2,240,신촌(지하),외선,12.8,10.2,7.5,8.1,11.1,16.8,15.9,20.9,26.8,28.4,34.2,38.5,42.6,44.4,56.7,46.5,53.2,57.5,52.1,55.2,69.8,63.5,68.6,69.5,69.1,63.3,60.1,58.9,60.6,55.8,57.4,64.1,49.6,52.2,54.3,46.8,38.7,0,0
3933,토요일,2,239,홍대입구,내선,22.6,18.6,16.2,15.4,20.7,31.9,39.2,44.1,42.3,47.6,45.4,45.3,43.1,59.2,57,49.8,60.3,59.2,48.7,57,53.1,52.7,65.1,59,62.5,43.6,49.9,43.1,36.9,36.7,34.5,46.9,51,44.6,57.4,53.3,28.4,0,0
3934,토요일,2,239,홍대입구,외선,17.9,13.5,9.5,9.9,12.8,19.2,18.4,21.2,23.7,28.6,27.4,34,33.3,35.8,43,38,40.5,46.5,43.4,49,59.3,59.4,63.3,67.5,66.9,53.6,63.2,55.3,55.2,60.3,64.5,65.1,59.8,65.7,58.7,55.5,45.6,0,0
3935,토요일,2,238,합정,내선,23.1,18.5,13.5,15.1,20.7,30.5,38.3,40.4,44.4,48.4,48.8,49.1,53,65.8,67.7,57.1,73.8,66.2,58.2,61.1,56.3,55.3,68.5,58.3,55.4,43.2,47.7,36.2,33.1,28.8,28.2,35.2,37.9,28.2,43.4,34.7,21.3,0,0
3936,토요일,2,238,합정,외선,27.8,24.3,12.7,14.1,16.8,25,26.2,26.4,30.6,34.1,29.5,36.4,35.8,37.5,42.6,41.3,43,50.1,48.2,52,61.7,66,72,67.8,69.2,57.2,70.3,60.9,62.2,69.8,76.2,79.4,70,78.2,68.6,64,51.4,0,0
3937,토요일,2,237,당산,내선,25.7,20.6,14.4,18.4,24.6,35.6,45.3,51,48.8,54.8,54.9,59.7,63.3,74.1,79.6,64.5,81.4,73.8,68.9,66.6,68,72.9,71.6,72.7,66.1,50.1,56.3,42,37.1,31.2,35.2,35.5,34.4,35,35.8,40.8,29.2,0,0
3938,토요일,2,237,당산,외선,26.8,22.8,12,14,17.2,25.8,25.9,25.9,30.9,34.9,30.5,36.7,36,36.7,40.5,39.2,41.7,47.2,46.7,46.8,60.2,57.8,71,64.2,65.9,54.3,65.8,57.1,58.5,65,72.1,73.5,64.5,72.9,65,58.9,46.6,0,0
3939,토요일,2,236,영등포구청,내선,24.8,21,15.5,18.8,24.5,37.7,44,49.3,46.8,51.7,49.9,53.7,57.1,68,73.5,59.8,74.5,67.6,64.7,61.1,63.7,68.8,67.3,66.8,61.4,46.4,49.7,39.5,35.4,30.2,32.1,33.9,31.4,32.7,33.5,39.2,28.4,0,0
3940,토요일,2,236,영등포구청,외선,29.6,23.5,13,15.1,19.1,24.8,29.8,28.8,32.1,38.2,33.3,38.5,38.8,38.4,42.2,45.6,42.7,45.2,47.5,45.2,62.5,63.9,63.7,66,66.7,52.7,63.9,57.6,55.5,61.6,68.8,72.2,66.5,68,63.6,64.4,37.9,0,0
3941,토요일,2,235,문래,내선,25,23.4,16.4,19.1,25.9,38.2,44.5,48.2,47.3,51.7,47.9,52.5,59.9,67.3,69.7,59.8,73.8,60.3,67.7,59.3,63.6,65.6,67.8,67,59.9,46.5,49.8,40,33.9,33.9,33.5,34.8,32.5,34.4,35,43,30.6,0,0
3942,토요일,2,235,문래,외선,30.5,27,13.3,14.4,19.1,25.1,27.9,30.9,30.3,38.7,31.9,37.6,37.9,38.1,41.5,45,41.7,44.6,47.6,44.9,53.4,70.5,62.6,65.9,64.7,52.7,62.4,57,55.2,62.1,68.8,73.2,67.5,68.6,64.2,65.9,37.3,0,0
3943,토요일,2,234,신도림,내선,25.1,23.4,15.1,19.9,27.4,39.6,43,51.2,48.9,47.8,53.7,52,68.4,62.7,75.9,66.5,69.7,59.2,69,51.6,68.8,58.3,67.8,56,52.7,37.8,49.5,38.9,33.8,32.3,35,27.2,24.8,26.4,20.5,31,15.1,0,0
3944,토요일,2,234,신도림,외선,19,20.7,15,17,22.5,33.2,32.7,33.3,35.7,41.8,35.9,41.6,44.4,44.4,44.5,49.4,42.4,47,44.3,34.2,51.5,48.1,64.1,59,54.7,46.4,53.9,34.5,47.7,47.4,53.8,54.1,54.2,44.9,48.4,50.4,32.6,0,0
3945,토요일,2,233,대림,내선,73.5,33.5,17.7,18.7,23.8,35.4,38.5,44.8,44.4,40.7,53,43,55.4,54.5,59,59.3,58.6,54.3,59.2,56.4,53.4,57.6,63,57.8,51.6,43.5,51.7,42.5,40.8,34,35.7,40.7,31.5,36.2,34.5,25,21.6,0,0
3946,토요일,2,233,대림,외선,28.6,21.1,19,19.9,21.5,39.5,35.5,37.1,50.4,39.1,40.6,42.8,44.1,45.6,46.5,50.9,41.9,45.2,40.4,45.1,43.1,54.3,67.8,54.9,55,51.4,47.9,39.8,42.7,41.9,41.4,53.7,45.5,48.6,45.8,52,89.8,0,0
3947,토요일,2,232,구로디지털단지,내선,56.3,28.7,15.7,16.7,21.2,32.5,34.6,39.2,38.9,36.5,47.6,40.1,52.9,49.4,52.3,57.7,55.3,49.2,62.5,52.1,48.5,64.7,61.4,60.4,49,45.7,53.1,45.9,40.9,37.1,37.7,45.8,34.8,45.1,40.1,29.4,23.7,0,0
3948,토요일,2,232,구로디지털단지,외선,35,23.5,20.9,21.6,22.8,41.1,37.7,39.3,48.8,39,40.7,42.9,44.3,45.9,43.9,49.7,39.2,40.7,40,43.3,39.8,53.7,53.2,49.3,47.8,47.6,40.8,34.2,35.7,35.7,34.1,44.6,36.8,38.1,38.7,42.5,71.7,0,0
3949,토요일,2,231,신대방,내선,37.1,21.4,12.2,13.5,17.8,27.7,29.5,33.3,33.6,31,39,36.2,46.8,48.2,42,51.9,53.8,41.1,57.1,47.3,46.2,59.7,58.7,57.3,46.8,44.6,51.8,45.4,40.3,36.5,38.4,44.7,40.4,42.8,49,32.7,27.5,0,0
3950,토요일,2,231,신대방,외선,40.7,27.2,22.9,24.2,26.3,41.6,42.2,45.6,49.9,48.2,37.6,44.9,46.6,45.9,45.6,50.3,43.1,39.4,42.9,39.9,38.3,51.5,50.2,48.6,43.5,40.9,42.7,27.3,37.6,34.3,32.3,30.3,34.8,33.2,41.9,30,62,0,0
3951,토요일,2,230,신림,내선,27.5,18.1,10.9,11.6,17.1,24.3,25.8,29.8,28.8,29.2,35.5,33.6,44.8,45.1,39,52.6,51.1,37.8,56.3,47.8,46.7,68.8,60.2,46.4,50.1,46.5,53.7,46.7,40.9,38.1,41.4,47.8,46.4,45.4,53.7,38.4,24.8,0,0
3952,토요일,2,230,신림,외선,52,33,30.7,30.4,33.5,50,54.9,63.3,61,60.4,45.9,56.4,54,54.4,53.9,58.9,48.9,45.5,48.1,45.2,42,56.2,51.7,49.9,43.3,41,40.9,25.4,32.3,31.2,28.3,26.8,28.5,29.5,34.2,25.5,40.7,0,0
3953,토요일,2,229,봉천,내선,18.6,16,10.5,10.2,14.6,21.3,24.4,26.7,25.7,27.2,33.3,30.5,42.8,43,37.5,52.8,51.9,38.3,58.6,49.2,49.6,73,67.4,47.4,60.5,54.7,63.5,52.9,49.3,47,50.7,57,58.9,54.1,62.5,51.6,36.9,0,0
3954,토요일,2,229,봉천,외선,56.3,35.1,32.6,33,37.5,51.1,59.8,67.9,67.3,64.4,49.7,60.4,59.7,53.1,57.2,62.3,52.1,48.8,48.6,45.7,44.2,53.3,61.3,44.8,44.9,39.4,40.1,28.4,26.9,30,26.7,25.5,26.9,25.1,34,24,34,0,0
3955,토요일,2,228,서울대입구,내선,14.3,15.2,10.4,10.2,13.9,20.6,22.9,25.3,23.8,27,31.6,29.4,40.2,44.2,36.7,52.4,50.6,36.9,59,49.8,49.5,74.1,70.2,49.1,63.1,57.3,66.6,55,52.2,49.2,55.8,58.5,63.8,63.1,62,56.1,39.8,0,0
3956,토요일,2,228,서울대입구,외선,55.6,38.6,36,37.3,42.4,57.2,64.9,75.1,73.3,71.9,54.6,67.4,65.9,59.8,64.6,70.9,57.8,55.4,54.1,50.1,47.7,61.2,65.8,48,48.8,42,43.2,29.7,25.3,29.8,25.8,24.7,29.6,23.6,32.4,24,37.4,0,0
3957,토요일,2,227,낙성대,내선,19.7,15.1,10.5,10,13.9,21.9,23.1,28.5,25.5,28.5,31.1,30.3,42.5,44.5,39,51.5,54.6,44.3,55.7,50.7,53.6,70,80.5,60.9,60,67.5,70.7,60.4,57.7,54.7,61.7,66.3,72.6,70.1,72,56.8,41.9,0,0
3958,토요일,2,227,낙성대,외선,58.2,39.6,40.4,37.3,43.7,59,72.2,76.9,78.1,75.9,58.6,70.7,72.2,63.9,69.9,76.3,61.7,59.3,58.1,53.1,50.2,65.2,68.1,51.2,50.3,43.8,44.1,32.6,24.4,30.2,26.1,24.6,28.4,22.4,30.1,22.9,31.7,0,0
3959,토요일,2,226,사당,내선,18,14.1,10,10,13.3,21,22.2,27.4,25.1,29,32.4,28.2,41.9,43.7,39.9,51,55.7,45.1,57.6,51.8,55.6,71.8,84.3,63.6,62.4,70.9,71.5,65.1,62.1,57.7,68.4,75.7,62.3,91.7,77.8,48.7,60.9,0,0
3960,토요일,2,226,사당,외선,54.5,37.2,36.9,35.4,41.8,59.3,73.5,77.1,81.3,77.9,66.5,67.3,74.5,56.7,83,81.2,62.1,63.7,65.6,51.7,56.7,66.3,65.9,53.3,53.5,47,40.2,32.2,27.4,28.2,25.1,25.1,32.1,22.3,26.6,26,28.7,0,0
3961,토요일,2,225,방배,내선,21,14.7,13.5,11,13.8,21.5,23.6,27.4,25.4,31.4,31.7,33.5,45.2,48,42.4,57.6,57.6,49.5,61.1,54.9,60.4,83.1,78.3,64.6,65.3,74.7,72.8,63.9,56.7,57.6,70.4,69.1,61.9,86.3,76,44.7,53.2,0,0
3962,토요일,2,225,방배,외선,53,42.8,34.7,33.4,41.9,56.9,70,78.2,74.9,77.1,66.3,65.4,76.1,62.2,76.3,71.7,69.2,57.8,72.2,58.3,55.2,67.6,64.2,60.9,49.8,47.6,40.1,34.8,28.2,27.2,27.5,27.5,27.5,21.8,25.3,26.9,23.2,0,0
3963,토요일,2,224,서초,내선,20.3,14.7,12.5,11.1,13.9,22.1,23.3,27.4,27.5,30.9,31.7,34.2,43.3,50.8,43.1,56.4,57.6,48.7,60.2,56,58.9,81.5,75.2,64,70.5,69.9,70.5,64.3,55.5,61,69.7,71.7,69.3,76,70.2,53.8,38.2,0,0
3964,토요일,2,224,서초,외선,51.5,39.6,32.7,31.9,39.8,57.3,75.7,75.2,71.6,75.2,69.7,65,74.2,60.9,73.6,71.1,69.3,58.2,73.4,59.5,56.7,72.6,65.4,63.9,51.1,49.6,43.7,37,29.9,28.9,29.5,30.5,30.1,23.2,26.8,27.5,22.8,0,0
3965,토요일,2,223,교대,내선,23.6,21.1,14.3,12.2,16.1,22.7,24.8,28.1,28,31.7,32.8,36,46.4,54.1,47.6,59.7,60.7,50.7,62,57.3,60.8,79.9,75.5,63.7,70.8,69.7,68.8,62.4,54.6,59.4,67.6,68.6,67.3,79.5,60.9,52.9,38.4,0,0
3966,토요일,2,223,교대,외선,49.6,32.9,26.8,25.2,31.6,42.9,61.9,68.4,64,70.7,66.9,58.2,72.5,60.4,71.6,69.8,73.9,58.9,68,59.2,52.9,71.3,64.9,64.3,53.3,50.6,44,39.5,30.3,31.3,31.7,31.3,30.1,25.3,25.5,28.2,21.3,0,0
3967,토요일,2,222,강남,내선,22.9,18.4,14.1,11.8,16.3,21.1,22.6,29.4,26.1,32.6,30.7,41.9,43,50.5,52.2,50.8,53.7,55.3,57.5,54.3,63.3,75.4,72.2,61.7,67.9,67.3,63.5,53.2,55.1,55.4,59.7,63.1,61.9,75.2,57.2,48.4,36.2,0,0
3968,토요일,2,222,강남,외선,42.7,27.3,23.2,21.6,24.7,35.6,47,51.3,43,59.9,58.1,51.6,64.2,57.8,64,66.3,67.6,55.9,62,62.5,51.9,65.7,70.4,65.6,50.1,45.5,39.1,35.8,26.6,30,30.9,31.8,29.8,28.2,27.2,30.5,20,0,0
3969,토요일,2,221,역삼,내선,18.6,17.6,13.3,11.7,17.1,21.4,26.6,35.2,31.2,34.7,30.6,41.1,39.6,48.4,48.8,46.2,51.7,49.3,47,49.2,54.5,57.3,66.8,55.8,62.3,62.8,59.6,50.1,50.3,51.8,53.6,54.9,54.2,67,44,36.4,28.2,0,0
3970,토요일,2,221,역삼,외선,41,25.4,20.8,19.4,21.6,32.6,42.5,46,38.4,55.4,52.3,47.4,59.5,54.8,60.6,63.9,63.8,54.5,60.4,62.6,51.7,66.9,69.5,65.6,49,42.4,42.7,36.2,26.7,30.7,30.8,32.2,30.2,28.2,27,30.3,18.6,0,0
3971,토요일,2,220,선릉,내선,16.5,18.3,13.5,12.3,18.1,23.5,28,37.9,31.9,37.1,30,41.8,40.3,46,51.7,45.1,47.7,51,45.6,46.1,52.4,52.9,64.3,52.3,61.1,57.9,59.3,47.8,48.2,48.2,50.6,47.3,59.2,65.5,41.2,34,24.2,0,0
3972,토요일,2,220,선릉,외선,22.1,24.4,17,14.2,17,21,31.4,35.5,28.5,40.7,38.6,42.4,46.1,45.8,47.3,52.8,54.8,45.1,50.3,50.9,50.5,55.8,56.2,60.6,43.6,41.7,38.5,31.2,23.2,27.3,27.6,24.9,27.4,27.3,23.1,25.3,14.6,0,0
3973,토요일,2,219,삼성,내선,13.7,15.6,11.7,11.6,16.1,22.6,25.7,34.5,28.9,31.6,26.9,34.8,33.8,37.3,40.3,38.1,38.9,40.6,38.8,33.9,40.7,47.5,51.1,41.3,49.6,47.8,48.6,42.4,34.8,39.9,44.9,37,51.1,49.8,32.7,26.9,20.3,0,0
3974,토요일,2,219,삼성,외선,10.4,20.7,13.6,11.9,13.9,15.4,23,23.4,23.2,27.7,30.5,33.2,37.8,37.7,40.7,44.6,48.5,42,45.6,49.7,48.5,55.9,56.2,60.3,44.8,46,41.9,36.4,27.3,32.4,35.4,30.1,33.6,33.2,26.3,26.1,19.1,0,0
3975,토요일,2,218,종합운동장,내선,19.3,18.5,12.1,14.8,17,24.8,31.9,39.2,33.6,36.9,31.1,37.8,40.5,34,41.8,37.4,38.6,38.1,37.4,32.4,37.4,42.6,42.8,36.4,38.6,42.7,40,32.4,27.7,31.8,34.4,30.8,39.9,39.3,29,25.3,14.3,0,0
3976,토요일,2,218,종합운동장,외선,10.3,20.2,13,10.7,13.1,15.1,22.6,23.4,22.9,27.2,31.5,33.2,37.5,39,41.5,42,50,43.8,46.9,50,49.2,48.6,57,60.1,48.2,46.7,43.6,38.2,27.8,32.2,35.2,30.1,34.7,33.4,28.9,23.5,18.9,0,0
3977,토요일,2,217,잠실새내,내선,18.7,19,12.3,16.9,17.7,24.9,31.8,38.5,32.7,36.6,29.4,37.5,40.5,34.1,42.9,42,34.7,39.7,37.9,33.3,38.7,43.5,44.4,36.6,39.4,43.8,38.4,30.9,30.6,32.5,34.3,32.1,35.4,42.4,28.5,24.8,15.4,0,0
3978,토요일,2,217,잠실새내,외선,12.1,21.9,13.4,11.5,14.3,17.6,17.6,23.9,23.7,29.1,36.2,32.8,40.3,42.5,43.2,44.5,50.4,46.1,48.1,51.6,49.4,49.7,57.4,59.8,48.4,45.2,43.1,43.3,24.8,32,37.1,32.4,30.8,35.4,29,25.5,17.8,0,0
3979,토요일,2,216,잠실,내선,17.8,19.3,12.4,16.7,17.3,25.7,34.7,36.2,34.4,37,28.7,39.5,37.8,33.4,44.4,41.8,33.4,43.3,39.7,33.3,46.1,45,42.9,39.3,47.8,42.5,42.9,33.5,32.7,34.7,35.7,33,36.2,43.2,28.7,23.7,19.1,0,0
3980,토요일,2,216,잠실,외선,13.5,20.3,10.6,9.6,13.8,17.2,15.9,21.1,20.5,26.4,30,29.5,35.3,39.6,37.9,39.3,45.5,42.2,41.8,48.7,43,44.9,53.1,55.2,48.2,47.5,45.4,44,30.5,35.5,41,35.4,36.3,38.1,26.8,24.9,10.1,0,0
3981,토요일,2,215,잠실나루,내선,11,13.5,10.4,14.2,13.8,22,27.1,30.6,32.1,33.9,28.4,36.5,37.9,29.7,43.8,38.9,33,40.7,36.7,32.4,49.1,42.7,45.5,36.7,42.2,37.4,38,30.3,28.9,26.7,30.8,30.8,24.4,32.5,30.8,26.4,35.3,0,0
3982,토요일,2,215,잠실나루,외선,13.2,17.6,10.4,9.8,14,17.8,16.5,21.8,20.6,26.9,31.1,30.5,35.1,40.5,38.8,38.5,47.3,42.3,41.4,49.8,42.5,43.2,60.2,54.6,45.6,47.1,45.8,43.2,34.1,30.8,40.1,34.8,35.5,37.3,24.4,26.4,9.4,0,0
3983,토요일,2,214,강변,내선,11.1,16,11.7,13.8,14.2,22.5,26.6,30.6,31.5,32.2,26.5,38.2,37.8,30.3,40.8,39.5,34.2,38.3,36.1,33.7,43.2,48.6,38.2,40.3,42.9,40.7,35.4,32.7,27.1,28,29.6,33.8,29,30.5,32,31.5,30.7,0,0
3984,토요일,2,214,강변,외선,11.3,15.2,9.5,8.8,11.8,18.4,17.7,23.1,23,31,33.1,34.2,38.6,44.4,41.7,40.7,49.5,43.5,41.5,51.9,43.8,43.9,61,55.3,48.1,46.4,46.4,44.2,36.6,28.8,40.3,35.1,33.6,43.1,20.5,24.9,8.2,0,0
3985,토요일,2,213,구의,내선,10.5,18.4,13.9,15.2,15.9,22.7,26.4,29.2,32,29.3,26.5,36.2,36,29.4,39.5,39.4,33.9,38.5,36.5,34.2,44.7,49.9,38.9,41,45.1,40.6,37.2,35.2,28.9,30.1,32.5,35.9,31.5,32,34.4,34.7,37.4,0,0
3986,토요일,2,213,구의,외선,17.3,12.7,9.1,10,13.8,21.8,20.6,27,25.7,34.6,35.9,36.9,42.4,46.5,42.1,47.3,51.4,43.8,45,53.1,46.9,48.9,62.8,53.8,54.5,43,44.8,43,36.4,27.9,38.4,35,33,41.3,19.5,23.9,7.4,0,0
3987,토요일,2,212,건대입구,내선,13,20.4,15,15.2,14.5,19.7,27.1,26.6,31,28.5,25,34.8,35.9,28.3,39.7,38.5,34.2,38.8,36.7,35.3,45.2,48.8,41.7,42,48.5,41.2,41.9,38.5,30.8,35.5,36.6,33,41.6,38.1,27.3,50,44.4,0,0
3988,토요일,2,212,건대입구,외선,23,15.1,10.4,11.5,16.1,24.4,24,31.5,25.8,37.4,40.2,41.4,44.1,51.8,45.9,53.1,57.8,48.3,51.4,57.5,48.9,50.7,62.6,53.4,53.3,38.7,42.5,36.5,30.6,26.4,54.9,44.8,36.6,46,25.3,32.6,11.1,0,0
3989,토요일,2,211,성수,내선,9.5,14.8,11,10.3,11.5,16.3,21.1,20.5,26.8,23,23.3,32,32.9,26.4,36.9,39.3,35.8,41.2,38.7,37.6,52.8,48.7,43.5,59.3,63.7,56.7,59,56.4,46.9,43.9,38.7,35.5,44,41.4,31.3,50.4,54.1,0,0
3990,토요일,2,211,성수,외선,6.4,9.1,8.7,10.1,12.7,21.6,19.4,28,27.9,27.7,33.3,33.8,36,42.6,38.2,43.6,46.2,43.5,42.2,54.4,48.5,46,51,55.2,45.1,55.9,45.9,41.6,38.2,42.6,52.4,53.8,45.3,46.1,38,37.4,23.2,0,0
3991,토요일,2,9002,성수,내선,0,0,0,0,0,0,0,0,0,0,0,0,0,0,0,0,0,0,0,0,0,0,0,0,0,0,0,0,0,0,0,0,0,0,0,0,0,0,0
3992,토요일,2,9002,성수,외선,2.5,5.6,5.2,4.2,3.8,7.7,6.1,8.3,8.5,11.5,10.3,13.9,10.7,11.5,12.6,14.4,14.1,14.2,14.4,17,17.9,19.6,20.8,18.7,17.9,19.8,16.2,15.7,16.1,15.5,20.5,18.9,19.3,19.7,18.5,13.6,9.8,0,0
3993,토요일,2,244,용답,내선,13.2,13,10.8,10.1,9.6,12.9,15.2,15.2,17.7,19.1,21,18.6,21.9,22.2,22.3,21.1,23.9,21.4,22.7,23.3,21.3,22.4,24.9,22.3,19.5,16.4,14.4,7.4,6.7,6,4.5,5.1,5.2,2.7,2.5,1.9,1.1,0,0
3994,토요일,2,244,용답,외선,1.7,4.8,5.1,5.4,4.2,7.1,7.9,10.8,10,10.2,11.4,15.7,11.3,12.3,13,16.2,14.4,12.7,14.1,14.2,17.3,17.4,19.4,16.1,16.2,16.6,14.2,12.6,15.3,10.8,15.5,17.8,14.2,15.2,16.4,10.3,6.4,0,0
3995,토요일,2,245,신답,내선,9.1,11.2,9.4,8.2,8.1,10.9,12.5,12.3,14.8,16.2,18.6,16.3,19,19.4,20.2,20.5,20.3,20.1,20.9,21.7,19.8,21.4,23.5,21.6,18.6,15.3,13.1,7.4,6.6,4.7,4.8,5.1,4.1,2.8,2.8,2.6,1.4,0,0
3996,토요일,2,245,신답,외선,1.9,4.8,4.9,5.9,4.5,7.5,8.4,11.4,10.3,10.6,11.5,16,11.1,12.1,13,14.3,13.9,12.7,13.7,13.7,16.1,16.8,18,15,14.5,14.8,12.8,13,11,9.1,12.9,15.6,12.2,13.2,14.6,9.1,5.3,0,0
3997,토요일,2,250,용두,내선,7.4,10.4,8.8,7.3,8,10.4,10.7,11.8,13.7,16.2,17.2,14.8,18,17.8,19.6,19.3,19.4,19.6,21.8,17.7,20,22.7,22.8,21.4,18.2,14.8,13,7.5,6.7,4.9,5.5,5.1,3.2,3.6,3.6,3.2,1.5,0,0
3998,토요일,2,250,용두,외선,1.9,4.2,3.8,4.4,4.2,6.1,7.2,10.2,8.9,10,9.9,13.6,11.7,10.3,11,12.6,12,11.5,13.4,11.8,13.3,14.3,15.1,13.7,12.3,13.5,11.7,11.2,10.6,8.5,11.6,13.7,10.9,12,12.7,7.6,4.2,0,0
3999,토요일,2,246,신설동,내선,5.9,9.3,7.8,6.5,6.4,9.1,9.4,10.1,12.6,13.1,15.3,13.4,15.7,15.3,16.6,17.2,17.3,16.6,18.8,15.6,18.1,19.3,21.4,18.9,15.8,13.7,10.9,7,5.9,4.5,5.4,4.1,3,3.4,3.2,2.5,1.3,0,0
4000,토요일,2,246,신설동,외선,0,0,0,0,0,0,0,0,0,0,0,0,0,0,0,0,0,0,0,0,0,0,0,0,0,0,0,0,0,0,0,0,0,0,0,0,0,0,0
4001,토요일,2,260,까치산,내선,0,0,0,0,0,0,0,0,0,0,0,0,0,0,0,0,0,0,0,0,0,0,0,0,0,0,0,0,0,0,0,0,0,0,0,0,0,0,0
4002,토요일,2,260,까치산,외선,9.8,9.6,7.9,7.9,11.5,13,13.7,15.5,16.5,14.5,14.6,14.2,17.7,16.9,14.1,16.8,13.6,16.2,16.2,15.9,16.5,15.7,18.8,15.6,13.7,12.4,9.6,10.5,7.8,8.8,7.1,8.3,9,8,7,8.5,3.3,0,0
4003,토요일,2,249,신정네거리,내선,8.4,7.9,5.7,4.6,7.3,8.6,9.7,9.3,11.6,11.8,9.2,11.2,14,12.9,12.9,14.2,12.6,13.8,13.9,14.1,16.3,17.1,19,17.2,19.7,13.2,15.5,14.5,13.3,12.9,15.2,13.5,11.1,12.5,10.5,12.4,9,0,0
4004,토요일,2,249,신정네거리,외선,18.8,14.8,13.8,11.8,15.8,20.3,20.8,23.8,25.8,24.3,23.9,23.4,38.4,27.3,22.1,24.9,20.2,23.4,20.7,20.1,20.5,21.1,22.2,19.9,16.1,13.7,10.9,11.1,9.2,8.7,7.3,8.4,8.9,8,7,9,3.3,0,0
4005,토요일,2,248,양천구청,내선,6.8,9,5.2,6.5,7.4,11.1,17,11.4,12.2,12.5,10.9,12,14.1,15.7,14.9,17.1,15.9,15.2,18.9,19.7,23.5,24.5,27,26.2,29,20.6,26.1,23,19.9,21.6,22.4,22.6,20.8,18.3,21.9,21,14.4,0,0
4006,토요일,2,248,양천구청,외선,23.5,18.4,17.7,14.1,19.3,23.6,29.5,27.3,31.7,29.9,30.2,29.5,40.7,42.7,29.8,27.6,29,27.2,25.3,25,23.7,25.9,26.1,21.2,20.9,16.2,14.3,10.3,10.1,9.6,8.4,8.7,8.4,8.4,7.2,8.8,3.3,0,0
4007,토요일,2,247,도림천,내선,5.2,9,5.7,6.6,7.3,12.3,20.2,12.6,13.3,12.3,11.4,13,15.6,16.5,17,19.1,19.4,17.8,22.7,23.3,29.1,28.3,32.3,33.3,36.7,26.3,34.2,29.3,24.4,26.6,27.8,29,27,23.8,28.5,28.3,19.1,0,0
4008,토요일,2,247,도림천,외선,23.8,18.6,18.1,14.2,19.5,24.1,29.3,27.9,32,30.5,30.8,30,40.9,44,30.7,28.6,29.8,27.6,26,25.5,24,26.3,27.1,22.3,21.5,17,14.5,11.4,10.9,9.7,8.9,9.5,8.7,9,8.2,8.8,3.3,0,0
4009,토요일,2,9003,신도림,내선,6.7,8.4,5.8,6.9,7.7,13.3,20.7,13.1,13.5,13.1,11.8,14.7,16.1,17.4,17.5,20,19.5,19.9,23.9,23.8,29.6,29,35.1,36.8,30.7,33.7,30,26.3,26.8,27,28,29.3,27.6,23.9,28.5,28.5,19.6,0,0
4010,토요일,2,9003,신도림,외선,0,0,0,0,0,0,0,0,0,0,0,0,0,0,0,0,0,0,0,0,0,0,0,0,0,0,0,0,0,0,0,0,0,0,0,0,0,0,0
4011,토요일,3,309,지축,상선,17.4,9.1,9.6,11.6,11.9,17.9,12.5,24,27.5,23.1,23.8,33.5,39.8,57.4,63.6,70,56.5,50.3,46.8,36.9,46.3,55.3,55.3,58.2,43.2,44.3,56.9,44,44.6,31.7,39.8,30.8,32.9,44.5,32.4,44.2,49,0,0
4012,토요일,3,309,지축,하선,41,19.7,18.1,22.6,35,47,38.2,54.8,50.8,53.2,51.2,46.6,56,60.9,45.5,47.8,51.8,51.4,49.4,42.6,52.3,51.1,69.6,99.5,93.7,52,31.6,26.7,24.7,12.2,18,10.6,13.6,17.4,9.7,7.8,5.9,0,0
4013,토요일,3,310,구파발,상선,17.4,10.3,6.1,4.8,7.3,10.1,7.2,17,11.2,18.9,17,24.9,20.9,35.3,26.1,40.8,22.2,30,19.3,26.3,20,34.8,22.5,36.5,24.9,28.3,38.3,21.7,28.4,17.9,31.8,32.5,21.1,23.7,28.3,25.3,0,0,0
4014,토요일,3,310,구파발,하선,3.9,18,9.4,16.4,20.3,31.8,35.7,38.2,35.8,37.3,44.3,43.8,28.8,43.7,28.5,33.8,27.1,36.4,26.3,32.7,29.1,37.5,35.6,65.6,43,45.2,22.3,14,17.1,10.7,12.7,12.7,12.5,10.9,8,8.9,4.7,0,0
4015,토요일,3,311,연신내,상선,18.2,12.9,7.7,7.2,10.2,11.3,13.3,20.5,20,21.2,21.6,29.8,30.6,33.8,37.6,38.7,30.8,30.8,28.1,26.8,27.4,35.9,34.1,36.1,34.8,34.6,38.7,30.6,29.2,26.2,30.9,38.9,30.6,26.6,28.6,29.2,11.3,2.7,0
4016,토요일,3,311,연신내,하선,11.1,19.8,14.6,14.7,25.4,32.5,41.7,37.8,40.8,40.3,47.1,48.5,35.9,37.3,36.5,33,35.2,30.3,33.8,27.6,34.6,28.7,40,51.9,50.8,43.8,22.3,17.2,13.1,13.6,10.4,12.4,11.1,9.3,8.7,9.1,8.1,0,0
4017,토요일,3,312,불광,상선,16.2,13.5,7.1,8,10.4,12.2,17.1,23.2,22.6,22.9,23.9,32.4,33.5,36.2,40.9,41.8,34.5,34.6,31.9,31.6,32.5,43.9,43.4,44.6,43.8,43.8,46.7,38,36.6,34.2,40,48.9,38.5,35.7,36.3,37.3,20.4,3,0
4018,토요일,3,312,불광,하선,16.2,23.4,17.6,19,31.8,37.1,47.4,45.9,47.2,46.9,53.7,56.5,40.9,44,45.1,36.9,40.5,35.4,38.5,33.5,38.9,34.6,44.5,56.2,54.1,47.1,24.8,19.8,14.9,15.5,12.2,14.1,13.3,10.6,9.6,9.4,8.7,0,0
4019,토요일,3,313,녹번,상선,15.5,12.3,6.2,7.5,9.8,12.2,16.6,21.9,22.7,23.6,23.4,31.9,34.3,36.8,39.8,39.2,35.3,33.2,32.1,30.7,36.5,44.3,45.1,40.9,51.6,43.6,50.7,39.7,36.3,35.1,43.2,49.8,39.6,37,39.5,37.3,18.3,0,0
4020,토요일,3,313,녹번,하선,20.3,25.6,19.6,21.8,35.6,41.2,51.4,51,51.1,51.5,51.7,64.9,45.3,47.9,48.8,40.1,43.3,38.6,40.9,35.6,40.6,36.9,45.9,58.6,55.2,47.7,24.9,19.8,15.1,15.7,11.8,13.8,13,10.6,9.3,8.9,7.2,0,0
4021,토요일,3,314,홍제,상선,14.1,10.4,6.6,7.6,10,12.7,16.6,23.7,22.4,23.4,23,31.5,34.3,37,40,39.6,36.2,34.1,33.6,32.6,38.1,47.2,48.5,43.4,56.3,46.8,55.3,43.4,40.4,38.7,47.2,52.2,44,40.8,43.5,36.8,21.7,0,0
4022,토요일,3,314,홍제,하선,25.6,28.8,19.3,24.6,36.9,47.1,52.8,55.8,57.2,53.1,54.7,70.9,51.6,54.5,50.8,43.8,43.9,49.3,40,42.9,37.5,45.4,43.9,62.4,56.6,52.2,30.5,20.9,17.2,15.8,13.6,13.4,13.2,11.8,8.8,8.8,6.5,0,0
4023,토요일,3,315,무악재,상선,12.4,11.2,6.8,8.9,10.5,12.6,17,24.7,22.3,24.2,27.8,31.8,35.7,38.8,41.1,42.1,34.5,34.3,35.8,37.7,42.3,48.5,52.9,56.8,52.1,50.2,59.7,45.4,45.5,38.8,59,55,48.4,44.8,47.7,40.1,25.1,0,0
4024,토요일,3,315,무악재,하선,26.4,29.3,19.7,25.2,37.9,48.4,53.9,57.2,58.2,54.4,56.2,72.8,53,55.7,50.7,46.9,45.2,50.3,40.8,43.6,38,46.2,44.8,63,57.1,52.8,30.6,21,17.1,16,13.8,13.3,12.1,13,8.7,8.5,6.3,0,0
4025,토요일,3,316,독립문,상선,11.7,11.4,6.9,8.9,10.6,12.7,17.1,24.7,22.6,24.3,27.9,31.8,35.6,39.1,41.6,42.6,35.1,34.9,36.5,38.4,43.2,49.7,53.9,58.2,53.4,53.4,61.3,46.5,46.8,39.9,60.6,56.6,50.3,45.3,48.9,38.7,26.5,0,0
4026,토요일,3,316,독립문,하선,21.6,29.3,20.8,23.6,35.3,49,54.3,58.1,57.5,54.8,60.7,67.8,54.6,58.2,52.9,48.2,47.7,53.1,43.2,45.5,39.9,48.6,47.2,65.5,58,54,31.4,21.5,17.6,16.2,14.2,12.7,13.3,13,8.8,8.6,6.2,0,0
4027,토요일,3,317,경복궁,상선,11.5,11.2,7.4,9.4,11.3,15.2,19.1,28.2,28.2,27.6,30.4,32.8,36.9,40,43,43.7,36.6,36,38.8,38.7,44.4,51.4,55.3,58.9,54.6,54.4,62.2,47.2,47.5,40.5,61.7,56.2,51.7,46.2,49.9,40.2,27,7.4,0
4028,토요일,3,317,경복궁,하선,25,24.8,22.5,22.1,34.5,46.4,52.4,57.2,63.2,50.9,63.1,68.4,64.3,55.9,62.6,54.6,54.7,57.8,60.2,54,59.5,58.6,67.4,73.5,80.3,64.4,47,33.1,25.1,26.1,22.9,21.7,24.3,20.3,15.1,12.7,9,0,0
4029,토요일,3,318,안국,상선,11.1,11.8,7.9,10.5,14.4,20,28.6,37.8,45.8,41.6,45.1,48.3,50.9,53.5,62,56.2,51.6,51.1,50.1,47.9,53.1,61.8,64.5,65.4,60.7,60.5,65,48.9,45.2,42.8,60.5,53.8,49.3,45.6,48.9,37.5,20.6,0,0
4030,토요일,3,318,안국,하선,25,24,21.9,21.6,33.2,45.3,50.5,56.3,60.4,50.4,61.3,66.6,63.5,56.9,63.8,57.1,58,63.9,65.7,65.2,71.2,71.2,82.4,90.5,95.7,80.3,60.4,45.7,34.9,34.7,31.2,29.1,31.9,25.6,20.4,14.1,9.4,0,0
4031,토요일,3,319,종로3가,상선,11.1,13.1,9.3,12,18.5,24.5,34.5,45.6,57.5,53.4,62.4,62.1,66.6,67.2,76.9,68.5,65.5,64.3,63.1,57.5,61.8,69,70.2,70.7,63.8,60.5,64.9,48.1,43.7,45.2,58.3,50.5,47.5,44.4,49.6,37.2,21.2,0,0
4032,토요일,3,319,종로3가,하선,20.2,18.9,15.3,17.4,21.4,36.1,40.4,43.9,46,40.3,47.9,50.9,48.4,44.5,49,44.6,46.9,51,54.1,53.8,58,55.4,69.2,71.9,63.8,58.6,45.8,36.4,30.6,28.9,28.4,25.8,30.1,25.1,19.6,15.1,10.7,0,0
4033,토요일,3,320,을지로3가,상선,6,8.5,6.4,9,13.6,17.6,27,32,42.2,38.2,46.4,45.4,49.9,51.1,60.5,56.1,54.4,51.9,48.8,48.6,49.8,56.5,56.4,59.7,54,52.8,52.8,38.7,35.5,37.1,51.3,40.4,38.1,32.3,38.3,27,17.3,0,0
4034,토요일,3,320,을지로3가,하선,18,16.4,13.3,16.3,17.4,32.7,35.8,37.6,39.3,40.4,40.4,44.8,42.9,39.8,42.7,39.9,40,47.7,47.5,50,49.6,54.2,56.8,61.3,62.8,52.6,43.6,33.3,31.7,29,30,25.5,31.6,27.8,22.9,18.8,13.6,0,0
4035,토요일,3,321,충무로,상선,5.6,7.4,6,8.4,12.4,15.8,23.6,28,36.3,34.5,41.5,42.3,47.3,48.5,56.2,53.7,50.9,48.2,46.2,44.6,47.2,52.8,54.8,56.7,53.2,50.4,49.1,35.1,32.1,33,48.2,35.5,31.4,27.6,31.9,22.3,13.9,0,0
4036,토요일,3,321,충무로,하선,19.5,22.4,15.6,18.8,20.7,35.3,42.5,46.8,41.9,45.9,43.9,46.8,47.1,42.4,44.6,42.9,41.6,48.2,46.9,49.8,50,56.5,58.1,61.5,59.7,49.1,43.7,32.1,30.6,29.3,29.1,25.1,32.4,25.7,23.3,17.9,13.7,0,0
4037,토요일,3,322,동대입구,상선,7.6,6,6.2,9.2,10.8,16,21.9,27,31.8,32.3,36.8,42.5,48.2,50.1,54,54.4,54.6,51.6,46.7,44.8,52.4,55.8,55,59.2,54.4,54.1,47.2,35.8,34.3,36.9,57.1,39,35.4,31.8,33,24.1,13.7,0,0
4038,토요일,3,322,동대입구,하선,19.8,21.3,14.5,17.2,19.7,32.5,37.6,43.7,37.5,42.1,40.4,43.8,44.3,39.8,41.6,37.9,42,46.1,44.7,47.9,46.7,52.7,55.3,57.8,58.3,49.5,44.1,32.3,31.2,33.6,34.1,28.4,34.2,29.5,22.8,20.3,14.2,0,0
4039,토요일,3,323,약수,상선,7.3,6,6.4,9.8,11.2,16.8,24.2,29.2,33.9,34.2,38.8,44.2,48.8,50.2,54.3,55.2,55.9,51.3,43.2,49.6,52.2,55.5,56,59.4,53,50,44.8,33.7,32.7,33.2,44.7,33.3,30.9,28.5,31.1,23.3,14,0,0
4040,토요일,3,323,약수,하선,25.8,26.2,18,17.9,22.6,35.1,43.5,52.6,44.1,49.2,45.8,50.1,50.8,44.3,47.5,42,46.8,48.8,49.3,50.2,50,55.1,58.5,60.1,55.3,46.6,42.4,34.2,30.9,32.8,36.3,30.5,32.9,34.3,25.6,21.8,19.7,0,0
4041,토요일,3,324,금호,상선,9.6,5.5,6.7,10,11.7,18.8,26.6,30.1,34.8,35.9,41,46.2,52.5,54.7,59.5,61,60.5,56.7,47.2,54.9,58.2,63.4,62.5,66,61.2,57.9,50.5,39.9,37.6,38,49.7,36.3,34.8,36.5,36.8,26.3,14.6,0,0
4042,토요일,3,324,금호,하선,27.6,26.8,18.6,18.2,23.4,34.5,43.3,54.5,47.3,48.8,43.9,51.1,51.9,42.6,49.7,42.8,47,46.7,50.8,50,49.4,54.9,57.1,58.8,56.7,46.2,41.4,33.2,30.1,32.2,35.7,29.8,31.8,33,24.7,21.2,18.7,0,0
4043,토요일,3,325,옥수,상선,8.6,5.1,7.4,9.2,12.4,18.7,25.9,30.5,33.7,35.1,43.6,44,51.6,55.9,58.5,59.7,59.5,54.4,47.4,51.2,62.9,63.9,63.9,66.4,59.4,58.1,48.8,41.4,35,40.5,51,38.9,33.1,37.7,37.6,26.6,15.6,0,0
4044,토요일,3,325,옥수,하선,30.3,26.8,23,19.6,26,37.7,48.6,60.8,55.1,53.4,49,55.2,58.1,47.7,54.7,46.8,51.5,49.6,54.2,52.8,53.4,57,60.5,61.6,59.5,48.2,42.5,34.5,30.7,32.4,35.1,30.3,32.4,33.1,24.9,21.1,18.5,0,0
4045,토요일,3,326,압구정,상선,9,5.6,7.7,9.7,13.1,19.5,26.9,31.6,34.3,36,45.5,46.2,54.5,58.4,61.7,62.5,63,58.1,53.7,53,67,69.6,68.6,72.3,64.4,63.7,53.2,45.8,38.8,45.2,57.9,43.3,36.6,41.9,40,26.6,17.6,0,0
4046,토요일,3,326,압구정,하선,10.2,27.7,21,17.8,21.8,31.8,39.3,49.2,45.8,47.1,43.8,51.4,52.8,46,52,49.6,45.8,50.4,54.4,55.4,54.4,60.7,61.1,65.1,60.5,53.2,43.8,37.3,34.1,33,40.9,32.5,36.4,36.8,29.3,21.2,16.9,0,0
4047,토요일,3,327,신사,상선,7.2,7,8.5,11,15.6,24,33.3,39.4,43.6,40.6,49.8,50.8,61.2,59.2,64.5,64.2,64.9,57.7,52.6,51.9,63.5,65.6,64.6,66.8,61.9,60.1,46.7,41.1,34.7,41.4,46.1,38.3,33,37.8,37.3,24.6,12.1,0,0
4048,토요일,3,327,신사,하선,11.2,24,18.2,16.6,17,26.7,29.1,32.1,35.4,34.9,37.9,40.3,41.8,38.3,42.8,44,37.1,44.2,44.2,47.4,47.2,53.1,51.5,57.1,53.7,44.9,37.8,33,29.4,30.7,37.7,31.1,32.9,34.3,26.6,20.8,15.3,0,0
4049,토요일,3,328,잠원,상선,6.3,7.3,7.5,11.3,14.3,21.3,31.4,41.1,43.7,39.5,45.8,46.7,52.4,53.2,57.1,55.6,58.3,49.5,45,46.7,52.3,51.7,53.4,59,53.2,51.3,39.6,34.3,30.6,35.2,38.8,30.2,25.8,31.8,27.2,17.2,8.5,0,0
4050,토요일,3,328,잠원,하선,11.6,23.3,17.9,16.4,17.3,27.2,29.1,32.1,35.5,35.6,38.5,41.1,42.3,40.4,44.3,45.1,37.8,44.4,44.8,47.3,47.5,53.4,52.1,57,53.9,44.7,37.7,32.7,29,30.5,37.6,30.9,32.8,34.4,26.4,20.6,14.6,0,0
4051,토요일,3,329,고속터미널,상선,6.5,8.5,7.9,11.3,14.3,21.1,31.6,41.3,43.8,39.4,45.6,46,52.2,52,56.3,55.4,58.1,49.3,45.3,46.9,52.7,51.9,53.3,59.3,53.5,51.8,40.1,35,30.8,35.8,39.1,30.4,26.3,32.6,28.2,17.6,8.8,0,0
4052,토요일,3,329,고속터미널,하선,11.9,26.2,22.8,18,19,30.4,33.6,33.2,38.2,37.1,39.2,40.5,46.6,42.6,50,46.2,37.2,48.1,44.3,47,45.7,49.7,51.5,52.5,54.4,43.9,39,33.4,31.1,31.6,36.9,31.5,30.4,35.1,26.2,18.7,14.9,0,0
4053,토요일,3,330,교대,상선,7.7,9.5,10,12.8,16.1,24.4,30.4,36.7,41.6,38.2,45.6,45.7,50.8,50.7,55.4,58.2,57.4,53.3,45.5,50.1,56.9,55.1,57.4,64.2,58.4,55.6,40.9,37.4,31,34.7,31.9,30.5,26.3,36.9,28.4,17.6,8.9,0,0
4054,토요일,3,330,교대,하선,14.3,25.8,21.8,17.3,18.7,29.5,30.9,30.2,32.5,30.2,31.4,31.6,38.8,35.4,37.1,40.3,31.3,39.7,37.6,38.6,39.6,36.5,46.3,43.2,44.6,37.1,32.4,29.4,26,26.3,29.1,24.2,24.4,29.3,23.5,18.1,13.1,0,0
4055,토요일,3,331,남부터미널,상선,6.1,8.1,9.3,11,13.7,20.1,26,30,32.3,33.5,36.5,42.1,44.4,41.2,48.9,52.1,44.5,43.1,37.1,41.9,44.5,46.6,48.4,55.3,48,43.2,31.3,30.6,24.8,28.3,23.7,26.3,21.8,31.9,21.5,14.2,6.3,0,0
4056,토요일,3,331,남부터미널,하선,12.1,19.2,17.5,13.2,15.3,21.8,26.1,24.9,24.7,22.4,23.9,26.1,30.8,27.4,29.6,31.1,24.7,30.2,29.1,31.2,31.8,29.2,37.6,38.5,37.3,30.6,27.4,26.2,22.7,24,27,23.7,21.3,29.6,21.3,16.1,12.9,0,0
4057,토요일,3,332,양재,상선,5.6,8.2,9.1,10.5,13.5,19.3,23.9,27.4,28.5,29.9,32,35.4,36.8,34.8,40.3,44.6,37.2,35,29.6,34.7,35.9,38.2,39,40.8,37.9,33.2,24.6,20.2,18.2,20.6,17.4,20.7,16.1,21.3,18.4,11.8,5.7,0,0
4058,토요일,3,332,양재,하선,7.9,14.3,8.8,8.6,10.2,16.8,20.3,17.5,18.3,15.9,16.4,16.4,22.5,19.8,25.2,25.9,20.5,20.2,24.1,24.2,25.7,28,24.9,31.7,31,26.3,23.1,21.6,19.5,19.8,20.6,19.4,17.8,24.5,16.7,12.6,12.8,1.6,0
4059,토요일,3,333,매봉,상선,6.4,7.6,10.1,10.5,12.5,19,22.8,24.9,25.8,28.1,27.1,32.8,29.9,28.6,34.6,37.7,29.6,25.7,22.9,24.3,28,27.2,28.4,31.5,31.4,25.5,16.5,13,11.2,13.6,11.7,13.2,12,18.4,13.7,8.7,4.8,0,0
4060,토요일,3,333,매봉,하선,7.9,13.1,8.2,7.9,9.6,15.4,18.1,15.3,17.1,15.5,15.1,15.8,21.7,19.3,23.8,25.2,19.2,19.5,23.1,23.6,24.7,27.3,23.8,30.2,29.2,25,21.6,21,18.7,19.2,19.7,18.6,17,23.9,17.7,13,10.6,1.2,0
4061,토요일,3,334,도곡,상선,6.3,7.1,9.7,10,12.1,18.6,22.8,24.4,25.3,26.8,26.2,31,27.2,27.1,33.7,35.7,28.4,23.7,21.4,22.7,26.8,25,26.7,30.1,30.5,24.5,15.6,12.1,10.6,13,10.2,11.7,10.5,19.5,13.2,8.3,4.5,0,0
4062,토요일,3,334,도곡,하선,7.2,11.3,7.4,6.8,8.4,13.8,15.6,13,14.5,13.2,13.3,12.4,18.2,17,20.8,22.4,16,17.3,19.4,19.9,20.6,23.3,19.9,24.7,24.9,20.6,20.3,17.4,15.5,16.2,15.4,16.1,15.6,19.6,14.3,11.3,9.3,0,0
4063,토요일,3,335,대치,상선,5.9,5.8,8.3,8.8,11,16.2,19.7,20.7,22.2,23,23,26.1,23.5,22.9,29.1,31.3,23.6,19,17.7,19,22.9,21.4,22.4,27,25.7,20.2,13.2,9.8,8.7,10.4,8.5,9.9,8.6,17.2,10.3,6.7,4.6,0,0
4064,토요일,3,335,대치,하선,7.6,10.1,6.6,6.3,7.1,8.8,11.7,10.3,11.4,9.8,11.4,10.7,15.9,15.2,16.1,17.3,15.3,16,17.2,17.2,20.9,20.1,18.5,25.8,20.8,18.6,19,16.8,14.2,15.4,14.7,15.9,13.8,23,13.7,10.5,8.2,0,0
4065,토요일,3,336,학여울,상선,4.8,5.9,7.8,8.1,10.7,14.8,20.1,20.1,21.7,22.1,21.4,23.8,21.8,19.6,25.9,26.4,21.7,16.4,15.5,16.8,20.5,18.8,19.9,20.5,20.3,16.4,10.9,7.8,7.3,7.9,7.4,7.7,5.8,6.6,6.9,5.6,4.9,0,0
4066,토요일,3,336,학여울,하선,7.9,10.3,7,6.4,6.9,8.6,10.7,8.9,9.2,9.3,10.4,10,15.1,14.3,15,15.8,13.7,15.3,15.8,16.2,19.7,19.7,18.1,26.1,21.1,18.9,19,16.5,13.9,15.3,14.5,15.8,13.5,22.7,13.4,10.4,7.9,0,0
4067,토요일,3,337,대청,상선,4.9,7,7.1,8.4,10.7,16.3,20.9,19.9,20.8,22.4,22,22.8,20.3,22.6,24.2,25.2,19.7,15,14.6,18,17.4,19.1,18,17.2,18.4,13,9.6,6.8,7.8,7.8,7.3,7.6,5.7,6.4,6.9,5.5,5,0,0
4068,토요일,3,337,대청,하선,8.3,10.1,6.5,6.2,6.5,7.7,9.9,8.6,8.7,9,9.7,10,14.2,13.7,14,14.3,12.3,14.2,14.4,15.1,18.3,17.5,16.6,24.1,19.1,17.1,16.8,14.5,12.3,13.4,12.8,13.6,11.7,19,11.5,8.1,8.3,2.1,0
4069,토요일,3,338,일원,상선,4.3,6.4,6.3,7.2,9.3,14.2,18.8,17.4,18.7,20.1,19.7,20.1,17.7,20,21.4,22.5,17.1,12.4,13.2,16.3,16.2,17.3,16.5,15.8,16.4,11.9,9.2,6.3,7.4,7.3,7.5,7,5.5,6.2,6.9,5.1,5.5,0,0
4070,토요일,3,338,일원,하선,8.3,8.9,4.9,5.1,5.6,6.9,9.3,8.3,8.3,7.9,9.3,8.6,13.4,13.5,12.4,13.8,11.5,11.9,14.2,14.2,16.5,16.7,17.7,19.4,19,17,14.6,12.8,12.6,10.9,11.3,13.2,10.4,15.7,12.1,6.8,7.4,1.8,0
4071,토요일,3,339,수서,상선,5.2,5.3,6.1,7.3,8.9,15,17,17.1,16.9,18,17.5,17.6,15.3,18.6,19.8,19.5,14.5,11.5,12.1,14.3,15,14.5,14.8,14,13.6,11.6,7.9,6.2,7.6,7.5,7.1,5.6,5.9,6.6,7.1,4.9,5.4,0,0
4072,토요일,3,339,수서,하선,7.6,6.9,4,4.2,5.6,7,8.4,8.2,7.2,8.6,9.3,9.8,12.9,13.9,12.7,14.7,10.9,10.3,13.4,12.7,15.7,17.2,16.4,18.9,16.9,14.8,13.1,10.7,11.5,8.5,9.3,12.3,9.2,13.1,11.1,5.8,7.2,0,0
4073,토요일,3,340,가락시장,상선,9.1,15.2,7.2,6.9,8.7,14.3,16.3,20.8,15.7,15,14.7,14,14.3,20.2,16.5,16.8,13.4,10.6,12,13.2,12.5,12.8,13.8,12.4,13.3,11,8.6,6.4,7.3,8.9,6.6,7,11,9.8,5,4.1,5.1,0,0
4074,토요일,3,340,가락시장,하선,0,5,3.2,3.4,3.9,5.3,5,4.2,4.9,5,4.4,5.5,7.6,6.7,7.5,8.8,6.3,5.4,8.5,7.3,8.8,11.7,9.9,11.2,12.8,9.4,9,7.4,7.2,7.1,10.4,8.9,8.9,11,9,8.8,6.9,0,0
4075,토요일,3,341,경찰병원,상선,7,9.9,4.9,5,6.4,9.1,10.7,12.5,10.1,9.4,8.9,8.7,8.7,12.3,11.3,11.4,8.3,6.7,6.7,7.9,7.3,7.6,7.7,7.3,8.1,5.8,4.4,3.2,4,3.6,2.9,3.4,7.9,6.6,2.8,2,0,0,0
4076,토요일,3,341,경찰병원,하선,0,4,2.4,3,2.9,4.3,3.8,3.7,4,4.1,4.1,4.1,5.8,6.1,5.3,6.2,5.9,4.7,5.6,6.6,7.5,8.5,8.8,9.7,10.1,6.7,7.3,5.8,5.5,5.4,7.7,6.1,6.8,8.6,7.1,6.1,4.9,0,0
4077,토요일,3,342,오금,상선,5.6,8.7,3.9,4.1,5,7.3,8.8,9,7.9,7.2,6.6,6.4,7.2,9.5,8.9,8.9,6.1,5.6,5.2,6.3,5.5,6.2,6.1,6.1,6.5,3.6,3.7,2.7,3.2,2.5,2.3,3.3,8.2,6,2.5,1.7,0,0,0
4078,토요일,3,342,오금,하선,0,0,0,0,0,0,0,0,0,0,0,0,0,0,0,0,0,0,0,0,0,0,0,0,0,0,0,0,0,0,0,0,0,0,0,0,0,0,0
4079,토요일,4,409,당고개,상선,0.3,4.9,2.5,1.6,2.8,1.1,3.5,3.2,1.8,3.4,5.2,3.1,3.2,3.9,3,1.6,3.8,4.3,1.8,4.5,5.2,3.4,5.1,3.9,8.8,6.2,5.1,7.6,3.7,3.2,9,4.9,6.4,4.5,5.1,8,4.5,0,0
4080,토요일,4,409,당고개,하선,5,3.5,3,5.5,7.4,11.8,12.7,9.8,12.3,14.3,9.5,13.5,8.3,7.2,9.3,9.7,7.7,10.1,8.3,8.6,6.5,9.9,5.7,8.4,10.4,5.5,6.6,4.8,2.7,3.6,3.2,1.9,1.8,2.8,2.7,3,0,0,0
4081,토요일,4,410,상계,상선,0,7.8,4.1,3,4.1,4.8,5.2,5.3,7.3,5,6.5,5.6,5.1,5.2,4.4,5.3,4.4,5.5,5.6,6.8,6.3,7.6,7.6,9.6,8,10.1,8.8,8,8.7,9,8.9,9.9,8.8,9.1,8.5,7,6.2,0,0
4082,토요일,4,410,상계,하선,9.5,6.7,6.8,10.2,12.2,19.4,20.2,17.9,21,20.3,19.3,20.4,13.9,16.1,14.6,16.3,13.3,16.1,12.6,12.5,12,12.8,11.5,13.4,14.1,11.5,9.3,8.8,4.9,4.6,5.2,4.4,3.5,5.9,5.8,5.6,0,0,0
4083,토요일,4,411,노원,상선,0,10.2,5.5,4.3,6.6,8.6,10.7,8.9,11.7,7.7,10.2,8.3,8.4,8.7,8.2,8.9,7.5,9.1,8.5,11.3,11,12.7,12.9,15.2,13.6,16.5,14.7,13.1,14,14.3,14.7,16.2,15.2,14.5,13.4,10.7,10.9,0,0
4084,토요일,4,411,노원,하선,11.2,9,9.7,14.4,16.7,24.8,25.7,24.4,26.5,26.1,27,28,18.8,25.1,24.3,22.6,19.7,21.9,19.1,16.3,18.6,18.6,19,19.1,18.4,16.8,14.3,13.3,9,8.9,12,10.4,8.7,12.5,12.6,13.4,0,0,0
4085,토요일,4,412,창동,상선,0,14.9,8.1,6.1,9.8,13.1,16.9,15.3,19.1,12.6,17.8,14.9,14.8,15,15.2,15.4,13.1,16,16,14.9,20.8,21.6,21.5,25.2,21.8,23.8,25.9,20.2,21.4,21.6,22,21.9,21.6,21.1,18.9,16.6,15.2,10.7,0
4086,토요일,4,412,창동,하선,19.5,16.2,14.3,19.3,27.8,36.5,38,41,43.6,37.1,44.5,40.2,33.8,36.4,36.1,32.7,28.3,33.8,27.2,24.5,28.2,27.8,29.8,27.6,25.3,28.4,19.1,18.8,13.5,11.3,14.3,13.5,12.6,14,16.2,14.3,18.4,0,0
4087,토요일,4,413,쌍문,상선,0,21.4,12.3,10.4,14.7,19.5,21.1,24.2,24.9,19.2,22.5,21.9,20.6,21.2,20.8,20.1,20.9,22.3,24.1,23,28.4,30.8,32,36.5,31.7,34.1,36.4,30.9,33.9,33,33.5,36.7,32.8,33.9,28.8,28.9,24.5,0,0
4088,토요일,4,413,쌍문,하선,26.4,21.2,18.8,25.2,35.6,44.5,46.7,51.8,52.9,46.6,52,49.4,39.1,41.8,43.6,37.7,31.8,38.5,30.2,29,30.9,31.7,32.3,30.2,26.3,29.9,19.9,18.6,13.4,11.7,14.3,13.7,12.2,13.6,14.9,13.3,16.9,0,0
4089,토요일,4,414,수유,상선,25.7,17.4,13.2,10.3,14.8,18.9,21.2,23.1,22.7,19.1,22.1,21.8,22.1,20.1,22.1,20.6,23.9,22.9,25,30,32.2,35.6,36.9,42,38.3,40.5,41.8,36.9,40.7,39.8,41.5,44.8,40.7,41.3,35.8,36.2,31.2,0,0
4090,토요일,4,414,수유,하선,34.6,25.3,24,28.5,38.5,49,57.8,58.4,61.9,54.1,58.5,58.8,45.3,50.1,46.3,43,37.8,40.9,40.4,31.9,31.9,35.5,38.7,32.5,28.7,32.1,21.2,20.5,14.9,12,15.1,13.7,12.6,14,16.2,13.8,14.8,0,0
4091,토요일,4,415,미아,상선,21.8,16.2,12.6,10.7,14.2,19.6,19.4,24,21.4,20.2,20.2,24,24.2,21.1,22.9,22.8,26.6,24.9,27.9,33.1,37.6,36.3,47.2,47.9,44.6,46.7,46.4,44.7,49.4,48.1,49.6,53.4,48.4,49.9,43.7,43.4,39.7,0,0
4092,토요일,4,415,미아,하선,38.1,26.9,25.8,30.6,41.2,52.1,59.9,61.1,64.6,57.3,61.4,61.8,50.9,49.7,49.3,45.4,40.2,43,42.4,33.6,33.7,37.3,40.2,34.5,33.5,33.7,21.9,21,15.5,12.6,15.4,13.8,12.7,13.9,15.9,13.6,13.8,0,0
4093,토요일,4,416,미아사거리,상선,19.9,16.7,12.9,10.8,13.7,19.9,20.5,25.3,21.8,21.4,21.2,25.1,25.5,22.3,21.8,27,28.3,25.6,32.1,31.6,40,37.4,49.4,49.9,45.3,52.2,47.5,48.1,51.8,51.6,53.1,56.9,50.7,50.6,44.1,46.4,42.9,0,0
4094,토요일,4,416,미아사거리,하선,42.6,29.5,28.1,33.5,45.2,57,64.8,67,68.2,62.8,66.1,66.9,54.9,50,57.4,47.7,47.8,45,44.6,38.3,39.3,37.7,44,38.5,36.3,33.9,23.7,21.4,16.2,13,16,14.1,12.6,14.1,15.5,14.3,11.4,0,0
4095,토요일,4,417,길음,상선,17.2,16.6,13.3,10.8,13.9,19.5,20.1,25,22.2,22.1,21.9,26.6,23.1,25.3,22.4,28.6,30.5,26.6,36.4,33.4,44.6,43.2,53.5,53.2,50.2,57.5,51.9,53.1,56.3,55.6,56.2,62.3,55.9,55.6,48.6,50.5,47.8,0,0
4096,토요일,4,417,길음,하선,52.6,31.1,30,33.8,45.3,59.8,64.3,76.7,72.4,67.8,68.8,75.9,64.3,52.2,61.9,52.6,51,47.6,48.1,41.2,42.1,41.1,47.1,41.4,41.4,34.7,26.6,22.4,17.3,14,16.3,14.6,12.4,13.3,15.1,13.8,10.2,0,0
4097,토요일,4,418,성신여대입구,상선,14,17.7,11,11.1,14.2,20.9,22.2,24.6,23.2,21.2,26.5,26.1,26.3,26.4,25.7,30.1,33.2,31.6,36.9,34.9,43.2,50.7,50.8,65.1,53.9,60.7,54.8,60.4,55,64.4,63.3,63,62.9,60.9,54.4,53,52.8,0,0
4098,토요일,4,418,성신여대입구,하선,56.1,34.4,32.8,37.2,49,64,67.7,84.1,78.5,75.8,75.5,83.9,74.4,61.5,72,59.9,60,51.1,57.4,45.4,48.7,51,48.8,47.7,47,40.2,31.1,24.5,19.2,16.1,18.8,17.5,14.2,16.1,18.9,16.7,11,0,0
4099,토요일,4,419,한성대입구,상선,12.8,18.5,12.1,12.2,15.2,25.1,29.9,27.7,26.1,23.7,29.2,28.2,28.6,27,27.7,32.2,36.7,34.6,41.4,41.2,46.7,51.7,60.2,70.6,59.7,68,62.7,67.4,61.9,71.3,71.1,69.8,69.6,66.9,60.1,59.6,58.6,0,0
4100,토요일,4,419,한성대입구,하선,44.8,35.2,33.6,37.9,50.5,65.5,69.4,86.6,80.5,78.7,77.2,86.9,76.9,64,75.3,62.5,62.8,54,61.3,48.4,51.7,55.1,52.2,52.4,49.7,44.3,33.9,26.5,21.5,18.8,20.2,19.4,15.5,18,21.1,21.6,11.8,0,0
4101,토요일,4,420,혜화,상선,12.4,20.7,12.7,12.8,15.9,29,28.6,29.5,29.3,26.2,31,33.5,30.6,28.8,32.5,32.1,39.7,36.8,44.1,43.5,49.4,54.3,63.7,73.9,64.4,69.3,65.7,69.9,63.8,73.2,73.4,71.2,71.7,68.7,62.2,62.1,48.4,0,0
4102,토요일,4,420,혜화,하선,49.7,35.3,33.3,38.6,45.7,66.8,67.2,82.8,80.7,78.2,78.1,86.3,76.2,65.5,77.2,63.4,64.4,52.6,66,52.2,62.5,58.4,65.3,67,63.6,60.3,46.2,35.5,36.5,29.4,41.9,44.8,34,32.6,37.4,43.1,18.1,0,0
4103,토요일,4,421,동대문,상선,15,23.2,14.6,14.1,19.1,34.2,31.9,38.2,33.2,38,37.3,44.1,38.6,45.9,49.5,47.7,61.4,53.9,55.8,59.5,64.8,63.7,75.1,75.9,77.6,77.3,63.9,78.2,63.8,69.5,68.4,74.7,64.6,70.5,58.8,61.1,51.2,0,0
4104,토요일,4,421,동대문,하선,50.5,34.5,32.5,37.2,44.5,64.6,65.8,80.8,78.9,74.3,75.7,83.2,75.1,65.1,76.2,65,65.8,54.3,67.9,54.2,65.1,60.4,67.1,70.7,66.3,63.6,50,38.8,39.8,33.4,39.8,45.8,36.1,33.9,38.7,45.2,19.9,0,0
4105,토요일,4,422,동대문역사문화공원,상선,14.1,22.1,15,14.8,20.3,35.2,34.3,40.7,38.3,42.6,43.2,49.4,43.2,49.7,53.5,49.6,64.1,55.3,58,60.3,65.5,62.6,74.8,74.8,76.4,76,63.3,77.5,62.6,67.8,68,74.3,63.1,69.5,57.2,64.7,52.3,0,0
4106,토요일,4,422,동대문역사문화공원,하선,38.8,27.4,24.9,30.6,33.8,50.1,52.3,64.5,64.5,61.6,63.8,66.6,62,51.5,58.1,49.1,54.5,46,55.3,43.4,55.2,50.9,51.2,61.8,54.8,53.4,44.2,34.8,36.2,28.6,36.1,41.2,34.8,30.2,32.9,35.8,18.4,0,0
4107,토요일,4,423,충무로,상선,11.8,15.4,10,13.4,15.2,30.2,28.5,36.1,33.8,39.7,40.8,39.6,44.8,43.2,46.1,44,47.4,47,53.8,47.8,56.9,55.6,61.2,60.9,61.1,62.7,51.8,60,48.8,52.6,50.6,54.8,46.6,48.9,40.3,46.8,36.9,0,0
4108,토요일,4,423,충무로,하선,35.5,22.4,21,23.6,28.1,34.7,43.5,49.6,57.6,53.1,58,60,62.8,48.1,48.4,50.9,51.3,45.8,55.6,47.3,47.6,53,53.1,57.3,55.4,56.3,49.6,36.6,39.6,32.5,35.7,43.8,35.2,32.6,32.1,35.4,18.7,0,0
4109,토요일,4,424,명동,상선,10.1,15,9.9,12.7,16,28.7,30,39,37.9,42.7,43.8,42.4,47.1,44.1,48.6,44.6,47,47.2,51,47.9,57.9,53.4,61.6,59.4,55.9,57.6,50.5,52.6,45,46.7,45.5,46.1,42.3,41,37.4,40.8,36.3,0,0
4110,토요일,4,424,명동,하선,33.8,20.8,18.8,21.2,25.1,32,38.1,45.1,50.6,49.1,49.5,52.2,54,42.9,43,44.9,45.5,41.1,50.1,43.6,44.8,49.2,49.7,54.1,52,53,45.8,36.9,38.2,32.7,37.8,45.7,36.4,36.1,36.3,39.9,18.8,0,0
4111,토요일,4,425,회현,상선,10.3,17,10.8,13.8,16.6,30,32.3,38.7,38.3,43.7,46.8,44.9,52.4,46.8,51.4,45.9,48.4,46.1,50.3,47,56,51.6,58.8,56.9,53.9,52.6,46.9,46.1,40,39.5,38.6,38.8,34.9,31.7,29.9,32.7,32.9,0,0
4112,토요일,4,425,회현,하선,19.1,24,17.2,19.5,22.4,28.5,32,38,40.5,40.3,38.9,42.8,44.7,35.6,39.9,40.1,42.7,37,47.4,45.5,46.5,51.9,51.7,61.9,53.8,54.1,48.5,40.2,40.2,34.9,42.6,47.2,36.9,36.1,36.4,45.7,20.7,0,0
4113,토요일,4,426,서울역,상선,9.8,17.6,9.9,14.8,17.4,30.7,35.4,42.3,43.4,48.2,52.9,54.4,52.4,52.2,51.2,44.4,51,46.8,40.6,46.8,48.9,48,52.4,48.5,45.3,48.8,42.5,41.6,36.6,35.7,32.1,36.6,34.2,30.7,31.3,29.9,33,0,0
4114,토요일,4,426,서울역,하선,16.8,15.1,9.9,10,11.8,18.5,20.9,27.2,26,30.1,29.1,30.7,32.9,26.5,29.9,29.8,31.7,27.7,33.5,34.4,34.5,38.9,40.5,46.6,41.6,37.4,42.3,29.9,32.9,27.3,28,33.3,29.5,26.6,27.2,36.5,24.9,0,0
4115,토요일,4,427,숙대입구,상선,10.8,18.3,9,12,16,22.2,25.1,31,30.4,36.6,37.9,39.3,38.1,37.9,34.2,35.3,37.8,35.5,35,34.6,37.3,34,40.7,39.4,36.8,35.4,33.5,30.6,26.1,23.3,25.1,24.6,24.6,24.6,23,22.1,20.2,0,0
4116,토요일,4,427,숙대입구,하선,19.2,15.1,10,9.9,11.6,17.4,19.9,27,25.9,30.1,28.7,30.3,32,26.3,29.3,29.2,31.9,29.5,31.1,34.3,34.3,38.1,40.6,48.8,41.3,37.9,42.2,29.9,33,27,27.9,33.2,29.4,26.6,25.3,34.3,23.5,0,0
4117,토요일,4,428,삼각지,상선,8.9,17.7,8.7,11.8,15.9,22.7,24.6,31.2,29.1,35.6,36.8,41.3,35.4,35.3,33.9,36.9,34.1,34,36,34.2,34.8,36.3,35.7,35.6,35.2,34.1,32.5,29.6,25.5,22,23.9,23.1,23.4,23.5,21.8,20.5,21.3,0,0
4118,토요일,4,428,삼각지,하선,28.4,18,11.3,11.3,13.2,20.1,22.7,30.1,29.1,31.6,30.5,31,33.6,27.3,31.4,28.8,33.5,31.2,30.6,35.6,33.8,40.8,38.9,51.2,45.8,39.6,44.6,30.9,35.1,29.1,30.8,36.4,32.9,31.6,28.9,39.8,27.5,0,0
4119,토요일,4,429,신용산,상선,8.8,18.8,9.3,12.1,16.8,23.1,26.3,32.5,30.1,38.2,39.4,44.6,39.4,39,38.5,40.2,38.5,37.5,39,37.3,38.9,39.6,39,38.8,39.1,38.3,36.8,32.1,27.1,24.1,26,24.4,24.9,25.3,22.4,22.7,23.5,0,0
4120,토요일,4,429,신용산,하선,28.6,17.3,11.2,9.2,11,17,19.2,26.6,29.6,26.5,26.5,30.7,29.4,25.5,28.3,26,29.5,28.7,28.5,34.8,31.4,40.6,37.1,48.5,44.7,41.3,42.5,32.5,36.9,31.6,30.7,37.9,37.1,34,30.8,42.3,28.1,0,0
4121,토요일,4,430,이촌,상선,8.7,16.8,10.2,14.4,16.5,28.9,26.4,33.9,32.7,35.9,45.2,47.1,40.7,40.6,40.7,41.8,39.7,39.2,38.9,38.8,36.5,40.4,37.8,36.9,38.3,35.5,37.5,29.9,21.7,21.9,23.2,20.9,20.9,20,20.6,21.3,21.8,0,0
4122,토요일,4,430,이촌,하선,32,17.7,12.6,10.6,12.7,18.9,22.8,30.3,33.2,31.3,30,35.6,33.9,28.9,28.8,29.6,29,31.6,30.1,35.8,35.4,41.2,43.6,51.9,47.8,45.9,47,34.3,38.7,33.3,33.1,40.4,39.2,36.6,35.9,39.7,33.3,0,0
4123,토요일,4,431,동작,상선,9.8,19.6,11.5,15.9,18.7,31.4,29.4,34,39.6,38.4,49.3,48.3,43.3,43.5,45,47.6,39.2,43.3,41.3,43.8,36.5,42.8,38.9,37.5,43.8,37.3,39.1,31.6,24,24.6,25.5,22.2,23.4,22.2,23.5,24.3,24.6,0,0
4124,토요일,4,431,동작,하선,0,22.7,14.3,10.6,12.8,18.5,21.4,30.3,37.4,31.6,32.1,33.5,36,32.1,28.2,30.1,28.2,32.4,29.8,37.6,34.7,41.1,43.8,52.5,48.3,44.9,49.6,38.3,36.7,36.5,35,43.7,40.9,39.6,39.5,41,35.7,0,0
4125,토요일,4,432,총신대입구,상선,18.5,15.2,15,15,24.5,32.7,29.7,40.1,36.6,47.2,49.9,47.3,45.3,43.7,44.3,48.7,38.4,49.6,37.7,43.3,38.6,40.8,44.6,36.5,43.4,41.1,38.2,30.6,27,22.2,25.1,25.6,20.7,24.4,22.5,24.7,24.3,0,0
4126,토요일,4,432,총신대입구,하선,0,26,16,13.4,14.9,21.3,25,36,43.7,36.5,36.1,37.9,39.6,37.4,30.7,32.4,29.3,37.3,31.2,37.1,36.3,44.6,42.4,48.6,48.9,46.9,50.1,39.2,37.5,37.9,38.4,49,43.8,41.7,41,45.7,34.7,0,0
4127,토요일,4,433,사당,상선,19.9,15.3,16.5,14.9,24.5,37.7,31.7,45.9,35.4,50.4,56.9,44.9,51,41.8,45.1,53.2,37.3,52.9,42.2,40,44.2,41.6,46.1,41.5,49.5,55.2,38.1,34.2,32.3,21.9,26.7,28.3,22.5,26.2,26.3,23.3,24.9,0,0
4128,토요일,4,433,사당,하선,15.3,14.9,11.3,8.5,12.8,22.3,20,44.2,36.9,38.5,42.4,26.5,37.8,30.8,20.7,32.9,21.2,36.6,26.6,27.9,34.7,31,33.3,43.5,30.1,40.3,37,28.3,36.2,34.2,28.6,42.3,31.8,44.6,24.8,31.6,36.2,20.6,0
4129,토요일,4,434,남태령,상선,45.1,29.3,29,30.9,35.4,45.1,70.6,65.8,80.8,76.6,98.8,81.9,73.6,72.5,69.9,68.2,69.2,68,58.4,67.9,68.3,73.6,75.5,80.3,66.2,87.8,92.3,47.7,41.7,33.3,26.8,30,33.5,28.8,31.6,18.3,8.7,0,0
4130,토요일,4,434,남태령,하선,15.3,29.4,19.2,19.6,21,26.6,43.8,69,89.2,64.5,70.1,68.1,63.5,61.3,44.4,46.6,51.5,53.3,47,55.9,61.1,60.6,57.9,71.4,56.4,54,75,56.4,52.1,57,57,57.9,79.2,70.5,60,63.1,71.8,20.4,0
4131,토요일,5,2511,방화,상선,0,0,0,0,0,0,0,0,0,0,0,0,0,0,0,0,0,0,0,0,0,0,0,0,0,0,0,0,0,0,0,0,0,0,0,0,0,0,0
4132,토요일,5,2511,방화,하선,2.5,1.6,2.1,2.5,2.8,3.2,3.9,4.1,3.8,3.9,3.9,4.2,4.4,4.6,4.6,4.6,4.7,6.2,4.6,4.9,3.7,3.6,3.7,3.2,2.9,2.6,2,1.8,1.5,1.4,0.9,1.2,0.8,1,0.6,0.7,0.6,0,0
4133,토요일,5,2512,개화산,상선,2.4,1.7,1.1,1.2,1.5,2.4,3.7,3.3,3.9,3,3.3,2.8,2.5,2.4,2.8,2.9,3.4,2.5,2.8,3.5,3.7,3.8,3.9,3.5,3.5,3.6,3.1,3.5,3.1,3.2,3.3,3.3,2.8,2.6,2.8,2.2,2,2.6,0
4134,토요일,5,2512,개화산,하선,4.7,3,3.4,4,4.8,5.8,7.4,6.9,6.8,6.6,6.4,7.2,7.2,7.8,7,7.8,7.1,8.2,7.3,7.4,6.3,6.2,6.4,5.8,5.2,4.6,3.4,3.6,2.6,2.6,1.8,2.5,1.9,2.1,1.2,1.5,1,0,0
4135,토요일,5,2513,김포공항,상선,4.3,3.2,2.6,2.1,2.8,4.4,4.9,4.2,5.3,4.4,4.9,4.4,4.6,5.2,4.5,5,5.4,4.5,5.3,5.3,5.8,6,6.5,6,6.3,6.4,5.6,5.8,5.6,5.7,5.6,5.7,4.3,4.3,4.7,3.7,4.1,5.2,0
4136,토요일,5,2513,김포공항,하선,3.2,5.5,4.7,6.1,7.2,11.8,15.4,14.1,13.3,14.9,14,16.4,15,14.6,16.4,16.8,15.9,17.5,16.4,17.7,15.9,17.2,16.8,17.6,16.2,15,12,12.3,8.5,9.2,9.5,8,9,9.9,8.9,8.8,6.4,0,0
4137,토요일,5,2514,송정,상선,25.1,11.6,8.8,7.3,8.2,10.4,11.1,11.4,12.4,12.2,13.6,12.9,13,12.8,13.1,15.9,15.4,14.6,15,14.2,15.1,16.5,15.7,15.8,16,14.2,12.4,12.1,10.6,10.9,10.2,10.7,8.9,8.7,7.1,5.7,4.7,4.7,0
4138,토요일,5,2514,송정,하선,4.7,6.2,5.1,6.9,7.8,13.9,18.1,16.1,16.5,17.3,17.5,18.8,17.7,16.6,18.8,19.5,17.4,17.5,19.2,19.3,18.8,18.3,19.4,18.5,17.2,17.1,12.8,13,9.3,9.4,9.7,9.2,9.2,9.7,9.3,9.1,6.8,0,0
4139,토요일,5,2515,마곡,상선,26.8,12.3,8.4,7.8,8.9,11,11.7,12.4,12.7,12.6,14,13.2,13.7,13.6,14.1,17.1,16.2,16.1,15.9,15.4,17.1,19,17.7,17.9,18.1,15.6,14.4,13.6,12.4,12.9,12.6,12.8,11,10.4,8.7,6.9,6.7,5.7,0
4140,토요일,5,2515,마곡,하선,6,6.2,5.7,7.6,9.3,15.5,18.4,19.3,18.2,18.8,19,19.9,21.1,19.3,21.7,22.1,19.9,20.7,21.9,23.1,22.7,23.7,22.6,21.1,18.2,19.3,14.1,14.6,11.6,12.4,10.6,10.7,10.5,10.7,10.6,9.8,7.5,0,0
4141,토요일,5,2516,발산,상선,33.2,19.3,10.6,9.5,10.1,12.6,13.8,14,14.8,14.3,15.1,15.4,15.6,15.7,16.2,19.3,18,17.5,17.9,17.4,19.1,20.9,20.8,22.1,21.2,18,16.4,15.1,14,14.3,14,13.3,13.2,11.9,10.1,7.7,9,7.2,0
4142,토요일,5,2516,발산,하선,7.1,6.3,6.4,8.7,11.1,18.8,17.3,20.5,18.9,20.1,21.9,21.8,23.2,24.5,25.9,29.5,24.1,28.6,26.8,30.2,29.6,32.8,29.3,28.3,24,25.5,21,18.8,16.1,17,15.1,16,14.8,18,15.7,14.1,9.1,0,0
4143,토요일,5,2517,우장산,상선,34.7,21.1,12.7,10.9,12.5,16.6,19.5,18.9,21,21.1,23.4,23.6,24.1,22.8,23.2,26.1,24.5,22.2,23.3,23.4,23.3,25.6,28.2,28.7,27.4,23.6,22.4,19.7,17.5,16,17.4,15.6,14.8,16.2,12,10.7,10.2,0,0
4144,토요일,5,2517,우장산,하선,10.2,8.2,7.7,11.3,15,21.1,21.6,26.5,23.2,25.3,25.9,27.6,28.7,29.6,31.1,34.2,28.1,33.3,30,32.7,32.6,34.4,31.5,30.6,26.1,28.2,21.7,19.4,16.4,16.6,14.5,16.4,15.5,17.6,15.4,13.9,9,0,0
4145,토요일,5,2518,화곡,상선,32.2,20.8,12.7,11.3,13.8,17.5,21,21.1,21.8,22.1,23.7,24.2,23.6,25.6,24.7,28,25.9,24.8,25.2,25.9,26.3,30,31.7,34.1,32.1,27.4,26.9,23.7,22.4,19.6,21.4,18.6,19.6,20.4,16,14.5,13.8,0,0
4146,토요일,5,2518,화곡,하선,15,12.7,12.2,18.1,23,31.4,32.8,38.9,33.7,35.5,38,37.2,41.2,40.8,42.7,43.9,35.4,42.7,36,41.3,38.4,40.3,38.7,36.4,30.8,31,24.4,22.2,17.9,17.1,15.2,17.2,15.7,17.1,15.3,14,5.3,0,0
4147,토요일,5,2519,까치산,상선,24.4,19,12,12,14.3,20.6,19.3,21.1,23.1,22.4,24.8,24.2,24.7,25.5,29.8,29.5,30.7,28.6,29.2,32.2,33,37.5,40.1,42.9,42.8,36.7,35,35,30.8,30.2,32.1,30.5,28.9,30.9,24.8,23.8,23.5,17.1,0
4148,토요일,5,2519,까치산,하선,22,14.8,15.2,21.5,25.9,33.8,39.9,45.8,38.8,40.1,43.1,41.8,44.5,46.9,45.3,45,38.1,40.3,36.4,39.5,37.1,39.1,37.8,35,30.3,28.2,22.7,19.3,15.6,14.6,13.6,15.5,12,13.9,13.2,11.2,9.1,0,0
4149,토요일,5,2520,신정,상선,15.6,14.4,10.3,9.5,10.5,15,15.5,16.4,17.9,18.3,21.2,21.4,21.1,22.8,27,26.1,27.2,29.9,29.4,30.8,37.2,38.6,41.3,45.3,45.6,37.9,38.9,40.7,34.4,34.2,38.6,36.6,37.5,33.8,30,31.1,28.6,24.4,0
4150,토요일,5,2520,신정,하선,27.6,17.4,17.6,24,28.1,38.7,45.2,52.7,45.3,45,48.1,47.7,47.2,51.3,49.1,50.2,41.4,43.8,39.6,41.7,38.9,41.2,40,36.6,32.3,30.2,23.4,19.6,16.1,14.4,13,15.5,11.9,13.6,12.7,10.5,7.8,0,0
4151,토요일,5,2521,목동,상선,13.6,13.7,10.4,8.8,10.2,14.8,15.1,15.9,17.1,18.1,21.2,21.2,22.5,22.3,27.8,26.7,28.2,31.2,31.5,32.5,39.4,41.6,44.6,50.8,49.1,42.7,39.9,44.6,37.8,37.7,42,40.7,41.7,37.7,33.9,34.8,33.3,30.7,0
4152,토요일,5,2521,목동,하선,30.8,19.1,19.9,26.2,31.8,43.4,48.8,55.3,49.7,51.7,52.2,52.6,52,58.4,55.1,55.2,47.3,48.6,43.3,44.1,44.8,46,43,42.1,34.9,32.5,24.9,21,17.8,15.9,14.6,17,12.3,15.8,13.7,11.2,7.3,0,0
4153,토요일,5,2522,오목교,상선,12.1,13.6,10.6,9.5,11.1,15.7,17.3,16.4,21.3,19.2,21.2,25.6,24.4,23.6,29.8,29.1,31.8,34.1,35.3,36.6,42.8,48.7,50.2,58.2,52.7,47.9,46,51.2,41.3,44,47.1,45.4,47,40.6,39.2,40.6,39.1,37.8,0
4154,토요일,5,2522,오목교,하선,35.5,20.4,20.8,26.3,32.6,43.7,46.7,55.6,49.9,52.5,55.1,56.1,57.4,69.3,62.9,60.9,52.6,54.3,49.7,49.4,49.3,51.9,50.2,47.8,40.2,37.6,29.3,25.6,20.6,19.1,20.8,21.7,15,20.1,16.5,13.1,9.4,0,0
4155,토요일,5,2523,양평,상선,11.7,14.9,10,11.2,13.2,20.2,29.9,23.2,26.8,23.6,25.4,29,28.6,29.4,31.9,33.6,37.5,35.6,38.7,41.8,47.4,51.4,58.4,63.4,58.7,52.1,50.8,55.4,44.7,46.1,49.1,48.8,48.6,42,41.9,44.9,42.8,0,0
4156,토요일,5,2523,양평,하선,36.4,21.1,20.8,27.1,33.9,44.6,48.2,57.6,51.5,54.2,57.1,57.3,59.3,71.5,65.4,59.9,58.2,55.9,52,50.6,51,55.2,51.9,49.8,43,38.8,30.1,26.9,21.7,19.8,21.1,21.5,17.1,20.5,16.8,13,9.4,0,0
4157,토요일,5,2524,영등포구청,상선,12.4,16.3,10.2,11.4,13.7,20.3,28.4,23.9,27.2,23.4,25.9,26.9,31.6,29.8,32.9,34.7,39,36.7,40,43.4,50.4,52.6,59.3,64.6,57.2,57.2,52.6,54.1,47.6,47.2,50.8,50.5,47.9,45.5,46.4,44.1,44.9,0,0
4158,토요일,5,2524,영등포구청,하선,27.8,16.4,17.1,21.3,26.4,34.3,36.4,42.9,41.6,42,45.5,43.5,44.9,57.5,52.1,48.6,44.4,44.3,42.4,40.1,39.6,42.2,40.6,37.3,33.4,29.3,24.4,21.1,16.9,14.8,15.6,15,12.7,14.8,12.7,10,6.9,0,0
4159,토요일,5,2525,영등포시장,상선,6.8,11,7.3,8,10.2,15.8,20.2,16.7,18.9,19.5,18.1,19.9,23.9,24.7,26.4,26.8,30.2,30.4,32.6,34.9,40,43.1,48.7,53.6,49.1,46.2,43.5,42,37.6,37.4,41.1,42,39.2,36.8,36.6,34.7,34.6,0,0
4160,토요일,5,2525,영등포시장,하선,28.5,16.6,16.8,21,26.6,34.6,35.1,41.8,39.6,40.1,45.1,43.2,43.3,56.4,51.1,47.6,43.5,45.3,42.9,40,43,45.7,42.8,40.1,35.3,31.3,25.9,23.1,18.5,16,17.6,17,13.7,14.9,13,10.5,6.7,0,0
4161,토요일,5,2526,신길,상선,7.7,10.7,7.8,8.9,10.4,18.3,19.7,18.6,20.2,20.7,21.9,20.6,26.8,27.2,29.6,31.1,33.3,32.2,34.3,36.1,40,42.3,48.8,50.3,49.3,44.4,43.3,41.2,39.7,34.9,41.6,42.3,40.9,39.6,35.1,36.7,37,0,0
4162,토요일,5,2526,신길,하선,33.8,20.8,17.3,21.1,27.7,38.2,37.4,45,44.6,42.9,50.4,49.4,48,59.7,59.9,53.7,50.3,48.9,50.3,44.1,48.2,54.1,49.4,47.3,40.5,35.9,31,25.7,20.4,17.7,18.3,17.9,14.2,15.6,13.9,10.8,6.5,0,0
4163,토요일,5,2527,여의도,상선,6.5,10.9,8.2,9.5,11.1,17.8,19,19.1,20.5,21.5,21.8,23.6,26.3,28.6,32.1,33.2,32.9,36.2,37.7,39.6,44.4,51.7,52.7,57.1,54.2,49.9,47.3,46.9,46.9,45.3,50.8,53,50.5,48.5,41.7,41.6,25.9,0,0
4164,토요일,5,2527,여의도,하선,31.2,17.8,13.8,16.3,23.1,32.4,30.1,40.5,37.1,38.5,44.7,43.7,44.3,56.3,57.8,53.6,48.9,48.9,47.9,47.3,48.2,55.6,54.2,49.7,50.3,43.3,37.6,31.1,26.2,23.3,24.7,23.2,18.5,20.6,17,14.4,8.7,0,0
4165,토요일,5,2528,여의나루,상선,8.8,12.2,10.1,11.2,13.1,19.5,19.9,20.9,23.1,23.3,24.4,28.2,29.8,30.6,33.8,34.8,33.7,37.1,36.9,41.3,48.7,52,54,55.4,53.5,46.2,45,45.1,42.4,42.3,47.7,47.9,47,45.2,40.1,41.6,23.2,0,0
4166,토요일,5,2528,여의나루,하선,30.2,17.6,13.5,15.4,19.4,30.3,29,38.2,35.7,34,42,43,43,49.3,54.4,51.1,43.7,45.5,43.1,42.7,43.7,50.8,50.4,45.3,47.3,43,40.1,34.3,31.8,31.2,34.7,33.3,26.8,31.9,25.7,22,12.2,0,0
4167,토요일,5,2529,마포,상선,8.7,12.3,10.8,12.4,14.8,22.1,21.8,25.3,24.6,27.9,29.8,32.7,33.7,36.4,39.5,40,42,43.3,43.9,49.4,58,58,62.9,64.5,56.3,49.4,47,42.1,35.9,33.6,37.3,36.3,34.9,30,31.2,31.3,21.4,0,0
4168,토요일,5,2529,마포,하선,29.5,16.5,13.3,14.6,19.1,29.9,28.2,36.9,36,35.1,42.7,43.5,43.5,50.5,53.7,52.3,46.1,45.6,44,44.6,42.9,52.9,50,45.5,46.5,43.2,39.8,34.5,31.4,31.3,33.4,33.7,26.3,30.2,28.2,23,11.6,0,0
4169,토요일,5,2530,공덕,상선,7.4,13.2,11.3,12.3,15,21.1,22.8,25.2,24.4,27.7,29.2,32.5,33.7,36.7,39.9,39,41.7,43,43.6,50.8,58,57.9,65,64.8,57.2,50.4,48,40.6,36.8,35.5,35.4,36.1,34.6,29.9,31.5,31.5,22.8,0,0
4170,토요일,5,2530,공덕,하선,24.9,15.7,12.2,14.4,18.3,28.9,29,37.9,36.4,35.9,43.3,45.5,44.8,50.9,53.5,51.9,47.6,45,44.6,41.1,41.5,47.7,46.6,43.6,41.2,37.6,33.1,29.5,27.7,24.6,27.5,27.8,22.6,23.7,23.1,20.3,8.3,0,0
4171,토요일,5,2531,애오개,상선,8.3,13,9.9,11.5,14.6,18.4,19.3,22.7,22.7,25.3,26.1,27.6,31,33.3,35.1,35.8,38,39,41.2,49.4,56.8,55.1,64,62.3,53.1,47,44.8,39.2,33.1,34.6,34.1,36.6,33.7,29.8,32.1,29.4,21.5,0,0
4172,토요일,5,2531,애오개,하선,18.9,15.3,12.8,14.4,17.5,27.5,29.1,35.5,38.8,37.2,41.6,46.2,46.2,50,54.1,52.3,48.5,39.4,49.4,41.5,42.2,46.5,47.8,43.4,41,36.8,33.3,29.1,26.9,24.1,27.4,27.5,21.9,22.9,22.2,21.5,8.9,0,0
4173,토요일,5,2532,충정로,상선,11.1,12.5,9.1,11,14.1,18.9,18.8,21.7,22.3,24.2,25.4,26.5,31.4,31.7,34.1,34.9,37.6,38.2,42.1,49.1,54.4,57.1,64.3,61.9,53,47.4,44.5,39.4,33.4,34.9,32.4,40.4,34.3,30.6,32.7,30.5,22.3,5.5,0
4174,토요일,5,2532,충정로,하선,19.3,15.3,12.8,14,17.1,27,29.8,32.5,38.2,36.4,40.6,45.9,45.1,49.3,53.5,52.2,48.6,38.6,48.3,40.7,40.9,45.7,46.4,42,40.9,36.1,31.6,28,25.4,23.1,26.6,26.5,20.9,22.2,20.9,20.9,10.7,0,0
4175,토요일,5,2533,서대문,상선,10.7,12.2,9,10.7,13.8,19.5,17.1,21.1,21.9,23.6,23.4,28.3,30.6,31.2,33.3,33.4,37.9,37.2,42.4,47.8,53.8,55.5,62.7,59.1,51.9,46.1,42.6,38.5,31.5,35.4,31.5,37.6,34.9,30.3,32.6,29,18.8,7.4,0
4176,토요일,5,2533,서대문,하선,20.6,15.2,12.6,13.1,15.7,26.2,27.9,31.9,37.5,34.6,39.2,45.5,44.4,47.3,53.1,51.7,48.6,40.5,50.8,42.3,42.7,46.5,50,43.9,41.8,37.9,34.4,28.2,26.5,22.9,26.7,26.6,20.7,22.4,21.2,19.9,10.3,0,0
4177,토요일,5,2534,광화문,상선,10.1,12.7,9.6,11.1,15.5,20.9,18.6,21.7,23.6,25.6,24.8,29.1,31.4,32.6,34.4,34.1,38.8,36.3,42.1,46.7,52.5,56,61.4,57.5,50.5,44.5,41.6,38.1,31.4,34.2,31.3,37,35.2,30.3,33,29.8,16.7,0,0
4178,토요일,5,2534,광화문,하선,19.5,11.6,10.1,11.3,13.5,22.2,24.3,27.8,29.3,28.7,31.5,36.1,36.1,38.8,41.9,43.6,41.1,40.3,49.9,49.3,51.4,52.6,62.4,49.3,46.4,43.5,39.5,34.2,33.5,30.2,36.6,39.4,34.6,27.8,33,24.2,11.2,0,0
4179,토요일,5,2535,종로3가,상선,12.3,16,13,13.8,19.4,24.5,23.5,26.8,30,32.2,34.5,39.2,42.5,43.2,52,54.4,49.5,42.3,47.8,48,49,52,56.3,55,49.4,43.4,38.8,30.8,25.7,26.7,23.6,23.7,24,24.7,23.5,26,16,0,0
4180,토요일,5,2535,종로3가,하선,6.5,14.9,9.6,10.4,12.8,17.5,19.9,21.5,21,21.2,23.4,26.6,25.1,29.8,32.9,32.2,33.2,36.2,36.4,46.1,45.3,51.7,59.6,49.3,44.5,43.2,41.1,37,34.9,32.1,37.1,41.3,37.2,32.2,36.1,30.4,16.2,0,0
4181,토요일,5,2536,을지로4가,상선,11.3,16.1,13.1,14,20,25.5,26.1,31.9,34.5,35.2,42.5,42.1,45.3,49.1,53.4,52.3,46.7,41.7,43.8,42.8,44.9,46.9,52.1,46.7,42.9,36.4,33.3,25,21.1,21.7,17.5,20.7,18.8,20.2,20.4,20.1,12.3,0,0
4182,토요일,5,2536,을지로4가,하선,7.2,14.1,9,9.5,12.3,16.1,18.1,19.7,19.6,19.3,20.8,22.7,23.7,25,30,28.2,30,33,32.7,41.9,42.8,47.4,56.2,46.6,42.9,39.2,39.3,34.3,34,30.1,36.1,39.9,35.8,31.2,33.5,29.7,16,0,0
4183,토요일,5,2537,동대문역사문화공원,상선,11.2,16,13,14.6,20.4,25.5,26.2,31.6,33,35.5,40.5,40.7,42.4,47.5,50.8,49.4,42.1,38.8,40.2,39.3,40,44.1,46.3,40.5,37,30.5,27.9,20.8,17.9,18,14.8,17.1,15.5,18.4,17,19.8,10.5,0,0
4184,토요일,5,2537,동대문역사문화공원,하선,11.3,16.2,9.6,9.8,12.7,15.2,18.2,20.4,20.6,20.1,20,22,22.2,25.7,29.5,29.2,30.2,33.5,36.7,42.3,44.6,52.2,60.8,51.6,47.4,42.4,42.9,36.9,36.1,33.1,38.5,41.9,36.2,34.6,35.4,31,18.3,0,0
4185,토요일,5,2538,청구,상선,13.3,17.1,14.4,16.9,21.5,30.9,30.8,36,40,41.4,46,46,48.5,52.2,52.6,53.7,49.4,43.7,41.1,39.7,42.2,44.8,44.9,40.3,37.3,30.8,27.7,19.7,18.5,16.9,15,17.6,17,24,18.9,17.8,9.4,0,0
4186,토요일,5,2538,청구,하선,17.5,21.5,11.6,11.6,13.8,18.7,21.2,24,23.2,22.3,23.5,25.8,24.4,27.9,31.1,33.2,33.1,37.1,40,45.8,48.3,56.1,65.5,57,50.5,47.1,46.4,36.2,41.3,35.2,40.3,45.5,39.7,40.1,38.9,36.6,25.3,3.5,0
4187,토요일,5,2539,신금호,상선,15.4,16.2,16.2,18.2,22.8,33.5,35.3,41,42.7,45.4,50.3,52.8,52.6,57.8,58,58.5,53.2,49.2,46.7,45.3,48.8,50.4,49.7,46,42.6,36.4,29.3,24.5,22,19,17,21,20.2,26.5,22.3,19.9,12.9,0,0
4188,토요일,5,2539,신금호,하선,19.4,21.8,12,11.7,13.9,19.4,21.3,24.2,24,22.5,24.1,25.8,25.7,28.2,31.5,34.4,35.5,34.7,39.9,46.1,46.5,53.4,65.3,56.2,48.9,47.2,45.1,35.6,40.3,35.8,37.2,44.6,40.1,38.1,37.9,35.5,24.1,2.8,0
4189,토요일,5,2540,행당,상선,14.4,15.8,16,17.6,22.5,34.3,33.1,40,42.3,44.6,49.5,51.8,52,56,58.9,57.6,52.5,48.8,46.4,45,48.4,50,50.3,46.3,43.1,37.2,29.3,24.5,22.3,19.3,17.7,20.1,22.3,27.2,23.1,21,13.4,0,0
4190,토요일,5,2540,행당,하선,21.9,23,12.5,12.1,14,19.3,22.4,25,24.7,24,26.3,26.2,27.6,28,33.1,35.6,35.8,35.2,37.6,46.8,45.9,53.3,64.3,56.9,48.3,46,45.2,35.8,39,34.9,36.1,45.1,38.3,36.8,36.9,36,24.9,2.3,0
4191,토요일,5,2541,왕십리,상선,13.5,15.3,15.7,18,21.6,33.1,32,40.8,41,42.9,47.7,51.1,48.7,54,56.5,56.1,50.8,48.9,45.6,43.9,48.8,49.7,50.3,46.1,42,37.6,30,25.4,23.1,19.4,18.7,21.1,25,26.9,24.3,22.2,9.6,0,0
4192,토요일,5,2541,왕십리,하선,15.3,26.7,13.9,13.5,15.8,21.2,24.6,28.4,27.9,26.1,29.6,29.1,32.3,32.9,37.8,40.5,42.6,42.9,45.7,55.7,56.7,61.3,76,68.9,61.2,54.7,58.5,46.6,50.8,47,48.3,58.6,50.2,52.9,50.5,45.1,35.1,0,0
4193,토요일,5,2542,마장,상선,24.2,20.3,19.1,24.8,30.8,44.1,43.1,54.1,54.4,55.3,62,65.4,60.2,65.8,69.4,69.4,63.4,61.2,54.5,55,57.9,60.3,59,56.2,49.3,44.1,33.6,29.8,23.7,21.6,20.8,24,28.9,30.9,25.6,24.5,11.8,0,0
4194,토요일,5,2542,마장,하선,8,26,13.8,13.7,15.8,20.6,24.7,28.4,27.9,26.1,29,29,31.6,32,37.6,39.5,42.3,41.1,45.9,54.9,56.1,60.6,72.5,71,59.3,53.9,56.8,50.1,45.3,46.4,49,54.2,49.3,51.7,49.6,44.5,33.9,0,0
4195,토요일,5,2543,답십리,상선,23.6,19.6,19.4,24.4,30.1,43.3,42.2,53.1,52.5,54.5,60.7,64.7,60.7,63.2,68.2,68.6,59.4,59.8,53.4,54.3,56,60.8,58.6,54.6,48.1,41.2,34.2,29.4,21.6,22,20.5,24.1,28.9,31,26.8,22.3,12,0,0
4196,토요일,5,2543,답십리,하선,13.9,28.4,15,14.2,16.3,22.1,25.8,29.4,29.5,26.8,30.2,29,32.4,32.6,37.9,39.3,39.6,42.6,45.5,50.5,58.2,60,69.7,69.9,58.2,52.4,55.2,48.1,43.7,42.9,46.7,51.1,47.4,47.8,47.2,42.3,37.7,6.2,0
4197,토요일,5,2544,장한평,상선,20,19.5,18.3,24.1,28.5,40.2,40.2,49.6,50.2,50.8,58.2,61.6,57.9,63.5,62.9,66,57.4,57.4,51.8,51.5,54.3,59,56.4,52.9,47.6,40.7,34.6,27.9,22.3,22.6,20.5,27.6,28.8,31.1,27.7,20.5,12.7,0,0
4198,토요일,5,2544,장한평,하선,20.3,27.8,14.9,14.6,16.4,22.9,26.8,30.6,31,27.3,29.2,30,32.3,32.8,36.6,38.2,40.6,42.5,48.6,48,55.4,62.7,69.3,68.2,60.8,51.8,56.3,48.2,41.6,41.4,43.6,47.1,45.8,44.4,44.8,33.2,41.6,4.9,0
4199,토요일,5,2545,군자,상선,17.9,19.3,19.5,23,28.2,41.5,40.2,46.4,49,53.4,55.5,58.9,56.7,61.4,61.5,63.6,56.1,53.5,50.2,51.1,50.3,56.1,55.2,50.9,44.4,41.9,35.2,26.2,23,22.7,21.5,30.9,30,33.4,29.8,21.7,15.1,0,0
4200,토요일,5,2545,군자,하선,19.4,38.9,21.8,21.5,21.7,34.2,37.7,42.8,44.3,39.1,38.1,42.5,43.4,44.6,50.8,48.5,52.4,50,59.8,58.2,66.4,72.5,84.7,75.7,71.4,58.1,63.7,51.1,50,46.5,52.2,58.4,51.1,49.6,47.6,44.9,47.2,0,0
4201,토요일,5,2546,아차산,상선,26.5,22.5,21.7,26.4,33.1,49,50.2,57.9,56,62.9,62.8,68.3,68.6,68.6,69.3,74.6,64.3,63.3,61.8,62.1,63.2,73.2,71.8,62.3,56.9,53.6,44.3,37.4,33,26.4,27.8,36.9,38.8,43.1,37.3,25.5,17.9,4.2,0
4202,토요일,5,2546,아차산,하선,22,38.7,21.5,21.7,21.9,34.9,35.7,41.5,39.8,37.8,34.6,35.8,41.8,42.1,47.9,45.8,49.8,47.9,58.3,56.3,64.4,69.8,81.2,73.6,69.5,58.1,60.8,49.8,48,48.7,45.4,55.9,49.6,46.3,45,42.6,44.5,0,0
4203,토요일,5,2547,광나루,상선,23.9,19,19.8,24.7,31.8,47.4,45.9,54.3,55.7,62.2,62.1,66.8,66.5,64.6,69,71.2,59.3,61.4,58,58.1,59.5,72.2,63.1,58.6,54.7,51.2,40.3,36.4,31.4,25.4,27.1,35.3,40.5,42.5,37.4,25.2,13.9,0,0
4204,토요일,5,2547,광나루,하선,21.8,45.3,21.3,21.1,21.7,33,34.9,39.8,37.1,35.3,34,34,40.5,40.8,44.8,43,50.1,47.4,58.9,56.2,64.2,70.6,80.6,77.4,65.7,57.8,61.9,47.8,46.8,47.1,44.2,52.5,50.3,44.3,43,41.2,47.9,12.4,0
4205,토요일,5,2548,천호,상선,23.3,18.3,19.2,23.7,33.6,46.5,44.7,55.6,56.2,60.1,63.6,65.5,63.3,62.2,67.1,69.4,57.9,61,52.8,54.6,58.9,67.5,56.8,58.7,53.4,47.8,39.5,36.2,29.3,24.4,26,37.4,44.5,37.3,32.6,23.4,14.2,0,0
4206,토요일,5,2548,천호,하선,17.7,36.7,16.6,17.1,17.2,25.3,28,30.6,27.7,27.5,30,27.1,34.9,34.9,38.9,35.9,45.3,39.1,51.1,48.4,56.3,61,67.8,73.9,53.3,54.6,57.6,44.1,39,44.8,40.5,41.5,46.5,46.2,35.2,34.4,39.5,9.3,0
4207,토요일,5,2549,강동(하남),상선,21.4,17.4,16.4,22.7,33.7,42.4,41.2,58,51.6,53,64.5,58.7,53.1,61.5,65.9,57.8,57.8,58.5,47.7,47.2,56.9,59.1,49,56.5,44.1,36.5,32.7,30.4,21.2,18.6,19.4,33.2,40,31.9,30.6,17.3,8.2,0,0
4208,토요일,5,2549,강동(하남),하선,7,20.1,15.5,19.7,19.2,30.7,32.4,34.4,26.1,29.2,31.2,29.7,34.7,36.8,41,39.2,46.1,42.4,53.2,49.8,57.7,66.3,65.2,73.9,49.1,51.1,57.5,44.2,38.6,38.4,44.2,39.5,45.3,44.8,33.4,30.9,34.7,6.4,0
4209,토요일,5,2550,길동,상선,31.8,25.5,26,34.1,48,62.9,66.8,74.1,74.3,80.1,82.2,80.3,80.5,81.2,80.1,82.8,72,75.6,66,66.3,66.8,74.7,72.2,66.5,52.7,48.7,40.7,34.1,29.8,24.4,19.3,24.6,22,22.4,24.1,16.2,10.1,2.6,0
4210,토요일,5,2550,길동,하선,11.2,11.5,25.2,23.6,16.7,31.8,33.2,35.1,32.4,30.5,34.3,33.9,38.9,37.7,41.6,41.3,48.9,45.5,58.4,50.4,54.1,73.4,64.8,73,72.9,72.7,66.4,60.2,56.7,49.8,53.5,60.6,59.2,53.7,45.4,39,61,12.6,0
4211,토요일,5,2551,굽은다리,상선,28.3,23.1,23,31.7,44.9,58.4,63.6,71.4,71.7,73.5,77.1,75,75.5,75.8,75.2,74.8,66.3,68.9,60.5,61.8,59.8,70.3,67.2,61.8,49,45.3,38,30.6,26.6,22.5,18.1,22.3,19.7,24.3,22.1,15.4,6.8,0,0
4212,토요일,5,2551,굽은다리,하선,11.8,11.3,23.5,17.6,20.7,29.8,30.6,29.3,33.6,27.7,31.6,30.1,34.8,34.7,37.7,36.8,43.9,44.9,45.5,44.7,46.4,60.3,57.8,65.1,64.9,63.5,58.4,53.1,50.8,45.5,44.6,54.2,53.7,44.2,45.4,33.4,56.3,9.8,0
4213,토요일,5,2552,명일,상선,22.5,18.6,19.6,29.3,40.2,50.9,57.3,63.4,64.8,65.1,72,67.8,66.6,67.8,67.4,65.1,58.7,60.5,54.2,55,55.4,64.5,60.5,54.8,44.1,38.2,36.5,27.3,24.5,19.9,16.6,20.8,18,22.6,21.5,14.3,7,0,0
4214,토요일,5,2552,명일,하선,12.5,11.3,22.3,18.2,21.8,25.4,28.7,28.9,32.2,26.6,29.7,31.3,28.9,31.3,34,35.5,39.8,41.5,40.2,42,42.8,55,52.3,57.4,54.9,60.4,52.6,48.6,46.8,42.2,40.9,49.3,48.2,40.4,41.8,43.9,33.3,7.9,0
4215,토요일,5,2553,고덕,상선,21.1,13.8,22.1,25.8,36.7,46.4,55.2,57,60,59.7,66,59.6,60.2,61.5,61.9,56.8,52.5,56.1,48.5,52.7,50.1,61.1,55.8,52.3,40.7,36.5,33.4,25.5,21,19.7,16.1,19.9,16.6,22.2,18.2,13.9,7.1,0,0
4216,토요일,5,2553,고덕,하선,9.2,8.4,14,15.6,17.8,17.6,23.6,25.8,30,23.3,26,26.4,26.1,27.7,30.5,31.1,34.3,37.9,34.2,38.5,38.3,50.4,47.9,51.6,48.6,54.3,46.8,44,42.1,37.3,36.9,43.8,44.4,37.3,41.9,33.9,29.9,5.8,0
4217,토요일,5,2554,상일동,상선,14.5,15.9,20.5,23.3,32.9,42.9,51.2,52.3,53.6,56,59.1,54.1,51.8,53.7,53.1,49.7,45.5,49.7,42.5,46.1,42.3,49.9,45.7,44.2,35,29.9,29.5,22,19.1,17.2,14.8,17.2,14.2,18.6,17.7,12.7,7.4,0,0
4218,토요일,5,2554,상일동,하선,7.9,6.9,10.3,13.2,14.6,15.1,20.9,22.5,27,19.7,23.4,23.6,23.1,22.8,25.8,24.3,26.8,30.6,27.5,31.3,31.5,38.6,36.4,40.7,37.6,42,38.6,33.9,31.7,29.4,27.3,31.7,33,26.5,29.7,25.9,20,0,0
4219,토요일,5,2562,강일,상선,26.4,22.7,16.3,17.5,25.2,34.4,38.4,40.1,39,41.6,43.4,40,38.4,40.7,39.3,37,34.7,37.7,30.5,35.3,35,38.3,36.9,35.5,28.8,23.6,25.4,18.9,15.6,15.8,14.9,16.8,13.8,17.7,17.8,11.1,5.4,0,0
4220,토요일,5,2562,강일,하선,7.2,7.6,7.7,12.1,12.4,14.2,19.4,21.9,24.8,18.2,21.2,21,21.8,20.5,23.8,22.3,23.9,27.8,24.6,28.5,27.5,34,32.4,34,32.3,36.7,33.7,29.8,27.6,25.3,23.7,28,27.5,23.8,25,21.9,35.4,0,0
4221,토요일,5,2563,미사,상선,22.8,18.4,13.8,14.3,19.9,28.7,32.2,34,31.4,34.2,33.8,34.6,32,34.2,34.3,32.4,30.9,33.4,26.5,30.8,30.9,34.2,33.2,29.4,26.8,21.2,22.5,16.8,15.3,15,14.9,16.4,13.8,17.4,17.8,11.5,5.7,0,0
4222,토요일,5,2563,미사,하선,6.4,5.1,5.2,9,8.4,11.7,11.7,15,17.3,11.3,14.4,14.3,14.3,13.8,14.7,13.1,15.4,16.8,16.1,18.5,17,20.6,19.2,17,19.1,21.5,18.8,16.4,15.4,12.4,13.1,15.5,15.4,13.4,14.1,12.1,20.1,0,0
4223,토요일,5,2564,하남풍산,상선,14.8,11.4,9,9.3,12,16.2,20,21.1,19.6,20.8,18.7,21.1,19.3,20.2,20.7,20.1,19.3,21.1,17.8,20,18.4,20.5,20.9,17.8,18.4,14.7,15.2,13,9.7,10,8.5,11.7,9,9.7,6.8,5,2.3,0,0
4224,토요일,5,2564,하남풍산,하선,0,4.9,4.3,6.1,7,10.6,9.7,11.8,14.8,10,11.9,12.1,13,12.5,12,11.6,13.2,13.9,14,16.1,14.6,17.2,16.2,14.4,16,18.1,16.3,15.2,12.4,10.9,11.9,12.1,13.1,11,11.2,10.1,16.2,0,0
4225,토요일,5,2565,하남시청,상선,13.3,10.1,7.3,9,10.7,13.7,16.9,17.5,16.8,17.4,16,17.8,16.5,17.9,17.6,17.5,15.8,18.8,15.9,16.6,15.2,16.7,18.2,14.7,15.1,13.9,12.2,12.3,8,9.4,7.2,9.8,7.3,9,5.5,4.9,1.9,0,0
4226,토요일,5,2565,하남시청,하선,0,2.3,2.1,3.7,4.9,5.4,5.4,8,10.1,7.8,7.8,7.6,7,7.5,8,6.8,7.1,7.8,7.6,7.7,7.2,6.9,8.2,6.4,6.5,6.8,7.4,6.8,4.9,5.1,4.8,5.4,5.5,5,5.1,4.2,0,3.3,0
4227,토요일,5,2566,하남검단산,상선,7.2,3.7,2.5,3.4,4.7,6.2,8.3,7.8,8,8,7.8,8.1,7.2,9.2,8.2,7.6,8.2,10,8,8.4,7.7,8.7,11.1,8.2,9.1,8,7,5.8,4,5.2,3.9,4.5,3.4,6,3.6,2.5,0.9,0,0
4228,토요일,5,2566,하남검단산,하선,0,0,0,0,0,0,0,0,0,0,0,0,0,0,0,0,0,0,0,0,0,0,0,0,0,0,0,0,0,0,0,0,0,0,0,0,0,0,0
4229,토요일,5,9005,강동(마천),상선,0,0,0,0,0,0,0,0,0,0,0,0,0,0,0,0,0,0,0,0,0,0,0,0,0,0,0,0,0,0,0,0,0,0,0,0,0,0,0
4230,토요일,5,9005,강동(마천),하선,6.9,25.5,16.5,20.3,26.6,38,36.6,40.3,25.7,35.7,29.8,33,39,43.2,44.8,49,53.3,44.9,62,59.9,75.2,69.4,82.2,87.3,38,44.5,41.1,40,32.1,33.5,29.7,30.1,34.8,32.3,23.5,24.6,27.9,0,0
4231,토요일,5,2555,둔촌동,상선,15.7,13.5,16.8,20.7,23.3,36,34.7,45.1,43.1,54.7,47.5,47.6,46.6,53.9,52.6,58.6,53,48.5,42.8,50.4,49.1,58.3,51.1,52.7,48.5,46.4,37.7,28.6,24.9,22.3,24.3,60.4,95.2,62.6,62.9,29.3,12.9,0,0
4232,토요일,5,2555,둔촌동,하선,9.7,18.9,13.6,19.2,26.3,34.6,38.9,38.4,23.8,35,28.6,30.9,36.3,39,42.1,43.9,48.1,44,54.6,58.1,69.9,66.8,77.2,82.6,34.5,40.5,36.5,37.3,26.2,32.5,25.9,25.6,30.4,28.2,20.8,22.7,24.6,0,0
4233,토요일,5,2556,올림픽공원(한국체대),상선,13.5,16.2,16.5,19.3,23.6,34.6,32.1,40.1,40.7,50,42.7,44.4,44.3,49.5,50.3,53.2,49.8,42.7,38.5,44.9,42.4,50.1,44.8,46.7,44.4,43.5,35.8,25.9,22.5,20.8,38.1,53.3,95.1,60.3,59.9,29.4,12.4,0,0
4234,토요일,5,2556,올림픽공원(한국체대),하선,8.2,13.9,11.8,16,24.1,26.7,31.2,30.3,18,24.3,23.9,23.4,29.1,29.6,33,33.4,36.9,31.3,37.4,36,41,37.9,43.6,48.2,28.6,44.7,35.3,37.9,27.1,32.7,26.4,32.2,48.6,32.8,21.6,22.5,24,0,0
4235,토요일,5,2557,방이,상선,15.4,13.9,15.3,21.5,24.1,37.2,33.8,40.8,44.2,49.6,46.3,44.7,44.8,48,49.2,52.6,48.8,40.5,37,40.7,42.1,48.4,45.3,45.3,35.8,34.9,29.5,20.5,17.7,16.7,17.7,19,16.1,28.5,21.8,15.5,6.2,0,0
4236,토요일,5,2557,방이,하선,8.7,12.7,10.8,14.4,22.2,24.9,27.9,25,15.2,22.3,21.5,21.4,26.3,26.7,27.2,30.4,30.7,27.8,30.7,30.4,34.9,33.8,37.1,42.4,24.2,38.4,29.5,34,23.5,28.7,26.7,30,53.2,34.7,20.9,20,20.7,0,0
4237,토요일,5,2558,오금,상선,13.8,12.6,14,19.7,20.6,33.3,31.3,37.2,40.5,43.9,40.2,40.4,41.9,41.7,48.3,48.2,45.6,34.8,32.9,36.1,38.9,43.3,41.1,40.6,31.9,29.8,24.1,18.4,15.4,14.9,15,14,11.8,17.6,17.9,12.8,5.4,0,0
4238,토요일,5,2558,오금,하선,3.6,7.5,6.2,8,11.5,13.7,19.2,16.4,11.1,15.4,14.2,15.9,20,17.9,20.5,22.6,25.2,21,26.8,25.3,30.6,30.9,33.3,34.6,29.1,33.5,27.7,32.5,23,29.1,25.2,28.9,33.3,29.6,19.2,21.2,22.3,0,0
4239,토요일,5,2559,개롱,상선,19.3,13.1,15,18.6,24.3,34,33.8,38.8,39.2,39.2,37.5,36.8,36.8,36.4,36.7,37.6,34.2,29.6,24.7,28.7,29.4,31.4,26.4,25.8,24.1,18.2,15.5,13.1,10,8.7,8.3,8.1,7.6,8.6,7.6,5.4,1.4,0,0
4240,토요일,5,2559,개롱,하선,2.8,5.8,4.6,5.7,7.9,9.9,12.6,11.4,10.1,11.7,10.1,11,14.9,12.6,14.5,15.9,17.4,13.9,17.2,18,26.1,20.3,24.3,24.9,21.9,25.4,20.7,23.8,17.2,22.1,18.5,19.4,24.3,20.2,16.7,15.9,16.6,0,0
4241,토요일,5,2560,거여,상선,15.2,10.4,11.5,15.2,19.1,25.8,25.7,29.9,30.3,29.2,27.2,27.9,27,26.4,27,27.7,25.5,22.8,17.9,21.2,20.9,21,19.3,17.5,16.4,12.6,10.8,9.8,7.6,6.1,6.3,5.1,5.6,7.6,5.6,3.7,1,0,0
4242,토요일,5,2560,거여,하선,1,2.5,2.1,2.5,3,3.6,6.3,6.1,5.9,5.7,4.7,5.7,6.1,5.1,5.9,7.1,7.7,5.4,5.9,7.5,12.1,9,10.3,10.7,9,10.3,9.3,11.2,7.5,8.8,7.4,8.1,9.9,8.4,7.5,6.6,6.4,4.6,0
4243,토요일,5,2561,마천,상선,8.4,4.7,6.6,8,9.3,12.3,11.4,13.8,12.2,13,11,10.6,10.5,10.4,9.4,11.3,8.9,9.5,8.3,9.1,9,9.1,7.5,7.2,7.3,5.6,3.5,4.4,3.2,1.9,2.4,2,1.9,2.1,2.2,1.8,0.3,0,0
4244,토요일,5,2561,마천,하선,0,0,0,0,0,0,0,0,0,0,0,0,0,0,0,0,0,0,0,0,0,0,0,0,0,0,0,0,0,0,0,0,0,0,0,0,0,0,0
4245,토요일,6,9006,응암S,하선,7.2,9.5,8.8,9.5,13.1,19.1,23.4,24.4,25.5,19.5,23,21.3,23.7,23.8,23.6,22.9,23.4,21.4,22.9,22.2,24.5,24,26.8,27.6,29,25.1,21.3,24,20.1,20.6,17.9,20.6,23.7,20.3,20.4,18.1,13.9,0,0
4246,토요일,6,2612,역촌,하선,8.2,9.1,9,10.4,14.5,20.4,24.4,26.1,27.2,21.4,24.2,22.2,23.8,23.8,24.7,23.2,24.5,21.8,24.6,22.8,24.3,24,25.8,25.6,26.8,23.3,19.8,21.7,18.5,18.4,16.3,18.3,21,18,17.4,15,12.6,0,0
4247,토요일,6,2613,불광,하선,4.7,3.4,4.3,4.6,6.3,8.8,10.7,11,11.9,11.1,12.6,12.2,13.1,13.1,13,13.9,13.6,14.5,16.8,14.7,15.8,18.3,17,18.8,18.4,16.3,14.7,16.4,13.8,13.5,11.1,11.4,13.4,11.3,10.5,10.5,7.4,0,0
4248,토요일,6,2614,독바위,하선,4.6,3.8,4.7,5.3,7.1,9.8,11,12,11.9,11.5,12.8,13.1,14,14.5,14.6,14.2,14.1,15.8,16.2,14.5,16.1,18.1,16.6,18.5,17.2,15.7,13.5,14.9,11.9,12.2,9.9,10,12,9.9,9.4,9,5.4,0,0
4249,토요일,6,2615,연신내,하선,9,6.4,7.6,9.1,12.8,16.6,18.7,22.3,19.9,20.6,22.4,24.4,24,25.2,27.1,27.7,25.2,28.2,27.8,27.4,30.3,34,29.1,34.1,27.8,25.3,23,20.2,15.6,17.6,14.5,13.9,14.1,14,11.3,9.8,5.3,0,0
4250,토요일,6,2616,구산,하선,13.4,9,8.6,11.3,16.4,20.5,21.5,26.5,24.2,26.8,24.8,28.3,26.8,27.8,29.7,31.7,28,32.7,31.8,29.3,31.2,34.4,31.9,34.6,27.4,24,21.9,19.1,14.8,15.7,13.6,12,11.3,12.3,8.3,7.7,3.5,0,0
4251,토요일,6,2611,응암,상선,10.8,9.5,8.8,7.1,17.4,19.1,17.6,32.5,25.5,14.6,30.7,21.3,17.8,31.7,23.6,17.2,31.2,21.4,17.2,29.5,24.5,18,35.7,27.6,21.8,33.4,21.3,18,26.8,20.6,13.5,27.5,23.7,20.3,20.4,18.1,13.9,0,0
4252,토요일,6,2611,응암,하선,22.2,13.2,11.4,15.3,21,26.7,29.2,33,32.8,34,31.4,32.9,33,31.3,35.7,36.6,34.4,35.1,35.7,31.5,33.8,38.6,37.7,34.4,28.9,25.9,21.8,19.2,15.2,15.9,13.7,13.4,10.8,12.3,8.5,6.5,4.1,0,0
4253,토요일,6,2617,새절,상선,8.3,9.9,8.3,10.1,12.3,16.8,21,23.2,24.1,19.3,20.5,20.2,21.8,23.6,22.9,23.6,23.2,22.3,22.9,25,27.8,29.4,34,35.7,35.9,32.2,29.3,31.9,26.3,27.7,24.5,28.6,33.9,28.4,29.2,25.7,21.3,12.6,0
4254,토요일,6,2617,새절,하선,20.6,16,14.3,18.1,26.1,33.1,35.7,39.9,39.1,41.1,37.4,38.6,38.5,36.4,41.5,41.3,37.9,38.6,39.7,35.2,36.2,42.9,41,37.3,31.5,27.1,23.6,20.9,15.6,17.4,14.6,13.9,10.9,12.7,9.5,7.1,3.7,0,0
4255,토요일,6,2618,증산,상선,7.5,10.2,8.3,10.9,11.9,17.7,20.4,23.5,22.3,19.8,20.8,21.1,22.9,24.4,24.2,24.8,25.8,24.9,26,26.9,32.4,35.1,39.5,42.8,40.5,38,35.3,38.1,31.2,31.5,30.9,35.2,41.3,34.7,36.2,31.1,26.8,17.8,0
4256,토요일,6,2618,증산,하선,24.8,18.5,16.5,20.9,30.4,37.2,41.3,46.5,45.7,44.9,42.8,44.4,42.7,41.3,47.2,43.4,41.5,40.8,43.7,37.9,40.3,43.8,45.2,39.8,36.3,29.4,25.2,22.7,16.4,18.2,15.3,14.2,11.6,13.1,9.8,7.4,5.7,0,0
4257,토요일,6,2619,디지털미디어시티,상선,6.7,10.6,8.7,11.2,11.4,17.2,20,22.8,23.1,20.2,20.5,22.3,24.1,25.5,25.5,26.9,27.6,27.3,28.2,30,36,39.6,44.2,48.4,45.2,42.4,41.9,44.5,36.1,37.1,35.9,40.2,48.3,39.9,42.3,36,28.4,0,0
4258,토요일,6,2619,디지털미디어시티,하선,20.4,16.3,13.8,17.6,26.8,35.7,42.6,44.4,45.5,41.1,47.3,46.2,46.3,43.6,49.3,43.8,44.8,43.2,44.5,39.8,42.4,43.8,47.7,43.8,39.1,32.2,27.4,22,17.6,16.7,14.7,13.7,11,12.4,10.1,7.2,6.6,0,0
4259,토요일,6,2620,월드컵경기장,상선,9.9,12.5,9.1,11.7,11.7,16,17.6,18.8,19.9,18.1,19.3,21.2,25.5,24.8,26.9,27.9,27.2,28.1,28.7,31.8,35.9,40.5,44.3,48.5,44.4,43.5,41.3,43.5,37.7,36.4,38.6,44.7,47.2,42.9,43.6,36.9,31.3,0,0
4260,토요일,6,2620,월드컵경기장,하선,19.9,15.6,13.4,17.6,26.1,34.5,40,42.9,42.3,38.1,43.9,44.3,45,44.5,49.2,45.4,43.1,43.9,44.4,43.6,45.9,50.7,51.3,48.9,43.4,35.3,31.2,25.8,21.2,19.2,20.7,22.2,19.6,15.2,10.7,7.2,6.6,0,0
4261,토요일,6,2621,마포구청,상선,10.3,13.2,9.5,11.9,13.1,19.4,23.4,24.2,26.8,25.2,30.5,30.4,35,31.1,32.7,33.6,33.9,33,33,33.4,38,40.7,45.5,48.7,44.8,42.9,39.4,41.8,36.6,35.5,36.9,42.6,44.2,42.3,37.7,41.7,31.1,0,0
4262,토요일,6,2621,마포구청,하선,23.6,16.7,14.9,20.1,28.6,37.5,45.5,49.2,47.7,43.6,50,49.5,49.6,51.1,54.7,51.1,49.4,48.7,49,49.8,47.9,56.3,53.9,57,47.1,39.8,34.1,29.1,24.5,20.1,22.9,22.9,25.6,17.1,11.7,8.1,6.4,0,0
4263,토요일,6,2622,망원,상선,9.6,14,10.4,12.5,14.6,20.1,24.4,27.7,27.3,26.8,34.2,31.5,34.6,35.1,36.8,37.7,36.5,37,37.5,37.3,41.9,47,48.4,53.1,49.3,46.2,42.3,44.3,39.6,37.9,42.6,45.1,48.2,46,42.2,45.2,35.3,0,0
4264,토요일,6,2622,망원,하선,30.8,18,14.7,21.6,30.3,39.8,48.5,52.3,49.3,47.2,52.2,52.3,52.4,55,56.1,55,52.6,53.4,53,55,53.6,63,58.7,62.5,52.7,47.5,38.6,35.9,32.3,27.6,31.2,31.9,35.8,29.9,20.1,13.2,9.1,0,0
4265,토요일,6,2623,합정,상선,8.7,14.3,11.1,13.1,14.8,23.2,25.5,30.8,34.9,27.3,43.3,41.2,42.9,44.2,48,51.2,49.3,50.7,48.5,47.8,55.9,59.5,61.3,64.3,58.5,53.1,51.5,46,43.2,40.2,44.1,46.2,49.3,46.7,42.6,46.2,31.8,0,0
4266,토요일,6,2623,합정,하선,19.3,12.2,9,12.8,17.8,23.3,28.2,30.5,30.6,26.5,30.2,31,34.5,34.9,37,35.3,36.1,35.9,35.3,35.1,36.1,39.2,40.2,42.4,40.6,35.6,32.7,25.7,25.4,21.8,23,24,27.2,25.3,17,16,9.8,0,0
4267,토요일,6,2624,상수,상선,7.9,7.2,8,8.7,10.1,14.4,16,18.4,21.8,19.9,28.7,26.8,30.9,31.4,34.9,35.7,33.7,33.6,32.4,31.2,37.6,42.2,43.3,47.3,43.6,40,36.4,31.7,30.7,27.8,29.7,31.3,32.1,33.5,31.2,30.5,23.5,0,0
4268,토요일,6,2624,상수,하선,25.4,14.7,10.5,13.7,18.9,24.3,27.9,30.7,29.6,25.8,28.4,30.1,33.3,34.4,33.7,33.6,34,35.5,34.4,35.1,35.4,38.5,39.1,42.9,39.8,35.5,32.7,26.7,26.7,23.6,26.3,28.1,31.2,30.7,21,22.2,12.6,0,0
4269,토요일,6,2625,광흥창,상선,5.7,7.3,6.3,7.9,10,14.7,16.3,18.4,25.1,20.5,30.1,27.1,33.9,33.1,39.7,39.1,35.6,37.7,37.3,35.6,41.3,45,48.7,50.2,49.5,43.6,39.3,34.5,33,29,30.7,32.7,32.7,33.8,32.6,30.2,26.3,0,0
4270,토요일,6,2625,광흥창,하선,25.8,14.6,10.8,13.7,18.6,24.3,27.9,31.1,30.5,26.9,29,31.4,35,35.7,35.7,33.9,36,36.4,34.7,34.3,34.9,39.6,38.6,43,40.4,36.4,32.1,25.9,26.5,23.2,26.7,27.4,30.2,30.9,20.8,21.8,11.8,0,0
4271,토요일,6,2626,대흥,상선,4.6,7,6.2,7.4,9.4,14.3,15.8,18.2,24.5,19.3,29.5,26.1,32.6,31.6,39.5,38.2,35.2,37.5,36.9,35.7,41.2,43.9,49.7,51,50.2,43.5,39.7,35.3,33.5,29.2,31.5,33.7,32.2,36.6,32.6,31.6,18.5,0,0
4272,토요일,6,2626,대흥,하선,26.7,14.6,11.1,14.1,18.1,24,27.3,31.4,31.5,28.5,28.3,33.1,36.3,37.6,38.2,36.1,37.9,36.1,36.1,35.7,37.1,42.2,41.1,43.6,41,35.3,34.8,26.6,27.9,24.5,27.2,29.3,30.2,32.1,21.3,22.9,15.2,1.9,0
4273,토요일,6,2627,공덕,상선,5.6,7.1,6.2,7.7,10.1,14.6,17.8,20.6,26.6,22.5,30.9,26.8,33.7,30.6,39.8,38.3,38.4,39.2,37.5,36.1,43,44.5,51.9,52.3,48.5,48.1,42,36.2,33.7,30.4,33,35,34.5,37.4,36.1,30.7,23.6,0,0
4274,토요일,6,2627,공덕,하선,18.1,17,11.7,14.2,19.3,26.9,28.6,34.1,35.6,35.1,33.7,40.9,42,46,48.4,45.5,46.7,45.2,44.8,46.7,46.7,53.7,50.8,55.3,53.1,45.9,44.9,35.4,33.9,32.4,35.4,37.7,35.7,39.2,29.9,30.6,19.1,0,0
4275,토요일,6,2628,효창공원앞,상선,10.7,11.3,9.1,11.2,13.4,20.5,22.5,25.1,27.9,31.3,34.8,34,39.1,35.7,44.7,44.2,44.9,43.7,44.6,43.2,53.2,48.4,60.4,62.6,56.1,54.3,48.4,40.1,39.3,36,36.7,39.4,40.6,44.5,43.6,42,27.7,8.1,0
4276,토요일,6,2628,효창공원앞,하선,18.3,18.4,12.8,13.8,20,26.9,29.9,36,36.7,38.1,35.4,45.9,41.7,47.8,49.4,48.4,48,46.2,46,48.1,49.7,51.4,52.4,55.1,55.6,47.8,46.8,36.4,33.6,31.2,34.3,37.3,36.3,35.2,32.4,31.4,22.7,0,0
4277,토요일,6,2629,삼각지,상선,10.6,11.4,9.1,11.5,13.7,20,22.6,25.1,27.2,30.2,33.2,33,38.6,34.4,43.3,43.4,43.4,42.6,45.6,43.7,53,47.9,60.4,62.8,57.4,53.9,49.1,40.8,39.7,36.7,38.2,39.9,41.7,45.4,45.4,40.8,25.7,10,0
4278,토요일,6,2629,삼각지,하선,14.3,14,10.7,10.3,15.1,21.9,24.3,26.9,28.3,29.9,31.1,40,34.3,42.3,44.7,44.7,44,42.5,42.1,45.2,48.6,46.4,51.3,55.7,57.6,50.1,46.8,38,34.8,32.2,34.6,37.5,35.7,36.6,33.1,33.2,23,0,0
4279,토요일,6,2630,녹사평,상선,12.7,12.1,9.4,11.3,15,18.8,20.8,24.8,22.4,26.6,28,30.9,32.8,31.1,37.1,37.5,39.3,36.5,40,39.7,47.6,42,53.8,56.8,49.2,47.5,42.2,37.6,34.8,35.9,36.9,37,36.4,47.7,43,38.8,27,11.9,0
4280,토요일,6,2630,녹사평,하선,14.9,13.3,10.5,9.9,14.8,21.4,23.8,26.4,27.7,29.2,29.9,37.4,32,40.3,40.4,41.1,40.6,39.2,38.9,42.4,45.5,44.8,49.3,52.1,54.6,48.5,45.1,36.9,34.5,32.1,35.6,38.5,36.3,39.9,34.3,34.6,22.9,0,0
4281,토요일,6,2631,이태원,상선,12.3,11.7,9.5,11.5,15.3,18.7,20.1,26.4,22.5,26.5,29.3,32.2,32.1,33.1,38.2,39.3,40.7,37.2,39.9,41.8,48.8,42.7,56,56.4,47.1,47.7,40.4,35.3,33.5,32.6,33,34.3,40.3,40,38.7,34.5,21.3,0,0
4282,토요일,6,2631,이태원,하선,24.6,14.8,11.8,10.3,14,20.7,23.2,25.4,26.6,27.4,30.6,31.2,28.6,35.8,36.4,37.6,36.3,37.3,36.6,39.7,41,43.8,47.2,47.5,49.1,48.2,39.1,34,33.3,28.9,31.8,37.7,34.6,38.3,32.2,35.3,16.9,0,0
4283,토요일,6,2632,한강진,상선,7,10.1,8.9,10.5,15.1,18.4,20.7,26.5,24.1,27.1,30.5,33.4,34.9,35.1,41.6,42.9,44.4,39.6,42.2,43.1,50,43.8,57.8,58.3,49.5,49.2,43.1,37.1,35.3,34.2,32.3,33.8,41.4,40.6,39.3,35.4,26.7,0,0
4284,토요일,6,2632,한강진,하선,15.8,15,11.2,9.4,12.8,18.6,20.5,23.1,22.8,22.5,23,24.3,22.1,27,28.1,27.8,28.6,30.3,29.8,32,35.6,39.7,51.4,47.2,48.9,48.7,43,38.5,36.4,36.3,37.7,42.1,43.5,44.9,36.7,36.7,22.7,0,0
4285,토요일,6,2633,버티고개,상선,9.3,11.1,10,12,16.8,21.3,22.2,28.3,28.8,30.4,36.6,40,41.3,42.4,51.4,50.9,52.8,46.2,49.8,48.8,50.7,51.2,54.6,54.9,51,46.4,40.1,31.7,29.8,26.3,23.7,28.2,27.1,33,34.2,32.5,25.8,6.4,0
4286,토요일,6,2633,버티고개,하선,16,15,11.2,9.5,13,17.6,21.2,23.4,23.4,22.6,23,23.3,23.9,27.3,28.9,28.1,29,29.5,30.4,32.1,34.4,39.7,51.3,46.6,49,48.8,45.5,37.5,36,36.5,36.5,41.6,42.8,45.8,41.2,33.4,26.9,0,0
4287,토요일,6,2634,약수,상선,9.2,11.2,10.1,11.8,16.8,21.1,22.3,28.1,28.8,30.3,36.3,39.6,41.3,41.9,51,50.6,53.2,46,49.6,49,51.2,51.5,54.6,55,51.2,46.4,40.5,32,30.2,26.4,24.1,28.2,27.8,33.1,34.6,32.6,25.7,6.5,0
4288,토요일,6,2634,약수,하선,9.9,17.3,11.2,10,12.3,19.6,21.6,23.4,23.2,24.5,25.8,24.9,26.8,29.3,32.5,30.7,33.6,34.4,33.3,36,36.4,41.3,49.9,49.7,61.4,60.2,60,43.1,43.1,38.6,41.3,44.9,46.9,44.9,45.1,34,28.1,0,0
4289,토요일,6,2635,청구,상선,12.7,15.1,13.6,16.9,21.5,30.9,33.3,40.8,38.8,39.2,43.6,47.8,43.9,47.4,53.5,51.5,49.5,45.8,47.7,47,50.8,48.6,54.8,48.6,48.7,42.6,36.4,29.2,25.6,23.2,21.4,24.7,24.9,32.1,31.9,29.1,21.5,7.1,0
4290,토요일,6,2635,청구,하선,8.6,14.9,10.5,9.3,11.5,19.1,21.9,23.3,23.8,25.2,26,24.8,27.5,30.5,32.7,30.5,34.7,34.3,32.4,35.7,35.2,39.4,45.8,48,60.4,57.3,58.8,41.8,40.4,35,37,42.1,41.3,39,41.2,29,24.7,0,0
4291,토요일,6,2636,신당,상선,13.6,14.4,14.1,17.3,23,30.3,35.4,40,36.7,37.6,39.6,43.2,40.7,47.2,49.1,49.3,44.3,42.3,45.1,42.7,47.3,44.7,50.9,44.3,42.7,38.2,32.9,26.7,20.5,20,18.8,21.5,21.6,29.6,28.9,27.1,18.9,6.6,0
4292,토요일,6,2636,신당,하선,8.2,16.2,10.8,9.3,11.4,19,21.4,24,25.1,26.4,25.4,29.3,29.1,31.7,34.8,33.1,39,37.7,36,37.9,41.5,44.8,51.6,52.1,66.6,66.7,68.6,51.3,49.3,46.7,46.9,51.4,55.8,48.8,51.5,36.1,31.4,0,0
4293,토요일,6,2637,동묘앞,상선,16.6,16.9,17.4,21.8,29.4,39.4,45.3,48.2,46.1,45.7,48.6,50.5,48.6,53.7,57.7,58.1,49.9,49.6,51.1,48.3,51.7,49.4,55.9,47.5,45.6,41.3,37.1,27.2,20.5,20.4,19.3,22.9,23,32,29.3,28,14.4,0,0
4294,토요일,6,2637,동묘앞,하선,7.2,16.7,10.2,8.6,10.7,18.1,20,21.9,21.4,23.4,21.1,25,25.6,27.3,30.2,31,35.6,34,34.3,35.6,41.2,47.7,55.2,62.7,86.3,98.9,96.9,65.2,56,52,48.7,53.8,56.8,49.2,52.4,36.5,31.2,0,0
4295,토요일,6,2638,창신,상선,17.3,19.6,18.5,25.8,33.4,46,49.4,53.7,50.9,55.8,61.9,64.8,60.8,63.3,64,60.5,51,50.7,46.1,45.1,46.5,47.2,50.7,43.8,38.9,34,30.9,24.7,19,18.4,19,21.4,23.5,36,30.9,28.5,14,0,0
4296,토요일,6,2638,창신,하선,7.6,16.4,9.8,8.6,10.8,16.9,20.2,21.9,22.8,21.5,20.8,25,25.1,26.5,29.4,30.3,34.9,31.9,34.1,35.2,41.6,43.7,53.8,53.6,84.4,97.6,97.1,70.7,55.4,51.3,48.1,52.9,52.1,52.8,51,35.4,37,8.1,0
4297,토요일,6,2639,보문,상선,16.1,18.7,18.2,24.9,31.7,44.2,48,51.5,48.8,53.6,60.4,62.9,59.8,61.6,62.4,59.4,49.9,49.3,44.8,44.1,45.5,46,49.7,42.9,38.2,33,29.6,24.1,18.9,18,18.6,21.2,23.5,35.8,31.1,28.6,14.2,0,0
4298,토요일,6,2639,보문,하선,7.5,16.5,9.9,7.7,10.1,15.9,18.5,20.4,21.1,20.3,19.7,24.3,25.1,25.2,28.1,30.1,32.9,30.7,32.2,32.8,39.9,41.3,49.4,49.4,80.4,93.9,92.6,66.4,51.2,47.4,44.3,46.6,46.4,45,47.8,37.4,32.3,5.7,0
4299,토요일,6,2640,안암,상선,14,16.6,16.5,22.6,29,41,42.6,45.9,41.1,47.6,55,55.9,55.1,57.8,54.6,52.5,44.1,43.8,40.3,39.9,40.6,40.9,44.5,38.5,35.3,30.1,24.8,22.6,17.7,18.6,18.2,20.4,24.2,36,31.2,26.1,14.6,0,0
4300,토요일,6,2640,안암,하선,4.9,14.9,8.9,6.7,8.5,13.9,15.6,16.2,17.3,16.2,16.4,19,17.9,22.2,24.1,25.7,25.2,26,29.2,27.5,35.2,35.4,40.3,39.8,45.9,42.6,40.5,37.1,33.7,33.4,33.3,36.6,36.3,38.5,42.8,33.9,29,0,0
4301,토요일,6,2641,고려대,상선,17.3,16.5,16.1,21.1,27.7,39.1,41,43.4,39.3,42.9,43.8,46.6,44.6,49.1,48,46.6,40.2,39.6,35.7,35.2,35.8,36.2,39.4,34.8,31.9,26.9,21.7,20,14.9,13,12.8,13.3,12.7,12.6,13.8,10.5,6.4,1,0
4302,토요일,6,2641,고려대,하선,5.5,14.1,8.6,6.3,7,11.9,13.3,13.3,15.1,13.1,14.5,15.3,15.3,17.5,22.3,23.8,22.2,23.8,26.8,25.8,30.8,32.4,38,37.1,39.9,36.2,35.5,32.8,31.3,29.3,30.2,33.8,33.2,35.6,39,30.9,26.1,0,0
4303,토요일,6,2642,월곡,상선,16.1,14,14.9,20.1,27.3,36.1,37.6,42.7,37.2,40.9,38.7,41.6,42.5,42.1,43.1,40.5,36.4,36.1,31.6,31.9,32.3,34.9,34.6,30.8,28.5,24.2,19.7,17.1,13.5,11.5,11.9,11.9,10.4,9.3,9.8,7.4,4.2,1.6,0
4304,토요일,6,2642,월곡,하선,5.5,12.7,8.7,6,7.4,12.7,13.6,13.5,15.4,14,14.4,15.1,14.9,16.5,21.1,22.3,19.3,21.7,23.9,23.4,26.9,29,34.1,33,35.3,32.2,32,28.7,26.6,25.9,26.6,29.8,28.8,31.3,34,26.4,22.7,0,0
4305,토요일,6,2643,상월곡,상선,13.4,12.1,14.6,18,23.9,32.4,34.6,37.1,33.4,36.3,35,38.2,38.2,37.5,38,37.3,33.7,31.2,28.9,28.8,30.6,32.2,31.9,28.4,27,23.2,17.3,16.1,12.7,10.8,11.4,11.3,9.5,8.3,9.8,6.9,3.8,1.8,0
4306,토요일,6,2643,상월곡,하선,6.3,12.6,9,6.2,7.6,12.6,14.1,14.5,16.5,14.3,14.5,13.6,16.1,16.5,21.3,20.2,18.5,20.9,22.2,22,24.1,27.3,31.7,31.7,32.6,30.2,30.2,27.5,25,22.6,25.4,28.2,27.5,27.6,30.4,23.8,20.7,0,0
4307,토요일,6,2644,돌곶이,상선,14.9,10.9,13.5,16.2,21.8,29.2,32,32.8,30.6,32.2,32.4,34.7,35.3,34.4,36.3,34.8,32.1,29.3,27.5,27.1,29.1,30.7,31.2,27.4,25.7,21.8,16.9,15.7,12.7,10.9,11.4,11.4,9.8,9.6,9.9,7.3,3.3,0,0
4308,토요일,6,2644,돌곶이,하선,8.1,10.6,8.5,6.3,8.2,13.1,14.4,15.9,16.7,14.4,14.7,13.1,15.6,16.4,20.5,20.1,17.4,20.5,20.9,21.3,22.2,26.1,29,29.7,29.5,27.1,27.6,24.5,22.5,20.6,22.9,24.9,23.8,24.6,26.3,20.7,17.8,0,0
4309,토요일,6,2645,석계,상선,12.1,9.3,13,13.9,19.5,26.2,28.7,28.1,29.2,28.3,30,31.9,32,30.8,33.4,31.3,28.1,26.5,25.3,26.9,24.3,27.8,26.8,26.6,24.8,20,17.2,15.6,12.1,10.7,11.4,11,10.4,10.1,10.2,7.6,3.9,0,0
4310,토요일,6,2645,석계,하선,10.1,10.8,9.9,7.1,9.2,14.7,16.5,17.4,18.7,16.2,16.9,15.1,17.6,17.2,23.4,21.2,20.4,21.6,22.1,23.3,23.9,27.8,29,28.3,28.9,28,28,23.2,22,19.4,23.2,23.9,23.6,23.7,24.2,20.9,18.6,7.4,0
4311,토요일,6,2646,태릉입구,상선,10.6,8.7,11.9,13.3,19,24.8,28.1,26.8,27.4,27.6,29.1,32.1,32.5,31.1,33.3,32.5,27,27.8,26.5,27.5,25.3,28.2,27.7,27.4,25.8,21.9,18.2,16.5,14.1,12.1,12.6,13.4,12.7,11.9,11.4,8.2,4.9,0,0
4312,토요일,6,2646,태릉입구,하선,4.6,6.3,5.6,3.2,4.9,6.1,8.9,8,9.7,9,7.4,6.9,8.4,8.1,11.2,10.6,11.4,12,11.3,13.3,13.3,14.9,14.4,15.5,16.5,14.8,15.3,11.7,12.7,11.9,14.1,15.4,13.6,12.7,12.9,11.3,9.6,4.3,0
4313,토요일,6,2647,화랑대,상선,5.9,5.4,7.1,9.9,12.4,15,18.2,18.9,17.7,18.5,19.1,21,17.2,20.4,19.6,17.6,16.7,15.3,14.1,15.5,12.2,15.8,15.1,14.8,11.9,12.3,9.6,8,4.9,5.3,5.2,3.8,3.6,3.7,3.2,2.5,1.4,0,0
4314,토요일,6,2647,화랑대,하선,3.5,4.3,3.8,2.3,3.6,4.2,5.3,5,6.3,5.3,4.7,4.3,5.4,4.9,6.9,7,7.2,7.3,6.5,8.3,8.6,8.6,9,9.9,10,8.8,9.5,6.5,7.1,6.9,8.6,8.5,7.1,6.8,6.7,5.6,4.4,1.5,0
4315,토요일,6,2648,봉화산,상선,2.8,2.4,4.7,5.8,6.6,7.5,8.9,9.8,10,11.2,10.9,9.3,9.4,10.6,11.3,9.2,8.4,7.8,8.2,9.2,7,8.4,7.9,7.6,6.4,7,5.7,5,2.8,3.5,2.6,2,2.1,1.9,1.7,1.4,0.9,0,0
4316,토요일,6,2648,봉화산,하선,2.9,3.3,2.1,2.2,1.7,2.6,2,2.4,3,4.8,2.4,1.9,1.9,2.1,2.7,2.4,4.1,3.2,4.5,4.1,3.5,2.2,4.3,3,2.6,3.5,2.8,4.2,2.3,2.4,2.1,3,1.8,2.8,2,1.1,1.2,0,0
4317,토요일,6,2649,신내,상선,1.4,1.5,2.9,4.5,6.1,4.5,10,10.3,9.3,12.4,13.5,8.8,14.6,11.6,14.3,10.4,8.7,8.4,7.5,11.1,9.6,12.8,9.5,9.6,11.2,9.7,7.3,6.5,4.1,6.3,3.4,3.2,3,1.1,2,1.4,1,0,0
4318,토요일,6,2649,신내,하선,0,0,1.3,1.5,3.3,4.5,4.1,4.9,5.4,6.6,4.7,3.4,4.5,2.8,3.9,6.7,6.9,5.3,6.2,6.4,6.1,5.6,8.4,6,5.8,6.2,3.7,5.8,3.9,4.5,3.9,4.4,2.5,3.3,2.2,3.4,1.7,0,0
4319,토요일,7,2711,장암,상선,0,0,0,0,0,0,0,0,0,0,0,0,0,0,0,0,0,0,0,0,0,0,0,0,0,0,0,0,0,0,0,0,0,0,0,0,0,0,0
4320,토요일,7,2711,장암,하선,2.2,0.8,0.2,2,3.3,2.8,3.1,3.4,2.8,2.9,2.6,2.5,2.4,2.3,2,2.5,2.5,3.7,3.1,4.1,3.5,3.5,3.9,3.8,3,3.2,2.3,2.1,1.2,1,0.4,0.9,1.1,0.8,0.2,0.4,0.3,0,0
4321,토요일,7,2712,도봉산,상선,0.9,0.9,0.7,0.6,0.5,0.7,1.2,0.8,2.1,0.9,1.1,1.7,1.2,1.1,1.2,1.1,0.5,0.8,0.7,0.9,0.7,1.5,1.4,0.4,0.9,0.8,0.7,0.9,0.6,0.5,0.2,0.3,0.4,0.2,0.1,0.4,0.2,0,0
4322,토요일,7,2712,도봉산,하선,11.6,7.6,6.7,7.7,11.6,17.9,18.6,15.7,16.7,16.2,16.6,12.4,14.8,14.2,15.7,13,14.3,13.4,14,16,16.8,17.9,17.5,15.6,14.4,13.3,11.3,9.1,7.6,5.8,5.5,5.1,3.8,4.1,2.8,2.7,3.3,0,0
4323,토요일,7,2713,수락산,상선,9.8,7.4,7,6.8,8.8,8.1,11,12.5,16,14.4,12.4,12.9,11,12,11.3,10.8,11.8,11.8,11.5,12.2,12.9,13.4,15.1,14.9,14.6,13.5,12.7,11.3,12.3,11.6,11.3,13.8,12,11.6,11.1,9.1,8.4,5.8,0
4324,토요일,7,2713,수락산,하선,16.8,10.7,8.6,11.4,16.4,24.5,25.9,22.1,24.9,20.6,22.5,18.9,19.5,20.4,19.8,18.9,19.5,19.9,20.2,20.8,21.4,23.2,23.7,20.4,18.1,17.6,14.3,11.1,10.5,7.3,7.6,6.8,5.1,5.4,3.8,3.6,4,0,0
4325,토요일,7,2714,마들,상선,10.6,9.1,8.9,8.3,10.4,11,15,16.6,20.6,17.4,16.6,16,15.2,16.1,15,15.1,14.3,14.4,16.2,15.5,16.9,18.1,20.4,20.3,20.8,19.5,18.1,16.1,17.3,15.2,17.8,19.1,16.4,16.9,15.9,12.9,12.2,10,0
4326,토요일,7,2714,마들,하선,22.7,14.5,11.7,15.1,22.1,30,34,29.9,30.6,27.6,29.5,27.2,25.1,27.9,26.2,25,24,26,24.4,24.8,25.4,27.6,28.2,25,20.9,21.3,16.3,11.9,12.7,8.9,8.9,7.2,6.1,6.3,4.3,4.1,4.4,0,0
4327,토요일,7,2715,노원,상선,10.9,9.4,10,9.3,11.3,12.7,16.8,18.9,22.6,18.2,19.2,18.5,17.3,18.7,18,18.6,17.8,18.2,20.6,19.6,21.8,23.8,25.8,25.6,26,26.5,24,20.1,22,20,24.5,24.9,21.1,21.2,22,15.9,16.3,13.6,0
4328,토요일,7,2715,노원,하선,27.4,21.3,13.8,18.9,27.2,34.8,37.1,35.8,33.6,30.3,35.4,31.3,32,33.6,32.8,33.8,30.4,34.5,32.6,34.6,34.4,38.1,36.9,35.1,31.9,30.6,24,17.4,18.1,15.5,18.3,14.2,14,16.1,9.2,11.4,12.5,0,0
4329,토요일,7,2716,중계,상선,12.8,12,12.9,13.2,14.8,19.1,24,28.9,32.3,26,27.2,26.1,27.9,27.4,27.2,28.5,28.9,28.5,28.7,27.2,32,31,34.8,36.8,35,35.4,34.5,28.7,28.9,24.8,27.6,30.3,27,25.2,27.4,20.5,20.4,17.9,0
4330,토요일,7,2716,중계,하선,32.7,25.1,16.4,21.4,32.8,40.4,42.1,41.7,39,35.4,40,36.4,36.1,35.3,39.1,37.9,32.7,37.1,35.6,35.8,37,39.8,41.1,34.9,35.7,32,24.3,19.9,19.8,15.1,18.5,14.6,14.3,16.5,9.7,12.1,12.6,0,0
4331,토요일,7,2717,하계,상선,12.4,12.8,12.6,13.5,15.1,21.2,25.5,28.9,33.2,26.4,27.4,26.1,27.2,27,28,29.5,31,30.3,30.6,30,34.6,34.3,38.8,40.3,38.9,39.6,37.3,32.7,32.6,28.5,31.8,34.8,30.8,29.7,32.4,24.3,24.4,21.9,0
4332,토요일,7,2717,하계,하선,43.4,27.4,19,25.3,35.2,45.1,49.6,47.2,43.7,41.4,44,42.5,41.1,41.2,44.9,44.5,37.4,41.3,40.1,39.4,41.2,42.8,45.9,39.7,38.9,33.1,29.2,22.1,20.9,16,19.7,16,14.6,17.4,10.5,12.1,12.3,0,0
4333,토요일,7,2718,공릉,상선,12.1,14,14.1,14.2,16.3,22.4,26.4,30.5,31.9,28.3,28.2,28.1,28.2,27.1,32.2,31,34.2,30.7,32.6,34.2,38.6,38.5,43.4,42.6,44.7,44.7,38.8,38.2,36.1,33.3,37.1,40.2,36.5,34.9,38,28,29.5,0,0
4334,토요일,7,2718,공릉,하선,48.4,30.2,21,27.5,35.8,48,52.9,49.4,47.9,45.6,46.1,47.1,45.6,45,47.7,47.6,40.1,43.4,43.4,41.9,43.3,45.4,48.7,42.6,41.6,33,29.1,24,20.2,16.2,18.8,16.2,14.4,19,11.2,13.8,12,0,0
4335,토요일,7,2719,태릉입구,상선,11.3,14.3,14.8,14.4,17.7,23.1,27.4,30.4,32.6,28.7,27.8,28.4,28.3,27.6,31.3,34.7,34.9,30.8,33.5,36.2,41.2,40.4,46.3,45.2,48,48.3,41.6,41.6,39.2,35.7,42.1,41.8,40.5,38.6,41.9,31,33.7,0,0
4336,토요일,7,2719,태릉입구,하선,36.3,31.4,22.7,27.5,36.5,47.2,54.2,53.1,48.2,45.8,47,45.7,46.3,44.6,46.5,46.7,38.6,41.8,42.8,39.9,42.1,45.2,49.4,42.4,41.7,33.1,31.1,24.1,21.1,16.7,18,16.3,14.4,19.5,11.1,15.1,13.5,0,0
4337,토요일,7,2720,먹골,상선,22.9,15.5,15.3,14.8,18.5,22.9,27,29.7,30.3,27.1,26.8,26.3,26.6,28,30.7,33.9,33.4,31.7,32.4,34.9,40.3,40.1,46.8,44.6,47.6,48,41.7,42,40.7,36.7,43.3,44.8,41.3,41.2,42.9,31.5,34,9.4,0
4338,토요일,7,2720,먹골,하선,40.2,33.4,24.6,27.9,39.2,50.5,56.5,56.5,53.1,47.6,49.4,48.7,48.7,46.7,49.4,48.8,41.1,44.2,43,43,43.2,46.2,50.1,43.6,42.1,33.4,31,24.7,21.1,17.7,17.5,16.9,14.6,17.5,10.9,14.3,12.2,0,0
4339,토요일,7,2721,중화,상선,16.8,17,15.1,14.9,18,24.7,26,29.2,29.5,26.4,27,26.4,26.5,30.1,29.2,35.1,32.6,32.8,33.3,37.6,41.6,42.1,48.8,47.5,50.9,49.4,44.4,44.6,42.6,38.7,45.5,49.1,45.7,42.3,46,33.8,37.1,10.6,0
4340,토요일,7,2721,중화,하선,45.2,36.3,26.3,29.1,40.5,54.3,60.3,64.9,53.9,50.9,52.1,51.8,52.5,48.6,51.6,50.3,45.2,46.8,45.1,44.7,45,47.9,51.8,44.8,43,35.2,31.5,25.5,21.1,18,17.8,17,14.6,16.9,11,14.3,11.6,0,0
4341,토요일,7,2722,상봉,상선,16.9,17.5,15.7,15.4,17.9,24.4,25.8,29.5,29.5,25.8,27,27.5,26.4,30,30.2,37.7,32.3,35.2,34.6,38.9,45.1,46.2,50.8,50.2,54.3,50.4,47.8,46.8,45.4,41.1,48.4,53.6,47.4,45.3,45.7,38.9,40.6,12.4,0
4342,토요일,7,2722,상봉,하선,53.1,41.7,30.6,32.2,45.2,58.5,69.6,71.2,60.2,57.7,60.7,60.3,60.9,57.6,60.3,60.7,50.5,53.3,50.5,50.8,53.9,56.6,57.4,55.1,51.1,43.3,37.2,31.7,25.5,21.5,19.9,19.3,15.9,18,11.6,17.5,11.8,4.6,0
4343,토요일,7,2723,면목,상선,18.3,22.2,19.7,20.4,21.3,28.6,31.4,32.8,32.4,30.8,31.5,32.3,30.2,33.3,35.6,42.9,39.8,41.2,40.7,44.4,50.7,52.8,57.5,56.7,61.1,55.4,53.5,53.8,50.6,45,60.2,62.3,53.6,53.2,51.5,45.2,45.6,18.6,0
4344,토요일,7,2723,면목,하선,63.1,48.4,34.8,36.3,49.8,63.1,74.4,78,62.4,64.9,64.2,64.2,64.5,61.3,62.9,64.5,53.1,56,53.9,52.4,56.1,59.4,58.8,58.5,52.2,44,40,32.2,25.8,22,20,19.4,15.5,17.4,13.8,17.2,11,3.9,0
4345,토요일,7,2724,사가정,상선,15.8,22.4,19.1,20.2,21.2,28,32.1,32.1,31.7,29.7,31.7,31.8,30.8,33.2,36.4,41.7,41.9,42.7,42,46.1,53.6,56.5,61.8,61.1,64.7,59.3,56.3,57.7,53.7,48.3,64.6,67.5,57.8,57.7,56.5,50.2,38.9,0,0
4346,토요일,7,2724,사가정,하선,71.2,52,36.1,40.1,52.6,66.3,76.3,83.4,66.6,69.5,69.9,67.2,68.1,66,66.7,67.6,59.9,59.5,56.7,55.8,57.6,61.5,60.5,59.4,53.2,45.2,41,32.6,26.3,22.9,20,19.4,16.3,15.8,15.3,14.2,10.5,3.7,0
4347,토요일,7,2725,용마산,상선,13.7,22.3,19.1,20.3,20.7,27.6,32,31.3,32.3,29.4,31.2,32.4,31.4,29.2,43.8,42.5,43.3,44.5,43.6,49.1,57.2,60.5,66.9,65.5,69.5,64.2,60.7,61.6,58.1,50.1,71.3,69.9,61.8,62.7,60.8,53.5,43.2,0,0
4348,토요일,7,2725,용마산,하선,74.3,53.5,37.3,42.3,51.4,68.1,78,87.5,69.5,71.3,72,68.8,69,68.3,68.2,68.9,60.6,61,58.1,56.7,58.4,62.7,62.2,59,53.5,45.4,41.6,34.3,27,23,19.8,19.2,16.2,15.8,15.4,14.2,9.9,3.4,0
4349,토요일,7,2726,중곡,상선,13.1,21.9,18.9,20.3,20.8,27.4,31.7,33,33.7,30.8,32,32.2,32.3,29.3,43.4,44.6,44.5,44.9,44.6,52.9,57.4,56.4,78.2,67.2,69.9,66.2,62.2,62.9,59.7,51.8,73.5,70.5,63.3,64.8,61.5,54.5,45.1,0,0
4350,토요일,7,2726,중곡,하선,79.9,55.8,39.3,44.5,51.8,68.9,79.7,91.4,72.9,75,75.5,73.3,70.7,72,73.3,69.9,63.8,63.5,60,58.3,60.9,65.3,63.7,60.7,57.1,46.5,42.7,35.4,27.7,23.5,20.9,19.5,16.7,15.9,15.2,14.5,9.8,3.3,0
4351,토요일,7,2727,군자,상선,11.9,21.7,19,20.7,20.8,28.7,31.9,32.8,33.8,31.2,32.6,32.8,33.1,29.7,44.6,45.7,46,46.7,45.6,54.8,59.6,58.9,79.9,69.4,73.5,69.7,65.3,65,62.5,56.6,79.1,73.6,66.9,69.5,61.8,56.9,48,0,0
4352,토요일,7,2727,군자,하선,76.3,52.8,37.1,41.5,49.6,66.3,79.4,93.3,75.7,71.9,76.8,73.1,71.8,70.1,73.3,71.1,66.2,68.1,65.6,59.2,63.7,67.9,65.7,64.2,58.4,50.3,47.5,39.2,33.2,24.4,21.8,19.6,20.3,19,16.6,15.3,10,3.2,0
4353,토요일,7,2728,어린이대공원,상선,11.5,22.3,17.7,18.8,18.1,26.2,26.6,29.4,31.1,28.1,30.1,32.2,32.8,37.3,39.3,46.2,45.7,48.1,47.3,55.4,61.5,59.2,78.6,70.8,76.4,70.3,67.5,64.9,59.3,62.6,84.2,81.4,66.2,76.4,66.2,62.8,52.8,0,0
4354,토요일,7,2728,어린이대공원,하선,81.4,58.2,43.2,40.2,49.5,64.5,77.2,93.3,79.2,72.6,75.9,74,72.4,69.7,74.2,71.7,67.4,68.5,67.7,61,68.8,69.5,70.1,68.7,64.2,57.4,52.6,44.2,37.3,26.4,22.6,22.4,21.6,20.4,18.5,15.8,8.6,2.1,0
4355,토요일,7,2729,건대입구,상선,10.3,22.1,17.7,19,18.6,27.7,29.3,34,36.1,30.1,33.1,36.5,35.7,39.9,41.9,48.9,48.1,53.6,50.5,55.5,62.4,68.4,73.6,72.1,75.4,69.2,65.8,67,59.4,63.2,85.5,82.7,66.5,77.3,67.2,63.1,54.6,0,0
4356,토요일,7,2729,건대입구,하선,39,46.7,32.9,31.2,40.2,53.3,63.5,80.3,60.3,58.8,57.1,58.1,54.5,54.9,54.6,56.3,54.6,56.3,56.5,54,60.7,65,69.2,69.7,66.8,69.6,67.8,66.4,62.2,36.3,30.2,32.2,28.4,29.3,25.1,23.9,14.2,0,0
4357,토요일,7,2730,자양(뚝섬한강공원),상선,8.4,21.1,16.3,16.7,18.3,26,26.5,31.9,33.8,31.8,36.6,36,40.1,40.1,47.5,50.6,49.8,52.9,50.6,53.2,60.7,62.9,69.5,67.4,68.6,61.2,59.8,60.4,51.5,62.1,93.6,74.8,56.8,60.6,51.6,49.7,29.8,0,0
4358,토요일,7,2730,자양(뚝섬한강공원),하선,41.6,48.1,33.6,32,37.7,53.4,64,79.1,62.5,57.9,55.7,55.7,53,52.3,51.7,52.4,51.5,49.1,50,47.3,51,53.1,56.7,53,48.4,43.2,39.4,33.5,30.9,41.1,66.4,48.7,38,38.1,33.8,28.8,15.5,0,0
4359,토요일,7,2731,청담,상선,7.2,20.5,16.1,16.5,17.3,24.1,28,31.5,32.2,32.1,36.8,38,40.9,43.3,48.9,52.9,51.1,54.5,53.5,54.1,63.4,68.4,74.5,72,75.4,69.5,66.9,68.7,56.1,43.8,47.9,45.5,39.9,43.1,38.7,38.4,24.2,0,0
4360,토요일,7,2731,청담,하선,26.2,41.5,34.8,27.3,34.6,46.6,57.4,69.9,61.1,54.9,53.7,53.5,51.6,52.2,51.6,51.1,54.2,48,51.1,48,53.7,56.2,61,54.9,49.1,44.4,41.4,35.6,33.2,41.9,68.5,50.7,39.5,36.2,39.1,28.2,19.9,0,0
4361,토요일,7,2732,강남구청,상선,12,27,18.8,16.9,18.5,25.6,31.4,34.7,35.5,35.2,40,41.4,42.8,44,49.8,51.9,54.7,51.3,52.8,52.4,62.5,66.7,69.8,69.4,74,67.7,64.5,64.3,53.2,41,46.6,43,37.4,41.6,37.2,37.4,24.2,4.6,0
4362,토요일,7,2732,강남구청,하선,25.3,36.7,28.1,23.1,27,40,45,57.8,50.9,46.2,50.5,48.4,47.3,49.3,48.7,50.2,54.5,49.8,52.1,49.3,55.4,60.5,62.9,57.5,53.1,47.8,45.4,40.3,35.7,43,64.1,51.9,43.5,39.4,41.4,28.8,20.6,0,0
4363,토요일,7,2733,학동,상선,21.1,31.2,21.1,18.6,21.1,30,36.7,43.2,42.4,44.6,44.8,46.3,46.5,50.7,54.2,57.5,56.9,50.9,56.3,55.4,60.5,65.8,67.8,63.8,69.5,61.2,59.2,54.6,45.4,38.4,40.5,36.6,33.8,36.1,31.5,34.5,23.2,6.1,0
4364,토요일,7,2733,학동,하선,25.3,38.5,25.1,21.6,24,34,40.3,52.6,47.3,42.8,46.5,46.8,44.6,49.9,49.5,51.7,56.5,50,55.1,53.5,59,61.9,66,60,57.7,51,48.1,46.3,39.1,46.3,65.8,53.7,45,41.4,42.2,29.2,20.2,0,0
4365,토요일,7,2734,논현,상선,21.8,35.1,24.1,20.1,23.2,34.6,39.3,47,47.6,49.9,49.4,51.1,52,52.6,55.8,61.1,57.9,52.7,56.4,54.4,59.8,66.5,67.5,62.5,68.2,57.4,56.8,51.2,43.5,36.1,38.6,33.9,32.7,35,29.1,34.6,17.3,6.1,0
4366,토요일,7,2734,논현,하선,12.7,35.5,21.4,19.3,20.2,27,31.3,38.7,35.7,35,38.4,41.1,37.9,42.8,42.7,45,47.2,44.4,49.6,50.4,53.6,60.4,61.3,56.7,53.5,51.5,44.2,45.2,36.7,42.7,60,51,44.2,42,42.7,28.9,25.5,0,0
4367,토요일,7,2735,반포,상선,21.3,37.7,21.5,20.5,24.6,35.8,42.2,50.2,51.3,50.3,48.9,49.7,50.8,48.5,54.9,57.6,55.4,48.4,51.7,48.5,52.9,56.4,59,55.7,60.2,49.8,48.8,43.7,37.5,30.5,32.7,29.8,26.8,28.8,22.9,27.6,12.2,0,0
4368,토요일,7,2735,반포,하선,12.7,33,20.4,18.6,19.6,26.5,29.9,35.6,35.3,34.5,37.6,40.4,37.1,42.8,42.8,45.1,46.4,44.2,48.9,51.2,54.6,62.2,63.2,57.7,53.5,52.2,44.6,44.5,39.4,42.6,59.8,51.4,44.3,42.8,42.9,28.9,25.1,0,0
4369,토요일,7,2736,고속터미널,상선,21.9,43.7,22.4,21.1,25,36.6,41.5,55.7,52.5,50.5,48.6,49.9,51.3,47.1,56.3,55.8,52.9,48.8,51.2,48.6,51,56.3,55.7,54.1,57.1,48.7,44.1,45.5,36.4,29.5,32,29.3,26.1,27.1,22.3,27,12.7,0,0
4370,토요일,7,2736,고속터미널,하선,13.7,24.2,15.3,13.8,16.8,23.2,27.7,28.2,29.5,28.7,32.6,36.2,36.7,40.8,40.1,45,46.1,45.9,48.3,55.6,60.9,67,68.2,68,61.3,59.8,58.2,50.4,49.6,51.4,68.4,61,55.6,59.3,54.4,34.2,28,0,0
4371,토요일,7,2737,내방,상선,29.5,58.2,31.7,30,37.5,47.8,56.2,76,63.5,62.9,60.7,63.2,59.2,58.2,65.2,61.4,60.6,57.1,55,51.1,54.8,59.7,56.6,52,55.8,43.2,39.2,35.8,28.1,22,23.2,23.4,20,18.6,19.5,22.7,11.9,0,0
4372,토요일,7,2737,내방,하선,9,21.4,14.5,13.6,14.8,21.4,26.7,27.8,27.9,28.7,32.5,34.3,36,39,40.5,45,45.7,46.5,47.5,54.7,59.2,66.5,68.3,66.2,62.8,59.3,56.4,49.6,50.3,49.8,66.8,62.7,57,57.5,53.7,34.1,23.9,0,0
4373,토요일,7,2738,총신대입구,상선,59.1,53.8,32.3,30.1,39.3,47.4,60.9,76.6,62.4,63.5,60.7,60.4,59.9,58,64.6,59.5,59.2,54,51.8,49.7,53.5,56.4,54.6,53.4,52.4,42.4,39.3,31.5,25.7,22.6,22.7,21.8,18.6,18.6,18.9,22.7,12.3,3.4,0
4374,토요일,7,2738,총신대입구,하선,8.6,15.2,11.9,11.2,12.5,19.1,22.5,23.6,21.6,22.7,25.2,27.4,29.3,30.2,35.2,36.4,39.2,38.1,39.9,46.6,50.7,58.5,60.3,57.4,54.6,52.1,52.9,42.6,44.5,42.9,54.7,54.7,50.3,50.9,49.2,35.2,34.8,0,0
4375,토요일,7,2739,남성,상선,71.9,44.5,30.9,27.7,34.2,49.7,57.9,72.8,60.1,62.3,54.1,54.4,54.9,54.3,53.7,53.2,51.1,47.3,43.8,42.8,43.9,46.9,47.1,45.3,40,34.5,30.6,24,19.3,16.2,16.9,15.5,14,12.7,13.1,16.5,8,4.5,0
4376,토요일,7,2739,남성,하선,9.4,15,12,10.8,13,19.5,22.2,23.1,21.4,22.2,24.4,27.7,27.6,29.7,33.8,36.3,38,36.8,38.2,44.8,48.2,53.2,58.6,53.9,50.8,48.7,48.7,42,41.5,39.3,51.9,53.8,46.9,48.1,46.9,36.5,26.5,0,0
4377,토요일,7,2740,숭실대입구,상선,67.4,42.4,28.4,25.7,31.6,49.1,53.2,65.6,55.4,58.3,49.5,52.3,49.1,51.2,51.7,51.7,46.3,42.9,41.4,40.6,40.9,46,45.5,41.9,39.7,33.5,28.8,23.2,18.7,17.2,14.9,15.4,14.6,13,12.8,17,7.6,0,0
4378,토요일,7,2740,숭실대입구,하선,9.5,14.5,11.9,10.8,12.5,17.5,19.3,19.8,20.4,20.4,21.9,26.4,26.2,28,28.7,34.6,32.8,35,35.4,40.8,47.5,48.6,56.5,53.8,47.6,46.1,45.1,38.9,39.6,35.2,44.2,51.7,43,43.6,42.7,33.6,22.5,0,0
4379,토요일,7,2741,상도,상선,63.7,40.8,27.2,23.5,30.9,45.7,51.3,63.7,54.7,51.9,46.5,50.3,40.8,47.6,49.2,49.6,42.6,40.7,38.4,37.2,37.9,42.4,39.4,37.1,35,30.8,24.5,22.6,17.8,16.3,14.3,14.5,14.2,12.2,12.3,15.6,7.8,0,0
4380,토요일,7,2741,상도,하선,10.4,14,11.4,11,12.1,17,18.5,20.2,20,19.6,22.9,26.8,26.1,27.4,28.6,33.3,31.8,34.5,35,37.8,45.4,47,54.6,51.8,48.3,42.5,42.9,36.7,37.6,33.4,41.8,48.2,40.6,40.7,39.6,31.8,19.1,0,0
4381,토요일,7,2742,장승배기,상선,60.2,37.5,22,23.8,33,42.6,49.3,60.6,52.3,46.5,45,47.3,38.1,43.6,46.5,44.8,40,38.3,36.7,34.3,38.1,40.2,38.2,35.2,34.2,26.5,23.2,21.8,18.1,16.4,14,14.3,14.3,12,12.6,15.9,9.1,0,0
4382,토요일,7,2742,장승배기,하선,11,13.9,12.1,10.5,12.1,16.9,17.3,19.9,20,19.9,22.9,25.1,27.5,27.8,27.9,32.9,30.9,33.3,34.6,37.6,43.9,44,53.5,50.4,46.8,40.6,41.8,35.7,35.9,32.6,38.8,45.2,41.1,39.7,38.7,33.2,17.8,0,0
4383,토요일,7,2743,신대방삼거리,상선,50.9,36.8,21.3,23.1,31.6,39.8,49.8,59.3,47.1,43.9,45.2,42.8,38.3,41.3,44.7,39.9,40.2,37.8,33.2,32.2,38.1,38.7,36.5,34.4,33.7,25,22.9,21.9,16.7,15.8,14,15.2,14,12,14,16.2,9.6,0,0
4384,토요일,7,2743,신대방삼거리,하선,12.4,14.5,12.7,10.9,12.4,17.4,17.5,21,21.5,20.9,24.3,24.4,27.8,27.3,29.5,32.1,31.7,33.1,33.5,36.7,40.5,43,51.3,45.3,46.2,36.8,38.8,31.9,32.6,30.2,35.5,40.5,37.6,35.9,35.1,29.9,16.7,4.2,0
4385,토요일,7,2744,보라매,상선,45.6,34,19.6,22.5,27.8,35.9,45.3,54,41.1,41.7,41.9,38.8,35.3,40.7,38.5,36.5,37.1,35.7,30.3,32.9,37.4,37.3,36,35,32.8,24.8,23.2,22.6,16.4,17.1,15.8,14.9,14.8,12.8,15.5,14.4,11.9,0,0
4386,토요일,7,2744,보라매,하선,13.9,14.8,12.5,11.2,12.6,16,17,20.5,20.4,20.5,23.4,23.7,27.4,26.1,28.6,31.3,29.6,32.1,31.2,35.6,38.9,41.9,50.9,43.3,45.1,35.6,37.2,32.7,29.7,29.7,34.2,37.8,37.9,33.2,33,27.8,14.8,3.3,0
4387,토요일,7,2745,신풍,상선,43.1,33.6,18.9,21.4,25.3,38,48,49.9,40.1,42.3,37.5,36.5,34.5,39.5,33.9,37,36,33.3,29.6,33.1,35.6,34.5,36,33.7,28.6,23.4,22.5,20.8,15.7,16.6,15.4,14.6,13.5,12.9,15.3,14.7,12.7,0,0
4388,토요일,7,2745,신풍,하선,13.6,16.1,12.4,12.6,12.9,17.5,17.8,21.1,21,21.3,23.9,24.8,27.7,27.5,28.5,31,29.8,30.4,30.9,34.6,38.1,41.3,47,42.4,44.7,35.4,35.3,32.7,28.2,26.9,32.8,37.5,33.8,31,31.4,27.4,16,0,0
4389,토요일,7,2746,대림,상선,54.1,29.9,17.9,19.3,23.6,38.8,43.7,43.2,41.2,40.8,35,35.7,35.1,36.7,32.6,38.1,33,31.4,30.4,32.4,34.6,35.2,35.8,33.3,28.8,24.6,23,19.1,18,17.3,16,15.2,14.6,13.6,16.7,15.6,13.9,0,0
4390,토요일,7,2746,대림,하선,21.8,19.9,16.4,15.6,16,17.9,19.8,23.8,23.9,24.7,25.4,28,31.1,30.3,32,34.5,35.7,36.6,37.5,40.7,45.4,46.6,54.3,52.5,49.7,42.9,44,40.9,36.7,34.9,39.6,44.8,42.5,37.4,37.5,39.8,18.5,0,0
4391,토요일,7,2747,남구로,상선,54,33.8,19.8,22,30.7,46.2,50.7,51.4,52.5,49,46.5,48.5,47.6,44.3,45.6,47.9,41.5,38.7,40,37.5,44,44.9,45.5,43.3,37.7,30.9,27.5,21.9,19.9,18.7,15.9,18,14.3,15,17.6,14,12.5,0,0
4392,토요일,7,2747,남구로,하선,29.8,21.6,20.5,15.9,17.2,18.3,19.8,23.6,25,24.8,26.2,28.4,31.4,30.9,32.4,35.2,35.8,36.4,37.4,40.2,44.4,45.1,50.1,48.9,48.2,41.9,43,39.5,36.4,34.9,38.1,42.1,41.1,35.2,35.7,38.7,17.5,0,0
4393,토요일,7,2748,가산디지털단지,상선,42.3,31.4,18.7,20.3,28.7,44.6,47.2,50.7,51.9,48.5,45.6,49.4,45.2,44.1,45.5,47.2,38.7,40.6,40.4,37.6,45.9,47.7,44.7,45.1,39.3,31,27.1,23.4,21.1,18.1,16.6,18.6,15.4,15.5,18.6,14.2,13.3,0,0
4394,토요일,7,2748,가산디지털단지,하선,29.8,19.9,19,15.8,16.9,19.8,21.1,22.8,26.4,27.2,26.9,28.8,32,32.3,32.8,36.1,37.4,39.1,39.7,43,48.7,48.6,57.7,59,56.2,50.4,50.5,45.6,41.7,40.9,42.3,47,47.6,37.8,40.2,46.9,20.7,9.7,0
4395,토요일,7,2749,철산,상선,50.1,28.7,21.9,22.9,38.8,46.6,49.8,58,53.2,48.7,53.2,54.3,45.5,50.7,53.6,47.4,41.9,47,41.3,38.5,44.7,51.1,38.7,46.5,37.4,28.7,24.2,23.9,17.1,14.9,16.4,18.6,14.8,14.8,18.2,14.1,10.8,0,0
4396,토요일,7,2749,철산,하선,26.8,17.6,16.9,14.8,14.8,17.2,19,20.4,23,24.6,26.7,26.1,30.4,29.9,31.3,33.8,34.3,35.7,36.2,40.2,46.4,43.7,52.9,53,48.6,46.9,43.2,38.1,35.1,36.1,37.4,39.3,41.4,33.8,34.3,39.8,17.7,7.4,0
4397,토요일,7,2750,광명사거리,상선,45.6,23.4,21.5,23.7,34.3,37.2,51.3,54.1,44.7,47.5,50.2,44,39.7,47.2,43.8,37.4,40.8,42.3,33.9,35.6,43.3,41.3,33.7,43.5,32,24.4,24.4,22.7,15.8,13.4,16.5,15.7,13.2,12.8,16.5,13.2,10.8,0,0
4398,토요일,7,2750,광명사거리,하선,23.4,14.3,14.8,15.2,13.9,14.6,17.2,17.9,19.8,21.7,24.3,22.5,26.8,25.3,27.3,29.8,30.2,32.9,30.4,36.5,42,38.3,47.9,44.3,42.3,41.2,38.6,35.4,30.6,31.4,33.3,35.1,35.3,32,30.8,31.8,15,5.2,0
4399,토요일,7,2751,천왕,상선,36.2,19.8,18.8,19.7,26.6,35.4,49.5,44.1,39.4,44.3,43.7,35.7,38.5,41.9,34.9,35,39.7,33.2,29,36.1,34.3,31.5,31.4,38.7,24.6,24.3,22.8,17.7,12.4,13,15.3,14.5,10.3,14.5,15.4,12.9,11.5,0,0
4400,토요일,7,2751,천왕,하선,23.2,15.9,14.6,15.2,13.8,14.1,15.9,18.4,18.9,20.4,24.2,23,24.9,24,26.5,27.6,27.4,30.2,28.5,34.4,38.1,36.8,41.1,40.9,40.9,36.2,33,33.2,27.5,28.2,29.6,31.9,31.1,29.2,27,28,13.2,3.5,0
4401,토요일,7,2752,온수,상선,27.4,20.7,17.1,18.7,22.6,40.4,40.9,32.2,39,42.1,32.1,37.7,41.5,34.8,29.5,38.1,30.6,26.5,30.4,36.3,26,32.7,38.5,30.3,21,26.1,18.7,14.2,13,14.7,14.4,11.7,11.9,15.7,14.6,13.4,5.9,0,0
4402,토요일,7,2752,온수,하선,8.5,14,15.6,8.6,18.4,11.2,15.7,15.9,22.9,14.7,21.8,28.2,17.9,24.4,29.1,26.7,21.9,31.6,27.6,25.8,34.3,43.1,32.8,37.8,47.2,35.9,29.2,31.9,35.8,24.4,27.1,38.6,25.9,30,27,29.4,22.3,0,0
4403,토요일,8,2810,암사역사공원,상선,1.5,3.4,3.3,3.5,4.2,6.6,8.4,8.7,9.6,11.3,10.9,12.1,13.4,12.2,16.3,16,17.1,17.8,18.3,20.1,23.7,22.9,26.2,25.5,26.2,26.7,25.1,23.8,23.5,21.6,21.9,22.8,22,26.4,26.3,21.5,21.3,0,0
4404,토요일,8,2810,암사역사공원,하선,12.7,10,10.2,12.2,15.7,22.5,26.6,30,28.5,28.2,30.2,32,28.9,28.8,31.5,29.8,26.1,28.8,26.4,23.1,27.1,27.2,29.6,24.5,21.9,16.3,14.8,11.6,9.1,10.1,7.5,7.2,6.2,6.1,4.8,4,2.7,0,0
4405,토요일,8,2811,암사,상선,2.4,5.5,4.2,4.2,4.8,6.9,8.9,10,11.1,11.6,11.8,13.5,15.4,14.7,17.8,18.9,20.8,21.2,21.5,23.7,26.8,27.5,30.3,29.6,31,30.3,29,28.6,27.1,25.6,26.7,26.6,26.8,30.6,31.1,24.7,13.4,0,0
4406,토요일,8,2811,암사,하선,22.7,18.8,18.8,21.6,25.7,38.1,41.5,49,44.3,43.8,45.5,49.3,48,42.8,48.5,48,39.3,42.8,39.4,35.2,40.4,37,42.9,35.8,31.8,24.4,20.9,18.8,14.8,15.8,10.7,11.1,10.8,9.8,7.2,5.5,3.7,0,0
4407,토요일,8,2812,천호,상선,3.3,7.7,6.7,6.3,7.7,12.9,16.3,16.1,17.6,16.7,17.8,22.4,24.6,24.8,26.8,29.6,30.6,32.4,31.3,37.8,39.1,41.5,47.6,44.4,49.1,47.4,42.4,42.6,38,38.6,39.1,39.2,38.2,42.1,45.9,36.8,24.5,0,0
4408,토요일,8,2812,천호,하선,27.2,34.7,29.3,33.1,35.8,55.5,59.5,71.2,65.3,63.7,61.1,65.7,65.7,65.8,63.5,74.6,56.4,63.8,59,61.9,66.6,62.7,76.6,67.8,55.9,47.8,44.2,37.6,27.2,29.9,25.4,23.8,20.3,25.8,15,17.9,10.6,0,0
4409,토요일,8,2813,강동구청,상선,9.2,17.5,14.5,14.6,15.7,24.9,26.1,32.4,36.4,33.7,36.4,40.1,43.4,42.9,48.5,50.9,49.4,50.7,55.4,55.6,56.4,69,71.7,61.7,70.1,71.2,64.4,60.2,52.4,54.8,52.6,54,53.3,56.9,58.3,45.3,29.6,0,0
4410,토요일,8,2813,강동구청,하선,30.7,37.1,31.9,35.1,38.2,57.4,61.5,74.5,68.4,68.3,64.9,69.2,67.1,69.4,67.3,78.1,60.1,67.6,60.6,63.3,69,64.2,77.7,69,56,50.3,44.2,37.7,27.9,29.5,25.2,23.7,19.8,24.6,14.1,17,9.5,0,0
4411,토요일,8,2814,몽촌토성,상선,8.8,18,14.5,16.3,16.1,25.3,27.7,33.8,36.6,34.5,36.8,42.1,42.2,43.6,49.4,49.9,51.3,51.7,58.7,56,62,68.3,75.6,66,75.6,75,65.7,64.4,56.1,56,58.3,58.2,57.1,61,58.1,49.6,33.3,0,0
4412,토요일,8,2814,몽촌토성,하선,29.9,38.8,30.2,35,38.5,53.9,64.4,75,68,68.7,65.3,69.2,67.1,71.5,67,76.6,63.6,73.6,63.8,69.8,70.9,70.6,81,76,59.8,54.8,50.5,43.2,28.9,34.7,30.3,27.5,26,32.9,15.6,17.8,9.5,0,0
4413,토요일,8,2815,잠실,상선,9.3,21.5,17,17.3,17,26,30.4,36,40.5,38.1,44.7,48.3,48.8,50.1,54.6,54.8,55.3,56.5,64.2,59.4,65.9,71.5,80.7,70,80,79.1,65.8,64.5,57.9,55.8,56.2,58.7,55.4,58.5,57.8,49.9,34.2,0,0
4414,토요일,8,2815,잠실,하선,22.9,32.4,23.8,25.7,31.4,44.8,46.5,56.1,53.3,50.1,49.7,52.1,54.6,53.7,56.1,59.3,62.6,65,66.6,67.4,75.3,81.4,83.2,86.5,87.5,72.9,73,64.2,57.9,59.9,61.5,61.4,56.4,74.9,35.9,37.3,26.4,0,0
4415,토요일,8,2816,석촌,상선,23.3,25.2,23.5,25.6,30.6,44.5,49.2,63.3,57.4,67.2,73.7,76.6,76.7,80.1,80.7,83.9,83,76.4,83.2,72.8,80.1,84.3,86.2,84.3,79,71.6,56.4,50.9,43.1,40.1,36.6,37,36,37,36.8,31.5,16.8,4,0
4416,토요일,8,2816,석촌,하선,21.6,29.8,23.6,25.7,29.6,41.1,44.9,49.3,53.3,48.8,49,48.7,52.3,50.6,53.8,56.1,64.2,62.5,64.1,64.5,73.7,80.8,77.6,86.5,91.7,78.8,72,67.3,64.9,60.7,64,65.6,66.8,84.1,42.8,39.6,26.1,0,0
4417,토요일,8,2817,송파,상선,25.4,26.7,25.7,30.1,36,50.7,57.8,71.8,62.6,74.7,78.8,84.6,80.6,86,88,90.4,85.3,78.2,84.5,76.4,88,94.8,82.2,84,79.8,65.7,57.8,48.9,40.9,38.6,33.7,35.6,31.6,31.5,31.9,27.5,14.3,4.9,0
4418,토요일,8,2817,송파,하선,22.3,27.5,22.8,25.2,29.1,41.1,43.3,49.1,53.1,49.5,49.1,50.1,51.4,49.9,52.1,55.2,61.5,59.9,60,61.2,70.3,77.2,74.4,81.5,85.6,75.2,67.7,63.4,59.9,56.7,58.8,62.2,61.6,74.4,52.3,41.4,27.2,0,0
4419,토요일,8,2818,가락시장,상선,23.6,26.2,24.9,27.9,34.3,47.6,54.6,68.9,60,69.8,73.2,77.4,76,80.2,82.6,85.5,81.2,74.5,80.2,72.7,84.5,89.3,79.1,81,77.4,63.3,56.4,48,40.2,37.7,33,36.1,31.6,31.1,31.3,23.6,9.1,0,0
4420,토요일,8,2818,가락시장,하선,18.4,21.5,17.7,22,24.9,29.8,38.5,39.7,48.1,39.2,44.5,42.8,41.8,41.7,40.7,52.6,56.1,52.2,56.1,55.3,63,68.1,64.1,66.6,79.1,66.3,60.5,56.8,54.2,53.9,53.7,59,56.8,69.7,50.6,39.9,23,0,0
4421,토요일,8,2819,문정,상선,36.4,26.9,24.4,29.3,33.7,47.8,54.1,65.5,60.8,65.2,67.7,71.8,68.6,70.6,73.6,74.9,71.9,68.5,72,65,78.8,81.2,72.7,71.1,69.7,56.8,46.6,43.6,32.2,30.5,27.1,28.8,26.3,25.7,22.2,18.2,7.7,0,0
4422,토요일,8,2819,문정,하선,17.3,18.8,15.4,19.3,20.9,26.7,32.6,35.9,41.1,30.8,33.5,34.1,34.2,36.2,34.2,45.7,47.1,45,47.1,49.4,52.9,58.3,56.6,58.6,70.3,60,55.2,51.2,49.1,49.7,50.3,54.7,51.7,63.1,46.2,36,31.8,0,0
4423,토요일,8,2820,장지,상선,35.6,26,23.1,26.9,31.4,45,50.5,61.1,55.6,59.5,64,64.8,61.5,61.5,64,65.5,61.5,58,64.5,55.1,69.7,71.3,66.1,63.7,60.5,47.4,37.8,37.6,27.1,24.2,21.2,25.2,21.2,20.6,21.3,10.5,6.7,0,0
4424,토요일,8,2820,장지,하선,15.9,13.9,15.4,16.1,16.5,22.5,25.9,31,32.1,25.4,27.7,28.2,29.4,29.2,28.2,36.6,39.1,35.4,39.5,41.1,44.7,46,53.8,53.1,57.7,53.2,49.3,46.1,43.9,44.2,46.9,49.3,46.6,57.1,40.1,31.7,27.7,0,0
4425,토요일,8,2821,복정,상선,32.2,18,21.8,23.5,28.9,37.6,43.3,50.3,49.1,52,53.9,57,53.1,55.1,53.5,55.7,52.5,47.2,54.8,48.3,59.1,58,55.1,51.7,50.7,34.5,32.1,28.8,21,19.2,16.7,19,17.2,16.1,19.3,9.6,7.4,0,0
4426,토요일,8,2821,복정,하선,5.5,8.4,9,8.8,8.4,11.3,14.9,17.8,19.8,14.4,15.7,16.3,18,16.6,18.7,24.7,27,23.1,25.2,23.8,27.1,28.6,34.8,32.7,39.1,35.5,33.7,32.2,27.6,29.1,31.1,37,31.7,38.9,28.8,25.9,23.7,0,0
4427,토요일,8,2828,남위례,상선,24,15.3,15.8,19.5,24.4,32,33.9,38.4,36.4,36.5,32.7,37.1,35.3,36.9,38,36.5,31.4,31.9,31.2,34.5,41.3,32.9,30.8,31.7,28.4,18.7,19.6,14.2,9.8,10.6,10,9,7.7,8.1,8.3,5.6,2.4,0,0
4428,토요일,8,2828,남위례,하선,5.3,6.5,7.4,7.9,7.1,10.3,14,15.8,16.3,11.6,12.9,13.6,16.2,14.3,15,19.4,21.9,18.1,20.5,21,23.7,25.6,29.1,28.7,33.8,31.8,29.5,28.6,23.9,25.8,27.6,32.9,27.4,31.7,30.1,25.8,20.2,0,0
4429,토요일,8,2822,산성,상선,24.1,14.6,14.4,18.5,22.2,28.6,31.5,34.9,32.7,33,29.1,32.2,30.6,31.6,32.7,31.5,27.7,27.3,25.9,27.9,35.4,28.2,25.3,24.4,24,16.2,17.8,11.2,8.3,8.3,8.2,7.3,6.3,6.3,6.1,4.1,2.2,0,0
4430,토요일,8,2822,산성,하선,6,6.1,6.8,7.2,6.5,9.3,11.1,11.8,11.4,10.9,11.4,12.6,13.3,12.5,13.4,15.5,18.9,16.6,16.3,18.2,20.5,21.5,24.6,23.9,28.4,27,25.6,24.3,20.3,23.4,22.2,27.4,22.4,26.5,25,21.6,16.3,0,0
4431,토요일,8,2823,남한산성입구,상선,20,12.9,12.9,16.2,19.1,24.7,27.9,29.8,26.6,30.4,25.6,27.5,24.1,27.4,27.4,27.7,23.9,23.2,21.9,24.7,27.9,23.6,22.1,21,20.4,14,13.2,10.5,8.4,7.5,7.7,6.4,6.1,6.8,6.3,4.5,2.4,0,0
4432,토요일,8,2823,남한산성입구,하선,8,6.3,5.8,6.8,7.5,10,12.2,11.5,11.9,12.2,10.5,11.7,13.1,12.7,13.4,13.4,16.8,14.7,14.3,14.6,17.3,17.3,19.1,19.5,22.9,20.2,19.2,17.1,16.1,16.2,14.7,18.6,15,16.9,16.5,14.3,9.8,0,0
4433,토요일,8,2824,단대오거리,상선,13.6,8.8,8.3,10.6,12.1,17.2,18.7,20.5,16.3,22.2,19,19.1,17.6,19.9,18.7,21.4,17.9,18.3,16.3,19.8,21.7,20.3,17.9,16.7,17.1,12.6,10.9,10.5,8,7.7,7.4,7,6.5,7.7,7.4,6.1,4.1,0,0
4434,토요일,8,2824,단대오거리,하선,9.7,4.5,5.7,6.7,7.7,10.6,13.1,13.1,12.3,11.7,11.7,10.5,12.5,10.9,11.8,11.1,14.9,11.9,11.5,10.1,11.6,11.9,12.6,14.4,13.8,13.2,12.3,10.1,9.9,7.9,8,9.1,7.7,7.8,7.4,6.3,4.3,0,0
4435,토요일,8,2825,신흥,상선,6.9,4.1,4.2,5.2,5.9,10.6,10.2,11.7,9.4,12.6,12,12.4,10.7,13,13,13.7,11.5,12.9,11.6,14.1,17,15,13.7,12,14.2,10.9,9.9,9.9,8.2,7.4,7.3,6.9,6.9,6.7,7.5,4.4,5.9,0,0
4436,토요일,8,2825,신흥,하선,10.3,3.9,5.4,6.6,7.4,11.2,12.9,13.2,11.7,10.9,10.4,9.5,11.4,9.5,9.7,9.1,11.4,9.4,9.4,8.3,8.9,9.3,10.6,10.8,10.8,10.5,8.4,7.2,6.9,5.8,5.1,5.6,4.4,4.2,4.3,3.6,2.7,0,0
4437,토요일,8,2826,수진,상선,4.5,2.5,3,3.4,4.6,7.3,7.4,8.6,7.5,9.1,10.1,9.8,8.4,10.5,10.8,10.9,10.4,10,10.3,11.8,14.7,12.2,10,9.5,11.2,8.8,10,9.5,7,7.2,6.5,6.9,6.2,6.4,7.2,3.9,6,0,0
4438,토요일,8,2826,수진,하선,14.9,5.8,5.9,7.3,8.2,10.8,13.2,12.5,11.1,11.2,9.6,8.7,12,10.6,9.8,9,9.2,8.4,8.2,8.5,9.3,8.2,9.7,9.6,8.2,7.2,6.1,4.8,4.3,4.4,3,3.1,2.7,1.8,2.3,1.1,0.7,0.4,0
4439,토요일,8,2827,모란,상선,2.1,1.7,2.3,2.3,2.9,4.5,5.5,6.4,6.9,7.2,7.2,8,6.8,8.3,9.6,9.3,9.4,7.7,9.3,7.3,7.6,10.9,8.4,8,10,8.5,10.6,8.5,7.3,6.4,6.1,7.4,6.2,7.2,7.9,4.8,6.9,0,0
4440,토요일,8,2827,모란,하선,0,0,0,0,0,0,0,0,0,0,0,0,0,0,0,0,0,0,0,0,0,0,0,0,0,0,0,0,0,0,0,0,0,0,0,0,0,0,0
4441,일요일,1,158,청량리,상선,5.4,4.9,4.5,6.5,4.5,6.7,8.2,8.8,11,9.4,9.3,7.4,9.6,11.3,12.4,13.1,15,18.3,19,19.7,25.6,19.3,20.1,22.6,23,22.2,19.1,23.8,18.3,18.2,17.6,19.3,16.4,42.1,18.3,14.6,14,10.7,0
4442,일요일,1,158,청량리,하선,8.8,12.6,6.8,10.3,12.4,16.8,19.2,21.2,26.1,29,21.4,23.2,25.8,24.8,28.8,27.3,27.3,26.9,23,26.9,21.1,20.1,20,19.1,19,14.2,13.9,13.2,12.2,11,10,9.7,8.2,6.1,5.3,5.8,4.9,0,0
4443,일요일,1,157,제기동,상선,5.7,6.5,7.5,8.2,5.5,7.8,10.9,11,13.9,11.8,11.5,11.7,12.4,14.6,14.9,19.4,17.7,23.3,22.9,21.9,28.6,23.5,21.8,28.7,26,25.1,22.5,25.6,20.7,41.8,18.6,19.6,19.6,23.6,19.9,15.7,15.3,13.7,0
4444,일요일,1,157,제기동,하선,8.9,12.5,7.2,10.6,12.7,17.8,19.2,21.1,25.3,33.1,25.7,24.7,25.1,27,33.4,25.7,28,29.3,32.3,26.6,24.5,23,24.9,17.9,22,18.2,13.3,16.2,14.1,12,11,10.1,8.2,6.3,5.3,6,4.8,0,0
4445,일요일,1,156,신설동,상선,5.5,6.7,9.2,6.9,5.7,8.2,10.8,13.5,16.5,14.7,13.7,15,15.9,19.6,18.1,25,20.6,29.3,25,28.9,28.2,24.5,23.3,30.2,27,39.1,26.1,24.6,21.1,22.9,18.8,20.5,20.4,26.4,19,17.2,15.1,14.3,0
4446,일요일,1,156,신설동,하선,9.4,13.2,8.6,9.8,13.4,20.3,17.1,22.1,26.6,30.6,29.7,26.4,24.1,29.9,35.6,25.3,31.5,31,34,28,26.7,23.5,27.2,19.6,24.3,20.2,14.7,17.3,14.9,12.8,11.3,10.6,8.5,6.6,5.8,6.1,5,0,0
4447,일요일,1,159,동묘앞,상선,5.6,7.6,9.6,7.2,6.5,8.9,10.2,15,15.6,17.6,16.1,15.8,17.2,20.7,20,25.6,21.1,27.9,27.1,23.9,27,41.2,26,24.7,27.4,25.9,23.5,21.9,22,22.1,20.1,22.8,21.8,20.1,16.7,20.4,12,16.1,0
4448,일요일,1,159,동묘앞,하선,9.1,10,8.1,8,15.1,15.9,18.3,21.6,33.5,29.9,29.1,28.6,27.9,30.8,40.7,30.9,40.5,36.7,34.6,31.6,34.4,29.4,31.6,19,30.6,24,16.4,20.1,16.5,12.5,11.6,11.1,9.5,7,5.7,6.3,4.1,0,0
4449,일요일,1,155,동대문,상선,4.8,7.5,10,7.6,7,9.5,12.2,17.4,18.6,22.2,20.4,21.5,21.7,26.4,25.1,28.9,25.3,50.9,30.5,28.3,28,27.6,27.8,29,25,30.1,24.3,22.9,21.2,23.6,21,25.8,21.9,20.7,20.1,23.3,14.7,15.4,0
4450,일요일,1,155,동대문,하선,8.6,10,7.7,7.2,13.3,13.7,21.2,20.8,32.6,30.1,27.5,28.1,25.3,31.4,40.2,33.4,36.8,37,35.5,32.7,37.6,26.9,31.8,21.5,32.6,23.8,16.9,20.4,16.6,12.9,12.2,11.5,11.5,8.6,6.3,6.7,4.4,0,0
4451,일요일,1,154,종로5가,상선,3.6,8.5,8.8,8.7,6.9,9.2,13.5,16.2,21.5,24.1,22.9,22.1,25.3,41,26.7,29.8,21.2,37,27.2,30.1,28.5,24.6,28.6,27.7,25.6,29.1,24.6,22.7,22,22.2,21.7,24.4,19.1,21.7,18.9,25.5,14.6,15.2,0
4452,일요일,1,154,종로5가,하선,8.1,10,6.4,8.8,11.3,13.7,20.7,20.7,30.5,30.5,27.5,27.8,25.8,32,40.5,34.4,35.8,40.2,38.8,36.2,39.4,29.6,34.6,23.2,35.3,25,20.6,22.5,18.7,15,13.4,12.2,12.8,9.2,6.7,7,4.5,0,0
4453,일요일,1,153,종로3가,상선,3.5,8.9,9.3,9.2,7.8,10,14.8,18.1,23.8,46.4,25.6,23.7,30.5,25.4,29.8,31.6,23,37,28.1,31.1,29,24.4,28.8,27.9,25.3,27.6,23,22.6,23.5,21.2,21.6,22.7,20.1,21.5,19,25.8,15.1,15.8,0
4454,일요일,1,153,종로3가,하선,6.4,8.4,7.2,8.3,10.1,11.1,17.8,20.2,22.4,26.3,25.2,22.6,24.7,26.3,29.8,31.2,30.6,35.1,34.7,35.7,32.3,30.3,30.6,24.1,29.9,27.8,22.4,23,20.1,18.4,14.7,14.4,14.1,11.3,8.5,7,5.2,2.4,0
4455,일요일,1,152,종각,상선,4.7,7.5,8.1,8.2,7.9,31.9,15.2,18.1,24,25,25.8,23.3,31.2,25.8,28.3,30.8,28.8,30.4,27.6,27.1,27.5,24.3,25.5,23.4,23.9,23.2,21.4,20.3,20.8,20.1,17.5,20.1,18.2,17.7,16.2,22.9,10.7,14.8,0
4456,일요일,1,152,종각,하선,6.8,9.1,6.7,7.6,9.4,10.8,16.4,18.5,20.1,24.4,23,21.3,22.4,25.1,27.5,29.7,31.4,35.5,35.1,36.8,33.7,32.3,32.5,26.6,32.2,33,23.6,27.9,23.9,20.7,17.4,17.3,17.7,13.2,10.2,8.3,5.5,2.8,0
4457,일요일,1,151,시청,상선,4.5,37.9,9.4,8.8,9.2,9.5,17.6,20.2,27.1,27.1,28,25.1,35.9,26.7,31.3,32.4,30.2,31.7,26.8,26.9,27.1,23.8,24,20.5,24.5,21.4,19.7,19.8,17.6,17.6,14.5,19.3,15,15.7,14.9,21.1,10.7,14.8,0
4458,일요일,1,151,시청,하선,6.8,8.7,6.5,6.9,9.3,10.9,13.8,16.7,18.2,23.7,17.8,19.6,19.8,23.9,27.8,31.3,31.7,36,37.4,37.3,37.1,35.5,34.6,29.8,35.4,36.6,25.3,31.7,27.3,25.2,21.4,20.6,20,15.2,12.2,9,6.3,2.8,0
4459,일요일,1,150,서울역,상선,4.4,7.7,10.5,9.8,9.9,12.4,19.6,21.7,30.9,32.9,32.6,31.1,37.8,31.4,30.8,32.8,31.1,32.4,25.8,26,28.7,22.9,23.1,19.2,23.2,20.1,18.9,18,16.5,15.3,13.3,17.4,14.2,14.2,13.2,17.3,8.9,6.4,0
4460,일요일,1,150,서울역,하선,6.9,8.3,5.9,6.2,7.7,10.6,14,14.9,17.6,23.4,19.8,20.3,21.7,25.2,31.4,32.4,32,34.7,37.8,38.2,38.9,38.1,34.3,32,38.4,41.3,28,35.7,29.3,32.6,25.9,24,25.4,20.4,16.8,12.7,8.3,4.9,0
4461,일요일,2,9001,성수E,내선,0,0,0,0,0,0,0,0,0,0,0,0,0,0,0,0,0,0,0,0,0,0,0,0,0,0,0,0,0,0,0,0,0,0,0,0,0,0,0
4462,일요일,2,9001,성수E,외선,4.1,5.9,6.5,7.9,8.4,11.8,15.2,17.3,18.3,20.8,24.1,25.1,23.1,29.5,29.9,29.3,34.1,31.6,31,37.1,35.7,34.8,33.4,36.4,30.2,37.9,33.4,32.9,31,30,32.1,30.4,27,28.4,26.3,20.9,11.1,0,0
4463,일요일,2,210,뚝섬,내선,9.3,9.9,7.9,6.1,7.4,10.4,12.9,16,21.7,18.3,24.9,29.6,26.5,24.4,36.7,34.5,31.6,33.3,40,31,40,34.1,37.8,37,36.2,33,27.1,29.5,27.3,23.2,23.8,21,23,22.4,22,19.8,13.6,0,0
4464,일요일,2,210,뚝섬,외선,4.3,5.8,6.6,8,8.5,11.9,12.8,17.1,18.5,18.6,22.1,24.4,21,27.9,28.4,28.1,33.1,31.6,31.2,38,35.7,37.2,35.5,39.2,32.2,41.2,37.8,37.8,35.3,35.3,35.3,34.6,29.6,30.6,27.6,22.1,11.5,0,0
4465,일요일,2,209,한양대,내선,9.4,10.3,7.5,6.3,7.7,11.4,15,19.7,22.2,21.4,28.3,30.9,31.8,27.6,40.7,37.7,34.6,36.7,39.8,32.6,40,31.9,41.2,35.7,37.4,30.6,25.8,26.2,25.6,21,21.2,19.6,21.7,21.7,19.2,16.9,16.2,0,0
4466,일요일,2,209,한양대,외선,4.4,5.9,6.4,8.1,8.7,11.9,13,17.3,18.7,18.6,22.5,24.6,21.4,28.2,29,28.5,33.5,31.8,31.8,38.3,35.9,37.8,36.1,39.5,33.8,41.7,39.1,37.5,35.6,36,35.7,34.8,29.7,30.1,29,22.7,11.8,0,0
4467,일요일,2,208,왕십리,내선,9.4,10.6,7.7,6.6,8.2,12.3,15.9,21,22.8,21.5,29.1,31.5,31.9,28,41.3,37.5,35.4,37.3,40.4,33.2,40.4,32.6,41.3,35.8,35,32.7,25.8,26.5,26.3,21.1,22.2,19.9,21.8,22.5,19.6,17.7,17.3,0,0
4468,일요일,2,208,왕십리,외선,6.7,7.5,7.8,12,11.3,16.5,16.5,24.6,27.7,27,31.9,34.8,31,39.6,42.1,38.5,45.5,41.5,41.2,46.5,44.6,42.7,42.8,48.3,39.2,47.6,43.4,42.5,41.3,39.2,38.4,39.2,35.7,31,35.3,26.5,13.9,0,0
4469,일요일,2,207,상왕십리,내선,12.2,13.8,9.8,9.1,11,15.6,20.5,26.5,28.4,25.5,33.1,37.2,37.3,33.1,46.4,43.7,44.5,41.9,48.1,42.3,46.3,40.6,50.8,44,44.3,36.2,37.4,35.9,35.2,31.4,31.5,31.8,32.4,31.9,29.8,29.8,23.9,0,0
4470,일요일,2,207,상왕십리,외선,8.5,7.1,8,12.6,11.6,16.2,18,25.7,29.8,27.7,33.2,35.3,32,37.5,45.9,39.6,43.5,45.3,42,44.7,47.3,42.9,42.7,48.3,38.8,47.5,42.6,42.1,41,38.3,37.4,38.4,34.6,30.4,34.3,28.9,14.7,0,0
4471,일요일,2,206,신당,내선,11.5,13.8,9.5,9.2,10.9,15,20.2,24.5,30.5,27.4,31.9,36.4,37.1,37.6,45.6,38.8,44.2,43.2,47,42.4,47.8,41.6,50.4,45.8,44,37.2,38.2,37,36.9,32.8,32.8,31.7,35.4,33.2,31.4,32,25.5,0,0
4472,일요일,2,206,신당,외선,10.8,7.6,8.5,13.1,12.2,17.4,18.3,27.3,31.7,29.5,35.2,36.3,33.2,38.7,46.7,40.2,44.8,45.2,41.9,44.5,46.5,43.4,42.1,44.6,42.4,45.7,39.2,42.3,40.1,37.1,35.6,35.6,32.1,28,31.6,27.2,12.3,0,0
4473,일요일,2,205,동대문역사문화공원,내선,13.1,11.1,8.2,8.7,10.2,14.9,18.9,24.5,28.3,26.5,31,32.9,37.4,38.8,44.7,37.7,45.1,42,46.1,41.1,46.5,40.5,49.4,45.3,43.7,36.7,39.4,38.6,37.2,34.2,34.3,33.8,37.8,37,30.4,36.3,27.1,0,0
4474,일요일,2,205,동대문역사문화공원,외선,10.4,7.8,8.1,8.6,10.2,17.1,20.2,24.3,31.5,29.5,35,35.3,34.5,36.2,43.7,36.7,40.9,43.5,38.8,40.5,43.2,39,39.2,36.1,38,37.7,33.6,35.9,33.6,32.1,30.2,27.5,26,24.5,26,23.7,10.6,0,0
4475,일요일,2,204,을지로4가,내선,12,10.4,8.4,11.2,9.8,12.6,15.2,20,23,23.9,28.3,26.4,31.8,34.8,38.1,34.6,40,37.5,39.6,41,35.6,37.6,47,41.4,42.2,33.2,37.5,42.5,37,36.6,37,34.1,37.8,41,34.5,41.1,17.6,0,0
4476,일요일,2,204,을지로4가,외선,8.7,8.7,7.3,8.4,9.8,16.1,19.5,22.3,30.1,29.2,32.7,34.9,33.5,35,43,35.8,39.6,42.8,37.7,40.1,41.6,37.8,37.6,35.3,37,37.3,32.8,35.2,33.6,31.6,30,27.2,25.3,24,27.3,22.8,11.6,0,0
4477,일요일,2,203,을지로3가,내선,11.9,10.6,8.7,11.2,10.2,12.8,15.3,20.4,23.1,23.4,27.4,25.5,30,35.6,37.1,32.5,41,36.4,36.7,42.1,34.8,36,45.4,39.6,42.2,32.3,37.1,41.9,36.2,35.9,36.1,32.5,37.7,40.4,34.4,41.6,18.5,0,0
4478,일요일,2,203,을지로3가,외선,8.6,8,6.5,7.9,9.1,15.5,17.3,20.3,29.7,29,32.1,36,35,32.9,44.7,37.6,39.9,45,39.6,39.9,47.3,40,39.8,35.5,39.3,38.3,33.9,36.9,34.5,33.2,31.3,28.4,25.9,25.2,28.7,24.6,11.7,0,0
4479,일요일,2,202,을지로입구,내선,11.9,11.8,9.4,11.9,10.9,14.6,18.5,22.2,25.2,24,29.3,28.2,28.6,35.5,36.6,34.1,41.6,39.1,35.1,42.2,34.7,37.4,46.1,39.7,44.2,32.3,38.4,41.8,37.4,35.4,37.4,34.8,36.3,40.1,34.9,42.1,18.7,0,0
4480,일요일,2,202,을지로입구,외선,6.1,7.2,5.9,7,7.6,13,13,17.4,24.5,25.2,28.9,31.6,33.7,30,42,39.3,37.2,43.7,41.5,40.7,50.1,43.2,39.8,39.7,41.6,43,37,41.5,37.4,38.2,41.8,33.1,31.5,28.7,32.4,29.7,15,0,0
4481,일요일,2,201,시청,내선,16.2,12.3,10.3,12.4,12.4,16.4,23,27,29.8,28.3,31.7,32,30.8,36.3,41.5,35.7,43,38.3,35.4,39.8,36.1,36.2,44.1,36.7,38.8,30.9,37.6,37.8,34.9,31.1,31.9,32.3,35.5,37,31.5,40.8,14.8,0,0
4482,일요일,2,201,시청,외선,6.5,6.8,5.5,6.1,7.7,11.3,12.4,15.8,23.3,24.8,28.7,31.6,33.6,31,43.6,41,38.6,46.3,43.8,42.7,53.8,47.1,42.8,42.8,44.6,43.9,42.7,45.2,39.4,40.8,43.8,34.8,34,29.6,33.5,31.1,15.5,0,0
4483,일요일,2,243,충정로,내선,17.6,13.7,11.1,13.2,13.4,19,23.9,29.8,28.1,32.5,34,33.7,33.3,38.4,43.7,37.8,44,38.8,36.6,41.3,35.9,36.2,43.2,37,39.6,32.3,37.8,38.4,35.8,31.8,31.2,36.3,36.4,39.4,33.2,43.9,17.8,0,0
4484,일요일,2,243,충정로,외선,5.4,6.8,5.2,6,7.4,11,11.8,15.4,22.4,24,29,30.6,33.4,28.7,46.1,37.3,38.4,49.3,39.1,41.8,55.2,45.9,42.3,43.5,42.9,44.4,41.8,44.6,38.6,40.5,43.5,34,33.2,29,32.3,31.3,15.1,0,0
4485,일요일,2,242,아현,내선,16.8,12.5,10.6,13.9,13.4,19.2,23.8,30.2,27.1,33.9,33.8,34,32.6,38.2,42.4,37.2,44,40.9,33.2,38.7,36.3,35.8,42.9,35.6,39.1,31.7,37.3,39.3,33.8,31.6,31.4,36.4,38.7,37.8,35.4,44.1,18.4,0,0
4486,일요일,2,242,아현,외선,6.4,7,5.2,6,7.5,11.1,12.8,14.6,22.9,23.9,29.1,31.8,33,29.4,47.4,37.9,39.2,49.3,39,41.4,55.2,45.1,43.7,42.5,42,42.4,42.8,43.9,38.4,41.9,41,33.2,33.1,29.9,28.9,26.8,20.6,0,0
4487,일요일,2,241,이대,내선,16.4,12.3,10.1,13.5,12.9,19,23.8,29.1,26.8,33.8,32.2,32.6,31.6,39.1,40.6,35.9,43.3,42.4,32.9,39.9,35.8,36.7,40.9,36.4,39.7,29.9,37.5,40.6,33.5,32.9,32.1,37.5,39.9,38.7,36.4,37.1,17.9,0,0
4488,일요일,2,241,이대,외선,6.9,6.7,5.6,6,7.2,10.5,12.7,14.3,22.1,24.1,27.7,32.5,32.9,29.5,48,38,38.8,48.6,38.7,41.8,54.5,44.8,43.5,42.1,46.6,37.4,42.2,42.5,37.2,40.7,39.6,31.7,31.1,28.6,26.3,24.4,18.6,0,0
4489,일요일,2,240,신촌(지하),내선,16.2,12.3,10.1,13.2,12.2,18.5,23.8,29.6,25.3,33.3,32.4,32.3,30.8,38,39.7,35.1,43.2,41.6,32.5,39.7,35.4,36.2,40.2,36.5,40.2,29.5,39.8,41.2,33.9,33.4,33,38.5,40.9,39.6,37.4,38.8,20.1,0,0
4490,일요일,2,240,신촌(지하),외선,10.3,7.3,6,6.6,7.2,10.4,11.8,13.7,19.1,22.8,25.5,31.3,31.7,30.6,42.9,39.2,40.2,41.8,40.9,42.7,54.5,44.8,46,40.8,45.5,39.3,41.8,46.2,38.7,43.4,43.1,34,33,32.1,26.9,24.5,18.3,0,0
4491,일요일,2,239,홍대입구,내선,15.1,12.2,11.4,12.7,13.7,19.1,24.8,32.1,27.7,36.3,34,35.1,30.6,38.8,42.8,33.4,45.1,40.7,33.3,39.2,33.1,39.4,40.4,35.6,40.7,28.6,39.9,39.5,32.3,31.8,30.8,36.9,36.4,39,35.2,36.5,22.1,0,0
4492,일요일,2,239,홍대입구,외선,18.3,11.2,7,8.2,8.6,12,13,14.9,18.3,22,21.9,26.1,24.8,24.9,35,31.5,31.8,35.7,33.4,38.7,45.4,40.5,43.6,41.1,45,38.1,45.5,42.6,45,44.1,48.7,46.3,41.3,43.1,33.4,30.4,24.3,0,0
4493,일요일,2,238,합정,내선,11.3,10.6,9.8,11.4,14.2,19.4,23.8,30.3,29.5,36,36.8,34.8,37.9,45.5,52.6,39.6,51.9,47,42,39.8,31.3,44,41.3,39.1,34.4,26.2,40.6,34.2,28.5,22.8,22.9,25.9,24.2,22.8,25,23.5,14.3,0,0
4494,일요일,2,238,합정,외선,27.2,20,10.6,10.6,12.3,15.3,16.8,19.5,22.4,26.6,22.9,28.1,25.9,26,35.8,34.6,31.3,37.6,33.8,39.7,43.6,43,48.5,45.8,48.7,42.6,59.8,61.8,56.9,55,59.9,58.5,50.2,52.6,40,35.2,26.7,0,0
4495,일요일,2,237,당산,내선,10.3,11.5,10.2,13.3,15.9,24.2,30.5,30.6,36.9,43.6,38.6,43.8,46.7,50.9,63.2,50.2,62.2,53.3,56.7,51.4,49.2,51.2,46.2,45.2,38.5,36.6,39.5,28,28.2,22.2,23.7,26.2,22.9,22.5,31.6,21.9,13.8,0,0
4496,일요일,2,237,당산,외선,25.5,18.9,9.6,10.1,12.5,15.9,17.3,19.4,22.9,28.5,22.4,28.2,26.3,25.5,35.4,32.8,30,36.2,33.3,34,41,38.3,44.8,42.4,45.2,39.8,55.1,56.5,52.9,50.8,55.9,54.3,47.2,49,37.4,31.7,24.2,0,0
4497,일요일,2,236,영등포구청,내선,9.9,12,11.1,13.4,16,24.4,29,31,35.4,40.7,35.1,40.1,42.7,46.4,58.2,46.3,57.7,49.6,51.7,47.9,45.6,48.7,43.1,42.6,36,35.2,34.2,28.6,26.2,21.9,21.6,24.7,21.4,21.6,28.9,21.6,13.3,0,0
4498,일요일,2,236,영등포구청,외선,26.1,19.8,10.3,11,14.6,15.7,19.5,21.3,24.3,31.9,24.8,27.7,27.4,26.1,34.7,35,31.7,35.9,35.3,33.5,40,42,40.6,45.5,45.8,37.2,52.9,55.6,52.8,47.4,55.6,53.2,43.9,44.5,42.9,34.1,20.7,0,0
4499,일요일,2,235,문래,내선,9.5,12.4,11.4,13.8,16.2,24.6,28.8,35.2,32.8,40.2,36,37,46,45.6,54.7,45.1,56,47.5,52.2,46.7,44.5,46.8,43.7,40.8,38.2,35.9,35.2,29.5,25.8,24.2,22.3,25.5,22,22.9,31,23,14.2,0,0
4500,일요일,2,235,문래,외선,26.3,22.7,10.5,10.8,14.5,15.9,18.6,22.1,22.2,31.8,25.6,27,27.1,25.9,34,34.6,31,36.2,34.9,33,37.9,44,40,44.3,45.9,37.2,51.9,55.7,52.9,48,55.8,53.5,44.9,44.7,43,34.5,20.2,0,0
4501,일요일,2,234,신도림,내선,9.4,13,10.3,14.5,16.7,25.7,28.7,38.1,33.4,37.5,39.7,36.9,51.3,48.5,52.5,50.1,53.8,45.5,50.7,50.8,42.1,37.2,44,33.2,31.8,32.8,32.4,29.9,24.3,23.7,21.6,20.9,17.3,17.6,18.4,16.3,7.1,0,0
4502,일요일,2,234,신도림,외선,10.6,14,10.8,13.1,15.1,20.5,22.1,21.3,23.9,32.8,31.1,30.4,30.7,25.6,35.5,37.1,32.9,32.3,39.9,28.5,38.9,34.2,38.6,40.2,38,37.9,44,30.9,44.7,38.7,45.3,40.2,37.2,33.5,38.2,29.3,17.4,0,0
4503,일요일,2,233,대림,내선,33.7,20.6,13.5,13.4,14.7,23.3,25.6,33,34.3,33.4,39.3,32.3,44.1,42.2,44.4,47.8,47.2,40,47.7,43.1,37.9,39.6,42.7,36.2,31.8,34.1,38.3,33.5,28.4,26.3,22.2,26.3,21.1,22.7,21.5,14.5,9.4,0,0
4504,일요일,2,233,대림,외선,13.6,14.1,11.3,13.2,16.1,22.5,22.4,26.3,33.8,30.5,29.1,30.7,30.7,26.5,33.7,38.3,32.9,32.5,40.5,33.3,36,38.8,45.6,33.4,37.9,43.4,40.1,35.7,39.2,38.6,36.4,35.9,33.6,33.8,44.3,28.8,46.2,0,0
4505,일요일,2,232,구로디지털단지,내선,28.3,19,12.2,11.6,12.8,20.9,22.3,29.1,31.5,29.9,36.4,31.3,42.8,38.2,38.6,47.2,43.5,37.2,44.9,38.9,32.1,45.1,37.6,36,33.6,31.7,39.6,32.8,29.7,28,24,29.6,22.9,29.6,24.6,17.2,10.5,0,0
4506,일요일,2,232,구로디지털단지,외선,16.2,14.7,12.1,14.3,16.4,23.1,23.8,28.7,34.8,31.9,28.3,29.3,30.8,26.5,30.9,36.3,29.6,29.6,35.1,29.8,31.3,37.8,38.9,30.6,35.2,38.2,35.8,31.4,34.4,33.2,30.3,30.2,27.3,29.5,33.4,23.8,37,0,0
4507,일요일,2,231,신대방,내선,20,14.2,9.6,9.4,10,17.5,18.3,23.7,25.9,25.3,29.7,26.6,37.6,34,32.7,42,38.3,34.6,41,35.4,30.5,42.5,35.3,33.4,31,28.7,38.5,33,30.1,26.6,26.3,29.1,26.9,28.5,30.2,19.5,12.7,0,0
4508,일요일,2,231,신대방,외선,17.6,16.4,13,15.6,16.4,25.1,26.1,31,36.9,37.4,28.2,29.2,32,29.5,29.9,35.3,32.2,29.6,35.1,27.8,32.6,36,39.8,26.6,34.1,37.5,34.5,28.4,31.8,27.6,28.2,27.8,23.6,25.8,26.5,24.2,31.7,0,0
4509,일요일,2,230,신림,내선,16.3,12.4,9.1,8.2,9.5,15.7,16.1,20.5,21.6,23.7,26.8,24.3,33.9,31,30.6,39.7,36.3,32.6,40.3,33.7,29.3,42.1,35.8,32.7,30.7,31,39,34,31.7,28,28.6,32.7,30.9,31.4,33.5,20.8,13.7,0,0
4510,일요일,2,230,신림,외선,23.2,18.4,18.9,18.9,20.4,29.4,34.3,39.4,46.2,44.6,33.4,35.2,37.5,35.7,35.4,41,36.6,34.3,39.6,32.4,34.7,39.6,40.1,27.4,34,36.4,32.4,26.3,29.2,24.9,24.6,23.1,20.7,20.4,20.9,19.9,21.5,0,0
4511,일요일,2,229,봉천,내선,10.9,11,8.5,7.5,8.5,13.1,13.9,18.1,20.4,21.3,25.1,22.1,32.7,28.3,28.7,37,36.4,31.8,39.1,32.6,31.1,44.6,39.2,33.6,37.5,35.9,46.2,40.4,38.2,33.7,38,42.2,40,41.7,41.4,28,20.2,0,0
4512,일요일,2,229,봉천,외선,25.3,19.3,19.9,20.2,22.8,29.8,36.6,43.4,49,47.9,37.7,37.7,41.3,34.6,37.6,48.3,34.6,38.1,42.9,32,34.7,36.2,40.1,29.4,33.5,33.2,33.6,25.3,27.1,23.7,23.2,21.5,18.8,19,19.3,18.2,18.2,0,0
4513,일요일,2,228,서울대입구,내선,9.1,10.8,8.4,7.5,8,12.1,13.4,16.4,18.9,20.4,24,21,30,28.4,28,35.7,36,29.6,36.6,33.3,31.3,46.1,40.7,35,39,38,49.3,42.9,39,37.4,40.7,46.5,43.8,48.5,40.6,30.6,22.3,0,0
4514,일요일,2,228,서울대입구,외선,24.6,20.2,22.3,22.4,25.4,33.5,40.9,49.4,54.1,53.9,41.7,43.4,46.7,39.8,42.5,54.8,38,42.9,45.7,34.9,36.9,40,42.4,32.3,32.6,34.6,33.5,26.9,26.3,23.4,24.4,19.4,18.7,17.9,17.9,17.6,19.1,0,0
4515,일요일,2,227,낙성대,내선,14.2,11,8.9,7.4,8.9,12.1,13.9,15.2,19.3,19.7,23.9,21.6,31.8,27,29.2,37,37.3,32,38.1,34.7,34.3,49.8,43.1,40.9,41.8,46.7,55.1,46.2,47.7,42.8,47.1,52.9,50.7,56.5,46.4,33.6,24.3,0,0
4516,일요일,2,227,낙성대,외선,25.8,20.7,22.4,22,27,34.1,41,52.3,58,56.2,43.7,46.5,50.5,43.5,46.2,60.7,41,45.8,48.5,38.1,38.4,42.8,44,34.2,33.3,35.8,32.7,29,23.9,22.9,23.5,18.1,17.4,16.5,16.4,15.8,16.6,0,0
4517,일요일,2,226,사당,내선,13.9,11.3,8.6,7.5,8.6,12.5,13.4,15.2,18.9,21.6,25.1,19.5,31.7,28.4,27.3,35.6,37.7,30.8,38.7,35.4,35.1,52.2,45.9,43.3,44.1,49.2,57.8,48.7,52.1,48.7,51.3,60.1,53.3,61.6,51.2,35.8,27.9,0,0
4518,일요일,2,226,사당,외선,23.5,19.3,19.6,20.5,27.2,33.5,38.6,48.4,54,53.5,42.9,46.9,49.4,43.8,46.3,52.8,47.4,43.6,51.6,38.4,42.2,45.1,43.5,39.7,31.2,34.5,33.8,28.6,22.6,23.7,23.9,18.3,17.4,16,16.1,14.6,15.1,0,0
4519,일요일,2,225,방배,내선,16.4,10.7,10.1,7.9,9.4,12.4,14.3,19.3,19.7,22.7,24.2,22,32,29.9,28.5,38.1,39.4,31.8,36.6,35.6,38.3,48.2,44.9,40,44,53.2,48.6,48.6,48,43,53.4,57,52.7,56.8,48.6,32.3,24.6,0,0
4520,일요일,2,225,방배,외선,22.8,19.4,18.5,21.4,26.6,32.8,38,44.9,52.5,49.8,44.8,41.3,55,40.6,47.2,49.9,50.9,44.2,51,42.6,41.7,45.8,42.9,41.3,31.4,34.1,36.3,28.5,22.3,23.9,22.5,18.2,18.6,14.7,16.9,15,12.5,0,0
4521,일요일,2,224,서초,내선,16.1,10.7,9.5,7.3,9.5,12.2,14.4,19.2,21,21.8,24.1,22.3,31,29.8,27.7,37.2,35.5,32.6,35.5,36.9,38,47.2,41.1,40.8,43.7,59.6,47.7,48.6,45.3,45.7,55,55.6,53.6,57.4,47.3,29.1,21.3,0,0
4522,일요일,2,224,서초,외선,22.2,18.8,17.6,19.3,24.2,31.4,38.8,44.3,42.6,46.1,45.7,39.5,60.2,40.8,48.1,52.2,52.5,43.1,50.5,42.8,42.6,45.5,41.7,43.7,32.1,40,41.2,31.3,25.5,26.5,24.3,25,22.8,16.9,17.9,14.9,12.3,0,0
4523,일요일,2,223,교대,내선,16.5,11.4,10.6,9.3,13.8,13.7,17.1,25.8,30.6,24.6,26.7,25.8,34.9,31.8,29.3,37.3,38.8,37.1,38.1,38.8,40.1,48.9,42.7,42,45.3,54.5,48.4,48.1,43.8,43.5,53.1,49.5,50.2,56.7,41.1,28.6,21.3,0,0
4524,일요일,2,223,교대,외선,20.5,15.3,15.5,16,20.8,27.7,30.9,39.3,36.4,42.8,42.2,40.8,48,40.3,43.4,48.7,50.4,42,46.1,42.5,39.5,42.3,40,42.4,33.3,37.5,39.3,31.3,25.1,26.3,22.6,26.2,22,16.9,19.2,15.6,11,0,0
4525,일요일,2,222,강남,내선,16.8,10.2,9.7,8.1,11.8,13.2,16.2,23.7,23.1,26.9,22.5,28,28.9,30,30.9,33.9,36.8,36.5,33.5,36.4,40,43.5,41,39.9,42.6,51.9,45.3,43.1,39.9,41.3,43.7,45.4,44.3,51.4,35.3,25.4,20.1,0,0
4526,일요일,2,222,강남,외선,18.8,12.7,12.8,13.2,16,23.9,26.9,32.9,32.6,37.5,40.8,37.1,41.5,37.2,38,42.2,46.7,40.3,39.7,43.4,37.3,38.5,39.9,41.1,30.3,33,32.3,28.9,22.8,25.3,22.2,25.8,21.3,19.7,19.2,17.9,9.9,0,0
4527,일요일,2,221,역삼,내선,12.2,9.3,9.2,7.2,12.3,12.8,16.3,22.4,22.5,25.2,19.9,27.4,26.7,29.3,31.3,36.2,33.6,34.2,35.1,32.1,36.9,40.4,38.6,35.6,43.7,47.5,43.8,38.5,37.9,34.9,38.7,39.3,38.3,43.9,27.6,19.1,16.2,0,0
4528,일요일,2,221,역삼,외선,18.1,11.8,11.7,11.7,14.6,21.9,24.7,30.8,29.6,34.5,36.6,34.2,39.1,36.5,36,41.2,44.9,39.2,38.8,43.3,36.5,38.4,39.9,41.5,30.7,30.4,34.3,29.3,22.2,24.8,21.7,25.4,21.1,19.7,18.4,17.1,9.2,0,0
4529,일요일,2,220,선릉,내선,9.9,10,8.8,7.6,12.3,13.3,17.4,23.8,22.8,24.9,21.8,27.8,26.4,26.9,33.2,35.3,30.8,34.9,33.7,31,36.2,38.7,37.8,34,42.5,46.3,40.9,36.8,36.3,32.9,37.4,39.7,33.1,45.2,25.4,17.8,15.1,0,0
4530,일요일,2,220,선릉,외선,12.2,10.3,9.8,9.5,11.8,16.2,20.8,24.6,22.1,27.8,32.1,28.7,31.9,32.2,29.3,35.1,40.6,31.5,33.6,37.6,33.3,33,34.5,37.7,26.4,28.9,31.8,25.2,18.4,22.2,19.8,19.5,19.8,16.7,15.6,14.4,7.4,0,0
4531,일요일,2,219,삼성,내선,7.6,8.2,7.3,6.4,10.4,11.3,15.6,20.4,20.8,21,18.6,25.7,20.9,22.8,28.5,29.9,27.5,28.2,27.7,25.4,32.4,31.8,34.7,26.9,35,38.8,34.3,31,31.4,27.8,35.8,33.1,29.5,39,19.9,13.4,11.9,0,0
4532,일요일,2,219,삼성,외선,6.5,8.2,8.6,7.6,8.4,11.4,12.4,14,18.3,20.8,22.1,21,25.9,26.3,25.5,30.7,36.3,28.4,31.3,36.4,33.6,33.8,38.3,39.8,29.1,32,35.1,29.2,21.4,26.3,25.7,23.4,24.2,28.7,17.2,17.3,8.9,0,0
4533,일요일,2,218,종합운동장,내선,10,10,7.2,7.8,11.3,14,20.7,24.7,25.1,25.4,22.4,31,25.4,23.2,31.9,30.5,25.2,29.6,26.4,22.8,31,27.4,27.9,24.9,27.1,30.4,26.3,26.5,24.5,22.9,27.1,26.2,23.4,23.1,16.2,11.9,8.5,0,0
4534,일요일,2,218,종합운동장,외선,6.3,7.9,8.7,7.5,8.3,11.5,12.2,14.4,17.4,21.9,23,21.7,24.8,27.9,29.2,27.6,36.1,30,29.1,36.8,33.1,31.3,40.3,40.6,29.6,33.2,33.7,29.3,21.3,26,25.8,23.1,24,28.2,19.2,14.9,8.6,0,0
4535,일요일,2,217,잠실새내,내선,9.7,10.9,6.8,8.9,11.3,13.9,21.2,25.4,23.9,24.8,22.7,30.1,25.4,23,31.8,28.1,27.3,30,26.9,23.6,31.8,27.7,28.4,25.6,27.3,30.6,26.8,27.3,23.7,23.6,26.5,25.6,22.2,24.3,16.5,11.8,9.1,0,0
4536,일요일,2,217,잠실새내,외선,7.4,8.7,8.4,9,8.4,12.8,12.8,14.9,18.1,23.4,25.8,22.1,26.1,29.3,30.1,29.2,37.1,30.4,29.4,37,33,31.7,39.8,40.1,28.4,32.4,32.8,29.1,22.1,25,25.3,23.7,23.6,28,19.6,15.5,8.5,0,0
4537,일요일,2,216,잠실,내선,8.6,11.2,6.6,8.6,10.6,13.7,20.4,23.4,23.5,25,21.4,28,27,22.8,30.5,30,27.7,31.8,26.1,26.1,31.9,29.7,29.4,26.3,31.1,32.2,28.5,29.2,25.3,25.3,27.5,26.5,22.7,24.6,16.2,13,11,0,0
4538,일요일,2,216,잠실,외선,8.5,8.8,6.8,6.9,7.4,10.4,10.7,12.6,12.9,17.4,21.5,18.9,23.7,26.6,27.3,29.3,34.4,28.3,27.3,38.2,30.7,31.4,38.2,39.7,29.5,32.7,33.1,30.6,22.5,27.7,32.3,27.5,25.7,26.9,18.7,14.1,7.3,0,0
4539,일요일,2,215,잠실나루,내선,5.9,8.4,6.5,8.1,9,13.6,16.4,19.2,25.6,24,19.9,27.6,27,20.7,30.6,27.7,26.5,29.3,26.7,24.5,30.5,27.8,27.9,25.1,28.4,28.8,26.5,25.2,22.4,22.9,21.5,19.6,19.7,20.4,17.5,15.3,16.9,0,0
4540,일요일,2,215,잠실나루,외선,9.2,8.8,7,7.3,7.4,10.7,11.3,13.2,13.2,17.5,22.1,19.7,23.1,27.6,25.8,29.3,36.5,26.6,28.7,37.3,29.6,31.4,38.1,37,30.7,31.6,34.1,29.7,24.5,24.2,31.7,26.9,25.2,26.4,19.5,13.9,6.8,0,0
4541,일요일,2,214,강변,내선,5.8,8.7,6.9,7.9,9,14.2,15.4,19.4,24.8,21.9,20.3,26.8,26.4,21.4,29.7,27.4,25.6,30,26.3,23.7,31,29.5,27.1,25.5,29.3,30.2,25.3,25.2,22.9,22.2,22.2,21.1,21.1,20.5,18.8,16.3,19.9,0,0
4542,일요일,2,214,강변,외선,8.8,8.3,6.4,6.5,7.3,10.9,11.8,12.8,15.9,19.7,24.8,22.8,25.4,29.7,28.2,29.4,36.5,27.1,29,37,28.9,31.3,38.7,37,30.4,32.2,32.7,28,28.9,23.1,32,28.3,26.7,29.8,17,14.3,6,0,0
4543,일요일,2,213,구의,내선,5.9,10.4,8.1,8.5,9.4,14.2,15.4,18.3,23.2,20.6,19.2,24.8,26,20.8,28.9,28.8,26.2,30.7,27.6,25.7,34,31.9,29,27,31.7,31.8,27.3,28,24.7,23,23.5,21.2,21.1,20.7,19.7,17.4,23.4,0,0
4544,일요일,2,213,구의,외선,12.4,8.9,7,7.7,8.5,11.8,14,15.7,17.9,22.7,28,25.1,28.9,29.8,30.4,32.6,36.2,29.4,30.2,37.1,30.4,30.8,41.3,35.6,34.3,28.5,32,27.2,28.3,22.3,30.9,26.6,26,28.7,16.2,14.8,5.4,0,0
4545,일요일,2,212,건대입구,내선,7.6,9.5,7.7,8.2,9.1,12.9,14.6,17.6,21.7,20,18,24,25.7,19.6,28.4,30.4,24.4,30.6,28.8,25.1,35.3,33.5,27.6,31.9,34,32.8,30.7,30.2,26.9,26.1,27.3,22.9,23.6,22.6,22.4,21.4,29.6,0,0
4546,일요일,2,212,건대입구,외선,14.8,10.7,7.6,9.3,10.4,12.9,16.7,20,18.5,26.1,31.6,30,32.2,35.1,34.9,37.4,41.2,33.1,34.1,41.9,32.9,33,41.1,33.7,34.4,27.1,29,27.1,26,20.7,27.3,26,23.8,26.9,17.9,17.2,6.5,0,0
4547,일요일,2,211,성수,내선,5.7,7.8,6.4,5.7,7.5,10.5,12.4,12.4,17.8,16.6,17.4,22.9,24.6,18.8,28.7,31,24.4,31.5,29.7,26.5,39.4,35,30.7,36.6,39.2,38.3,34.8,36,32,32,29.6,26.3,28.9,26.6,24.5,23.5,39.1,0,0
4548,일요일,2,211,성수,외선,4.1,5.9,6.5,7.9,8.4,11.8,15.2,17.3,18.3,20.8,24.1,25.1,23.1,29.5,29.9,29.3,34.1,31.6,31,37.1,35.7,34.8,33.4,36.4,30.2,37.9,33.4,32.9,31,30,32.1,30.4,27,28.4,26.3,20.9,11.1,0,0
4549,일요일,2,9002,성수,내선,0,0,0,0,0,0,0,0,0,0,0,0,0,0,0,0,0,0,0,0,0,0,0,0,0,0,0,0,0,0,0,0,0,0,0,0,0,0,0
4550,일요일,2,9002,성수,외선,0.8,3.4,3.7,4.5,2.8,4.6,4.4,5.6,8.1,9.3,7.9,7.8,8.2,8.6,8.7,10.3,10.7,11.7,12.8,10.7,10.6,15.3,13.7,15.6,15.8,14.9,13.9,13.9,13.3,14.6,14.2,17,14.9,13.9,13.4,7.1,4.5,0,0
4551,일요일,2,244,용답,내선,6.3,7.1,5.3,7.2,5.1,6.8,10.2,9.9,12.3,15.7,17.9,16.8,16.7,17.9,18.2,16.8,20.8,17.8,20.4,16,18,16,20.6,11.7,12.4,11.1,8.7,7.8,4.9,4.1,3.1,2.9,2.5,1.7,1.4,1.7,0.7,0,0
4552,일요일,2,244,용답,외선,1,2.2,3.2,3.4,3.4,4.9,4.9,6.2,9.3,9.3,8.8,9.4,8.3,9.6,9.4,10,12.2,10.4,11.5,12.7,9.8,12.3,10.7,13.5,13.8,12.4,12.6,11.5,10,12.1,11.1,14,11.7,9.6,10.3,6.3,2.7,0,0
4553,일요일,2,245,신답,내선,4.8,5.6,4.5,5.9,4.6,5.7,8.5,7.5,10.2,13.2,14,14,14.4,15.5,15.3,17.3,18,15.7,19.8,15.5,16.8,14.7,20.1,10.9,11.4,11,8.9,7.6,4.5,3.6,4.3,3.7,3.1,2.6,1.8,1.9,1.3,0,0
4554,일요일,2,245,신답,외선,1.2,2.2,3.2,3.5,3.7,5.1,5.4,6.8,10,10.1,8.9,10,8.5,8.4,9.5,9.4,11.9,10.5,11.1,12.1,9.4,11.1,9.5,11.9,12.7,10.7,10.1,11.9,8.9,10.7,9.6,12.2,10.7,8.1,9,5.5,2.1,0,0
4555,일요일,2,250,용두,내선,3.7,5,4.1,5,4.2,5.5,7.2,7.8,11,13.6,12.8,12.4,13.1,15.2,14.8,15.5,17.1,14.9,19.4,16.4,14.2,13.9,19.2,10.9,11.6,11.1,8.9,7.5,4.8,3.8,4.3,3.6,3,3.6,2.1,1.9,1.4,0,0
4556,일요일,2,250,용두,외선,1.3,1.9,2.8,3,3.5,4.9,4.8,6.2,8.9,9.7,8.1,9.7,8.7,7.4,9.3,8.4,9.7,9.3,9.8,9.9,8.7,10.7,8.5,11.5,9.1,9,8.8,9.7,8,8.5,9.4,10.9,10.7,6.6,7.7,4.5,1.7,0,0
4557,일요일,2,246,신설동,내선,2.6,4.8,3.7,4.3,3.7,4.4,6.2,6.8,9.7,12.3,11.5,10.9,12.7,13.6,14.4,14.8,15.2,13.4,17.5,13.4,12.1,12.3,18.3,9.7,9.7,10,8.8,7.1,4.8,3.7,4.3,3.5,2.9,3.7,2.4,1.8,1.1,0,0
4558,일요일,2,246,신설동,외선,0,0,0,0,0,0,0,0,0,0,0,0,0,0,0,0,0,0,0,0,0,0,0,0,0,0,0,0,0,0,0,0,0,0,0,0,0,0,0
4559,일요일,2,260,까치산,내선,0,0,0,0,0,0,0,0,0,0,0,0,0,0,0,0,0,0,0,0,0,0,0,0,0,0,0,0,0,0,0,0,0,0,0,0,0,0,0
4560,일요일,2,260,까치산,외선,6,5,5,5,6.3,7.9,10,12.9,13.4,12.7,10.9,11.8,13.4,13.6,11.3,11.2,10,11.1,11.7,11,11.1,11.3,11,12.2,9.2,9.7,8.9,9.4,7.2,6.6,6,6.7,4.7,4.8,5.4,4.3,2.1,0,0
4561,일요일,2,249,신정네거리,내선,4.8,5,3.7,3.2,3.5,5.4,5.1,5.6,8.4,8,7.7,7.5,8.9,7.2,9.2,10.5,10.5,10.6,10.3,13.7,11.5,13.2,14,12.7,12.8,12.1,13.6,12.6,10.3,11.3,11.3,10.1,9.4,7.7,9.1,9.2,4.6,0,0
4562,일요일,2,249,신정네거리,외선,9.6,8.3,8.5,7.5,9.5,11.3,15.7,20.3,21.5,19.7,16.3,17.3,19,19.2,16.9,17.3,15.7,16.7,15.7,14.6,13.8,14,13.8,14.7,10.4,10.8,10.1,11.2,8,6.7,6.8,7.1,5.5,5.8,5.3,4.4,2.6,0,0
4563,일요일,2,248,양천구청,내선,4.4,5.3,3.9,3.6,4.2,6.5,5.7,6.5,9.3,7.9,8.7,8.2,9,9.1,10.8,12.3,12.9,13.9,13.3,17.1,17.1,20.5,21.3,18.6,21.2,17.7,20.6,20.9,17.1,17.4,16.4,18,14.5,11,15.5,14.7,8.1,0,0
4564,일요일,2,248,양천구청,외선,11.4,10.5,11.1,9.9,12.3,13.9,19.9,23.2,25.8,25.8,21.7,21.5,23.4,22.9,21.9,22.5,19.6,20.1,18,17.7,16.4,17.1,15.5,16.6,13.4,12.4,11.9,11.7,10,7.8,7.3,6.7,6.9,5.6,5.6,4.5,2.8,0,0
4565,일요일,2,247,도림천,내선,3.5,5.9,4.1,4.1,4.7,6.9,6.4,6.8,9.9,8.4,9.3,8.9,10.5,11.1,13.1,14.8,16.1,17,16.5,20.5,21.5,25.9,25.2,22.9,26.1,21.6,26.2,24.8,21.2,21.4,20.9,22.5,17.9,14.5,20.2,18.2,10.4,0,0
4566,일요일,2,247,도림천,외선,11.6,10.6,11.3,10.1,12.4,14.1,20,23.6,26.2,26,22,21.7,23.9,23.8,22.9,23.2,19.8,20.4,18.7,17.9,16.5,17.5,15.9,17.1,13.9,13.2,11.7,12.3,10.8,8.4,7.9,7.4,7.4,6.3,5.9,4.8,2.8,0,0
4567,일요일,2,9003,신도림,내선,3.6,7.8,4,4.1,4.8,7.3,6.7,8.5,8.9,9.4,9.3,9.5,12.2,11.8,13.4,15.2,16.5,18.3,16.8,21.2,21.9,26.8,24.1,29.5,22.4,25,25.6,25.3,18.6,21.5,20.9,22.7,18.4,14.8,19.8,18.1,10.7,0,0
4568,일요일,2,9003,신도림,외선,0,0,0,0,0,0,0,0,0,0,0,0,0,0,0,0,0,0,0,0,0,0,0,0,0,0,0,0,0,0,0,0,0,0,0,0,0,0,0
4569,일요일,3,309,지축,상선,10,6.9,4.7,6.6,7.6,10.9,9.3,17.6,20.4,15.8,16.5,18.1,15.6,21.6,23.8,25.1,32,29.9,33,26.5,33.7,36.1,40.7,38.8,27.9,31.8,39.7,33.3,36.5,24.4,28,19.6,18.7,31.7,20.7,23.3,23.5,0,0
4570,일요일,3,309,지축,하선,24.2,10.9,13.6,14.5,22,30.2,23.7,37.1,36.8,39.7,32.4,30.3,37.8,44.3,34.2,30.5,34.6,35.7,36.3,35.8,33.3,32.8,32.3,29.2,26,17.5,19.8,19.9,17.4,11.5,15.6,8.9,10.2,13.1,6.8,5.6,3.5,0,0
4571,일요일,3,310,구파발,상선,10.5,7.1,3.4,2.7,4.7,6.7,5.4,12.1,8,13.9,10.2,11.6,8.8,14.1,9.4,16.8,14.1,18.4,14.5,19.6,14.3,24,16.8,24.3,15.7,20.4,27.3,16.4,23.1,13.6,22.4,21.3,12.1,16.6,17.7,12.2,0,0,0
4572,일요일,3,310,구파발,하선,1.9,10.5,6.6,10.6,12.3,19.2,22.2,25.6,25.4,27.6,28.3,28.8,19,30.6,20.7,24,19.2,26,19.8,26.6,18.8,25.4,19.1,23,15.4,17.3,14.9,10.7,12.9,9.5,10.5,10.6,9.7,8.1,5.6,5.8,2.8,0,0
4573,일요일,3,311,연신내,상선,10.5,8.6,4.3,4.2,7.3,8.5,9.6,15.3,14.3,15.6,13.4,15.2,14.1,14.8,15.7,17.3,20.7,19.2,20.4,20.2,20.3,24.4,24.5,24.2,23.6,25,28,24.8,23,19.9,22.4,24.7,18.6,18.8,17.3,14,6.7,0.8,0
4574,일요일,3,311,연신내,하선,5.3,11.3,9.2,9.5,14.4,19.6,24.9,24.1,28.9,29.9,32.4,30.9,23.5,25.3,26.6,22.8,25.7,20.6,24.6,20.6,23.3,19.2,23.6,18.2,18.7,15.3,12.3,13.4,10.3,11.8,7.6,10.2,9.1,6.9,6.4,6.1,5.3,0,0
4575,일요일,3,312,불광,상선,9.6,8.4,4.6,5,7.6,8.6,12.3,17.3,16.1,17.4,15.2,16.9,15.8,16.9,18.1,19.6,23.4,22.3,24.6,23.8,24.3,29.2,28.9,30.3,29.7,31.8,34,31.1,28.6,25.2,28.5,30.6,25.5,24.9,20.8,18.4,11.8,0.8,0
4576,일요일,3,312,불광,하선,8.2,13.4,10.6,11.5,18.2,21.5,28.6,29.9,33.2,34.6,37.1,36.4,26.9,30,33,25,29.7,24.5,27.8,24.5,26.5,23.9,26.8,21.6,21.5,17.9,14.6,16,12.1,12.8,8.5,11.6,10.3,8.2,7.3,6.6,6,0,0
4577,일요일,3,313,녹번,상선,8.9,7.4,4.3,5.4,7.1,8,12.3,16.1,16,17.6,15.6,15.2,16,16.4,17.5,19.9,22.7,22.2,24.2,22.8,26.7,28.8,29.3,31,30.3,30.9,35.7,29.3,28,26.4,30.8,31.8,25.5,26.8,21,19.1,10.2,0,0
4578,일요일,3,313,녹번,하선,10.2,14.7,11.7,13.3,20.5,24.3,31,33.8,36,37.8,37.1,42.6,29.5,32.8,35.2,27.2,32,26.4,29.5,26.4,27.5,25.5,27.7,22,21.7,18.5,14.7,15.8,12,12.9,8.5,11.5,9.8,8.3,6.8,6.3,5.4,0,0
4579,일요일,3,314,홍제,상선,8.4,6.5,4.7,5.4,7.3,9.1,12.1,16.5,15.8,17.6,15.4,15,16.1,16.6,17.2,19.8,23.2,22.6,25,23.6,28,30.5,31.4,33.3,32.9,33.2,39.6,32,31.1,28.8,34.1,33.2,28.8,29.6,23.6,20.1,10.7,0,0
4580,일요일,3,314,홍제,하선,12.6,15.6,11.8,15.4,20.7,28.6,30,37.8,39.9,39.9,39.5,47.9,32.9,38.9,36.1,30.5,32.6,32.4,29.7,30.8,26.3,29.5,27.3,26.7,20.1,20.6,16.7,15.3,14.1,13.1,9.9,10.2,10.3,9.1,6.3,6.2,4.6,0,0
4581,일요일,3,315,무악재,상선,7.3,6.9,4.9,6,7.9,9.2,12.6,17.8,16.7,18.5,15.7,16.8,14.7,17.2,16.9,22.4,23.2,25.4,25.5,25.6,30.3,33.7,35.3,35.7,35.3,37.5,43,32.7,31.2,33.9,39.3,36.2,32.2,32.1,25.8,22.3,12.4,0,0
4582,일요일,3,315,무악재,하선,13.1,15.9,12.1,15.7,21.3,29.4,30.7,38.8,40.7,41.2,40.4,49.1,33.6,39.6,35.8,33,33.3,33,30.1,31.1,26.9,29.9,27.7,26.8,20.1,20.6,16.6,15.2,14.1,13.1,10,10.3,8.5,10.5,6.3,6.2,4.5,0,0
4583,일요일,3,316,독립문,상선,7,6.9,4.9,6,7.9,9.2,12.6,17.8,17.1,18.6,15.9,17,14.8,17.4,17.3,22.7,23.8,25.9,25.6,26.2,30.9,34.5,36.3,36.5,36,39,44.7,33.8,31.9,34.8,40.2,37,32.7,31.9,26.4,21.8,12.9,0,0
4584,일요일,3,316,독립문,하선,10.6,15.9,13.2,14.8,19.4,29.6,30.8,38.9,40.3,41.5,44.1,45.9,34.8,42,37.5,34.7,34.8,34.2,31.8,32.9,28.7,31.3,29,27.9,21.4,21.2,16.9,15.3,14.4,13.3,10.1,10.1,9.2,10.6,6.4,6.1,4.3,0,0
4585,일요일,3,317,경복궁,상선,8,5.9,5.1,6.2,8,9.9,16,20.1,20.2,21.6,18.2,18.5,15.9,17.9,18.4,23.5,25,26.9,26.8,25.6,31.4,35,37.2,37.2,36.3,39.8,45.7,34.1,32.6,35.7,41,37.2,33.1,32.9,27,22.2,13.2,3.7,0
4586,일요일,3,317,경복궁,하선,12.4,13.6,13.8,13.7,19.8,26.4,30,37.6,42.8,39.1,45.3,45,41.7,39.9,46.1,37.9,40.9,39.3,43.1,38.4,40.7,36.3,40.9,35.2,34.8,27,24.4,23.6,17.2,19.9,15.5,16.2,14.9,14.1,8.4,8.1,5.3,0,0
4587,일요일,3,318,안국,상선,8.2,6.7,5.4,7.4,10.5,13.5,23.3,28.2,31.9,31.7,27.9,29.7,27.7,27.9,29.1,32.4,35.2,35.2,33.8,31.9,37.8,38.8,41.4,41.1,40.3,40.6,45.9,35.2,36.1,32,40.7,36.7,32.7,33,27.5,20.5,11,0,0
4588,일요일,3,318,안국,하선,12.5,13.4,13.4,13.4,19.2,25.9,29.2,37.2,41.4,38.8,43.8,44.5,41.2,42.2,47.1,40.6,43.8,44.1,48.7,46.3,47.9,44,49.1,44.4,44.5,36.5,32.7,31,22.5,25.4,20.1,20,17.6,16.8,11.7,8.7,5.5,0,0
4589,일요일,3,319,종로3가,상선,8.2,7.3,6.2,9,13,17.1,28.9,33.9,40.6,39.8,38.1,39.1,37.6,35.6,37.9,40.3,43.3,42.5,40.4,37.3,42.7,43.1,45.1,42.6,41.6,40,45.4,34.5,35.4,32.3,40.1,33.4,32.4,30.3,29.3,20.6,11.6,0,0
4590,일요일,3,319,종로3가,하선,11.2,10.6,9.3,11.4,13.4,20.2,22.8,29.2,31.1,30.7,32.3,36,31.5,32.6,36.7,32.8,33.6,35.7,38.6,37.8,37.6,36.5,41.2,36.7,34.8,32.6,27.4,25.3,21.1,20.7,18.3,18.4,16.5,14.2,10.7,7.8,4.8,0,0
4591,일요일,3,320,을지로3가,상선,4.6,5.3,4.6,7,8.8,13,21.1,23.7,29.8,28.3,30.5,31.1,29.8,28.5,30,31.6,33.9,33.7,30,29.9,32.1,33.9,34.9,34.6,32.7,33.7,34.1,26.6,29.6,27.4,32.6,27.1,25.8,23.9,23.3,15.6,9.6,0,0
4592,일요일,3,320,을지로3가,하선,10.1,9.4,7.9,10.2,11.7,18.4,18.9,23.9,26.9,28.5,27.4,31.1,27,27.8,30.7,30.9,29.1,32.9,32.4,35,33.9,30.9,42.2,35.7,32.9,31.5,26.6,23.6,21.2,19.3,19.6,17.3,16.9,15.3,12.5,9,5.6,0,0
4593,일요일,3,321,충무로,상선,4.2,4.8,4.2,6.2,8.1,11,17.7,21.3,25.8,24.8,27.3,28.4,28.1,27,27.9,28.8,31.1,30.5,28.1,27.4,29.1,31.1,32.2,32.1,32.1,30.8,31.2,24.5,27.6,25.4,29.5,24.7,21.5,21.1,21.3,13.4,8,0,0
4594,일요일,3,321,충무로,하선,11,11.9,8.8,10.3,12.4,21.1,20,25.2,27.9,30.8,28.2,30.7,30.7,29,31.4,31.7,31.3,34.9,32.3,35.4,34.5,33,43,37.7,32.3,31.2,26.2,23.7,21.4,20.2,19.1,17.4,16.2,16.1,12.2,8.9,6,0,0
4595,일요일,3,322,동대입구,상선,5.4,5,4.1,7.1,7.1,9.6,14.2,17.3,21.6,22.5,24.6,26.5,25.8,26.3,29.2,29.5,29.7,31.1,29,27.3,27.2,36.9,32.3,33,32.9,34.5,32.3,27.9,31.2,31.1,35.4,28,26,23.9,25.1,14.6,8.3,0,0
4596,일요일,3,322,동대입구,하선,10.8,10.9,8,9,11.1,18.5,16.8,22.9,25.3,27.8,25.9,29.2,28.6,26.6,29,29.6,29.5,33.3,30.6,33.4,32.1,31.2,40.8,37.2,32.7,31.9,26.8,26.2,25.5,23.4,20.6,18.3,16.6,16.9,13.2,9.2,7,0,0
4597,일요일,3,323,약수,상선,5.4,4.9,4.4,7.8,7.5,10.4,15.6,18.1,23.5,23.8,25.8,26.8,26.8,27.2,29.9,30.1,30.7,30.7,29.2,28.7,28.2,35.9,32,30.9,31.4,31.1,30.3,24.3,23.4,24.4,33.9,26,24.5,22.3,23.7,13.8,8.5,0,0
4598,일요일,3,323,약수,하선,16.5,14,10.6,10,12.2,19.4,20.4,26.8,29.2,31.2,29.2,32,33.9,27.8,33,32.5,31.8,36.6,32.6,36.8,34.8,33.9,46,39.3,36,33.7,29.6,29.8,30.7,25.6,21.9,20.3,18.3,17.1,13.7,9.9,9,0,0
4599,일요일,3,324,금호,상선,6.7,4.6,4.7,7.9,7.2,11.3,15.5,18,23.4,24.9,27.4,28.1,28.8,29.2,33.2,33.4,33.3,34.6,32.5,31.6,32.6,38.8,35.5,34.7,36.4,37.6,31.7,27.3,26.6,27.7,37.9,29.7,28.6,29.6,26.4,16.9,7.9,0,0
4600,일요일,3,324,금호,하선,17.3,14.1,10.8,10.3,12.7,17.7,22.8,28.5,29,29.9,28.9,32.6,34.1,26.9,33.5,32.6,31.9,35.5,34.5,37,34.8,37.4,39.3,37.3,37.3,33.5,29.2,29,30,24.9,21,19.8,17.7,16.7,13.3,9.3,8.6,0,0
4601,일요일,3,325,옥수,상선,6.1,4.1,5.5,7.1,7.2,11.3,15.7,17.4,22.9,23.9,27.2,27.9,27.6,29.7,32.3,32.3,33.3,33.8,32,32.4,35.4,35.6,36,34.8,37.2,38.7,30.5,29.5,25.1,29.9,38.9,31.8,27.5,30.3,27,17.2,8.4,0,0
4602,일요일,3,325,옥수,하선,18.8,13.9,13,11.4,13.4,19.5,25,31.3,32.4,32.6,32.5,36,37.6,29.1,36.6,35.3,35,37.6,36.8,39.2,36.6,39.3,41.4,38.8,39.4,34.5,30.2,29.8,30.5,25.5,21.1,20.3,18.5,17,13.5,9.6,8.6,0,0
4603,일요일,3,326,압구정,상선,6.7,4.3,5.8,7.3,7.6,11.6,16.2,17.5,22.8,24.1,27.3,28.8,28.3,30.6,34,34.5,34.9,35.5,33.6,35.2,37.9,38.7,39,37.6,40.8,43,34.2,33,28,33.6,44.4,36,31,34.2,27.8,17.6,9.3,0,0
4604,일요일,3,326,압구정,하선,6.7,15.2,11.9,9.8,11.3,16.3,21.6,27.2,26.8,28.7,28.6,32.1,33.6,27.8,36,33.3,34.1,37.3,37.2,39.3,36.3,40.8,41.5,40.7,39.8,38.6,32.2,30.2,31.8,26,27.5,22.2,20.5,19.9,15.1,9.9,8.1,0,0
4605,일요일,3,327,신사,상선,5.4,5,7,8.1,9.1,14.1,19.7,21.1,25.9,26.9,30.7,32.2,30.1,31.2,33.5,35.3,35.8,36,33.3,34.7,37.5,37,37,35.6,40.4,37.4,31.5,29.7,26.4,31.3,36.4,32,30,29.8,26.6,16.6,6.5,0,0
4606,일요일,3,327,신사,하선,6.6,12.9,10.1,8.4,9.9,14.3,17.2,20.1,22.8,21.5,24.4,26.9,27.4,23.4,29.7,29,27.1,30.7,33.2,32.7,32.4,35.1,33.5,38.1,33.9,34.4,28.3,27.3,27.3,23.9,26.3,21.5,19.7,20.4,14,9.7,7.3,0,0
4607,일요일,3,328,잠원,상선,4.3,4.6,6.4,7.4,7.9,12,16.5,18.6,23,25.9,27,27.4,27.8,26.3,31.7,32,32.4,30.7,27.5,32.1,31.3,32.4,32,33.1,34.1,34.5,27.7,24,23.6,28.4,31.9,25.1,24.7,25.3,21.4,11.7,4.8,0,0
4608,일요일,3,328,잠원,하선,6.8,13,10.3,8.5,10,14.6,17.8,20.5,23.3,21.7,24.6,27.5,27.6,23.6,29.8,29.4,27.5,31.3,33.5,32.9,32.7,35.1,33.4,38.2,34.3,34.5,28.7,27,27,24,26.3,21.7,19.8,20.1,13.8,9.7,7,0,0
4609,일요일,3,329,고속터미널,상선,4.1,4.7,6.3,7.4,7.9,11.8,16.2,18.5,23.2,25.6,26.9,27.2,28,26.1,31.9,32,32.6,30.7,27.6,32.3,31.5,32.7,32.4,33.8,34.9,35.1,28.2,24.2,23.9,28.9,32.4,25.9,25.4,25.7,21.8,12,5.2,0,0
4610,일요일,3,329,고속터미널,하선,6.9,12.9,11.5,9.1,11.4,16.6,21,22.2,25.2,21.9,23.9,26,29,23.4,31.1,31.2,24.3,32.7,30.1,34,36.1,33.5,35,36.7,35.9,33.1,34.9,27.4,28.5,28.9,29.9,24.8,24.1,24.4,17.4,10.9,7.7,0,0
4611,일요일,3,330,교대,상선,5.3,5.5,7.2,7.9,8.4,12.2,16.1,18.1,24.6,25.3,27.1,28.7,29.7,26.4,34.9,36.1,35.8,33.2,29,34.5,34.3,35.9,34.8,37.7,36.5,38.4,29.5,24,21.8,26.9,23.1,25.5,24.7,28,18.9,11.3,5.2,0,0
4612,일요일,3,330,교대,하선,8.8,12.3,10.5,8.6,10.4,16.3,20,21.4,20.8,20.6,21.3,20.6,26.3,21.2,26.1,27.4,22.6,29.8,24.2,27.8,31.2,28.3,29.1,30,31.3,28.4,30.2,23.1,24.1,24.6,24.5,19.2,18,19.8,14.3,9.8,7.1,0,0
4613,일요일,3,331,남부터미널,상선,4.2,4.2,6.3,7.5,7.5,10.3,14.2,17.1,20.1,22.2,23.8,25.1,24.5,25.5,30.3,29.4,28.9,27.2,25.2,29,29.1,31,28.1,32.6,30.9,30.7,21,19.4,16.8,23.5,19,21.9,19.7,25.4,15,9.3,3.6,0,0
4614,일요일,3,331,남부터미널,하선,7.4,9.5,8.5,7,8.5,12.1,18.2,18.3,17.1,17.1,16.8,16.8,21.1,16.7,19.9,20.1,16.8,22.4,19.2,21.6,23,21.9,22.8,24.3,23.5,22.5,23.9,18.9,19.7,21.1,21.9,21,17.8,21.3,13.4,8.6,6.9,0,0
4615,일요일,3,332,양재,상선,3.7,4,5.6,6.8,6.8,10.6,12.9,14.9,17.8,18.5,20.8,20.6,20.5,22.1,26.5,26.8,25.4,23.3,20.9,25.2,25,24.8,23.9,24.8,25.9,24.8,16.9,14.1,12.4,16.8,13.6,13.9,13.1,14.3,11.6,7.3,3.8,0,0
4616,일요일,3,332,양재,하선,4.7,8.5,4.8,4.8,5.2,8.9,12.7,12.5,13.9,12.9,11.8,11.1,14.9,14.8,15.2,17.1,14,13.2,16.3,17.5,17.4,17.9,18.3,19.9,19.8,19.5,19.2,15.1,16.7,16.1,15.1,14.7,14.6,17.3,10.2,6.6,6.7,0.5,0
4617,일요일,3,333,매봉,상선,3.7,3.7,6,6,6.8,10.3,13.5,14.1,16.9,17.1,18.6,17.9,16.4,17.2,24.9,21.7,20.1,17.1,16.4,19.8,18.8,17.6,19.4,20.7,20,16.5,11.9,9.6,8.3,10.9,9.6,10.4,9.9,12.6,10.1,5.9,4.5,0,0
4618,일요일,3,333,매봉,하선,5.5,7.7,4.4,4.4,4.7,8.4,11.8,11.7,12.7,12.4,10.7,10.7,13.2,13.7,14.6,17.1,13.4,12.9,15.8,16.6,16.7,17.5,17.5,19.3,18.9,18.6,18.4,14.7,15.8,15.6,14.7,14.4,14.3,16.6,10.5,7.2,5.7,0.4,0
4619,일요일,3,334,도곡,상선,3.7,3.7,5.7,5.7,6.6,10,13.3,13.6,16.4,16.6,18.1,17.5,15.7,16.9,24.8,20.8,19.6,16.1,15.3,18.1,17.6,16.3,17.4,19.3,19.1,15.9,11.4,9,8.4,10.4,7.9,9.2,8.1,13.5,9.8,5.8,4.9,0,0
4620,일요일,3,334,도곡,하선,4.9,6.9,3.7,3.4,4.1,7.2,9.7,9.4,10.7,10.7,9.2,8.6,9.8,11.4,12.4,15,11.3,11.1,13.6,14,13.9,15,14.5,16.4,16.7,16.1,16.6,12.4,13.4,13.5,11.8,12.4,13.2,12.4,10.3,6.2,4.9,0,0
4621,일요일,3,335,대치,상선,3.3,2.9,4.9,5.5,6.2,8.9,11.6,11.4,14.5,14.5,15.8,14.6,14.1,13.8,21.1,18,16.4,12.6,12.4,14.6,14.8,14.1,14.8,16.8,15.7,13.7,9.8,7.3,6.9,8.1,6.5,7.8,6.2,11.3,8.1,5.2,4.7,0,0
4622,일요일,3,335,대치,하선,5.3,6,3.6,3.2,3.2,5.1,6.8,7.7,8.7,9.3,9.1,7.4,8.3,9,10.9,11.3,10.1,10.1,12.1,12.3,14,13.5,11.9,18.2,14.2,14.7,15.4,11.8,11.8,12.8,11.5,12.7,11.6,13.5,10.1,5.9,4.3,0,0
4623,일요일,3,336,학여울,상선,2.7,3,4.4,5,6,8.9,11.7,10.5,13.9,13.6,14.5,13.4,12.8,12.1,19.5,16,14.6,10.9,10.8,12.7,13.1,12.2,13.6,12.3,12,11.2,8.6,5.8,5.8,6.2,5.5,5.8,4.2,4.7,6,4,4.4,0,0
4624,일요일,3,336,학여울,하선,5.3,6.8,3.7,3.3,3,4.9,6.3,6.9,6.2,8.8,8,6.4,7.8,8.2,10.1,10.6,9.2,9.6,10.8,11.6,13.7,13.3,11.6,18.3,14.2,14.9,15.4,11.6,11.7,12.6,11.3,12.7,11.4,13.4,9.9,5.7,4.2,0,0
4625,일요일,3,337,대청,상선,2.5,3.6,4.4,4.8,5.9,9.4,11.1,12.2,13.4,14.5,13.6,13.4,12.2,14.9,16.1,16.4,13,9.9,10.4,12.3,12,11.8,11.4,11.3,10.5,9.3,7.2,5.5,5.6,5.9,5.5,5.6,4.1,4.6,6,4,4.6,0,0
4626,일요일,3,337,대청,하선,5.8,6.8,3.3,3.3,3,4.8,6.5,6.6,6.2,8.7,7.9,6.4,7.7,7.8,9.8,9.9,9,8.4,9.6,10.8,12.7,11.8,10.6,16.4,12.4,13.1,13.6,10,10.2,10.9,9.8,10.6,9.8,11.7,8.6,4.6,4.2,1.6,0
4627,일요일,3,338,일원,상선,2.3,3.4,3.9,4.1,4.8,8.2,9.5,10.9,11.8,12.7,11.8,11.5,10.4,13.4,14.3,14.9,12,8.3,9.8,10.8,10.8,11.2,10.7,10.3,9.5,8.8,7.2,5.4,5.1,6.2,5.4,5.7,4.1,4.3,5.4,3.7,4.9,0,0
4628,일요일,3,338,일원,하선,5.5,5.8,2.7,2.9,2.7,3.5,5.5,5.9,6.7,6.8,7.3,5.9,7.5,8.5,9,8.8,8.3,7.6,9.8,9.5,11.6,10.6,12.2,13,12.8,12.5,11.5,9.9,9.8,8.9,8.6,10.1,9,11,7.6,4,3.9,1.3,0
4629,일요일,3,339,수서,상선,2.8,2.7,4,4.3,4.6,8.8,9.5,11.1,10.2,12.4,11.4,10.1,9.3,11.2,13.2,13.8,10,7.6,9,10,9.8,9.8,9.3,9.3,8.7,8.4,6,4.7,4.9,6,5.5,5.4,4.9,3.9,5.3,3.6,4.7,0,0
4630,일요일,3,339,수서,하선,5.1,4,2.5,2.3,2.3,3.7,4.8,5.1,6.5,7.7,8.2,7.5,8.2,9.6,9.2,10.1,8.7,6.8,9.1,10.9,11.7,11.3,11.1,11.8,11.3,12.1,10.7,9,8.7,7.3,7,9.6,7.5,8.6,7.7,3.9,3.7,0,0
4631,일요일,3,340,가락시장,상선,5.1,7.5,4.4,4,5.1,7.9,9.4,13.2,10.6,11.5,10,8.6,9.5,13.1,11.4,12.1,10.6,8,9.3,10.1,9.6,9.1,9.5,9.2,8.8,8.2,7.6,5.5,4.9,6.9,7,12.9,5.8,6.5,2.8,2.3,3.2,0,0
4632,일요일,3,340,가락시장,하선,0,3.2,1.7,1.7,1.4,2.1,3.4,3.1,4.4,5.5,4.3,4,4.7,4.9,5.3,6.3,5.3,3.5,6.5,6.7,7.9,7.6,6.4,7.5,9.2,7.3,8.1,5.9,6,5.6,7.7,7.1,6.2,7.8,6,5.8,3.5,0,0
4633,일요일,3,341,경찰병원,상선,3.8,4.9,2.9,2.5,3.7,5.8,6.4,8.7,7.2,7,6.1,5.9,5.9,7.9,7.7,7.3,6.5,5.4,5.3,5.8,5.4,5.6,5.4,4.3,5,4.1,3.5,3.1,2.8,4.1,4.5,9.9,3.6,4.4,1.5,1.6,0,0,0
4634,일요일,3,341,경찰병원,하선,0,2.8,1.3,1.7,1.2,1.6,2.6,3.1,3.6,4.6,4,2.9,3.9,4.8,4,4.6,5.2,2.8,4.7,5.6,7.4,4.9,6.3,6.2,6.4,5.5,6.7,4.5,4.9,4.7,5,5.1,4.7,6.2,4.4,4.1,2.4,0,0
4635,일요일,3,342,오금,상선,3.1,3.9,2.4,2,2.9,4.3,5.1,6.6,5.8,5.4,4.8,4.2,4.7,6.1,6.3,6,4.6,4.2,4.3,4.6,4,4.4,4.3,3.7,4.5,2.8,3.1,2.8,2.6,3.2,4.1,8.7,2.5,3.8,1.4,1.5,0,0,0
4636,일요일,3,342,오금,하선,0,0,0,0,0,0,0,0,0,0,0,0,0,0,0,0,0,0,0,0,0,0,0,0,0,0,0,0,0,0,0,0,0,0,0,0,0,0,0
4637,일요일,4,409,당고개,상선,0.2,2.5,1.9,1,2.1,0.8,2.4,3.6,1.4,2.2,3.6,2.1,2.1,3.1,2.5,1.5,3.4,3.6,1.5,3.8,4.2,3.1,4.2,2.6,6,4.4,4.6,6.4,3.1,3.4,8.4,3.5,4.6,3.5,3.1,4.6,2.9,0,0
4638,일요일,4,409,당고개,하선,2.9,1.8,2.4,3.4,4.1,6.1,8.5,7.6,9.1,11,7.3,10.5,6.6,5.3,6.9,7.9,4.9,7.6,6.4,6.8,5.9,7.5,5.4,6.1,8.1,3.6,5,3.9,2.2,3.7,2.5,1.9,1.4,1.9,1.9,2.4,0,0,0
4639,일요일,4,410,상계,상선,0,4.5,3.1,2.1,2.8,3.2,5,5.5,6.3,4.1,4.9,3.8,3.8,3.6,3.8,4.3,4.1,5,4.3,5,4.8,6.7,5.9,6.6,6.1,6.8,8,6.7,7.6,8,7.1,7.2,6.8,6.4,5,4,3.6,0,0
4640,일요일,4,410,상계,하선,5.2,3.6,4.3,6,7.2,9.8,13.5,13.6,15.5,17,13.3,15.5,10,10.8,10.5,12.8,8.6,12,9.7,10.8,9.9,9.7,8.9,9.7,11,7.4,7.2,6.8,4.3,5.1,4.3,3.5,2.9,4.1,4.1,4,0,0,0
4641,일요일,4,411,노원,상선,0,6.6,4.2,3.1,4.4,4.7,8,9.7,9.8,6.1,7.5,6.3,6.1,6.2,6.6,6.7,6.5,7,7.9,8.5,8.3,10.5,10,10.9,9.5,10.4,13.2,10.7,12.4,12.3,11.3,12.1,11.2,10.3,8,6.9,6.6,0,0
4642,일요일,4,411,노원,하선,6,5.5,6.4,8.3,10.3,15,16.9,18,20.6,22.5,18.5,19.8,12.2,16.6,14.9,16.3,13.9,14.9,14.4,13.8,14.7,12.8,15.8,14.1,14.8,13.2,10.9,10.7,7.9,9.6,9.5,8.7,8,9.1,10.3,8.3,0,0,0
4643,일요일,4,412,창동,상선,0,11.7,6.7,4.3,5.8,7.1,11.6,12.7,13.8,10.3,12.9,11,10.7,11.5,12.3,11.7,11.1,12.1,13.1,13.9,13.3,14.9,15.4,17.8,14.6,16.5,19.3,15.9,17.4,17.8,16.1,16.3,13.9,13.5,11.2,11.2,8.9,6,0
4644,일요일,4,412,창동,하선,10.5,9.4,9.4,13.1,16.8,21.5,24.4,31.2,32,28.5,33.5,27.6,22,26.1,21.4,25.3,20.7,22.9,19.9,20.3,21.4,17.8,23.8,20.6,21.2,23.1,17.4,15.4,14.2,12.1,11.7,12.3,10.5,10.5,13.6,8.1,12.8,0,0
4645,일요일,4,413,쌍문,상선,0,16.3,9.4,6.9,8.6,12.2,16.2,18.9,18.7,16.4,17.5,15.4,15,16.1,17,16.5,16.7,18.3,18.4,19.8,19.2,22.8,21.7,26.3,21.8,23.5,28.7,23.9,26.8,27.8,25.8,26.2,23.8,20.9,17.8,19.5,14.2,0,0
4646,일요일,4,413,쌍문,하선,13.6,11.9,12.3,16.7,20.5,26.9,30.2,37.9,38.7,35.5,39.3,34.1,27.5,29.3,26.8,28.7,25.4,25.4,22.4,23.3,23.7,20.2,25,21.2,23.1,23.6,17.9,16.3,14.5,12.4,11.9,12,10.3,10.3,11.9,7.8,11.5,0,0
4647,일요일,4,414,수유,상선,19.4,14.6,10.8,6.9,8.6,12,16.3,18.4,17.9,16.5,17.7,15.4,15.1,15.7,17.8,17,18.3,19.5,20.4,21.4,21.7,27.9,23.7,31.9,24.4,30,32.5,28.6,32.4,33.4,31.8,33.1,29.6,25.7,23.2,24.8,17.7,0,0
4648,일요일,4,414,수유,하선,17.6,14.1,14.9,19.7,22,30.3,36.1,41.8,45.3,42.9,45.6,40,33,32.8,32.4,32.9,30.7,25.4,28.8,26.5,25.2,23.5,26.9,20.8,24.8,25.4,19.6,18.9,16.6,11.6,14.4,11,11.1,10.7,11.9,8.4,11.3,0,0
4649,일요일,4,415,미아,상선,15.9,14.4,10.2,7.3,8.6,12.1,16.6,17.9,16.8,17.2,16.6,16.6,15.9,16.5,18.7,18.5,19.1,20.5,23,21.9,26.4,30.5,27.3,36.4,28.3,33.5,37.3,33.8,38.6,39.2,38.2,40.7,36.8,31.6,28.9,31.6,22.7,0,0
4650,일요일,4,415,미아,하선,19.4,15,15.7,20.8,23.4,32.7,38.2,44.7,47.3,45.4,46.9,41.8,35.8,33.1,35.4,33.8,31.9,26.7,30.3,27.7,26.6,24.8,27.6,21.5,25.6,26.1,19.7,19.3,16.9,11.8,14.3,10.9,11.3,10.7,11.3,8.5,10.5,0,0
4651,일요일,4,416,미아사거리,상선,13.8,14.7,10.2,7.6,8.6,12,16.4,17.3,15.4,18.4,17.1,16.5,16.7,16.1,17.6,20.6,20.5,20.4,23.5,22.6,29.2,30.6,28.5,37.2,30.5,34.9,40.5,37.6,41.4,38,43,42.8,37.2,33.5,28.7,33.1,24.9,0,0
4652,일요일,4,416,미아사거리,하선,22.1,16.4,17.4,23.2,25.9,35.9,42.2,49.5,50.3,48.4,49.8,45.7,38.5,34.5,38.3,36.3,35.3,30.8,34.1,28.2,28.8,27,28.5,23.9,25.2,26.8,20.4,19.6,17.2,12.4,15.4,11.8,11.3,11.4,9.6,9.3,9.5,0,0
4653,일요일,4,417,길음,상선,11.4,14.8,10.3,7.6,8.4,11.7,16,16.9,14.9,18.5,17.1,18.1,17.2,16.6,18.1,21.1,21.9,21.2,25.7,25.7,31,29.6,36.6,41,33.4,37.3,43.9,40.9,45.5,41.1,45.4,46.5,40.7,37.7,31.1,36.6,27.7,0,0
4654,일요일,4,417,길음,하선,26.5,17.6,18.1,23,26.3,38.2,42.5,53.4,53,54,52.4,52.1,44.2,36.3,41.8,38.8,37.7,33.3,36,29.8,30.6,28.7,29.9,25.6,26.6,28.2,21.5,20.9,18.1,13.5,15.7,12.6,11.1,10.6,9.6,9.5,8.4,0,0
4655,일요일,4,418,성신여대입구,상선,9,14.4,8.5,8.2,8.6,13.5,16.5,16.9,16,17.7,19.2,18.3,17.2,18.2,20.4,20,24.4,22,26.2,29.9,33.7,30.6,40.4,37.4,39,41.5,48.6,43.5,49.9,48.6,47.7,48,42.2,40.1,40,35.8,30.7,0,0
4656,일요일,4,418,성신여대입구,하선,28.8,20.1,19.7,25.6,28.9,41.3,45.8,59.7,58.3,59.8,58.3,57.6,49.9,43.9,50.8,41.9,44.8,36.3,41,32.8,37,30.4,34.9,38.1,30.8,32.9,25.2,23,20.5,15.6,17.5,14.5,13,12.4,11.9,11.4,7.9,0,0
4657,일요일,4,419,한성대입구,상선,8.2,14.6,9.3,9.1,9.7,18.4,21,18.9,18,19.5,20.8,20.8,19.1,19.9,23.3,24.5,29.8,24.1,28.7,31.9,37.5,33.9,46,41.6,41.7,45.9,51.4,48.7,55,54,53,53.6,47.7,45.1,45.1,40.7,31.5,0,0
4658,일요일,4,419,한성대입구,하선,22.9,20.6,20.4,26.6,29.7,42.4,47.5,62.2,59.5,61.4,60.2,59.9,51.6,45.7,53.2,44.4,47.1,38.8,43.1,34.4,38.9,32.1,36.5,39.6,32.3,34.7,27.3,23.7,21.8,17.8,17.9,15.3,13.7,13.1,12.8,13.7,8.5,0,0
4659,일요일,4,420,혜화,상선,7.6,15.1,9.7,9.6,10.1,19,23.5,20.5,19.4,21.3,22.6,22.2,21.2,20.6,25.5,24.3,31.2,25.1,30,33.8,39.2,35.3,47.9,43.5,43.5,48.4,53.3,50.3,56.9,55.7,55.2,55.3,49.7,47,47.1,42.1,26,0,0
4660,일요일,4,420,혜화,하선,24.9,19.7,19.6,26.7,28.3,40.5,47.2,60.2,59,59.9,60,58.8,54.2,44.5,52.2,42.5,48,41.4,45.1,37.9,44.6,38.6,45,48,40.6,43.5,36.7,31.6,36.6,32,29.9,27.4,24.5,21.6,21.3,23.4,11.8,0,0
4661,일요일,4,421,동대문,상선,10.4,16.7,11.1,9.9,11.9,21,23.8,25.9,21.4,26.9,27.7,29.4,31,30.7,40.3,40.7,42.8,34.4,40.3,38.5,50.1,43.7,53.3,49.9,48.7,52.5,52.6,55.1,46.8,60.2,55.5,55,52,45.9,44.6,42.4,28.4,0,0
4662,일요일,4,421,동대문,하선,25.6,19.6,19.5,26.9,28.1,40.2,46.7,59.4,57.7,57.3,58.5,57.1,52.9,43.7,52.3,43.5,49,43.1,46.8,39.9,47.6,41.3,47,50.4,42.6,45.4,39.4,33.4,37.7,33.2,31,28.7,24.9,22.5,21.8,22.8,11.6,0,0
4663,일요일,4,422,동대문역사문화공원,상선,9.1,15.2,11.1,10.1,12.6,21.6,24.9,28.2,24.4,31.3,31.6,34.4,34.7,33.9,42.8,41.8,44.7,35.2,41.1,39.1,49.9,42.9,52.4,49.5,49.1,53,52.2,56.6,47.4,60.3,55.7,56.5,51.9,47,42.9,47.5,30,0,0
4664,일요일,4,422,동대문역사문화공원,하선,19.6,14.7,14.2,19.5,21.9,31.1,37.3,47.5,47.4,45.9,45.3,46.8,44.4,33.8,42.7,35.3,40.7,36.5,39.2,33,40.1,36.9,39.1,42.8,36.7,41.1,36.1,32.1,34.5,29.5,27.9,26.2,22.2,19.9,19.1,19.8,10.7,0,0
4665,일요일,4,423,충무로,상선,6.3,10,8.1,13.9,10.4,19.9,19.3,23,23.8,28.8,29.4,34.4,31.3,31.5,32.5,37.3,38.3,32.2,35.7,32.5,41.3,36,44.3,39.1,37.3,48.2,41.1,45.6,38.9,48.1,43.6,43.7,38,35.6,31,34.1,25,0,0
4666,일요일,4,423,충무로,하선,18.2,12.6,12.2,15.7,17.7,22.9,31,38.2,43.9,40.6,42.5,42.5,44.2,31.9,36.8,35.8,39.4,33.9,38,32.8,38.9,35.6,38.9,42.1,36.5,42.6,38.4,32.6,37.1,30.6,28.9,27.4,22.4,19.5,18.4,19.1,10.6,0,0
4667,일요일,4,424,명동,상선,5.1,8.6,7.1,11.6,9.8,19.5,20.2,24.1,25.7,29.4,32.6,35.7,33.3,32.1,32.4,36.6,39.9,31.9,35.9,33.2,40.4,35.6,40.6,36.5,35.2,45.3,38.2,44,39.2,39,39.3,38,33.9,30,29.2,30.9,24.9,0,0
4668,일요일,4,424,명동,하선,17.8,11.5,10.3,14.8,16,20.8,27.6,35.3,38.4,36,35.7,37.9,39.8,28.4,31.7,30.6,34.6,30.2,34.9,30.7,36.6,34.7,35.2,39.8,33.8,40,36,31.2,35.9,30.5,28.2,28.5,24,22.6,20.4,21,9.5,0,0
4669,일요일,4,425,회현,상선,5.5,9.4,8.3,12.2,10.4,20.4,21.7,24.9,26.7,30.8,34.9,38.3,35.3,34.5,36.4,37.5,36.9,33.2,35.4,31.6,38.1,32,37.8,32.7,32.4,41.1,35.8,39.1,35.5,35,33.6,32.5,28.1,22.5,23.2,23.5,21.3,0,0
4670,일요일,4,425,회현,하선,9.1,13.4,9.6,13.5,13.9,18.9,24.9,31.9,33.1,32.2,31.8,34.3,36.6,26.2,32.2,28.6,33.5,29.6,33.4,32.1,35.9,35.5,34.5,41.4,35.4,40,37.6,33.1,37.4,31.5,32.2,29.3,24,22.6,20,23.9,10.7,0,0
4671,일요일,4,426,서울역,상선,5,10.4,7.2,12.6,11.7,20.9,22.2,27.2,29.5,33.3,36.4,41,37.6,33.4,37.9,34.9,38.5,33.5,34.6,31,35.6,30.3,36.2,32.7,31.6,36.9,33.5,36.4,33.8,33.1,28.3,31.5,27.3,22.1,24.1,21.7,21.5,0,0
4672,일요일,4,426,서울역,하선,7,8.2,5.5,6.2,7.7,11.4,14.4,21.8,23.2,22.6,23,24.1,24.5,19.7,24.5,20.8,24.1,21.4,23.5,24,26.7,27.2,24.9,30.3,25.5,28.2,28.2,22.6,23.3,23.2,20.4,22.3,18.9,16.7,14,18.9,13.1,0,0
4673,일요일,4,427,숙대입구,상선,6.2,10.4,6.8,8.9,11.3,13.9,18.1,20.9,21.8,26.1,27.2,28.9,26.9,24.3,24.9,25.3,27.6,23.5,28.2,22.3,25.2,22.5,27.2,24.9,22.8,25.4,23.8,28.5,23.5,20.5,21.3,19.1,16.6,16.1,16.6,12.8,9.6,0,0
4674,일요일,4,427,숙대입구,하선,8.9,8.2,5.5,6,7.5,11.3,13.9,20.7,23.3,23,22.9,22.8,24.1,19.4,23.1,20.7,22.8,21.4,22.6,24.2,25.9,26.8,24.6,29.9,25.1,28.1,27.9,22.5,22.8,23,21.2,22.2,18.6,16.5,13.7,16,12.6,0,0
4675,일요일,4,428,삼각지,상선,5.5,10.1,6.5,8.4,11.2,13.4,18.3,21.4,21.1,25.5,26.2,29.5,24.6,23.3,26,27.2,25.7,25.1,24.3,23.3,24.6,23.5,26.9,22.7,24.2,23.9,23.6,28.2,23.4,19,20.6,18.5,16,15.2,16.2,12.1,10.9,0,0
4676,일요일,4,428,삼각지,하선,19.3,10.4,6.9,7.1,8.4,12.9,16.1,24.4,25.6,24.7,24.1,23.6,24.6,19.3,23.3,22.1,23,22.4,20.8,25.6,26.1,28.9,25.9,31.2,28.3,29.1,30.6,25.2,26.1,25,23.4,24,21.8,19.2,15.5,18.1,13.1,0,0
4677,일요일,4,429,신용산,상선,4.8,10.3,6.4,8.4,11.4,14,18.4,21.8,22.4,27.3,29.3,31.5,27.4,25.2,28.4,28.7,28.8,27.8,27.1,27.1,27.7,25.7,28.2,23.7,25.6,26.1,25.4,29.1,23.5,19.8,21.1,18.4,16.2,15.6,16.7,13.2,10.7,0,0
4678,일요일,4,429,신용산,하선,19.4,10.3,6.9,6.2,7.9,10.4,14,20.6,24.4,23,21.6,22.1,21.8,17.3,20.4,20.4,20.7,21.4,19.4,24.5,25.1,28.9,24.5,30.4,28.3,28.5,31.1,26.2,28.4,25.5,23.3,27.5,21.9,21.8,16.9,19.4,13.5,0,0
4679,일요일,4,430,이촌,상선,5,9.4,6.3,10.3,11.1,17.5,19.4,22.2,25.5,27.4,31.7,31.9,29.1,25.9,29.8,29.2,28.8,29.2,25.3,28.3,27.1,24.4,27.2,22.5,25,22.8,28.6,24.4,19.3,19.5,16.9,14.7,14.4,12.6,14.1,11.5,9.9,0,0
4680,일요일,4,430,이촌,하선,20.9,10.5,7.8,7,8.7,11.4,15.8,22.6,26.5,25.5,24.1,23.9,24.3,19.7,20.3,21.7,21.5,23.7,20.2,24.8,26,30.2,28.4,32.8,31.1,32.9,34.5,27.9,30.8,27.3,25.2,29.6,24.5,23.4,20.4,19.4,15.2,0,0
4681,일요일,4,431,동작,상선,6.1,10.9,7.1,11.3,12.2,18.9,21.4,22.6,31,29,33.8,33.9,28,26.4,32.8,34.3,29,28,29.2,28.2,27.1,27.7,28.4,25.1,24.7,24.6,33.4,26.9,21.3,21.8,18.7,15.7,16,14.3,15.9,13,11.2,0,0
4682,일요일,4,431,동작,하선,0,14,9,6.9,8.5,11.4,15,23.2,28.5,26.9,25.9,24.5,25.9,21.3,20.6,22,22.1,23.7,20.8,26.8,24.1,30.2,28.8,32.2,31.3,33.4,35.1,30.4,30.9,28.5,27.2,31.4,28.2,23.9,23,20.5,16.1,0,0
4683,일요일,4,432,총신대입구,상선,10.6,9.8,10.2,11.2,15.1,20.2,20.6,27.7,28.7,33.8,34,31.1,31.1,26.9,31.7,34.8,27.3,31.4,30.6,30.2,26.4,27.6,28.6,25.8,25.4,27.5,34.6,26.9,23.9,18.9,18.9,17.3,13.6,16.3,13,13.4,11,0,0
4684,일요일,4,432,총신대입구,하선,0,16.6,10.4,8.5,10.3,14,18.2,29.4,35.6,31,29.5,27.8,28.4,24.7,21.7,24.9,22.9,26.4,21.1,26.3,25.2,29.8,28.1,32.8,33.1,31.9,36.4,30.5,31.3,30.2,28.5,31.5,29.4,24.9,23.3,23.1,15.2,0,0
4685,일요일,4,433,사당,상선,9.7,9.2,10.9,10.5,15.3,20.7,19.9,29.7,27.9,35.6,39.5,28.2,34.5,25.6,30.9,37.4,26.6,36.4,30,29.2,28.6,30.3,31.3,29.7,29.4,36,43,32.1,28.6,19.5,21.6,19.7,14.9,20.4,15,13,12.7,0,0
4686,일요일,4,433,사당,하선,8,11.1,7.9,5.9,8.6,16,16.2,39.6,35,35.2,36.8,22.7,30.9,24.1,15.9,26.7,17.3,27.6,18.8,19.8,24,20.7,23.3,31,21.6,29.7,29.3,22.8,28.8,23.7,19.3,27.7,19.9,24.2,13.6,14.7,15,8.2,0
4687,일요일,4,434,남태령,상선,19.4,14.9,18.2,20.1,21.9,23.9,43.6,40.2,57.3,52.6,63.3,50.5,46.2,42,49.1,49.2,47.6,49.6,45.7,46.7,46.7,58,51.1,54.9,40.2,54.9,136.5,49.4,43.3,37.3,27,22.7,22.7,27.1,25.5,13,3.9,0,0
4688,일요일,4,434,남태령,하선,8.1,21.9,13.6,13.5,14.1,18.9,34.5,62.1,83.2,58.7,62.2,57.4,51.9,50.3,32.9,38.6,41.3,40.5,34.2,39.1,42.8,40.7,40.7,51,40.1,39.6,58.4,45.1,39,42.5,38.3,37.5,50.3,39.4,31.8,29.1,29.6,8,0
4689,일요일,5,2511,방화,상선,0,0,0,0,0,0,0,0,0,0,0,0,0,0,0,0,0,0,0,0,0,0,0,0,0,0,0,0,0,0,0,0,0,0,0,0,0,0,0
4690,일요일,5,2511,방화,하선,1.4,1.2,1.2,1.5,1.7,1.6,2.2,2.9,3.3,2.8,3,2.7,2.7,2.9,2.7,3.4,2.7,3.2,2.4,2.6,2.7,2.5,2.7,2.3,2,2.3,1.5,1.1,0.9,0.8,0.6,0.4,0.5,0.6,0.4,0.5,0.3,0,0
4691,일요일,5,2512,개화산,상선,3.7,1.2,0.7,0.6,0.7,0.9,1.3,1.3,1.4,1.8,1.7,1.6,1.1,1.5,1.6,2.2,2.3,2.3,2.6,2.7,2.8,2.8,2.5,3.3,3,2.7,2.5,2.8,2.9,2.2,2.1,2.4,1.7,1.9,2,1.1,1.6,1,0
4692,일요일,5,2512,개화산,하선,3.2,2,2.2,2.7,2.9,3.2,4,4.9,6,4.7,5.4,4.9,4.2,5.2,5.1,5.3,5,5.1,4.2,4.8,4.2,5.1,4.5,3.8,3.6,3.9,2.8,2,1.9,1.5,1.2,1.3,1.2,1.8,1.1,0.9,0.4,0,0
4693,일요일,5,2513,김포공항,상선,5,2.1,1.7,1.5,1.6,2,2.3,2.4,2.9,4.1,3.3,2.7,2,3,3.3,3.8,3.7,4,4,4.9,4.5,4.4,4.8,5.8,5.1,4.7,4.8,4.5,4.4,4.1,3.5,4.1,3.6,3.2,3.1,2.4,2.7,1.9,0
4694,일요일,5,2513,김포공항,하선,2.1,3.6,3.2,3.6,4.7,6.6,8.6,10.7,12.4,11.5,11.3,10.9,9.8,11.9,11.4,11.9,12.1,11.7,12.6,11.1,11.8,13.6,12.2,10.7,12.9,10.7,10.1,9.9,7.3,8,8.3,6.9,7,8.6,7.5,7,3.8,0,0
4695,일요일,5,2514,송정,상선,21,7.6,6.3,5.2,5.5,7,6.7,7.6,8.3,9.9,10.4,9.1,8.1,10,10.8,11.6,11,10.9,10.3,11.7,11.5,12.4,12,13.4,12.1,11.7,11.5,8.9,8.7,7.6,6.9,6.9,5.7,6,4.9,3.3,3,3,0
4696,일요일,5,2514,송정,하선,2.8,4.1,3.6,4.3,5.3,7.5,9.9,13,13.7,14.7,11.9,12.5,11.6,12.6,12.8,13.5,13,12.3,14.4,12.2,12,15.1,12.6,12.3,13.5,12,10.6,9.8,7.9,7.6,8,7.7,6.9,8.3,7.3,7.2,3.6,0,0
4697,일요일,5,2515,마곡,상선,21.8,7.9,6.3,5.3,5.9,7.2,7.1,8.2,8.9,10.4,10.7,9.3,8.7,9.8,11.6,12.2,11.6,11.1,11.6,12.8,12.9,13.4,13.5,14.4,13.3,13.2,13,10.3,10,9.1,8.3,8.8,7.1,7,5.8,4.5,4.1,4.4,0
4698,일요일,5,2515,마곡,하선,4,4.2,4.1,4.9,5.9,8.6,10.4,13.9,15.4,16.6,13.2,13.2,13.8,14.6,15,15.1,13.9,14.1,15.6,13,14.1,17,13.8,13.9,13.8,13.4,11.2,10.6,9.1,9.2,8,8.8,7.7,8.8,8,7.6,3.5,0,0
4699,일요일,5,2516,발산,상선,23.2,8.9,6.8,5.9,6.1,7.8,8.4,9.3,10.2,11.3,11.7,10.4,10,10.7,12.3,13.8,13.5,12.5,13.7,13.8,14.7,15,15,15.9,15.3,14.6,13.5,11.8,11.1,10.7,9.7,9.6,8,8.2,6.3,5.1,5.5,4.9,0
4700,일요일,5,2516,발산,하선,5.1,4.1,4.9,5.8,6.9,9.7,11.1,15.1,15.5,17.3,14.7,14.7,15,17.7,18.1,18.2,17.3,18.4,18,18.7,18.8,21.8,18.8,20,16.9,17.1,14.9,13.4,11.4,12.3,11.1,11.9,10.7,13.3,11.2,9.8,6.4,0,0
4701,일요일,5,2517,우장산,상선,22.5,9.9,7.8,6.7,7.3,10.2,10.3,12,14.7,15.2,16.7,15.2,15.7,14.1,18.5,17.5,19.4,15.8,17.7,17,17.1,16.9,19.5,19.1,19.7,16.1,16.7,13.6,12.8,12.5,11.7,11.5,9.6,9.1,7.6,6.3,6.4,0,0
4702,일요일,5,2517,우장산,하선,6.6,5.1,6.2,7.1,8.5,11.9,13.7,18.3,19.7,21.1,18,17.7,16.7,21.3,21,21,20.3,20.8,19.9,20.3,20.3,22.4,19.5,21.2,17.5,17.2,15.9,13.5,12,11.4,11.8,11.3,11.1,13.2,10.8,9.9,6,0,0
4703,일요일,5,2518,화곡,상선,21.3,9.9,8,6.8,7.4,10.3,10.7,12.5,15.4,16.4,16.9,15.3,14.9,15.5,19.2,18.3,21,18.8,18.6,18.8,19.7,19.7,22.6,21.7,23.4,20.2,19.3,16.8,16.6,15.6,15.6,13.9,12.1,12.2,10.2,8.7,7.9,0,0
4704,일요일,5,2518,화곡,하선,8.4,7.9,9.8,11.1,14,18.6,21.4,26.7,28.4,30.2,24.9,25.2,24.3,29,29.4,27.7,27.1,26.9,25.8,25.1,24.9,26.6,23.5,23.5,20,19.5,16.7,14.9,13.2,12.2,12.2,12,11.1,13,10.3,9.7,4.6,0,0
4705,일요일,5,2519,까치산,상선,14.8,9.7,7.4,7.8,7.6,10.3,11.2,12.8,16.4,17.1,18,16.7,16.4,16.6,21.1,20.4,22.1,21.7,21.9,23.9,24.8,25.5,29,28.8,29.4,27.6,26,25.8,24.2,23.7,24.3,22.9,20.4,18.7,16.3,14.3,12.1,9.4,0
4706,일요일,5,2519,까치산,하선,11.5,9.8,11.9,12.1,15.9,21.1,25.2,31.2,33.7,33.1,28.4,28.3,27.8,30.7,32.4,30.7,28.7,28.7,27.2,24.5,23.9,25.7,23.2,22.3,18.2,17.5,14.7,13.8,11.5,10.5,10.5,9.8,8.1,10.3,8.9,7.7,6.8,0,0
4707,일요일,5,2520,신정,상선,10.9,8.3,6.6,6.5,6.1,8.2,9.4,10.7,13,14.7,15.9,14.3,13.1,14.5,18.8,19.2,20.7,20.2,21.9,23.2,26.1,27.5,30.1,30.4,30.8,30.4,29.4,31.5,26.2,27.9,26.6,27.1,24.7,22.7,19.1,16.4,15.8,13,0
4708,일요일,5,2520,신정,하선,14.3,10.8,13.8,14.4,17.4,24,28.5,34.8,37.9,37.7,30.4,32,32.5,32,35.7,33,32.5,31.4,29.6,26.2,26.5,26.2,24.5,23.7,19.3,18.6,15.2,13.7,11.7,10.4,10.6,9.7,7.9,9.7,8.3,7.6,6.5,0,0
4709,일요일,5,2521,목동,상선,9.9,8.6,6.7,6.4,6.6,8,9.6,10.3,12.9,14.6,15.9,14.5,13.1,15.1,20.2,20,21.2,22.1,22.4,25.1,28.2,29.6,32.7,33.1,33.6,31.4,33.9,34.6,29.4,30.7,30.1,30.9,28.4,25.7,21.8,19.4,16.5,16,0
4710,일요일,5,2521,목동,하선,15.9,12.1,15.3,15.9,20,26.5,31,37,40.7,40.7,35.9,36.1,36,36.4,39.8,38.4,35.7,34.7,32.2,30.2,29.1,29.3,28.5,26.1,21.7,20.4,15.8,15.8,13.7,11.6,11.8,10.5,8.5,10.9,8.6,7.8,5.8,0,0
4711,일요일,5,2522,오목교,상선,9.4,9,7.1,6.5,7.2,8.3,11.4,11.9,15.5,15.7,17.2,15.1,14,16.2,21.6,20.8,24.9,24.3,25.9,27.3,32.5,32.2,37.3,35.6,39.1,35.1,39.1,40.1,33.4,35.8,34.1,34.7,32.7,28.9,23.8,22.1,19.1,19.5,0
4712,일요일,5,2522,오목교,하선,17.6,12.3,15.9,16.6,19.8,27.4,31.8,37.8,39.4,43,37.5,37.9,37.6,39.3,42,40.9,37.6,37.9,34.4,32.3,31.8,33.2,30.4,29.3,25.6,23.9,18.5,18.7,16.3,14.6,16.1,14.5,11,13.8,10.3,8.3,8,0,0
4713,일요일,5,2523,양평,상선,9,9.5,7.6,6.9,8.2,10.7,13.9,15,20.5,19.1,20.4,16.8,17.8,19.9,23.4,24.4,28.9,27.5,29.7,30,36.4,33.8,44.1,38.7,43.2,36.5,42.1,42.9,33.9,36.7,35,36,32.7,29.6,25.2,24.1,21.1,0,0
4714,일요일,5,2523,양평,하선,18.1,12.6,15.8,16.9,20.3,27.8,32.2,39.1,40.2,44.4,38,39.6,38.9,41.2,43.6,42.3,39.3,39,35.9,33.4,32.5,33.7,31.2,28.5,27.8,24.3,18.9,19,16.2,15.4,16.4,14.6,12,14,10.5,8.3,7.7,0,0
4715,일요일,5,2524,영등포구청,상선,8.8,9.4,7.8,7,8.4,10.7,13.7,15.7,20.9,19.3,20.9,17.4,18.1,19.7,24.3,24.9,29.7,27.8,30.9,33.3,35.9,34.6,45.2,40.1,43.2,37.7,43.2,42.4,35.7,38.1,36.4,37.9,31.9,31.9,25.3,26.2,22.2,0,0
4716,일요일,5,2524,영등포구청,하선,14,9.3,13.3,13.8,15.8,21.6,24.9,29.6,30.8,34.2,29.5,30.7,31,32.1,35,32.3,31.8,31.4,28.6,24.8,28,26,24.2,21.8,21.8,19.8,15.1,14.7,11.8,11.9,12.3,10.6,9.3,10.4,8.1,7.2,5.2,0,0
4717,일요일,5,2525,영등포시장,상선,4.9,6.9,6.1,5.3,6.1,8.4,10,10.7,14.5,15.8,16,13.8,14,16.7,20.5,20.2,23.5,22.4,25.1,26.1,29.4,28.2,37.8,31.9,34.2,32.2,34.8,34.4,27.8,30.2,29.9,31.1,26.9,25.4,20.1,19,17.1,0,0
4718,일요일,5,2525,영등포시장,하선,14.8,9.5,12.8,14.5,15.5,21.7,23.6,29.4,29.2,32.6,29.3,30.2,29.4,32,34,32.3,31.8,31.1,28.9,25.4,29.6,28.3,25.6,23.4,23,21.4,16.6,15.6,13.5,12.8,12.8,11.4,9.5,10.3,8.3,7.1,4.7,0,0
4719,일요일,5,2526,신길,상선,5.7,7,6.3,5.5,6.3,9.2,10.2,13.2,16.5,17.6,16.7,16.6,16.1,18.1,23.1,22.9,25.2,22.7,25.1,26,28,28,36.6,31.8,34.4,30.4,32.2,33.8,29.3,28.7,30.1,31.9,27,26.2,19.7,20.1,18.1,0,0
4720,일요일,5,2526,신길,하선,15.8,12.3,16.8,17.4,15.5,22.4,23.8,31.1,32.9,35,33.4,34.8,33.3,34.5,37.3,35.9,35.1,33.7,32.9,27.8,34.9,31.9,29.5,26.9,26.5,24.7,19.7,18.2,14,13.5,12.7,11.3,9.6,10.8,8.5,7.7,4.2,0,0
4721,일요일,5,2527,여의도,상선,5.1,7.5,6.3,6,6.8,9.7,10.6,13.1,17.1,17.9,16.8,16.1,17.8,20.3,25.1,25.3,25.2,24.8,27.8,28.6,30.1,31.8,39.8,34.3,36.6,34.7,34.7,39.3,33.4,32.7,37,37.9,32.6,31,21.8,19.4,13,0,0
4722,일요일,5,2527,여의도,하선,13.4,9.2,9.3,12.4,12.9,17.8,20.5,26.7,29.2,35.1,30.4,34.5,31.8,36.8,37.1,36.8,35.2,32.9,35.4,29.5,34.9,34.2,32.4,30.4,30.3,28.4,23.6,21.9,18.4,17.2,17.7,15.5,12.9,13.4,10.3,9.7,5.1,0,0
4723,일요일,5,2528,여의나루,상선,7.6,12.1,15.7,14.8,8.9,11,12.3,15.2,18.2,19,19.2,18.7,19.1,20.6,25,27.1,26.8,24.7,29.7,29.4,31,32.4,35.8,36.1,34.8,32.3,32.7,35.1,30.2,29,32.8,35.5,29,28.6,19.1,19.3,10.9,0,0
4724,일요일,5,2528,여의나루,하선,13,8.7,7.8,11.7,11,16.9,20,26,28.2,32.2,30.1,31.6,28.4,34.2,33.9,34.7,32.8,30.5,31.2,28.5,32.7,31.6,31.2,28.5,29.3,27.8,28.2,29,23.1,23.6,28.4,23.9,20.4,21.2,16.8,14.7,7.1,0,0
4725,일요일,5,2529,마포,상선,7.4,12.6,16.7,15.8,10.4,12.3,13.9,18.4,20.6,22.6,23.3,23.2,22.8,24.9,29.8,31.6,33,31.4,34.9,34.4,34.7,37.7,43.4,40.4,40.7,35.1,31.2,29.7,27,23.8,23.6,26.1,20.3,18.4,13.5,14.9,10.1,0,0
4726,일요일,5,2529,마포,하선,12.7,8.4,7.6,10.7,12,17,19.9,25.6,29.5,31.7,31,30.9,30.3,34.1,34.7,35,33.3,31.7,32.2,29,31.6,31,31.9,27.9,29.5,27.4,30,26.6,23.1,24.2,27,24.1,20.2,21,18.8,14.9,6.4,0,0
4727,일요일,5,2530,공덕,상선,6.8,13,16.9,15.1,10,12.5,13.4,17.8,20.7,22.4,23.4,22.7,23,25.1,31.8,31.5,32.8,30.9,34.4,34.7,35.1,39.3,43.5,40.4,41,35.5,32.9,29.3,27.2,24.6,23.3,24.1,20.7,18.8,14.1,15,10.8,0,0
4728,일요일,5,2530,공덕,하선,11.7,7.7,7.6,11,12.3,18,20.6,26.3,29.9,31.7,33.2,31.3,30.9,34.3,34.6,35.6,32.4,30.5,30.9,27.3,30,28.8,28.6,24.7,26.4,23.8,26.2,22.5,19.7,19.6,21.5,19.8,17,16.7,15.2,13.5,5.3,0,0
4729,일요일,5,2531,애오개,상선,6,10,14.7,10.4,9.1,11.7,12.1,15.9,19.1,21.6,20.8,21,21.5,23.1,27.2,29.4,31.1,27.3,32.2,32.9,32.6,37.6,40,36.5,36.2,34.3,31.4,25.6,24.4,23.6,22.1,23.2,20.1,17.5,15.2,13.4,11.3,0,0
4730,일요일,5,2531,애오개,하선,8.9,7.5,7.6,11,12,17.4,20.7,24.4,30.3,32.5,32.9,32,32,33.9,35.1,35.6,32.8,31.3,30.9,27.2,29.8,29,28.2,24.6,26.1,24.2,24.4,21.5,19,19,21.2,19.3,16.6,16,14.7,14,5.8,0,0
4731,일요일,5,2532,충정로,상선,8.2,11.8,13.6,10.2,9.4,11.6,12,15.2,19.8,21.3,20.1,20.4,21,22.5,26.8,28.4,30.7,27.8,30.9,32.6,33.7,37.3,40,36.8,36.4,34.4,31.1,25.9,24.8,23.9,22,24.1,20.6,18,14.5,13.7,11.7,1.9,0
4732,일요일,5,2532,충정로,하선,8.8,7.2,7.1,10.6,11.9,17.1,19.9,23.7,30.1,31.9,32.6,31,31.5,33.5,34.4,34.7,32.4,30.5,30.5,27.1,28.7,28.9,27.6,24.1,25.6,23.7,23.7,19.9,19.3,18,20.1,18.2,16.7,14.5,13.9,13.3,7,0,0
4733,일요일,5,2533,서대문,상선,8.1,11.3,13.3,9.9,9.3,11.3,12,15,19.2,20.9,19.6,20.8,20.5,21.6,26.8,28.4,29.2,26.8,30.7,30.8,32.9,36.5,38.9,35.4,35,33.2,29.5,25.1,23.2,25,21.9,22.6,20.5,17.8,14.7,13.3,9.6,2.9,0
4734,일요일,5,2533,서대문,하선,8.9,6.9,7.1,11.3,10.8,16.7,19.1,22.9,28.9,31,30.9,31,31.6,31.2,35.4,35,32.4,31.2,31.1,29.1,30.1,29.3,28.7,25.6,25.9,24.4,24.3,20.6,19.7,18.3,19.1,17.8,16.4,14.6,14.1,12.7,6.6,0,0
4735,일요일,5,2534,광화문,상선,7.6,11.5,13.2,9.4,9.9,11.4,12.5,16.1,20.5,21.3,21,21.2,20.5,22.1,27.8,28.9,29.7,26.3,30,29.7,31.4,37.1,37.6,34.4,34.1,32.4,28.7,24.6,23.1,24.4,22.5,22.7,21.3,18.3,15,13.5,8.1,0,0
4736,일요일,5,2534,광화문,하선,8.6,6.2,6.2,10.3,9.9,12.7,15.5,19.3,22.9,26.8,25.6,25.5,25.6,27.2,29.7,38.1,32.1,33.2,32.4,32,31.4,32.7,34.6,31,30.6,29.8,28.9,24.6,24.9,23.1,23.9,23.1,20.7,18.6,16.3,13.7,6.7,0,0
4737,일요일,5,2535,종로3가,상선,8.1,13.2,13.3,10.7,11.1,14.8,17.5,20.7,28,28.7,29.2,28.7,28,28.8,33.2,29.9,31.7,27.4,30.1,29.4,31.5,34.3,32.7,30.3,30.5,28,24.5,20.7,19.5,19.7,18.5,17.6,17.4,14.9,13.3,12.2,8.2,0,0
4738,일요일,5,2535,종로3가,하선,4.2,7.2,5.4,9.5,8.7,10.5,13.4,15.2,17.5,21,19.8,19.1,19.4,20.2,25,28.9,25.7,27.2,28,30.4,29.6,31.1,33.9,31.4,31.1,29.2,31.2,26.7,25.9,24.7,23.5,25.1,22.1,20.4,17.3,14.6,8.5,0,0
4739,일요일,5,2536,을지로4가,상선,6.7,11.8,12.5,10.8,11.8,14.9,19.6,23.4,31.6,28.8,32.4,29.3,29.3,31.5,33.9,30.5,31.3,27.8,28.5,27.3,28.2,28,28.9,27.2,24.2,21,20.4,16.7,15.9,15,14.9,16.5,14.4,12,10.7,9.9,7.4,0,0
4740,일요일,5,2536,을지로4가,하선,4,6.6,5.1,8.7,8.2,10.2,12.8,14.6,15,19.5,17.2,16.8,16.9,18.2,21.8,27.1,23.5,25.1,26.7,27.9,28.4,30.6,30.7,29,30.4,28.4,30,26.5,25.1,24.2,22.9,24.3,21.5,19.1,16.6,14.2,8.3,0,0
4741,일요일,5,2537,동대문역사문화공원,상선,6.8,11.7,11.5,10.7,11.8,14.8,18.9,22.3,28.8,29,30.8,27.7,27.7,30.5,31.4,28.8,28.5,26.6,25.5,25.2,25.2,25.9,24.9,24.1,20.8,19.1,16.8,14.9,14.8,12.6,13.9,15.2,13,10.7,9.4,10,6.4,0,0
4742,일요일,5,2537,동대문역사문화공원,하선,4.9,6.9,5.4,6.6,7.4,10.3,12.1,15.4,15,19.7,16.1,17.2,15.7,18.2,22.2,27.2,27,27.7,28.2,30.7,31.6,33,32,31.2,33.3,31.2,32.1,28.6,26.5,27.1,25.8,25.7,22.3,21.1,17.9,16.8,9.2,0,0
4743,일요일,5,2538,청구,상선,7.7,10.8,11.1,15.1,13.4,17.6,21.9,24.8,30.7,31.8,31.3,31.5,31.7,33.1,34.3,34.2,32.1,29.2,27.7,27.4,26.7,26.1,25.1,25.1,20.5,18.3,17,17.1,17.4,12.7,15.9,18.1,13.3,11.2,10.9,9.1,5.9,0,0
4744,일요일,5,2538,청구,하선,12.6,10.3,7.5,8.4,9.3,11.1,14.4,18.6,17.3,21.9,19.2,19.6,17.7,20.1,25.7,27.6,29.1,30.4,31.4,34.7,35.1,36.9,34.8,34.2,36.2,34.5,34.9,33.4,34.4,30.3,30.1,27.1,25.8,24.4,20.1,19.9,12.7,1.2,0
4745,일요일,5,2539,신금호,상선,8,12.2,11.3,15.2,14.2,18.9,23.8,28,32.1,33.9,35.8,35.2,35.4,38.5,39.4,40.6,36.7,34.9,34.7,33.5,31.9,29.9,27.9,27.3,22.6,21.6,18.2,20.2,18.9,13.6,17.8,21.2,15.1,12.8,11.8,10,7,0,0
4746,일요일,5,2539,신금호,하선,13.9,10.5,8,8,9.5,11.7,14.7,18.1,18.1,20.1,19.3,20.2,18.7,20.4,25.9,27.8,29.2,30.1,31.2,34.1,34.2,35.9,34.6,33.2,33,35.9,33.8,32.6,33.6,29.9,28.6,26.4,25.1,23.6,19.4,19.3,12.1,1,0
4747,일요일,5,2540,행당,상선,7.7,12,11.3,15.1,13.8,19.9,22.7,26.9,31.4,33.9,34.8,33.8,35.3,37.4,39.4,40,36.3,34.1,33.3,34.2,32.1,29.4,28.3,27.4,22.9,21.6,18.9,21.8,19.2,14.2,18.4,20.3,15.7,13.2,12.4,10.6,7.8,0,0
4748,일요일,5,2540,행당,하선,15.4,11,8.3,8,10,12.1,15.2,18.7,19,21.1,21.9,20.2,19.8,22,25.2,28.4,29.4,30.3,30.3,34.3,34.4,35.2,34.3,34.9,31,35.1,35.3,29.8,32.8,29.1,27.7,26.2,24.6,22.9,18.7,20,12.4,0.6,0
4749,일요일,5,2541,왕십리,상선,7.3,11.7,11.2,14,14,19.3,21.8,28.2,30.4,32.9,33.9,33.3,34.5,35.7,38.3,39.3,35.5,33.5,33.6,33.4,31.9,29.2,28.7,27.5,23.7,21.8,19.5,22.4,19.9,16.5,18.4,20.8,15.4,14.3,13.1,11.3,5.3,0,0
4750,일요일,5,2541,왕십리,하선,10.4,13.7,9.4,8.9,11.5,13.5,17.6,19.6,21.9,22.9,24.9,21.3,23,25.6,29.1,32,37.8,36.7,37.4,41.8,44,43.2,42.5,44.3,39.3,44,45.2,38.1,43,39.7,36.9,36.3,34.1,31.6,30.1,24.7,18.7,0,0
4751,일요일,5,2542,마장,상선,12.9,14.6,14.1,17.7,19.6,24.6,29.4,36.3,38.9,41.7,44.6,43.2,43.8,45,51.4,50.6,46.1,43.1,41,41.7,38.7,36.9,33.5,32.6,28.8,26,22.9,27.1,22.2,19.2,20.2,26.5,17.4,17.3,14.7,11.5,7.2,0,0
4752,일요일,5,2542,마장,하선,5.7,14.5,9.2,8.7,11.1,13.9,17.7,20.1,22.2,22.4,24.9,20.9,22.8,25.5,28.4,31.6,37.8,35.5,37.7,41.5,43.6,42.7,41.1,43.4,38.2,42.8,43.4,37.9,41.1,39,36.3,35.6,33.5,31.1,29.7,24.3,18.5,0,0
4753,일요일,5,2543,답십리,상선,12.8,13.9,14.6,17.6,19.2,23.8,28.8,36.9,36.8,40.6,43,43.1,43.1,44.5,50.7,50.8,42.8,42.5,40.1,41,37.8,36.5,33.5,32.1,28,25.2,23.1,27,20.5,20,19.9,26.4,17,17.2,13.5,12,7.5,0,0
4754,일요일,5,2543,답십리,하선,7.8,16,8.7,9.6,11.7,15.1,17.8,21.7,24.3,23.7,25.8,20.6,23.7,25.7,28.7,31.6,38.5,35,36.9,39.7,43.9,43.6,39.9,42.6,38.3,39.4,42,36.1,38.5,34.7,36.7,33.6,32.4,29.1,27.5,22.6,19.3,4.2,0
4755,일요일,5,2544,장한평,상선,11.2,13.8,13.6,17,18.1,23,27.8,34.5,35,38.8,40.8,40.4,41.3,44,47.7,49.1,41.9,41.4,38.8,39.6,37.1,33.8,34.6,31.5,27.7,25.6,23,28.5,20.6,21,19.9,27.8,15.3,17.5,13.9,11.5,8.6,0,0
4756,일요일,5,2544,장한평,하선,11.3,16.5,8.9,9,12.6,15.3,19.4,22.4,25.7,24.3,24.5,22.7,23.1,24.3,28.6,30.5,38.3,34.5,37,39.5,43.9,42.9,39.2,40.5,40.4,39.5,40.4,40.7,37.9,32.5,34.2,32.6,29.6,26.1,26.8,16.4,20.9,3.2,0
4757,일요일,5,2545,군자,상선,10,13,13.8,16.1,17.5,23.2,27.2,33.2,33.8,39.5,41.1,40,39.5,43,47.6,48.2,41.5,37.9,40.2,39.1,35.4,33.8,34.2,31.1,27,26.7,22.9,27.1,19.9,21.1,21.8,29.6,15.8,19.5,15.1,12.3,10.5,0,0
4758,일요일,5,2545,군자,하선,10.3,22,12.5,13.1,16.4,23.4,28.6,31.1,39.3,34.5,33.1,30.8,30.9,32.2,36.3,40.3,46.3,43.9,44.4,49.1,54,53.4,48.4,45.3,48.1,47.5,43.5,45.7,46.3,37,37.7,40,33.4,28.7,29.5,21.5,22.8,0,0
4759,일요일,5,2546,아차산,상선,14.8,14.9,14.6,17.2,19.6,27,33.3,38.6,40.2,45.5,44.6,46.4,47.1,48.9,55.7,55.7,49.4,45.7,48.3,47.6,42.9,43.1,43.6,37.6,35.2,34,30.6,34.9,27.2,26.3,28.7,40.1,21.4,25,20.4,15,11.4,3,0
4760,일요일,5,2546,아차산,하선,10.5,21.2,12.2,13.3,16.1,23.4,26.3,30,33.6,34.4,28.9,27.9,28.4,30.6,34.3,39.1,44.8,44.3,43.2,47.9,52.4,52.9,48.8,43.8,46.4,46.5,42,44.1,44,36.5,34.4,38.2,31.7,27.7,27.2,20,21.2,0,0
4761,일요일,5,2547,광나루,상선,14.9,11.9,13.6,15.8,18.8,27.1,30.9,36,41.6,43.5,44.8,45.3,46.8,47.5,54,53.2,44.2,43.2,47,42.4,39.1,42.4,37.2,34.7,32.8,31.6,31.2,32.7,26,25.4,28.5,36.2,21.3,24.4,20.4,14.9,9.5,0,0
4762,일요일,5,2547,광나루,하선,10.7,24.7,11.5,13.5,15.4,21.5,23.8,27.7,31.1,32.8,29.3,26.2,27.9,29.8,34.5,39.4,44.7,45.2,44.6,46.4,52.7,52.3,48.8,43.6,45,45.9,42.8,41.4,40.7,38.5,33.3,36,33.1,27,26.2,19.2,24.3,3.9,0
4763,일요일,5,2548,천호,상선,14.3,11.6,13,15.4,19.5,27.5,30.7,37.5,42.3,42.2,47.1,45.8,44.8,44.6,53.2,49.3,42.2,44.7,42.5,39,40,40.9,35.1,34.5,32.5,28.6,30.9,31.8,24.8,25.1,28.4,38.4,22,22.2,18.7,13.5,9.7,0,0
4764,일요일,5,2548,천호,하선,9.6,23.2,9.1,11,10.6,13.5,20.9,22,23.5,25.2,26.1,20.9,22.1,25.9,28.9,34.2,40.9,40.2,37.8,42.6,46.7,46.8,41,42.7,37.2,40.4,44,39.9,33.5,35.8,34.3,27.8,30.1,30,22.5,17.5,18.9,3.6,0
4765,일요일,5,2549,강동(하남),상선,13.9,10.8,11,14.6,20.9,27.3,26.5,38.9,39.5,38.1,48.5,41.7,36.4,44.1,52.1,40.5,41.3,43.9,37.2,34.8,38.8,35.9,31.7,33.2,27.9,22,24.3,29.4,18.6,22.2,23.5,35.4,18.9,19.9,16.7,12.2,5.3,0,0
4766,일요일,5,2549,강동(하남),하선,4.6,12.6,8.4,12.3,11.5,16.6,23.7,24.8,22.2,25.8,28.2,23.7,23.6,27.2,31.5,37,41,42.2,41.2,44.4,49.5,52.1,42.6,44.9,32.8,39.6,44.9,40.3,32.2,31.3,36.7,26.9,29.7,29.1,21,15.8,17.1,2.6,0
4767,일요일,5,2550,길동,상선,21.7,15.3,16.3,21.2,29.9,41.5,41.4,52.5,57.9,59.8,61.5,57.9,54,56.7,65.6,58,55.7,56.2,48.8,50.5,48.2,46.4,45.8,39.3,34,30.6,27.7,27.9,24.2,20.9,21.9,19.3,19.9,16.6,18.7,12.9,6.5,0.6,0
4768,일요일,5,2550,길동,하선,7,6.6,19.9,12.7,11.1,19.5,27,24.2,27.3,26.5,32.2,24.8,23.9,28.1,30.5,35.2,36.3,39.3,39.3,38.3,47,49.8,51.4,51.4,51,54.2,50.6,53.8,42.8,40.7,44.5,39.2,39,33.8,29.6,20.4,27.6,6,0
4769,일요일,5,2551,굽은다리,상선,19.8,14.1,14.9,19.6,27.7,38,41.2,49.8,54.1,55.9,58,52.4,49.5,52.8,60.6,53.1,51.9,51.8,45.6,46.7,45.3,43.8,42.5,36.4,31.8,28.1,25.7,26.4,23.4,19.2,21.7,18.2,17.6,17,17.6,11.8,3.9,0,0
4770,일요일,5,2551,굽은다리,하선,7.8,6.4,18,9.4,12.2,18.4,24.8,23.9,24.4,25.1,30.1,22.6,21.3,25.8,29.6,31.8,32.8,34.3,36.7,35.8,41.6,44.3,46.5,46.3,44.7,48,45.6,46.7,38.1,36.5,44.3,31.5,34.6,31.1,27,17.8,26.3,4.5,0
4771,일요일,5,2552,명일,상선,16.3,11.3,13.7,18.1,24.4,32.2,36.9,43.9,49.8,51.9,50.4,45.1,44.5,48.4,53.1,47.5,46,44.9,41.3,42,40.5,38.7,36.3,32.3,29.7,25.3,23.6,24.8,21.3,17.6,18.8,16.9,16.4,16.2,16,11.8,4.6,0,0
4772,일요일,5,2552,명일,하선,8.4,6.5,15.2,8.7,12.4,14.9,21.9,22.3,22.8,23.2,27,21.3,20,24.7,31.1,28.8,31.1,32.7,34.6,34.4,38.5,39.9,42.1,42.8,40.6,42.6,40.7,43.4,35.6,32.8,43.2,29.6,31.9,28.7,24.6,24.3,16.1,3.7,0
4773,일요일,5,2553,고덕,상선,14.5,9.1,16.9,17,23,29.3,37.5,40.3,46.1,48,46.5,41.8,40,43.7,46.2,42.9,39.6,40.4,37,37.6,36.7,36.6,34.2,30.5,28,24.8,23.6,23.6,18.9,17.6,16.8,16.8,14.6,18.4,10.5,11.5,4.9,0,0
4774,일요일,5,2553,고덕,하선,6.6,5.3,12.2,7.7,10.9,16.4,16.2,19.8,20.5,20,24,20.4,17.9,22.3,27.8,25.1,28.1,29,28.6,32.1,33.8,32.5,36.4,38.7,35.7,38.2,36.1,39.5,32.1,28.9,38.5,27.7,27.9,26.4,23.6,21.1,14.5,2.7,0
4775,일요일,5,2554,상일동,상선,10.1,10,15.3,15.4,20,26.4,34,36,42.8,44.3,43.1,37.3,35.7,39,40.2,38.6,36.5,35.4,33,32.5,32.4,32.8,28.6,26.2,22.9,24.8,19,19.9,16.9,16,15.2,14.8,12.9,15.2,10.4,10.5,4.8,0,0
4776,일요일,5,2554,상일동,하선,6.4,4.8,9.2,6.6,8.7,14.3,15.2,18.5,18.9,18.6,21.3,17.9,17,18.8,25.2,23.1,21.7,24.6,23.6,26.2,27.2,24.8,28.1,30.6,29,28,29,30.7,22.9,23.5,28.8,20.7,20.7,19.5,17.9,14.9,9.7,0,0
4777,일요일,5,2562,강일,상선,19.5,14.1,11.9,11.5,16.1,19.7,25.3,29.3,33.2,34.3,33.4,28.3,28.2,28.8,31.6,29.6,28.5,27.3,27.3,26.8,25.9,29.3,23.9,22.4,19.9,21.5,17.1,18.3,14.3,13.6,13.3,14.5,12.6,15.4,10.4,8.5,2.9,0,0
4778,일요일,5,2562,강일,하선,5.8,6,6.6,6.4,7.9,13.5,11.9,18.8,18.3,21.7,16.8,17.2,16.3,17.3,23.4,21.1,20.7,22.1,21.7,23.6,24,21.7,26.1,25,25.7,24.9,24.6,26.8,19.5,19.6,24,17.9,19.9,15.5,15.3,13.1,17.4,0,0
4779,일요일,5,2563,미사,상선,16.9,12.4,9.7,8.6,13.3,16.2,21.5,23.9,28.5,28.4,25.3,24.5,22.7,25.2,26.8,26.2,24.7,24.3,24.8,23.9,23.7,26.6,22.1,21.2,16.8,20.5,16.3,17.5,14,13.4,12.7,14.1,12,14.7,10.2,8.2,2.9,0,0
4780,일요일,5,2563,미사,하선,6.7,4.5,4.5,5.2,6,9.8,10.5,14.1,14.2,15.9,12.1,12.5,10.6,12.5,13.4,12.5,11.6,14.8,14.5,15.3,14.7,12.1,15.7,15.1,13.7,13.8,15,12.6,9.2,12.1,11.8,10.4,11.2,9.6,8.5,7.4,10.4,0,0
4781,일요일,5,2564,하남풍산,상선,9.3,6.9,6.2,5,7.6,10.3,12.6,13.3,16.8,16.3,15.2,15.8,13.7,16.5,17.8,18.2,16.6,18.9,15.2,16.6,15.6,18.6,15.8,15.1,13.1,14.2,11.5,13,9.7,9.3,7.7,8.2,6.4,8.2,4.5,3.2,1.6,0,0
4782,일요일,5,2564,하남풍산,하선,0,3.9,3.3,2.5,5,6.8,8.6,10.4,12.9,12.5,10.1,10.6,8.9,10.7,10.7,11.8,10.4,13.8,12.7,13.5,11.8,12.3,13.7,13.2,11.7,11.7,12.6,9.9,9.6,11.1,7.7,10.7,8.7,8.6,7.1,5.8,8.4,0,0
4783,일요일,5,2565,하남시청,상선,7.7,5.7,4.5,4.8,6.6,7.9,10.6,11.4,15.7,13.3,13.6,13.1,12.3,13.5,13.3,15.1,13.6,14,12.7,13.3,13.5,15.2,13.9,13.1,11.1,11.9,9.8,11.1,8,7.8,6.4,6.6,5.1,9.2,3.9,2.9,1.4,0,0
4784,일요일,5,2565,하남시청,하선,0,2.5,1.9,1.4,3.3,4.1,6.6,7.3,9.6,8.3,6.3,6.6,6.4,7.2,6.3,6.5,6.2,7.7,7.3,7,6.1,6.4,5.8,5.7,5.7,4.3,5.2,4.8,4.1,4.3,3.4,4.1,3.7,3.5,3,2.8,0,1.5,0
4785,일요일,5,2566,하남검단산,상선,2.9,2.6,1.8,2.4,2.5,3.8,4.5,4.9,6.5,7,6.3,5.9,5.5,7,6.9,7.3,7.4,7.2,6.3,8.4,8,8.4,8.4,7.8,7.2,6.6,6.1,6.6,4.6,4,3.9,4.8,2.9,6.2,2.2,1.4,0.8,0,0
4786,일요일,5,2566,하남검단산,하선,0,0,0,0,0,0,0,0,0,0,0,0,0,0,0,0,0,0,0,0,0,0,0,0,0,0,0,0,0,0,0,0,0,0,0,0,0,0,0
4787,일요일,5,9005,강동(마천),상선,0,0,0,0,0,0,0,0,0,0,0,0,0,0,0,0,0,0,0,0,0,0,0,0,0,0,0,0,0,0,0,0,0,0,0,0,0,0,0
4788,일요일,5,9005,강동(마천),하선,5.1,14.7,8.2,13,15.6,18.9,25.2,32.6,23.3,32.7,32.9,25.4,29.7,34,35.4,48.5,57.7,55.8,54.6,64.7,64.5,66.1,45.3,37.8,23.3,37,35.9,31.6,29.4,24.9,27.2,22.2,22.6,24.7,13.5,13.2,14.5,0,0
4789,일요일,5,2555,둔촌동,상선,11,9.2,12.9,13.1,14.9,20.5,24.7,25.9,33.6,34.1,35.1,34.3,39.7,41.8,45.8,43.1,39.2,36.4,33.8,36.1,35.8,38.4,36,30.8,32.3,31.4,37.3,50.2,24.3,38.2,39.5,63.5,29.5,36.2,23.7,21.2,7.9,0,0
4790,일요일,5,2555,둔촌동,하선,6.5,13.9,7.3,12.1,14.1,17,23.8,30.9,20.7,31.2,29.6,22.4,26.8,32,34.9,40.8,51.5,53.4,50,59.5,60.3,63.2,42.6,34.1,22,33.4,32.6,29.1,27.7,22.8,25.5,21.5,19.9,22.5,11.6,11.8,12.4,0,0
4791,일요일,5,2556,올림픽공원(한국체대),상선,10,9.3,12,11.8,14.3,19.8,22.1,23.9,30.6,30.4,32.9,33,35.7,36,41.8,41.9,35.7,32.5,31.7,32.8,29.3,34.8,34.9,29.7,29.1,28.7,35.8,41.5,20.8,36.8,59.5,41.7,27.5,35.7,22.6,20.6,7.2,0,0
4792,일요일,5,2556,올림픽공원(한국체대),하선,5.7,9.8,6.2,9.7,11.7,14.9,18.7,23.7,16.4,27.5,24.3,15.7,21.8,19.9,22.5,25.3,26.6,25.5,28,28.6,31.9,30.5,34.9,31.1,20.9,33.1,35.3,31.4,27.6,26,47.3,38.1,24.9,25.7,10.5,13,12.4,0,0
4793,일요일,5,2557,방이,상선,11.3,9.7,11.3,12,14.5,20.6,23.6,28,32,32.7,32.9,36.4,33.8,36.4,42.7,43.3,36.5,31.4,30.4,32.4,31.7,35.9,32.9,25.9,23.9,23.9,20.9,18.8,14.6,12.9,13.7,19,10.5,16.5,15.6,11.6,4.9,0,0
4794,일요일,5,2557,방이,하선,5.8,7.7,5.6,8.9,10.5,14.7,15.4,18.1,12,22,18.7,13.3,18.4,18.4,18.8,24.7,21.7,22.4,24.8,24.2,26.9,28.6,31,29.2,18.3,28.4,30.8,29.2,25.5,22.9,38.1,37,23,25.9,9.6,12.1,10.5,0,0
4795,일요일,5,2558,오금,상선,10,9.3,9.5,10.8,12.5,17.8,22,24.6,31.5,29.5,30.1,33.8,29.9,34.2,35.7,36.1,33.6,27.7,25.7,29.5,29.9,31.1,28,22.1,21,21.5,18.3,15.8,13.4,10.5,10.9,13.9,7.9,11.5,13.2,9.2,4.5,0,0
4796,일요일,5,2558,오금,하선,1.9,5.7,3.7,5.9,6.5,10.1,11.6,11.4,9.2,15.8,16.1,11,10.9,10.6,15.6,18.5,17.5,17.9,21.9,20.7,25.9,23.5,28.4,27.1,19.6,25.7,28.3,27.4,24.1,20.5,24,24.6,18.8,23.4,9.1,12.3,11.2,0,0
4797,일요일,5,2559,개롱,상선,13,8.7,10.3,11.4,13.4,18.1,22.7,25.8,29,29.8,29.6,30,24.5,28.8,29.2,29.8,24.6,24.4,19.8,19.2,20.2,21.9,18.9,16.4,15.1,13.5,11.5,9.3,8.2,8.1,7.3,7.3,4.7,6,5.9,4.7,1.8,0,0
4798,일요일,5,2559,개롱,하선,1.5,4.7,2.9,5.6,3.9,8.1,7.7,8.1,7.7,12.1,11.5,7.7,8.7,8.1,11,13.3,12.1,12.2,15.8,15.3,17.9,16.8,20.5,19.2,13.9,19,21,19.7,17.2,14.5,16.9,18.1,13.1,15.8,10.4,9.8,8.2,0,0
4799,일요일,5,2560,거여,상선,9.7,6.6,7.9,8.8,10.6,13.8,17.8,19.4,22.3,22.7,21.5,22.3,18.7,21,21.4,22.3,18.4,18.6,15.1,14.3,15.3,16,12.9,11.5,10.3,9.6,7.6,6.7,6.2,6.2,5,5.6,3.3,5.7,4.4,3.4,1,0,0
4800,일요일,5,2560,거여,하선,0.8,2.1,2,2.8,1.7,4,4.9,4.3,4.7,6.1,7.3,3.7,4,3.6,4.8,6,5.2,6.3,7.5,7,6.6,6.5,9.3,7.5,6.3,6.6,9.1,9.9,7.4,6.7,6.8,7.7,5,6.7,3.7,4.4,3.1,2.2,0
4801,일요일,5,2561,마천,상선,4.5,2.9,4.1,3.9,4.6,7,7.5,8.4,10,9.8,8.8,9.3,9.1,10.2,9.4,9.5,8.1,8.3,6,6.5,7.6,7.4,5.9,4.1,5.1,4.1,3.2,2.8,2.7,2.8,2.1,1.6,1.2,1.8,2,1.2,0.4,0,0
4802,일요일,5,2561,마천,하선,0,0,0,0,0,0,0,0,0,0,0,0,0,0,0,0,0,0,0,0,0,0,0,0,0,0,0,0,0,0,0,0,0,0,0,0,0,0,0
4803,일요일,6,9006,응암S,하선,4.5,4.7,5.5,6.7,8.3,11.2,13.9,19.1,21.7,19.2,18.5,17.5,15.2,17,19.8,18.6,18.4,17.7,16.9,17.3,22,20,20.9,21,21.9,18.4,27.7,26.1,19.2,16.1,16.5,15.2,16.6,15.4,12.9,10.6,7.2,0,0
4804,일요일,6,2612,역촌,하선,5.5,4.9,5.6,7,8.9,12.1,15,20.2,22.6,20.8,18.5,18.3,15.3,17.6,20.3,19.6,19.9,19.3,17.3,17,20.8,19.8,20.5,19.3,20.8,16.7,25.8,24.2,16.7,14.5,14.3,14,14.1,13.6,11,9.2,6.6,0,0
4805,일요일,6,2613,불광,하선,2.9,2.3,2.9,3.7,4,4.6,6.5,7.7,9.4,10.8,10.5,10,7.7,10.2,11.2,11.9,11.4,11.8,12.5,12.2,15.2,14.9,15.7,14.5,13.5,11.5,15.3,15,11.1,9.6,10.4,8.3,8.6,8.8,7.9,5.5,4.1,0,0
4806,일요일,6,2614,독바위,하선,2.8,2.5,3,4.1,4.1,4.5,6.7,8.5,9.4,10.2,9.1,10.4,8.7,11.4,11.8,12.4,12.1,11.9,12.5,12.6,15,15.2,15.4,14,12.7,10.9,13.8,13.6,9.8,8.4,9,7.7,7.4,7.7,7.2,4.8,3.2,0,0
4807,일요일,6,2615,연신내,하선,5.5,4.7,5.3,7.3,8.5,9.6,11.7,16.3,15.7,17.9,16.6,18.6,18.3,20.4,20.3,20.8,21.8,22.6,24,23.7,27.4,26.3,24.5,21.9,20.4,16.2,19.3,16.9,13.2,12.7,11.2,10,10.7,10.5,7.9,6.3,3.4,0,0
4808,일요일,6,2616,구산,하선,7.9,5.8,6.2,8.2,10.1,13.5,13.6,19.7,19,21.5,19.8,20.8,23.2,21,22.5,22.3,24.2,25.1,23.5,27.5,27.8,26.7,24.7,21.4,19.6,16.4,17.3,15.1,12,12,9.8,9,8.5,8.4,6,4.7,1.8,0,0
4809,일요일,6,2611,응암,상선,6.7,4.7,5.5,5,11,11.2,10.4,25.5,21.7,14.4,24.7,17.5,11.4,22.7,19.8,13.9,24.5,17.7,12.7,23,22,15,27.8,21,16.4,24.5,27.7,19.6,25.7,16.1,12.3,20.2,16.6,15.4,12.9,10.6,7.2,0,0
4810,일요일,6,2611,응암,하선,13.3,7.5,7.8,10.5,12.7,17.6,18.6,25.4,25.1,27.7,26.1,25.5,27.4,23.5,28,27.5,29.4,28.3,27.4,32,31.1,29.5,26.9,24.1,20.2,17.2,17.3,14.2,12.2,12.1,10.4,8.5,8.6,8.2,5.9,5.1,2.1,0,0
4811,일요일,6,2617,새절,상선,5.5,5.3,5.7,6.8,9,10.4,13.9,17.4,21,18.9,17.7,15.7,15.7,15.7,19.6,18.5,19.2,18.5,19.6,20.7,24.9,22.9,26.1,26.4,28,24.7,36.1,32.7,26.9,22.2,21.8,20.7,24.1,22.5,18.1,15.1,11.6,6.1,0
4812,일요일,6,2617,새절,하선,13,9.6,9,12.2,15.6,21.3,22.7,30.3,30.7,33.1,30.8,29.6,31.3,27.3,32.4,32.7,33.1,32.1,30.3,36.5,35.4,32.4,28.6,25.6,21.4,18.9,18.4,14.8,12.7,13,10.8,9.1,8.3,8.7,7.3,5,2,0,0
4813,일요일,6,2618,증산,상선,4.8,5.4,6.6,7.2,9.3,11,14.7,16.7,20.6,20.8,19,16,15.8,16.2,20.4,19.5,21.6,20.5,22.7,23.4,27.5,27,29.7,31.4,32,30.5,42.9,38,32.5,26.9,25.1,24.8,29.3,27.5,21.7,18.2,14.9,8.8,0
4814,일요일,6,2618,증산,하선,15.6,10.6,10.3,14.1,17.8,24.5,26.1,33.8,35.3,37.6,34.8,33.2,34.7,31,39.8,33.3,36.8,33.6,34.4,39.8,41.5,33.1,29.8,27.6,23.5,20.4,19.3,16.4,13.6,13,12.3,9.6,8.4,9,7.4,5.2,3,0,0
4815,일요일,6,2619,디지털미디어시티,상선,4.3,5.8,7,7.5,9.4,10.8,14.3,16.9,21,21.9,18.9,16.4,16.7,17.3,21.3,20.5,23.7,22.9,25.2,25.1,30.3,30.7,34,34.7,35.7,35.4,47.6,42.5,36.8,30.7,29.7,29.3,34,32,25.3,21.3,15.3,0,0
4816,일요일,6,2619,디지털미디어시티,하선,12.8,10.4,9,12.8,15.8,24.7,26,31.7,33.4,38.1,37.6,34.5,37.5,33.8,42.9,35.4,40.8,37.5,42.3,46.5,51.4,38.7,30.7,28.1,24.4,19.7,19.3,22.6,14,11.9,11.5,10,7.8,8.2,7.6,5.8,3.4,0,0
4817,일요일,6,2620,월드컵경기장,상선,6.5,5.2,7.5,8,9.1,9.7,13,14.7,17.8,19.6,16.7,16.2,15.9,16.7,19.7,20.8,23.7,21.9,26.6,27.9,29.4,31.4,33.9,35.7,34,36.5,69.5,51.7,36.6,32.7,31,32.1,34.1,32.5,23.6,21.3,15.8,0,0
4818,일요일,6,2620,월드컵경기장,하선,12.3,10,8.8,12.6,15.1,22,24.1,30.6,30.7,36.1,34.6,32.6,34.3,32.5,40.9,32.2,35.7,32.3,33.9,32.7,37.1,33.5,34.9,33.4,29.7,33.5,138.1,93.3,30.4,21,16.6,16.4,14.6,10.4,8.3,6.1,3.7,0,0
4819,일요일,6,2621,마포구청,상선,6.8,5.9,8.4,8.2,10.9,15.2,19.3,17.6,23.8,26.9,25.1,25.3,27.7,25.4,31.8,34.4,42.1,45.2,63.4,84.2,93.1,67,37.9,32.4,31.7,32.2,32,33.1,31.7,30.4,29.4,30.6,31.9,31.6,23.1,20.5,15.8,0,0
4820,일요일,6,2621,마포구청,하선,13.6,10.7,9.8,14.7,16.3,23.9,27.5,34.8,36,41.1,38.5,37.8,38.4,35.4,43.9,35.9,39.5,36.3,36.8,36,38.4,36.7,38.2,36.7,32,26.8,121.6,100.8,36.3,25.3,18.9,18.7,17.1,12,9.4,6.6,3.5,0,0
4821,일요일,6,2622,망원,상선,6.5,6.4,8.7,8.3,12.7,16.6,18.6,19.3,23.9,27,25.6,27.8,27.4,28.6,34.1,39.1,45.2,48.1,71.8,87.2,96,63.2,39.4,36,35.8,33.6,34.4,35.6,33.4,32.1,33,32.6,34.8,35.1,25.7,23.5,18,0,0
4822,일요일,6,2622,망원,하선,17,11.8,10.2,14.9,17.5,25.3,30.4,38.5,37.3,43.5,40.3,38.8,38.4,38.1,44.9,38.9,42,40.1,40.4,40.1,42.6,41.5,42.7,41.8,35.1,32.5,124.3,107.7,43.2,33.8,27.2,25.6,24.3,19.2,15.4,9.8,5.2,0,0
4823,일요일,6,2623,합정,상선,6,6.9,9.1,8.4,12.6,18.4,18.3,20.5,27.9,30.7,31.4,38,32.9,36.8,44.6,51.4,56.8,61.6,82.9,92.4,97.1,67.2,47.4,44.2,42.4,38.2,40,35.6,34.4,32.3,33,32.7,35.6,35.9,26.2,22.8,16.6,0,0
4824,일요일,6,2623,합정,하선,10.9,7.9,6.8,8.5,9.5,14.4,17.3,23.5,22.3,25.1,23.1,23.7,24.7,24.2,30.6,27.3,29,28.3,30.3,27.6,28.3,30.1,30.6,26.9,26.4,21.8,63.6,64.8,28.6,24.1,18.2,18.9,18.8,14.3,12.7,9.8,5.2,0,0
4825,일요일,6,2624,상수,상선,7.2,6.2,7.5,5.9,7.6,11.5,10.5,12.6,16.5,20.2,21.8,23.4,23.2,25.7,31,35,36.3,38,49.9,55.9,59.3,41.3,33,31.8,27.3,27.1,26.9,25.2,22.5,20.4,23.4,22.6,23.7,27.2,18,15.8,12,0,0
4826,일요일,6,2624,상수,하선,16.8,10.8,7.6,9,10.7,15.3,17.8,23.8,21.8,24.8,21.6,22.5,22.6,24,28.5,26.2,27.2,27,29.1,28.1,27.3,30,30.3,27.7,26.6,23.2,62.7,64.3,31.6,26.2,21.7,22.5,21.7,17.9,15.6,14,6.3,0,0
4827,일요일,6,2625,광흥창,상선,5.6,6.2,7,5.7,7.8,11.6,10,13.1,17.2,20.7,23.7,25.5,25.6,28.1,34.9,36.9,40,39.3,51.4,56.8,63.3,43.1,34.7,33.9,29.1,28.1,28.5,26.2,23.4,19.8,22.8,22.4,22.9,26.7,18.1,15,12.4,0,0
4828,일요일,6,2625,광흥창,하선,16.4,10.6,7.4,8.7,9.9,14.9,17.9,21.1,21.7,23.2,21.6,22.1,22.2,25.1,29.6,27.7,27,27.2,31.6,27.1,27.3,28.3,30.9,27.8,27.5,23.3,61.4,71.4,32.4,25.9,21.2,22.3,21.2,17.7,15.6,13.7,5.8,0,0
4829,일요일,6,2626,대흥,상선,5.3,6.1,6.7,5.4,7.6,11,10.3,12.5,16.9,19.1,23,25.3,24.7,25.9,32.1,34.6,38.4,37.1,49.7,55.1,62.1,41.8,33.4,33.6,29,28.2,28.5,26.7,24,20.4,23.6,23.9,23.5,26.2,18,15.8,8.8,0,0
4830,일요일,6,2626,대흥,하선,16.4,10.9,7.6,9.2,10.3,14.3,18.2,20.4,22.9,25,23.5,22.1,23.5,24.7,31.5,29.4,29,26.7,32,26,29.1,29.4,34.1,27.3,27.1,25.7,50,70.9,31.4,28.4,21.2,23.2,20.9,18.5,16.6,14,7.4,0.8,0
4831,일요일,6,2627,공덕,상선,6.8,6.3,7.1,5.9,8.1,11.4,10.8,13,17,20.4,23.1,25.9,25.3,25.6,32.4,35.6,41,37.4,48.5,58.6,62.5,39.4,36,34.3,30.1,28.3,30.5,28,24.4,22,24.7,25.8,24.8,27,18.4,17.2,10.6,0,0
4832,일요일,6,2627,공덕,하선,10.5,11.1,6.9,9.1,10.7,16.3,20.1,22.7,27.3,31.5,28.7,28.6,30.3,32.4,38,35.9,36.5,31.9,38.3,33.5,34.8,37.2,40.4,31.7,33.2,31.2,49.4,70.5,34.4,32.2,26,28.8,24.1,22.6,19.9,16.9,8.6,0,0
4833,일요일,6,2628,효창공원앞,상선,14.4,10.8,11.8,9.2,10.5,14.1,14.3,15.7,19.9,23,27.8,26.4,32.7,28.3,36.5,38.7,44.2,40.5,54.1,60.1,62.6,39,42,41,34.4,33.7,35.7,32.1,31.2,26.5,29.1,29.6,29.7,31.4,21.1,20.9,12.7,2.1,0
4834,일요일,6,2628,효창공원앞,하선,9.7,11.3,8.2,9.1,10.6,16.9,19.7,23.9,29.9,30.3,29.8,30.9,30.3,34.6,39.5,38,37.4,32.7,36.3,34.4,36.1,36.4,40.3,32,33,30.7,38.9,67.1,32,32,25.6,27.4,22.9,23.8,20,16.5,11.4,0,0
4835,일요일,6,2629,삼각지,상선,14.6,11.1,11.7,9.1,10.4,13.9,14.1,15.7,19.3,22.9,26.5,25.4,31.2,27.3,35.4,37,43.2,39.2,52.6,58.3,60.3,39.5,41.8,40.9,34.6,35.1,36.4,32.7,31.9,27.2,29.6,31,30.8,32.5,21.6,20.7,10.1,2.9,0
4836,일요일,6,2629,삼각지,하선,7.5,8.3,6.3,6.3,8.8,13.9,13.7,16.6,21.7,22.7,25.5,26.7,27.6,30.6,34.7,38.2,34.5,33,35.2,32.3,35.7,33.6,37.3,30.6,31,30.8,33.9,56.7,36.4,28.3,24.8,25.6,21.5,22.5,19.2,16.3,11.4,0,0
4837,일요일,6,2630,녹사평,상선,20.1,13.7,13,10.4,11.3,13.3,14.5,16.5,18.2,21.5,23.2,24.5,28.4,25.6,32.6,32.9,36.7,32.7,44.7,50,46.1,34.8,41.4,35.9,32.8,32.3,30.9,27.8,28.8,25.5,27.8,27.7,30.1,32.8,19.2,18.8,9.5,4.1,0
4838,일요일,6,2630,녹사평,하선,8,8.3,6.1,6.4,8.6,13.4,13.7,16,20.5,21.9,24.6,25.1,25.5,28.6,32.3,35.9,31.9,30.6,33.1,30.4,34,32.4,36,29.8,30.1,29.5,34,56.6,36.6,29.1,25.7,27.2,22.5,23.8,19.5,17.3,11.4,0,0
4839,일요일,6,2631,이태원,상선,17.7,13.5,13,10.1,11.5,13.2,14.1,17.5,18.3,21.9,23.2,24.3,28,26.4,33.5,33.4,39.6,32.9,45.9,50.1,46.8,36.3,42.5,35.8,31,31.7,30,28.1,25,23.7,24.9,24,33.9,22.8,18.5,16.9,7.3,0,0
4840,일요일,6,2631,이태원,하선,25.1,13.8,9.8,7.5,9.3,13.2,14.1,16.9,19.3,20.8,24.4,22.5,22.5,24,30.4,33.2,29.5,28.8,29.7,27.1,32.2,30.5,34.1,30.8,29.3,31.1,33.4,56.1,40.1,30.1,27,29.5,25.8,26.4,21.3,19.9,10,0,0
4841,일요일,6,2632,한강진,상선,7.9,7.7,9,7.8,10.5,12.8,14.1,17.4,19.2,23.1,25,25.1,29.7,27.7,35.1,35.7,41.1,34.6,47.2,48.8,47.1,36.5,43.4,35.5,31.1,30.5,29.8,27,21.7,20.4,19.2,19.1,30.7,17.3,15.1,12.8,6.7,0,0
4842,일요일,6,2632,한강진,하선,17,14.1,10,7.2,8.2,12,13,16,16.5,17.1,18.1,16.9,16.2,17.9,22.7,24.1,22.8,24,24.7,23.8,27.7,28.8,37.3,31.4,31.6,32.1,35.7,60.9,44.7,35.2,30.3,33.8,34.4,30.6,23.8,21.4,13.5,0,0
4843,일요일,6,2633,버티고개,상선,10.5,8.5,9.3,8.5,11.6,14.4,15.4,18.7,22.6,26.8,29.4,32.6,34,32.4,42.1,45.7,47.7,42,51,52.1,48.3,41,38.4,32.5,32.4,29.8,25.6,21.3,17,15,15.4,15.4,16.3,12.4,11.2,9.9,6.5,2.1,0
4844,일요일,6,2633,버티고개,하선,17,14.3,10.2,7.2,8.5,11.3,13.7,16.3,16.2,17.3,18.4,16.3,17,18.1,23.4,23.7,22.9,24.2,24.6,23.9,28.9,27.8,37.4,30.1,32.6,32.2,33.1,55.9,44.3,35.2,31.2,33.4,35,31,26.5,22.2,15.1,0,0
4845,일요일,6,2634,약수,상선,10.6,8.5,9.2,8.4,11.6,14.4,15.2,18.7,22.5,27,29.5,32.5,33.8,32.5,42,45.2,48.2,42.2,50.7,52.3,48.4,41.5,38.6,32.7,32.6,29.9,25.7,21.8,17.4,15.3,15.4,15.6,16.3,12.4,11.7,10,6.6,2.5,0
4846,일요일,6,2634,약수,하선,11.5,15.3,9.9,7,8.9,11.9,14.1,16.4,17.6,18.7,19.9,18.2,19.1,18.8,25.3,26.7,24.8,27.2,23.4,26,30,28.9,32.8,34.3,32.3,34.8,34.6,48.2,47.9,36.2,35.2,36.7,37.9,34.1,31.7,25.9,16.9,0,0
4847,일요일,6,2635,청구,상선,14.8,11.9,11.8,12,15.3,19.9,22,27,27.8,30.8,35.6,34.4,33.9,36.4,42.1,44.1,44.7,46.2,49.5,50.7,45.3,39.2,39.4,31.4,32.6,28.7,25.3,20.6,17.5,13.5,13.9,13.6,14.9,10.6,10,8.4,4.9,2,0
4848,일요일,6,2635,청구,하선,9,13,9.1,6.4,8.3,12,14,16.6,17.9,19.2,20,18.6,19.5,19.7,26.1,28,26,27.3,23.6,24.6,29.4,26.1,30.4,33.4,29.5,32.5,30.8,39.6,41.4,32,32.1,34.4,33.6,29.3,28.9,23,15.8,0,0
4849,일요일,6,2636,신당,상선,16.1,11.9,12.2,13.3,14.8,19.4,23.1,27.4,27.4,30.5,34.2,31.8,30.3,35,39.6,41.6,38.1,41.6,43.9,45.7,40.3,37.9,35.2,30.9,30.6,26.7,23.6,17.8,15.7,12.4,12.6,11.8,12.5,9.8,8.8,7.9,4.7,2.5,0
4850,일요일,6,2636,신당,하선,8.2,12.4,9.7,6.8,8.8,11.5,14.8,17.2,18,20.1,22.1,18.6,20.9,20.8,24.9,30.2,27.8,27.8,24.9,30.7,30.5,27.9,34.7,34.8,33.7,36.3,36.8,43.1,46.5,37.9,37.3,40.5,39.5,35.3,37.4,26.9,18.3,0,0
4851,일요일,6,2637,동묘앞,상선,18.8,15,14.6,16.2,17.8,24.1,29.1,33.9,33.5,37.3,41.1,37.8,37,41.3,46.2,46.8,43.7,46.3,48.8,49.8,44.2,41.8,39.8,33.4,32.9,28.3,27.1,19.9,19.1,13.8,12.5,13.2,11.8,9.9,9.8,8.5,4.5,0,0
4852,일요일,6,2637,동묘앞,하선,6.1,9.9,8.3,6.5,8.1,10.2,11.8,14.4,14.1,17,17.2,13.9,16.1,16.3,20.1,26.8,23.6,25.6,22.7,29,30.2,31.9,37.8,37.5,37.3,37.9,39.9,41.5,44.7,38,37.8,40.9,39.5,35.2,39,27.9,19,0,0
4853,일요일,6,2638,창신,상선,21.7,17.9,15.8,18.5,20.2,27.8,31.4,37.3,38.5,42.7,43.5,41.2,39.3,41.5,46.4,43.7,41.6,44.7,42.9,42.4,36.2,36.1,33,31,24.9,22.4,20,18.6,17,12.4,12.3,12.5,11.5,9.9,9.8,8.1,4.5,0,0
4854,일요일,6,2638,창신,하선,6.6,9.8,8,6.4,7.9,10,11.3,14.3,14.1,15.9,16.7,13.3,15.3,16.3,18.2,25.4,23.3,24.5,23.4,28.5,29.5,30.7,36.6,36.6,36.3,36.9,35.4,42.4,43.8,36.8,36.9,39.6,36.2,37.1,37.5,27,23,4.7,0
4855,일요일,6,2639,보문,상선,21.1,17.6,15.5,17.9,19.1,26.5,30.3,35.6,36.9,40.7,42.4,40,38.2,39.8,44.4,41.9,40.9,43.8,42,41.6,35.1,35.1,32.3,30.8,24.5,22.1,19.9,18.2,16.9,12,12.1,12.3,11.3,9.9,9.8,8.3,4.5,0,0
4856,일요일,6,2639,보문,하선,6.2,9.6,6.8,5.6,7.4,9,10.2,13.6,12.8,14.5,15,13.1,14.8,15.6,17.1,23.7,22.4,23.9,22.2,27.3,27.8,28.7,34.1,35.5,33.8,33.6,33,38.1,38.2,32.7,32.5,35.5,30.9,32.9,32.9,26.1,20.8,3.5,0
4857,일요일,6,2640,안암,상선,19.9,16.7,13.7,16.6,18.1,24.8,28.2,32.1,32.3,36.7,37.3,35.4,33.8,37.6,40.6,37.7,36.9,40.1,36.9,35,31.2,32.1,28.1,28.8,23.3,20.1,16.5,17.1,14.2,11.2,11.8,11.8,10.8,9.6,9,8,4.8,0,0
4858,일요일,6,2640,안암,하선,6,8.9,6.1,5.5,6.9,8.8,9,12.3,11.5,12.4,14.5,11.9,12.4,13.4,15.2,19.3,20.6,21.7,20.4,24.2,24.9,25.7,30.1,32.9,32.1,29.6,29.6,34.5,34.2,29.2,30.6,29.3,26.5,27.9,28.2,22.1,17.7,0,0
4859,일요일,6,2641,고려대,상선,11.1,12.1,10.6,14.9,16.9,23.1,26.8,29.9,30.8,34.8,34.6,32.9,30.8,34.5,36.4,34.1,33.4,36.5,33.1,29.5,27,27.8,24.1,23.4,19.9,17.1,13.7,14.3,12.2,9,10.1,9.8,8.9,7.2,6.5,5.9,4.2,0.4,0
4860,일요일,6,2641,고려대,하선,6.4,8.6,5.8,5,6.4,8.2,8.4,11.3,11.7,11.2,13.3,10.7,11.3,11.6,15.1,17.3,20,19.6,19.3,22.8,22.6,23.4,24.7,31.4,29.4,27,27.5,31.9,35,24.5,27.4,24.1,25.3,24.9,24.4,19.5,15.1,0,0
4861,일요일,6,2642,월곡,상선,9.1,10.2,9.7,13.5,16.5,20.6,24.6,28.7,29.3,33,32.6,30.3,29.2,30.9,32.5,31,29.8,32.3,28.5,26.9,24.3,25.1,20.8,21.2,17.7,15.2,12.3,12.9,10,8.9,9.4,9.6,8.1,6.7,6.3,5.2,3.7,0.7,0
4862,일요일,6,2642,월곡,하선,6.5,8.2,5.7,4.8,6.4,8.3,9.3,12.4,11.8,11.1,13.3,10.9,11.1,11.9,14,15.9,18.7,18.3,17.3,21.5,20.8,21.4,22.2,27.7,25.6,25,24.7,28.8,30.7,22,23,21.5,21.2,21.8,20.6,16.3,12.8,0,0
4863,일요일,6,2643,상월곡,상선,7.5,9,9.5,12.6,14.8,19.4,22.2,25.7,28.2,29.4,28.9,27.1,25.2,27.3,27.4,29.5,27.1,27.1,27.3,24.5,23.9,23,19.2,19.4,15.7,14.4,11.3,13,10,8.5,9.7,8.9,6.6,6.4,6.5,5.7,3.6,1,0
4864,일요일,6,2643,상월곡,하선,7.3,8.1,5.9,4.9,6.2,7.8,9.9,12.8,11.6,11.4,13.6,11.1,11.5,12.3,14.3,15.5,17.2,16.4,18,20.1,18.4,21.1,21.4,26.8,24.2,23.6,24.5,23.9,28.6,20.3,21.1,19.8,20.4,18.9,18.5,14.7,11.3,0,0
4865,일요일,6,2644,돌곶이,상선,8.5,8,8.6,11.8,13.4,17.6,20.5,23.3,26.7,26.7,27,24.9,23.6,24.3,25.3,26.5,26.2,25.7,26,23.6,22.3,21.8,18.7,18.8,15,14.3,11.1,13,9.8,8.6,9.4,8.6,6.9,6.8,7,5.9,2.9,0,0
4866,일요일,6,2644,돌곶이,하선,8.2,8.3,5.5,4.9,6.1,8,10.7,13.1,12.2,12,13.9,11.3,11.4,12.3,14.5,15.3,15.2,16,16.4,19.2,17.2,19.8,19.6,24.3,21.6,21.4,22.2,21.9,26.4,18.3,18.7,18.3,17.8,16.1,16,12.6,9.5,0,0
4867,일요일,6,2645,석계,상선,7.1,6.8,8.3,10.8,12.1,15.4,18,20.3,22.8,22.6,23,22.6,21.2,21.3,23.1,24.2,23.4,25.3,24.8,23,19.6,21,17.6,17.1,15.3,12.9,11,12.8,9.7,8.2,9.2,8.7,7.4,7.1,7.2,6.7,3,0,0
4868,일요일,6,2645,석계,하선,8.3,9.4,6.4,5,6.6,8.5,11.8,13.3,13.2,13,14.7,12.3,12.9,12.1,15.4,15.2,16.7,16.3,17.9,18.2,19,21.4,20.9,24.5,20.5,21.4,21.7,21,24.5,18.7,18.2,17.1,17.1,15.8,15.4,12.3,10.1,4.3,0
4869,일요일,6,2646,태릉입구,상선,6,6.3,8,10.9,11.6,14.1,16.7,18.5,22,20.9,22.9,22.6,21.6,21.1,23.6,24.2,22.5,25.5,25.3,23.3,20.4,21,17.4,18.7,16.7,13.5,12,13.4,11.3,9.6,10.3,9.7,8.8,8.3,7.7,6,3.8,0,0
4870,일요일,6,2646,태릉입구,하선,4,5.2,3.5,3,4.1,4.5,6.3,6.1,7.1,6.5,6.5,5.7,6.5,5.1,7.1,7.6,8.7,8,10.4,10,10.3,12.4,11.1,13.9,13.1,11.6,13.3,12.7,14.1,9.9,10.6,10,8.6,9.2,9.4,6.6,5.4,2.3,0
4871,일요일,6,2647,화랑대,상선,3.2,4.1,5.2,7.8,7.1,8.2,10.5,12.8,13.5,14.3,13.8,14.3,11.9,13.8,14.7,13.5,13,13.6,14.2,12.1,11,10.9,9.6,10.2,7.6,7.7,5.9,7.2,5,4.5,4.6,3.6,3.1,3.4,3.2,2.1,1.1,0,0
4872,일요일,6,2647,화랑대,하선,3,3.2,2.5,1.9,3,3,4.1,3.9,4.3,3.7,4,3.5,4.2,3.1,4.3,4.6,5.6,5,6,6.6,6.8,7.6,6.7,7.9,7.6,6.2,7,7.5,8.1,5.5,6.2,5.8,4.5,4.7,4.9,3.4,2.7,1.2,0
4873,일요일,6,2648,봉화산,상선,1.6,2.1,3.8,5.1,4.2,4.1,5.8,7.8,7.8,10,8.4,7.2,6.5,6.4,9.1,7.7,7.3,8,8.2,6.7,6.7,6,5.1,6,3.9,4.6,3.6,4.8,2.8,2.9,2.9,2.3,1.8,2.2,1.8,0.9,1,0,0
4874,일요일,6,2648,봉화산,하선,2.1,2,1,1.8,1.1,1.6,1.7,1.6,2.4,2.8,1.6,1.7,1.2,1.6,1.4,1.3,2.2,1.8,3.1,2.1,2.1,2,3.3,2.7,2.5,2,2.4,4.1,2.9,2.4,1.2,2,1.2,2.1,1.4,0.7,0.7,0,0
4875,일요일,6,2649,신내,상선,0.6,1.4,3.9,5.3,4.9,2.5,7.1,8.9,8,11.3,10.2,7.2,10.3,6.7,12.7,10,8.8,9,8.5,8.9,9.1,9.8,6.8,8.6,5.7,6.4,7.4,5,4.5,4.8,5.2,3.3,2.2,1.9,2.1,1.4,1,0,0
4876,일요일,6,2649,신내,하선,0,0,0.8,1.5,2.5,2.8,3.5,2.9,4.1,3.1,3.2,3,2.3,2.6,2.1,3.2,3.4,3.2,3.4,3.9,3.9,4.4,6.4,5.2,4.5,3.1,2.9,4.5,4.6,4.6,2.3,2.9,2.5,2.7,1.4,2,1.3,0,0
4877,일요일,7,2711,장암,상선,0,0,0,0,0,0,0,0,0,0,0,0,0,0,0,0,0,0,0,0,0,0,0,0,0,0,0,0,0,0,0,0,0,0,0,0,0,0,0
4878,일요일,7,2711,장암,하선,0.5,0.5,0.3,0.8,1.8,2,1,2,1.9,1.9,2.1,2.4,2,1.8,2.3,2.8,3.5,2.9,3.3,3.5,2.5,2.9,2.5,2,2.4,2.5,2.9,1.8,1.2,0.9,0.8,0.8,0.8,0.3,0.4,0.1,0,0,0
4879,일요일,7,2712,도봉산,상선,0.4,0.6,0.3,0.7,0.4,0.6,1,0.8,1.2,0.9,0.7,1.4,1.2,0.4,0.8,0.9,0.4,0.7,0.7,0.5,0.5,0.9,0.5,0.5,0.8,0.4,0.3,0.3,0.6,0.3,0.3,0.3,0.3,0.1,0,0.1,0.2,0,0
4880,일요일,7,2712,도봉산,하선,6.8,4.6,4,4.7,6.3,9.2,11.5,10.3,13.1,13.2,11.2,10.3,9.3,11,10.9,10.7,11.9,12.2,13.9,15.4,12.7,14.8,14.5,12.5,12.5,10.8,10.8,7.3,5.8,4.9,4.4,3.5,2.6,2.5,2.2,2.4,2.1,0,0
4881,일요일,7,2713,수락산,상선,5.7,6.1,6.2,4.8,5.7,6.3,9.1,11.1,14.9,13.5,11,9.8,8.9,7.7,8.9,9.2,8.7,9.6,8.9,8.9,10.4,9.3,11.6,10.2,10.1,10.1,10.3,10,9.9,8.7,8.8,9.9,10.6,8.6,7,5.4,4.5,2.8,0
4882,일요일,7,2713,수락산,하선,10,6.4,6,6.4,9.2,12.6,16.2,14,17.7,16.8,15,14.6,11.8,14.6,15.1,15.1,15,18.5,18.8,18.9,16.9,18.8,20.6,16.2,16.6,13.9,14.2,9.5,8.8,6.2,5.6,5.1,3.4,3.3,3.2,2.9,2.5,0,0
4883,일요일,7,2714,마들,상선,6.6,6.7,7.2,6.1,7.8,8.1,11.7,15,20.5,16.8,14.6,12,11.8,11,11,11.2,11.3,11.6,12.4,11,14,12.4,15.3,14.5,14.8,14.2,14,13.5,13.4,11.9,13.3,13.8,14.1,12.4,10.8,8.3,5.8,4.3,0
4884,일요일,7,2714,마들,하선,13.1,8.5,7.9,8.2,12.6,14.9,20.2,19.4,21.8,22.3,17.6,20.9,15.5,19.2,19.5,20.6,18.6,23.2,20.8,21.4,20.7,20.7,22.9,19,18.3,16.4,15.1,10.1,10.4,6.9,6.6,5.8,4.1,4.1,3.7,3.4,2.9,0,0
4885,일요일,7,2715,노원,상선,6.9,7,7.8,6.5,8.3,8.9,13,15.9,21.2,16.3,16.1,12.9,12.4,12.1,13.4,12.6,14.3,13.4,15.6,15.3,17,16.6,20.5,18.4,19.1,19.1,17.6,18.5,17.5,16.3,17.4,17.8,18.2,16,13.3,11.1,8,6.4,0
4886,일요일,7,2715,노원,하선,16,11.3,9.3,10.4,15.5,18.4,22.3,24.3,25.2,25.4,22.6,24,20.4,22.7,21.8,24.3,21.9,27.1,25.1,27.5,27.5,27.5,30,26,25.7,23.8,21.1,15.5,16.5,13,13.5,12.2,10.6,10.6,7.2,9.4,7.2,0,0
4887,일요일,7,2716,중계,상선,8.3,9.8,10.2,8.9,11.1,11.4,16.7,21.9,27.4,21.6,20.9,18.3,18.7,17.3,20.5,20,24,22.1,21.7,20.5,23.2,23.6,28.3,22.9,25.2,25.3,22.9,23.4,22.7,20.4,20.6,20.3,21.2,20.1,15.5,13.5,10.7,7.7,0
4888,일요일,7,2716,중계,하선,18.2,13.2,10.5,12.2,18.2,22,26.1,28.8,29.4,29.7,26,26.4,22.7,24.4,26.2,27.1,24.3,29.9,28.4,29.5,29.1,28.2,32,25.7,28.7,24.4,21.7,17.5,17.1,14.1,14,13.1,10.6,11.4,7.4,10,7.3,0,0
4889,일요일,7,2717,하계,상선,8.4,10.8,9.4,9.3,12.7,12.3,17.4,21.9,27.5,21.5,21.5,21.5,20.4,17.8,21.2,21.9,24.2,22.5,22.8,22.1,26,25.1,31.1,25.8,28,29.3,25.2,27.2,26.4,23.6,23.9,23.8,24.6,22.5,17.9,15.8,13.3,9.3,0
4890,일요일,7,2717,하계,하선,24,15.1,11.9,14.6,19.9,24,28.2,32.8,33.2,33.1,29.6,29.1,26,29.2,29.7,31.9,27.9,33.2,31.4,32.9,32.3,30.6,33.9,28.1,29.5,25.1,23.7,18.4,18.2,14.9,15.7,13.3,11.2,12,7.4,10.5,7.2,0,0
4891,일요일,7,2718,공릉,상선,8.7,11.8,10.5,9.9,13,12.7,17.8,24.6,26.2,23.9,22.4,21.8,20.2,19,22,22.7,25.7,23,22.7,24.3,29,28,34.9,28.4,31.9,32.4,31.4,29.6,30,26.6,28.7,25.6,28.7,26.2,21.4,18.4,15.9,0,0
4892,일요일,7,2718,공릉,하선,26,16.5,13.1,15.9,20.5,25.8,30,35.4,35.5,36.2,31.3,31.7,28.4,30.3,31.3,33.7,30,33.9,34.1,33.7,33.5,31.8,35.8,28.7,32.1,24.1,24.6,19.2,17.7,14.9,15.6,12.9,11.5,12.8,7.9,9.5,6.8,0,0
4893,일요일,7,2719,태릉입구,상선,8.7,12.4,10.9,9.9,13.5,12.2,18.3,24.7,26.3,23.7,23.4,22,20.1,18.7,21.1,25.3,26.4,23.9,23.7,26.7,30.1,30.2,37.3,29.8,32,37,33.5,31.6,32.5,29.5,31.8,29.8,30.7,29.6,23.8,21,19.7,0,0
4894,일요일,7,2719,태릉입구,하선,18.6,17.4,13.3,15.8,20.1,25.5,30,35.3,35.1,35.8,31.2,31.5,29,29.8,31.1,32.2,28.2,31.8,32.9,32.4,32.8,32.3,34.9,28,31.3,25.4,24.4,19.6,18.8,15.6,15.4,13.8,11.7,13.3,8.2,9.7,7.9,0,0
4895,일요일,7,2720,먹골,상선,15.4,12.3,11.3,10.9,13.5,11.9,17.7,23.3,25.3,22.5,21.3,20.3,19.2,17.6,21.1,23.7,25.4,23.9,24.2,26.1,29.4,29.7,33.6,31.9,32,36.7,33.2,33.4,31.3,28.3,32.4,31.5,31.4,29.7,26.2,21.7,19.8,5.3,0
4896,일요일,7,2720,먹골,하선,20.8,18.3,15.1,15.9,21.4,28,30.7,38,38.4,37.3,32.8,33,30.5,31,34.3,33.8,29.9,33,33.6,33.4,33.7,33,34.9,28.8,30.3,25.7,24.3,19.9,17.9,16.6,15.2,13.9,12,11.9,7.9,9.2,7.1,0,0
4897,일요일,7,2721,중화,상선,11.3,14.1,11.5,10.8,13.1,12.8,17.3,22.9,24.5,22,21.3,18.7,19.2,18.8,19.8,24.2,25.8,24,25.3,27.7,30.5,31,35.2,34.7,32.9,37.2,36.8,35.2,31.9,31.3,33,35.5,33.2,32.3,27.7,22.9,21.2,6.7,0
4898,일요일,7,2721,중화,하선,23.3,19.7,16,16.3,22.5,29.6,32.4,42,39.6,39.6,36.1,34.5,33.3,32.9,36.5,34.5,33.5,35.2,34.6,34.4,35.1,33.6,35.4,30,30.9,26.4,25.4,20.3,18.4,16.5,15,13.8,11.8,11.6,7.9,9,6.8,0,0
4899,일요일,7,2722,상봉,상선,10.8,14.7,11.4,11.3,13,12.7,19.3,22.8,23.8,21.9,20.3,18.4,19.5,18,21.1,24.2,25.4,25,26,29.8,31.6,34.4,35.7,36.8,37,38.4,36.2,40.1,34.5,33.8,35.8,39.4,34,35,28.7,24.9,23.1,8,0
4900,일요일,7,2722,상봉,하선,28.7,21.4,22.2,20.6,25.3,32,39.2,42.6,46,46.7,42.4,40.5,40.6,38.2,45.8,41.6,39.3,41.5,40.2,37.4,42.7,39.8,39.4,37.3,33.2,32.4,29.7,23.6,20.7,19.9,17.7,15.9,13.2,13,8.7,10.3,8.8,2.9,0
4901,일요일,7,2723,면목,상선,12.1,17,13.7,13.8,13.8,16.7,21.9,24.4,24.1,23.6,22.6,21,19.5,20.3,22.4,26.9,28,28.4,28.9,33.6,35.8,38.2,40.6,39.6,41,41.3,39.6,43.8,40.6,36.2,42.8,44.5,37.2,38.2,32.4,27,25.4,10.1,0
4902,일요일,7,2723,면목,하선,33.6,25.1,22.5,22.5,27.8,35.5,42.4,46.9,48.4,51.4,45.6,43.4,43,39.8,47.7,43.9,41.6,43.4,40.5,40.2,44.1,41.4,40.4,38.3,34.8,32.6,29.9,25,22.2,19.4,17.5,15.6,12.9,12.8,9.2,9.8,8.4,2.8,0
4903,일요일,7,2724,사가정,상선,10.9,16.3,13,13.2,14,17.3,20.9,23.2,23.7,22.7,21.8,21.1,19.7,20.5,22.3,26.5,29.7,29.8,30.1,34.8,38.7,39.5,42.8,42.1,43.7,42.7,43.8,47.3,43.3,39.2,46.4,49.1,40.5,41.9,35.4,29.6,22.1,0,0
4904,일요일,7,2724,사가정,하선,37.4,27.3,21.2,26,29.6,35.5,45.7,50,50.5,54.4,49,45.6,45.6,43.1,50.1,44.6,45.9,45.8,42.9,42,45.3,43.3,40.8,39.5,35.7,34.1,29.9,25.4,22.7,19.5,17.9,15.4,13.3,12.3,9.4,9.6,7.8,2.6,0
4905,일요일,7,2725,용마산,상선,9.4,15.9,13.2,13.2,13.5,16.7,20.5,22.3,24.1,21.9,22,20.9,19.9,20.3,23.1,26.6,31.4,29.7,31.1,38.1,41.1,42.1,45.9,44.1,49.8,46.1,46.9,52.6,46,41.9,51.1,53.1,42,47.3,38,31.7,25.2,0,0
4906,일요일,7,2725,용마산,하선,38.8,28.6,22.2,27.7,29.2,36.5,47,52.3,51.3,55.8,50.1,46.9,46.8,44.6,51.2,45.9,47,44.5,46.1,42.9,46.2,44.4,42.3,39,36.1,34.2,29.8,26.8,21.9,19.3,17.7,15.3,13.3,12.3,9.2,9.4,7.4,2.4,0
4907,일요일,7,2726,중곡,상선,9,16.1,13.2,13.5,13.8,16.8,21.5,22.9,25.5,22.7,22.6,21.6,19.7,20.7,24.5,27.4,32.3,30.3,32,38.9,42.4,42,49.8,45.7,49.9,47.3,48.7,53.9,47.3,43.2,52.6,53.4,42.6,48.7,36.8,34.3,26.2,0,0
4908,일요일,7,2726,중곡,하선,41.2,30.1,23,28.7,29.6,37.7,44.2,57.5,53.2,56.6,55.3,49.2,48.6,47.2,54.5,49.2,49.3,46.9,47.9,43.4,48.4,45.3,43.9,39.7,39.3,33.1,30.3,27.4,22.1,19.8,18.5,15.4,13.7,12.6,9.4,9.4,7.4,1.7,0
4909,일요일,7,2727,군자,상선,8,15.9,13.5,13.6,14,17.8,21.6,23.7,25.2,23.5,22.9,21.6,19.4,21.9,24.9,28,32.7,30.5,34.5,39.9,44.6,43.9,50.4,49.3,52.4,49.7,51.5,55.5,48.9,48.6,53.9,56,44.6,51.6,35.4,35.5,27.8,0,0
4910,일요일,7,2727,군자,하선,40.1,27.7,20.5,26.6,26.7,35.4,41.7,54.8,51.1,53.1,53.4,49.4,48.7,46.5,54.7,49.5,50.8,48.4,50.1,43.6,47.6,45.1,45.2,41.8,38.9,33,30.1,27.9,22,21.1,19.1,16.6,14.6,12.5,10.8,8.9,5.9,2.1,0
4911,일요일,7,2728,어린이대공원,상선,8.8,14.1,12.9,13.1,12.3,15.4,19.3,20.4,23.3,21.3,19.8,20.6,18.9,21.6,25.7,29,30.2,31.8,32.6,40.5,42.7,46.8,50.3,51.2,50.8,51,49.3,56.5,49.6,53,54.2,56.4,47.5,52.3,37.8,37.6,29.5,0,0
4912,일요일,7,2728,어린이대공원,하선,42.8,30.4,22.8,25.9,26.6,34.8,41.2,53.4,52.8,53.2,53.6,48.8,48.4,47.4,55.2,52.1,49.4,47.7,52.4,45.1,51,47.2,47.9,44.6,42.4,35.5,33.7,29.2,23,21.7,19,18.1,14.9,13.4,11.5,9.2,4.5,1.3,0
4913,일요일,7,2729,건대입구,상선,8,14.3,12.6,13.3,12.1,15.8,19.3,23.2,26.2,22.9,22,22,19.9,23.2,27.2,30.8,31.8,33.5,33.6,41.6,43.6,48,49.3,50.9,50.8,50.8,51.3,56.2,50.8,54,56,57.5,49.6,54.3,39.6,39.1,31.3,0,0
4914,일요일,7,2729,건대입구,하선,20.8,23.8,18.3,22,20.4,27.7,33.8,44.1,41.4,40.9,41.1,38.1,35.5,36.7,40,40.4,40.1,39,43.6,39.1,43.7,43.3,43.7,44.3,39.2,37.5,33.5,30.8,27.2,27.3,22.3,21.8,19.2,18.3,15.4,10.9,8.2,0,0
4915,일요일,7,2730,자양(뚝섬한강공원),상선,6.5,12.4,11.5,11.2,11.3,13.6,17,23.2,22.8,23.9,23.1,23.3,22.9,26.4,29.8,31.2,31.7,33.9,34.7,38.8,41,42.9,44.6,46,45.2,44.1,45.4,49.5,43.4,42.7,45.6,43.4,43,41.5,34.2,30.2,17,0,0
4916,일요일,7,2730,자양(뚝섬한강공원),하선,22.4,24.5,19,22.1,19.3,28.3,35.2,42.7,41,41.5,39.9,34.7,35.8,32.5,37.4,36.9,36,35,40.7,34.3,36.9,39.6,38.9,36.8,36.1,32.7,31.1,29,26.1,28,24.1,25,22.2,21.4,18.6,12.3,8.9,0,0
4917,일요일,7,2731,청담,상선,5.7,11.6,11,10.8,10.9,13.7,16.5,22.5,22.3,24.9,23.7,24.3,24.1,27.8,30.7,32.4,33.5,35.4,35.3,39.7,40.8,43.6,44.9,45.3,43.6,42.5,40.9,42.1,36.6,37.3,38.7,36.8,34.6,34.1,28,24.7,14.8,0,0
4918,일요일,7,2731,청담,하선,14,22.1,18.4,19.7,17.9,25.2,31.5,38.4,38.7,39.3,37.7,33.7,36.7,30.8,37.2,36.2,36.6,35,39,34.6,37,40.1,38.2,38.6,36.8,34.8,31.4,29.2,26.7,29,24.3,25.1,23,22,20.2,13.2,12.1,0,0
4919,일요일,7,2732,강남구청,상선,9.4,12.8,11.6,10.8,11.2,14.5,19,25.1,23.6,26.3,25.9,25.4,26.2,27.6,31,31.7,35,35,34.9,39.2,40.3,44.4,41.6,43.7,41.6,40.5,41.1,38.5,35.4,35.2,37.6,36,33.9,30.8,27,24.3,14.9,2.7,0
4920,일요일,7,2732,강남구청,하선,13.6,18.6,16.2,16.5,15.2,21.1,24.9,32.5,32.2,35.1,34.3,30.9,33.9,28.5,34.4,34.6,36.8,35.2,39.7,33,38.7,41.8,39.3,38.5,39.4,37.1,33.9,30.7,28.4,30.6,27,27.2,25.1,24,21.1,13.8,11.9,0,0
4921,일요일,7,2733,학동,상선,11.5,14.6,12.1,11.4,11.3,17.7,20.9,27.5,29.2,31.1,29.4,28.2,30.7,29.6,31.6,34.2,37.2,34.8,36.6,38.5,38.5,42.8,40.3,41.2,39.5,34.8,38.8,35.4,32,34.3,32.8,32.6,30.8,28,24.9,22.5,14.2,3.8,0
4922,일요일,7,2733,학동,하선,13.5,18.2,14.8,15.9,14.5,18.4,23.1,30.2,30.3,30.4,30.7,29.4,31.6,27,34.3,35.1,37.7,35.5,40,36.9,41.6,43.8,41.7,39.2,41.6,39.1,35.1,34.4,30,32.3,28.1,28,26,24.9,21.3,13.9,11.2,0,0
4923,일요일,7,2734,논현,상선,11.3,16.8,13.5,11.8,11.6,19.2,22.4,28.9,32,34.5,34.1,29.3,34.3,32.1,32.3,37.3,37.7,36.2,37.3,37.7,38.2,41.3,39.7,40.1,38.6,34.3,36.1,33.7,30.6,33,31.3,31.4,29.9,27.2,22.7,21.2,11.6,4.2,0
4924,일요일,7,2734,논현,하선,8.7,17.6,14.3,12.4,12.5,15.6,18.9,25.6,25.9,26.8,25.8,25.7,27.1,24.6,29.8,30.7,33.1,32.8,34.9,33.7,38.6,41.3,38.7,36.9,38.5,38.1,33.6,33.3,29.1,31.3,28.5,27.1,24.9,25.7,21.7,16.5,10.9,0,0
4925,일요일,7,2735,반포,상선,10.7,17.5,12.3,12.1,11.6,19.6,22.7,28.8,32.1,34.9,33.2,28.2,33.6,29.7,32.7,35.2,36.3,32.7,35.9,35.1,35.7,37,36.6,35.6,36.8,31.3,32.6,30.8,29.8,29.7,27.9,27.7,25.6,24.4,18.8,18.3,8.8,0,0
4926,일요일,7,2735,반포,하선,9,16.8,14.2,12.2,12.1,15.4,18.2,23.1,26.4,26.2,24.9,25,26.6,24.6,29.2,29.9,32.6,31.4,34.6,33.3,38.2,41.2,39.3,37,38.6,38.5,33.7,34.7,29.1,31.4,28.9,27.5,25.3,26.2,21.9,16.6,10.7,0,0
4927,일요일,7,2736,고속터미널,상선,10.8,18.3,12,12.6,11.7,19.7,21.8,32.3,32.9,35.1,33.8,30.9,31.9,29.7,33.8,34.2,35,32.5,35.4,34.4,35.6,35.4,37,34.3,34.5,31.6,32.1,30.1,29.1,28.7,27,26.7,24.6,22.6,18.5,18,8.8,0,0
4928,일요일,7,2736,고속터미널,하선,10.3,12.9,11.1,9.7,10.8,13.3,15.2,18.8,21.8,23.1,22.5,21.8,23.5,23.5,26.4,28.8,29,31.6,34.5,36.4,38.4,40.5,42.9,42.9,45.7,45.3,43.1,39.7,38.9,40.3,45.2,38.9,38.9,40.2,31.1,21.9,11.8,0,0
4929,일요일,7,2737,내방,상선,14.6,26,17.5,17.3,17.9,26.5,31.3,43.4,41.8,44.3,40.8,39.5,38.4,37.6,41.9,41.7,41.2,40.4,39.1,39,39.2,36.1,39.4,32.7,33.9,28.7,29.4,27.6,22.8,20.2,19.6,19.5,15.9,13.9,13.4,13.9,7.9,0,0
4930,일요일,7,2737,내방,하선,7.1,12.6,10.9,9.5,10.3,12.2,14.9,18.7,20.8,22.4,22.2,21.3,23.1,22.4,26.6,29,28.2,31.4,33.2,36.4,38,39.4,42.5,41.8,44.6,43.3,43.8,38.9,37.3,39.7,43.4,40.6,41,38.9,30.7,21.3,10.5,0,0
4931,일요일,7,2738,총신대입구,상선,29.1,23.6,17.6,17.2,17.7,26.1,33.6,43.5,41.9,45.6,40.5,38.1,38.1,38.5,40.8,40.9,40.7,38.7,38.2,37.4,38.7,36.5,38.2,34.4,31.8,27.8,28.6,27.1,20.5,21.1,19.9,18.9,14.2,14.6,13.5,14.1,8.1,1.9,0
4932,일요일,7,2738,총신대입구,하선,6.2,10.4,9.7,8.2,8.7,11,11.2,16.3,14.2,18.1,18.3,16.6,18.4,18.5,21.3,24.2,23.6,26.4,29.5,30.5,32.8,35.9,37.8,37.6,40.2,39.9,42.3,34.4,35.6,37.2,37.8,37.7,39.1,35.5,30.7,20.9,15.9,0,0
4933,일요일,7,2739,남성,상선,31.9,20,17.5,16.8,18.7,26.5,34,43.4,43,45.3,36.6,36.1,35.7,37.2,36.8,39,36.3,34.6,33.4,33.4,31.8,29.3,31.5,28.3,24.2,23,22.1,19.8,16.4,15.7,14.8,12.9,11.3,10.7,9.6,9.8,5,2.3,0
4934,일요일,7,2739,남성,하선,6.6,9.9,9.4,7.3,9.1,10.9,9.7,16.5,14.3,18.3,18,16,18,19,21.5,22.7,23,24.6,28.2,28.5,30.7,34.2,34.3,35.2,36.9,36.7,39.3,33.2,32.6,34.3,34.9,37.5,34,32.8,29.2,20.9,13.3,0,0
4935,일요일,7,2740,숭실대입구,상선,28.9,18.5,15.9,15.3,17.5,26.4,31,39.9,39.9,41.8,32.5,34.9,34.3,33.8,33.9,37.7,31.9,32.2,31.7,31.3,28.9,28.5,29.5,26.1,24.5,22.1,21.8,18.8,16.1,16.9,12.8,13.3,11.4,10.8,9.4,10.2,4.5,0,0
4936,일요일,7,2740,숭실대입구,하선,7.7,8.5,8.7,6.7,9.2,9,10.3,14.6,15.2,18.2,18.2,15.7,18.2,18.8,19.2,21.1,21.2,22.2,26.3,26,27.6,31.7,30.8,32.5,33.3,33.4,34.9,29.8,31,29.1,31.1,33.9,30.1,31.5,25.9,18.5,10.2,0,0
4937,일요일,7,2741,상도,상선,26.8,17.5,15,13.4,17.9,24.4,27.9,39,37.9,37.3,29.8,32.5,29.7,30.9,32.2,35,28.4,31.4,29.9,28.4,26.9,27.6,26.5,24.2,23.2,21.3,20,18.9,17.2,15.4,12.3,12.9,11.4,10.8,9.5,10.6,5.1,0,0
4938,일요일,7,2741,상도,하선,8,8.1,8.5,6.7,7.4,9.4,10.7,15.3,14.8,17.5,18.4,16,18.4,19.3,19.8,20.4,20.9,22.1,24,24.1,27.1,29.6,28.6,30.9,33.8,29.6,32.4,29.2,27.5,27.4,28.9,31.8,27.9,29.5,23.9,16.6,8.4,0,0
4939,일요일,7,2742,장승배기,상선,24.6,17.1,11.9,13,17.7,23.5,26.9,37.4,36.4,33.4,28.3,30.7,27.7,28.3,30.7,31.8,27.1,30.1,28.6,25.6,28.2,26.8,25.5,23,23,20.6,19.6,19,17.2,15.3,12.5,13,12.2,10.1,10.1,10.6,5.6,0,0
4940,일요일,7,2742,장승배기,하선,8.6,7.8,7.7,7.4,7.1,9.9,11.5,14.5,14.9,18,18.5,16.6,17.9,19.6,19.4,20.4,20.7,22.1,23.4,23.5,26.1,28.5,28.8,29.9,31.9,28.3,30.8,28.1,26.1,25,28.1,31,26.8,27.8,22.9,18.5,8.8,0,0
4941,일요일,7,2743,신대방삼거리,상선,20.7,16,11.3,12.3,17,22,27.2,36.6,32.8,32.1,29.1,27.6,24.6,30.1,29.8,28.6,27.1,28.9,28.5,25.1,28.4,25.2,24.4,23.2,23,19.6,20.3,18.8,17.8,14.1,12.8,13.8,11.3,10.2,10.5,11.5,5.9,0,0
4942,일요일,7,2743,신대방삼거리,하선,9.9,8.2,8.1,7,7.3,10.3,11.7,14.7,15.6,17.8,18.7,17.7,18.9,19.1,20.8,21.2,20,22,23,23.5,26.1,26.2,28,27.9,28.3,25.3,28.3,25.5,22.7,24.5,25.3,27.7,24.3,25.7,20.4,16.1,8,2.2,0
4943,일요일,7,2744,보라매,상선,18.2,14.3,10.4,12.5,15,19.6,24.6,33.3,29.5,30.9,27.8,26.4,22.5,27.7,25.9,26.2,26,27.5,25.1,25.9,27.4,24.8,24.2,24.8,20.9,19.6,20.9,19.2,16.7,16,13.3,14.6,11.6,10.9,12,10,7,0,0
4944,일요일,7,2744,보라매,하선,10,8.1,7.8,6.7,7.2,9.2,11.1,13.5,14.8,17.4,17.5,17.4,18.2,18.3,20.3,21.3,19.4,20.5,23.6,23.9,25.8,26.5,29.5,26.1,27.6,24,27.2,24.8,21.5,23.3,24.4,26.3,23.6,22.8,19.2,14.9,7,1.5,0
4945,일요일,7,2745,신풍,상선,17.1,14.8,10.2,12.1,14.8,20.3,27.2,31.1,29.4,31.9,27.3,24,23.5,27.4,22.4,26.1,26,23.5,24.2,25.2,24.4,21.5,24.9,23.9,18.9,20,21.7,17,16.5,15.3,13.2,14.4,11,11.5,12,9.8,7.1,0,0
4946,일요일,7,2745,신풍,하선,8,8.6,8,7.7,7.4,9.7,11.8,13.4,15.4,17.1,18.7,18.6,18.8,19,21.7,22.1,20.5,21.9,24.8,26.2,25.3,25.7,29,26.4,27,24.5,25.8,25.1,20.7,22.1,22.5,23.3,23.4,21.8,18.6,15,7.7,0,0
4947,일요일,7,2746,대림,상선,21.1,14.2,9.1,11.4,14.5,21.7,25.1,29.3,29.1,31.9,25.9,26,25.6,25.8,21.6,25.8,24.4,21.9,25.3,24.6,23.6,21.6,25.6,23.4,19.4,22.2,19.8,17.2,17.1,16.3,13.3,14.6,12.1,12,13,10.1,7.6,0,0
4948,일요일,7,2746,대림,하선,8.7,12.2,9.7,9.3,8.3,10.6,13,16.3,19.9,18.5,21.8,20,20,23.7,23.7,26.9,26.4,27.9,30.7,32.9,31,34.2,35.5,36.2,34.5,33.7,34.2,33.5,28.4,28.4,28.6,29.8,28.4,28,25.1,19.3,9.8,0,0
4949,일요일,7,2747,남구로,상선,22.3,16.4,11.5,12.7,19,26,30.1,37.3,40.9,43.6,41.6,40.9,37.5,32.3,31.8,34.6,31.3,29,33.8,28.4,29.1,26.7,29.9,26.4,23.1,24.5,22.1,19.3,17.7,17.5,13.4,15.3,11.5,11.7,13.9,9.3,7.7,0,0
4950,일요일,7,2747,남구로,하선,11.2,13.1,11,9.7,9,11.2,13.1,16.7,20.1,19.8,21.9,20,20.7,23.4,23.9,27,26.5,29,29.2,32.8,30.4,34,35.4,35.1,33.8,33.6,33.1,31,30.4,28,27.5,28.1,26.1,26.1,23.9,18.4,8.9,0,0
4951,일요일,7,2748,가산디지털단지,상선,19.2,15.2,10.9,11.5,17.9,24.7,28.4,37,40.4,43.8,41.3,41.8,34.6,31.9,31.6,34.4,29.7,30.6,34,28.2,30.6,28.8,28.9,26.8,24.5,23.2,20.9,20.4,19.4,16,13.7,16.1,12,12.5,14.8,9.6,8.1,0,0
4952,일요일,7,2748,가산디지털단지,하선,11.2,11.5,12.6,9.6,9.6,12.3,13.7,16,19.9,22.4,20.4,19.4,22.2,23.3,22.8,26.7,27.3,30,29.8,33.2,32.4,35.7,40.5,38,36.5,38.3,38.3,34.6,33.6,31.8,30.5,33.1,28.3,27.3,26.8,21.4,11.4,4.1,0
4953,일요일,7,2749,철산,상선,20.7,15.5,13.2,12.6,21.7,27.5,30.3,41.4,42.5,39.6,43.9,41.7,33.4,35.4,37.6,32.8,31.6,34.6,31.3,29.5,30.8,31.4,26.5,28.1,24.5,23.8,20.1,22.3,17.6,15.7,14,16.9,11.8,12.3,12.6,9,6.7,0,0
4954,일요일,7,2749,철산,하선,11.5,11.2,11.3,10.7,8.6,10.8,13.7,14.8,16.6,21.2,19,18.4,20.5,20.7,21.8,24.8,25.7,27.8,26.8,30.9,30.5,30.4,35.7,33.9,33.4,35.1,34.1,29.9,29.8,27.3,26.4,27.8,25.1,24.6,22.6,19.8,9.6,3.4,0
4955,일요일,7,2750,광명사거리,상선,18.8,12.4,12.4,13.9,17.7,21.4,30.3,38.3,36.5,39.1,43.4,32.4,29.8,33.8,31.8,26.7,30.9,31.1,25.2,29.8,28.8,27,24.1,26.7,21.3,19.6,20,20.9,16.7,14.3,15.6,12.9,11.2,11.3,11.5,8.7,6.5,0,0
4956,일요일,7,2750,광명사거리,하선,10.7,10.2,9.6,9.1,7.8,8.4,12.8,13.2,15.1,18,16.5,16,17.3,16.5,18.7,21.6,23.4,23.3,24.9,27.1,27.4,27,32.3,30.6,29.8,31.2,29.8,27.5,25.4,24.4,23.1,23.8,22.3,22.1,20,17.1,7.7,2.1,0
4957,일요일,7,2751,천왕,상선,14.1,10.2,11.1,12,13.8,20.1,30.1,31.4,32.8,40.2,36.2,26.5,28.8,30.1,25,25.5,29.2,26.4,21,27.5,23.1,20.4,22.7,23.3,16.6,18.3,19.1,15.8,13,14.5,14.6,12,9.3,12.6,10.7,8.3,6.6,0,0
4958,일요일,7,2751,천왕,하선,9.3,10,8.9,8.6,7.8,8.3,12.1,13.5,14.8,17.1,16.6,15.9,16.5,16,17.4,20.1,22.1,21.1,23.4,25.3,24.9,25.3,27.7,27.9,28.4,26.9,26.3,25.8,23,22.4,20.7,21.6,19.7,20.1,17.7,15.3,6.6,1.4,0
4959,일요일,7,2752,온수,상선,10.1,10.8,9.9,11.7,11.4,22.3,25.5,23.5,33.1,37.2,27.7,26,31.5,22.6,21.5,27.3,23.9,20.4,22.7,26.7,18.6,20.4,24.5,20.7,14.4,20.3,15.6,12.5,14.9,15.6,13.6,9.8,10.8,13.1,10.4,8.3,3.4,0,0
4960,일요일,7,2752,온수,하선,3.2,9,10,4.4,8.6,5.7,10,11.1,16.7,11.1,16.6,18.5,12.3,15.9,20,17.9,16.8,22.9,22.2,18.5,22.9,28.9,21.9,26.6,33.2,27.5,23.7,24.1,29.7,19.5,20.6,26.2,17.8,19.7,17.4,16.7,11.1,0,0
4961,일요일,8,2810,암사역사공원,상선,1.4,2.6,2,2.5,2.8,3.7,4.5,6.5,6.9,6.4,8.1,8.6,8.4,9.2,13.6,13.1,15.3,16.4,17.5,17.2,19.1,19.6,22.5,20.5,22.2,21,19.6,17.2,15.8,16,16.8,18.1,15.9,16.2,15.7,11.4,11.3,0,0
4962,일요일,8,2810,암사역사공원,하선,5.9,5.6,5.9,7.7,9.5,13.3,15.8,21.1,21.9,24.2,24.2,28.3,28.7,29.3,31.7,25.9,23.6,22.5,22.5,19.2,19.9,19.7,17.8,15.7,14.3,11.5,10.6,10.1,8,7.6,7.3,6,6,4.7,3.4,2.5,1.8,0,0
4963,일요일,8,2811,암사,상선,1.7,4.1,3.9,5.1,11.3,14.3,11.4,9.1,8.5,7.5,10.1,8.6,9.4,10.2,15.1,14.9,18.2,18.6,19.8,19.8,22.5,23.9,26.3,23.8,26.5,25.4,23.1,20.3,18.6,18.9,19.6,21.7,18.8,17.6,20,13,6.6,0,0
4964,일요일,8,2811,암사,하선,10.2,10.6,10.5,12,16,22.8,25.2,32.5,34.8,36.5,38.2,41.1,39.7,42.8,48.1,37.9,38.4,35.9,35.2,29.5,29.9,29.2,26.1,23.9,20,18.5,15.7,14.1,12.3,11.4,10.4,9.2,8.1,6.6,5,3.9,3.2,0,0
4965,일요일,8,2812,천호,상선,2.4,5.8,6,7.4,17,19,17,12.7,12,11.5,14.8,13.2,15.2,16,22.4,22.4,26.2,28.2,29.3,30.3,30.3,37.5,37.5,35.4,39.8,37.8,35.8,32.7,26.9,29,29.3,31.7,25.1,24.6,30.4,19.8,13,0,0
4966,일요일,8,2812,천호,하선,12.8,17.5,15.1,18.9,23,35.4,34.2,46.5,48.3,52.7,54.4,54.7,50.3,59.9,55.3,53,56.3,45.8,54.3,48.8,44.4,47.7,45.7,44,41.5,36.3,32.3,30.2,24.7,23.8,21.5,19.4,18,17.3,12.7,10.9,5.7,0,0
4967,일요일,8,2813,강동구청,상선,5.9,8.8,9.7,11.3,17,20.5,20.5,24.1,25.1,28.1,24.2,26.2,25.7,28.5,37.9,39.5,39.8,42.3,43.6,40.5,45.2,51.8,52.2,45.8,54.4,55.7,47.5,44.5,35.8,41,41.9,43,35.5,36.3,40.2,24.8,16,0,0
4968,일요일,8,2813,강동구청,하선,14.7,18.6,15.7,19.6,24.4,37.7,35.7,49,51.6,55,55.9,58.3,53.7,62.7,58.9,56.2,58.7,47.8,55.6,50,46.6,49.3,46.7,44.4,42.1,36.4,33,30,24.8,23.3,21.7,19.4,17.9,17.4,12.2,10.6,5.6,0,0
4969,일요일,8,2814,몽촌토성,상선,5.6,9.2,10.3,13.1,17.2,20.9,19.9,23.3,27.4,27.4,24.6,26.7,23.9,27.2,38.9,37.3,41.5,42,46.8,42.4,49.4,52.8,55.3,54.6,51.6,58.6,49,49,38.2,47.1,40.3,46.2,38.5,38.7,39.9,25.7,18.4,0,0
4970,일요일,8,2814,몽촌토성,하선,14.8,18.1,17,18.8,23.8,31.8,40.1,49.8,48.9,56.3,54.4,57.5,54.4,62.6,59.4,58.7,60,50.3,52.2,52.2,48.7,49.8,47.4,47.6,44.1,38.6,37.9,32.7,27.9,29.1,28.2,33,20.7,18.6,13.3,11.3,5.3,0,0
4971,일요일,8,2815,잠실,상선,5.6,9.5,10.5,13.6,17.7,21.1,21.5,24.8,29.8,30,27.9,32.1,27.9,30.6,42,40.7,44.5,44.3,52.6,45.9,53.8,56.9,59.9,58.4,54.6,59.5,50.6,48.8,37.9,46.1,37.6,41.8,38.3,39.3,40.4,25.9,19.5,0,0
4972,일요일,8,2815,잠실,하선,12.3,15.3,15.1,15.7,17.4,25.1,26.9,36.5,39,44.7,45.9,43.9,40.8,46.6,47.9,50.7,49.6,47.4,53.4,53.7,54,60.2,57.6,57.5,61.6,57.5,56.2,53.1,46.3,54.1,48.6,51.4,40.2,41.8,26.3,22.4,12.4,0,0
4973,일요일,8,2816,석촌,상선,12.4,10.8,12.5,16.3,21.5,32.5,30.1,42.6,41.9,48.7,51.3,54.7,51.9,57.7,65.1,63.8,61.1,57.3,69.1,54.3,62.4,57.5,60,57.8,48.6,48.3,37.8,37.5,27.5,31,25.1,28.7,23.4,25.5,23.3,18.5,12.3,2.8,0
4974,일요일,8,2816,석촌,하선,12.2,14,15.2,16,16.5,25.2,27.1,33.8,38.7,46.5,45.2,45.6,40.3,43.1,48.5,48.5,45.8,48.4,50,52.8,53.6,60.6,53.7,59.7,63.1,56.8,58.3,56.5,57.8,49.1,51.9,61.1,45.7,48.3,31.4,24.2,11.6,0,0
4975,일요일,8,2817,송파,상선,12.9,12.5,14.1,19.6,21.3,32.8,36.1,48,48.6,52.6,55.4,60.5,57.7,65.3,70.7,68.6,64.2,63.2,66.1,64.8,64.9,63,59.7,60.1,50.1,48.1,38.3,33.3,26.9,29.3,23.6,27.1,20.6,20.8,19.5,15.8,11.2,2.4,0
4976,일요일,8,2817,송파,하선,13,14,14.6,15.5,16.4,25.1,25.9,33.1,38.9,46.7,45.5,46,41,44.1,48.6,48.5,44.7,46.9,47.5,50.9,50.1,56.8,52,56,60,54.3,54.5,52.8,54,43.6,48.5,57,46,43.9,34.2,25.1,14.4,0,0
4977,일요일,8,2818,가락시장,상선,11.7,11.6,13.1,18.5,19.5,30.2,35,45.9,44.1,48.9,51.9,56.7,54.4,61,67,64.7,61.6,61.4,63.9,63.2,63.7,60.9,58.4,58.4,48.7,46.3,37.6,32.9,26.3,29.2,23.1,26.7,20.7,20.3,19.4,14.2,6.6,0,0
4978,일요일,8,2818,가락시장,하선,10.6,11.6,12.8,13.4,13.7,18.1,24.7,27.8,33.6,38.3,41.8,39.1,38.6,36.7,43.6,42.8,38.6,38.6,42.5,45.9,43,49.9,45.5,48.2,50.5,47.5,52.4,43.3,47.9,39.1,42.6,51.5,41.8,41.5,33.3,23.9,12.1,0,0
4979,일요일,8,2819,문정,상선,18.6,11.2,13.7,19.3,19.6,28.8,35.2,44,42.3,51.3,47.5,49.1,52.4,55.6,60.6,60.9,55.5,60.9,55.2,56.7,57.6,54.7,54.3,47.7,45.1,41,31.9,27.9,23.3,23.7,19.7,23.5,18.2,17.6,13.6,11.6,6.4,0,0
4980,일요일,8,2819,문정,하선,10.2,9.8,10.8,11.9,12.3,16.9,21.3,25.7,29.9,31.1,33.6,33.2,32.6,32.8,35.3,34.6,33,34.8,37.7,40.6,38.6,45,41,44.2,45.9,43.8,46.5,39.1,42.8,35.3,38.1,46.3,36.8,37.9,29.6,22.1,15.9,0,0
4981,일요일,8,2820,장지,상선,17.6,10.9,12.5,17.7,18.4,26.8,32.5,40.5,39.3,46.8,46,44.9,48.6,49.3,54.6,52,49.6,52.2,47.5,47.9,49.9,48.1,48.1,41.1,40,35.1,27.2,24.4,21,21.5,17.6,21.2,15.5,14.9,11.1,9.5,6.1,0,0
4982,일요일,8,2820,장지,하선,9.3,8,8.9,8.9,9.6,15.3,19.9,21.1,24.6,26.2,30.7,29.2,28.9,27.5,29.7,28,29.1,29.5,32.7,33.7,33.2,36.7,36.4,38,38.8,39.2,38.9,36.4,36.2,31.4,35.3,39.5,35,35.8,26.5,19.4,14.5,0,0
4983,일요일,8,2821,복정,상선,14.9,9.2,11.8,14.7,16.2,23.6,28.1,33.8,36,41.9,40.5,39,43.8,46.1,47.5,45.4,45,47.1,43.1,43.2,40.8,42,39.4,31.9,34.8,25.7,23.2,20.1,17.3,16.4,14.2,14.7,12.3,11.2,10,8.4,6.6,0,0
4984,일요일,8,2821,복정,하선,4.2,4.3,5.2,4.4,5.5,6.5,9.7,10,13.3,16.7,16.6,15.5,16.7,14.4,16.7,15.5,18.5,15.2,20.6,18.6,21.4,25.9,24.4,25.1,26.2,28,26.9,26.6,22.4,24.9,25.5,27,24.2,26.5,19.3,16.1,12.6,0,0
4985,일요일,8,2828,남위례,상선,12.7,8.5,8.8,10.9,12.6,19.3,21.3,27.1,25.7,29.1,26.6,25.7,27.2,30.7,29.9,30.4,24.6,28.7,26.1,26.1,24.8,22.5,20.8,18.9,18.5,14.4,12.6,10.7,8.7,8.7,7,6.7,5.8,5.2,4.2,4.2,2.6,0,0
4986,일요일,8,2828,남위례,하선,4,3.7,4.7,3.8,5,5.4,8.2,8.8,11.8,13.9,14.7,14.3,15,12.3,14.6,13.5,16.5,13.6,18.6,15.9,19.3,22.9,21.8,21.9,23.3,25.8,24.1,24,20.8,22.7,22.8,24.1,21.5,24.5,19.1,16.4,13.4,0,0
4987,일요일,8,2822,산성,상선,12.3,7.7,7.9,10,11.4,17.9,20.1,24.5,23.7,26.5,24.4,22.7,24.3,27.3,26.8,26.7,22,24.9,23.3,23.1,22.3,20.3,17.9,16.2,15.8,13.2,10.8,10.1,7.1,6.8,6.5,5.6,4.7,3.8,3.4,3.3,2.2,0,0
4988,일요일,8,2822,산성,하선,4.2,3.6,4.3,3.5,4.8,4.5,7.2,8.5,10.6,10.6,13.1,14.8,13.2,11.8,13.5,12.3,15.3,11.1,16.1,14.1,17.2,17.9,19.2,18,19.8,21.9,20.5,19.9,17,18.1,20.4,19.7,18.7,21.2,16.7,13.6,11.6,0,0
4989,일요일,8,2823,남한산성입구,상선,10.6,6.9,6.6,9.9,10.6,14.4,16.9,21.1,21.2,23.1,22.2,20.9,20.9,24.3,22.9,25.2,19.2,22,21.2,20.2,19.5,18.9,16.6,15.1,14,11.1,10.8,8,6.9,6.5,6,5.7,4.6,3.9,3.6,3.5,2.5,0,0
4990,일요일,8,2823,남한산성입구,하선,5.2,3.8,5,3.9,4.9,5.4,9.1,9.6,12.3,12.1,13.3,14.7,15,12.3,13.9,11.9,13.9,12.4,13.8,13.2,14.9,14,15.1,13.8,15.8,15.4,15.5,11.8,13.4,12.3,12.3,12.6,11.1,13.7,10.5,7.4,7.2,0,0
4991,일요일,8,2824,단대오거리,상선,7.2,5.1,4.6,6.1,7.4,9.7,11.3,13.8,15.5,16.5,15.3,15.6,15.9,17.1,17.8,19.9,14.4,17.8,17.9,17.1,16.6,16.1,15.3,13.4,12,10,11.3,8.5,6.6,5.9,5.7,6,5.4,4.3,4.4,3.7,3.2,0,0
4992,일요일,8,2824,단대오거리,하선,6.4,2.9,4.4,3.7,4.9,6.5,9.7,11.1,12.6,13.6,15.4,15,15.7,13.6,13.4,11.9,12.6,12.9,12.2,10.9,10.6,10.6,10.1,10.1,9.2,8.8,8.7,7.4,6.1,6.5,6.4,6.7,5.7,6.4,5.5,3.3,3,0,0
4993,일요일,8,2825,신흥,상선,4,2.9,2.8,3.4,4.1,5.3,6.4,7.7,9.7,10.6,10.6,10.4,9.9,11.5,13,14.4,11.6,14,15.6,15,14.4,14.9,13.6,12.6,11.6,8.9,12,8,5.9,5.6,5.1,6.2,5.7,3.3,4.5,3.6,2.8,0,0
4994,일요일,8,2825,신흥,하선,7.1,3,4.3,3.7,5,6.6,9.5,11.6,12.4,13.9,15.1,14.3,15.1,12.1,12.4,10.9,10.8,11.2,10.7,9.1,9.2,9.4,8,8.1,6.6,6.6,6.1,4.8,4.2,4.3,4.2,4.1,3.2,4,3.3,2.1,2,0,0
4995,일요일,8,2826,수진,상선,2.6,1.7,2.4,2.6,3,3.4,4.3,5.9,7.1,7.2,9.2,9.2,9.2,10.4,11.5,11.7,12.3,13.3,14.8,12.9,12.6,13.5,11.5,11.2,8.9,8.2,11,7.2,5.5,4.6,5.2,6.4,5.3,3.1,4.8,3.4,2.7,0,0
4996,일요일,8,2826,수진,하선,9.8,4.2,4.6,4.3,5.3,7.9,8,11.9,12.4,13.2,14.5,13.5,12.5,12.4,13,10.1,11.1,11.8,10.3,9.4,10.1,8.3,7,6.6,6.1,5.2,3.9,3.5,3.2,2.2,2.4,2.4,1.5,1.4,1.6,0.6,0.6,0.3,0
4997,일요일,8,2827,모란,상선,1.4,0.7,1.7,1.9,2.3,2.2,3.7,4.4,5.1,6.1,7.6,8.1,8,10,10.1,10.8,12.1,12,12,11.1,9.8,12.4,10.9,10,8.5,7.8,11.4,7.2,5.5,5.2,5.6,6.7,5.3,2.9,5.3,3.3,2.9,0,0
4998,일요일,8,2827,모란,하선,0,0,0,0,0,0,0,0,0,0,0,0,0,0,0,0,0,0,0,0,0,0,0,0,0,0,0,0,0,0,0,0,0,0,0,0,0,0,0